{
   "type": "FeatureCollection",
   "features": [
      {
         "type": "Feature",
         "geometry": {
            "type": "Polygon",
            "coordinates": [
               [
                  31.405732,
                  29.970637,
                  0.0
               ],
               [
                  31.405727,
                  29.970533,
                  0.0
               ],
               [
                  31.40573,
                  29.970513,
                  0.0
               ],
               [
                  31.405792,
                  29.970513,
                  0.0
               ]
            ]
         },
         "properties": {
            "object_imcoords": "EMPTY",
            "building_imcoords": "866.375383, 876.290859, 865.129088, 897.268383, 865.536586, 901.247351, 876.513977, 901.435476, 876.843335, 876.555577, 869.578034, 876.09193",
            "road_imcoords": "EMPTY",
            "image_id": "BLD00297_PS3_K3A_NIA0276.png",
            "ingest_time": "2023-03-02T14:34:14.313313Z",
            "type_id": "1",
            "type_name": "건물"
         }
      },
      {
         "type": "Feature",
         "geometry": {
            "type": "Polygon",
            "coordinates": [
               [
                  31.400807,
                  29.969844,
                  0.0
               ],
               [
                  31.406642,
                  29.969915,
                  0.0
               ],
               [
                  31.406561,
                  29.974996,
                  0.0
               ],
               [
                  31.400725,
                  29.974925,
                  0.0
               ]
            ]
         },
         "properties": {
            "object_imcoords": "EMPTY",
            "building_imcoords": "904.839505, 564.829075, 902.869543, 570.783190, 899.525316, 584.651899, 899.813932, 596.656112, 900.658506, 604.227477, 915.550221, 605.064418, 934.077891, 605.937337, 942.712706, 607.381705, 952.871199, 606.389398, 958.176264, 605.528265, 960.821488, 574.673074, 958.140720, 569.929874, 957.821079, 566.49841",
            "road_imcoords": "EMPTY",
            "image_id": "BLD00297_PS3_K3A_NIA0276.png",
            "ingest_time": "2023-03-02T14:34:14.313313Z",
            "type_id": "1",
            "type_name": "건물"
         }
      },
      {
         "type": "Feature",
         "geometry": {
            "type": "Polygon",
            "coordinates": [
               [
                  31.405895,
                  29.971332,
                  0.0
               ],
               [
                  31.405894,
                  29.971316,
                  0.0
               ],
               [
                  31.405875,
                  29.971315,
                  0.0
               ],
               [
                  31.405871,
                  29.97125,
                  0.0
               ]
            ]
         },
         "properties": {
            "object_imcoords": "EMPTY",
            "building_imcoords": "896.888688, 736.614481, 896.654361, 739.853787, 893.393393, 739.982275, 892.492492, 753.003003, 889.230537, 775.351738, 892.492492, 783.183183, 905.769209, 783.458364, 908.558065, 747.810757, 907.506025, 743.911299, 907.421355, 737.51686",
            "road_imcoords": "EMPTY",
            "image_id": "BLD00297_PS3_K3A_NIA0276.png",
            "ingest_time": "2023-03-02T14:34:14.313313Z",
            "type_id": "1",
            "type_name": "건물"
         }
      },
      {
         "type": "Feature",
         "geometry": {
            "type": "Polygon",
            "coordinates": [
               [
                  31.400723,
                  29.97481,
                  0.0
               ],
               [
                  31.400914,
                  29.974806,
                  0.0
               ],
               [
                  31.401008,
                  29.974805,
                  0.0
               ],
               [
                  31.401027,
                  29.974824,
                  0.0
               ]
            ]
         },
         "properties": {
            "object_imcoords": "EMPTY",
            "building_imcoords": "-0.683206, 23.090001, 32.786885, 24.426230, 49.180328, 24.918033, 52.540984, 21.073252, 53.102013, 0.000000, 8.196721, 0.000000, 0.000000, 5.73770",
            "road_imcoords": "EMPTY",
            "image_id": "BLD00297_PS3_K3A_NIA0276.png",
            "ingest_time": "2023-03-02T14:34:14.313313Z",
            "type_id": "1",
            "type_name": "건물"
         }
      },
      {
         "type": "Feature",
         "geometry": {
            "type": "Polygon",
            "coordinates": [
               [
                  31.401138,
                  29.974737,
                  0.0
               ],
               [
                  31.401144,
                  29.974696,
                  0.0
               ],
               [
                  31.401168,
                  29.974694,
                  0.0
               ],
               [
                  31.401452,
                  29.97468,
                  0.0
               ]
            ]
         },
         "properties": {
            "object_imcoords": "EMPTY",
            "building_imcoords": "71.844753, 38.797618, 72.779681, 47.156785, 77.036890, 47.654663, 126.783091, 51.193553, 129.336181, 46.358927, 135.462443, 46.433768, 136.334610, 41.447172, 140.841613, 35.324485, 141.268609, 22.346824, 136.085192, 20.913365, 135.596637, 17.186171, 129.544639, 13.899235, 126.613061, 8.240356, 122.014223, 7.834343, 119.659132, 11.576464, 111.819499, 13.267311, 84.069559, 12.504955, 78.575391, 11.099312, 77.696393, 8.075173, 66.760211, 7.338457, 66.255135, 25.747174, 66.260137, 37.87366",
            "road_imcoords": "EMPTY",
            "image_id": "BLD00297_PS3_K3A_NIA0276.png",
            "ingest_time": "2023-03-02T14:34:14.313313Z",
            "type_id": "1",
            "type_name": "건물"
         }
      },
      {
         "type": "Feature",
         "geometry": {
            "type": "Polygon",
            "coordinates": [
               [
                  31.40209,
                  29.974737,
                  0.0
               ],
               [
                  31.402091,
                  29.974652,
                  0.0
               ],
               [
                  31.402106,
                  29.974652,
                  0.0
               ],
               [
                  31.40211,
                  29.974637,
                  0.0
               ]
            ]
         },
         "properties": {
            "object_imcoords": "EMPTY",
            "building_imcoords": "238.895672, 41.243161, 238.783418, 58.307982, 241.499576, 58.346301, 242.082689, 61.442474, 259.180759, 62.579783, 266.209048, 58.591625, 271.837754, 57.775763, 279.679782, 53.208935, 278.965479, 32.229094, 269.186840, 31.968186, 268.550239, 27.067709, 241.011217, 25.67643",
            "road_imcoords": "EMPTY",
            "image_id": "BLD00297_PS3_K3A_NIA0276.png",
            "ingest_time": "2023-03-02T14:34:14.313313Z",
            "type_id": "1",
            "type_name": "건물"
         }
      },
      {
         "type": "Feature",
         "geometry": {
            "type": "Polygon",
            "coordinates": [
               [
                  31.402361,
                  29.974945,
                  0.0
               ],
               [
                  31.402352,
                  29.974642,
                  0.0
               ],
               [
                  31.402449,
                  29.974641,
                  0.0
               ],
               [
                  31.402455,
                  29.974689,
                  0.0
               ]
            ]
         },
         "properties": {
            "object_imcoords": "EMPTY",
            "building_imcoords": "287.049427, 0.000000, 284.532156, 60.987957, 301.491500, 61.314103, 302.688785, 51.802390, 304.215822, 50.703086, 305.652830, 33.176614, 306.296871, 21.781386, 304.390737, 20.211533, 305.137935, 12.541971, 306.798888, 12.287489, 307.173222, 0.00000",
            "road_imcoords": "EMPTY",
            "image_id": "BLD00297_PS3_K3A_NIA0276.png",
            "ingest_time": "2023-03-02T14:34:14.313313Z",
            "type_id": "1",
            "type_name": "건물"
         }
      },
      {
         "type": "Feature",
         "geometry": {
            "type": "Polygon",
            "coordinates": [
               [
                  31.403154,
                  29.974954,
                  0.0
               ],
               [
                  31.403166,
                  29.974613,
                  0.0
               ],
               [
                  31.403277,
                  29.974615,
                  0.0
               ],
               [
                  31.403298,
                  29.974956,
                  0.0
               ]
            ]
         },
         "properties": {
            "object_imcoords": "EMPTY",
            "building_imcoords": "426.157972, 0.000000, 427.243061, 68.822120, 446.690540, 68.715597, 451.454414, 0.00000",
            "road_imcoords": "EMPTY",
            "image_id": "BLD00297_PS3_K3A_NIA0276.png",
            "ingest_time": "2023-03-02T14:34:14.313313Z",
            "type_id": "1",
            "type_name": "건물"
         }
      },
      {
         "type": "Feature",
         "geometry": {
            "type": "Polygon",
            "coordinates": [
               [
                  31.403396,
                  29.974756,
                  0.0
               ],
               [
                  31.40339,
                  29.974608,
                  0.0
               ],
               [
                  31.403426,
                  29.974585,
                  0.0
               ],
               [
                  31.403535,
                  29.974581,
                  0.0
               ]
            ]
         },
         "properties": {
            "object_imcoords": "EMPTY",
            "building_imcoords": "467.978486, 40.611596, 466.603195, 70.383962, 472.844288, 75.034006, 492.012143, 76.089588, 495.454919, 72.540519, 496.299869, 43.063086, 490.766401, 41.82223",
            "road_imcoords": "EMPTY",
            "image_id": "BLD00297_PS3_K3A_NIA0276.png",
            "ingest_time": "2023-03-02T14:34:14.313313Z",
            "type_id": "1",
            "type_name": "건물"
         }
      },
      {
         "type": "Feature",
         "geometry": {
            "type": "Polygon",
            "coordinates": [
               [
                  31.403632,
                  29.974961,
                  0.0
               ],
               [
                  31.403615,
                  29.974911,
                  0.0
               ],
               [
                  31.403628,
                  29.974757,
                  0.0
               ],
               [
                  31.403721,
                  29.974755,
                  0.0
               ]
            ]
         },
         "properties": {
            "object_imcoords": "EMPTY",
            "building_imcoords": "509.940535, -0.224725, 506.957601, 9.769744, 508.792180, 40.883357, 525.067316, 41.514703, 526.427244, 0.00000",
            "road_imcoords": "EMPTY",
            "image_id": "BLD00297_PS3_K3A_NIA0276.png",
            "ingest_time": "2023-03-02T14:34:14.313313Z",
            "type_id": "1",
            "type_name": "건물"
         }
      },
      {
         "type": "Feature",
         "geometry": {
            "type": "Polygon",
            "coordinates": [
               [
                  31.404041,
                  29.974963,
                  0.0
               ],
               [
                  31.40404,
                  29.974922,
                  0.0
               ],
               [
                  31.40402,
                  29.974907,
                  0.0
               ],
               [
                  31.404011,
                  29.974555,
                  0.0
               ]
            ]
         },
         "properties": {
            "object_imcoords": "EMPTY",
            "building_imcoords": "581.827145, 0.395021, 581.430599, 8.588589, 577.953327, 11.565502, 575.412726, 82.468422, 594.855571, 84.241304, 597.502578, 0.76843",
            "road_imcoords": "EMPTY",
            "image_id": "BLD00297_PS3_K3A_NIA0276.png",
            "ingest_time": "2023-03-02T14:34:14.313313Z",
            "type_id": "1",
            "type_name": "건물"
         }
      },
      {
         "type": "Feature",
         "geometry": {
            "type": "Polygon",
            "coordinates": [
               [
                  31.404506,
                  29.97497,
                  0.0
               ],
               [
                  31.404497,
                  29.974849,
                  0.0
               ],
               [
                  31.404498,
                  29.974725,
                  0.0
               ],
               [
                  31.404575,
                  29.974723,
                  0.0
               ]
            ]
         },
         "properties": {
            "object_imcoords": "EMPTY",
            "building_imcoords": "663.329217, 0.079245, 661.437234, 24.448711, 661.198738, 49.526814, 674.705402, 50.160555, 677.183776, 47.557458, 680.863387, 45.579453, 682.020450, 38.406559, 682.965300, 0.00000",
            "road_imcoords": "EMPTY",
            "image_id": "BLD00297_PS3_K3A_NIA0276.png",
            "ingest_time": "2023-03-02T14:34:14.313313Z",
            "type_id": "1",
            "type_name": "건물"
         }
      },
      {
         "type": "Feature",
         "geometry": {
            "type": "Polygon",
            "coordinates": [
               [
                  31.404998,
                  29.974893,
                  0.0
               ],
               [
                  31.404993,
                  29.974826,
                  0.0
               ],
               [
                  31.404986,
                  29.974624,
                  0.0
               ],
               [
                  31.405154,
                  29.974611,
                  0.0
               ]
            ]
         },
         "properties": {
            "object_imcoords": "EMPTY",
            "building_imcoords": "749.407797, 16.782325, 748.344460, 30.335468, 746.580039, 71.083846, 776.060673, 74.134115, 777.096472, 16.421296, 771.933352, 16.023531, 762.680863, 16.201021, 753.718963, 15.56086",
            "road_imcoords": "EMPTY",
            "image_id": "BLD00297_PS3_K3A_NIA0276.png",
            "ingest_time": "2023-03-02T14:34:14.313313Z",
            "type_id": "1",
            "type_name": "건물"
         }
      },
      {
         "type": "Feature",
         "geometry": {
            "type": "Polygon",
            "coordinates": [
               [
                  31.400807,
                  29.969844,
                  0.0
               ],
               [
                  31.406642,
                  29.969915,
                  0.0
               ],
               [
                  31.406561,
                  29.974996,
                  0.0
               ],
               [
                  31.400725,
                  29.974925,
                  0.0
               ]
            ]
         },
         "properties": {
            "object_imcoords": "EMPTY",
            "building_imcoords": "626.560101, 17.611140, 626.426246, 31.971357, 640.366714, 32.425937, 640.855399, 17.54220",
            "road_imcoords": "EMPTY",
            "image_id": "BLD00297_PS3_K3A_NIA0276.png",
            "ingest_time": "2023-03-02T14:34:14.313313Z",
            "type_id": "1",
            "type_name": "건물"
         }
      },
      {
         "type": "Feature",
         "geometry": {
            "type": "Polygon",
            "coordinates": [
               [
                  31.400807,
                  29.969844,
                  0.0
               ],
               [
                  31.406642,
                  29.969915,
                  0.0
               ],
               [
                  31.406561,
                  29.974996,
                  0.0
               ],
               [
                  31.400725,
                  29.974925,
                  0.0
               ]
            ]
         },
         "properties": {
            "object_imcoords": "EMPTY",
            "building_imcoords": "814.634146, 0.542005, 811.172894, 37.374503, 901.499174, 43.675901, 903.499164, 2.898652, 842.276423, 0.27100",
            "road_imcoords": "EMPTY",
            "image_id": "BLD00297_PS3_K3A_NIA0276.png",
            "ingest_time": "2023-03-02T14:34:14.313313Z",
            "type_id": "1",
            "type_name": "건물"
         }
      },
      {
         "type": "Feature",
         "geometry": {
            "type": "Polygon",
            "coordinates": [
               [
                  31.405357,
                  29.974669,
                  0.0
               ],
               [
                  31.405336,
                  29.974551,
                  0.0
               ],
               [
                  31.405336,
                  29.974489,
                  0.0
               ],
               [
                  31.405854,
                  29.974464,
                  0.0
               ]
            ]
         },
         "properties": {
            "object_imcoords": "EMPTY",
            "building_imcoords": "811.911937, 62.896994, 807.763334, 86.641725, 807.724134, 99.006571, 898.373984, 105.420054, 901.355014, 67.20867",
            "road_imcoords": "EMPTY",
            "image_id": "BLD00297_PS3_K3A_NIA0276.png",
            "ingest_time": "2023-03-02T14:34:14.313313Z",
            "type_id": "1",
            "type_name": "건물"
         }
      },
      {
         "type": "Feature",
         "geometry": {
            "type": "Polygon",
            "coordinates": [
               [
                  31.400807,
                  29.969844,
                  0.0
               ],
               [
                  31.406642,
                  29.969915,
                  0.0
               ],
               [
                  31.406561,
                  29.974996,
                  0.0
               ],
               [
                  31.400725,
                  29.974925,
                  0.0
               ]
            ]
         },
         "properties": {
            "object_imcoords": "EMPTY",
            "building_imcoords": "902.168022, 67.208672, 897.800783, 101.820200, 1024.000000, 108.672087, 1024.000000, 70.73170",
            "road_imcoords": "EMPTY",
            "image_id": "BLD00297_PS3_K3A_NIA0276.png",
            "ingest_time": "2023-03-02T14:34:14.313313Z",
            "type_id": "1",
            "type_name": "건물"
         }
      },
      {
         "type": "Feature",
         "geometry": {
            "type": "Polygon",
            "coordinates": [
               [
                  31.405982,
                  29.974933,
                  0.0
               ],
               [
                  31.405991,
                  29.974758,
                  0.0
               ],
               [
                  31.40656,
                  29.974739,
                  0.0
               ],
               [
                  31.406562,
                  29.97492,
                  0.0
               ]
            ]
         },
         "properties": {
            "object_imcoords": "EMPTY",
            "building_imcoords": "922.222222, 11.111111, 923.249290, 46.430604, 1023.035230, 51.761518, 1024.000000, 15.27912",
            "road_imcoords": "EMPTY",
            "image_id": "BLD00297_PS3_K3A_NIA0276.png",
            "ingest_time": "2023-03-02T14:34:14.313313Z",
            "type_id": "1",
            "type_name": "건물"
         }
      },
      {
         "type": "Feature",
         "geometry": {
            "type": "Polygon",
            "coordinates": [
               [
                  31.405889,
                  29.974805,
                  0.0
               ],
               [
                  31.4059,
                  29.974868,
                  0.0
               ],
               [
                  31.405977,
                  29.974864,
                  0.0
               ],
               [
                  31.40597,
                  29.974804,
                  0.0
               ]
            ]
         },
         "properties": {
            "object_imcoords": "EMPTY",
            "building_imcoords": "905.492776, 36.773718, 907.711172, 23.999561, 921.174646, 25.020819, 919.798930, 37.140167, 919.961279, 40.402893, 906.114833, 39.82905",
            "road_imcoords": "EMPTY",
            "image_id": "BLD00297_PS3_K3A_NIA0276.png",
            "ingest_time": "2023-03-02T14:34:14.313313Z",
            "type_id": "1",
            "type_name": "건물"
         }
      },
      {
         "type": "Feature",
         "geometry": {
            "type": "Polygon",
            "coordinates": [
               [
                  31.401909,
                  29.974938,
                  0.0
               ],
               [
                  31.401911,
                  29.974862,
                  0.0
               ],
               [
                  31.401996,
                  29.974856,
                  0.0
               ],
               [
                  31.401999,
                  29.974939,
                  0.0
               ]
            ]
         },
         "properties": {
            "object_imcoords": "EMPTY",
            "building_imcoords": "207.753343, 0.191443, 207.844326, 15.593474, 222.665077, 16.910200, 223.484555, 0.27547",
            "road_imcoords": "EMPTY",
            "image_id": "BLD00297_PS3_K3A_NIA0276.png",
            "ingest_time": "2023-03-02T14:34:14.313313Z",
            "type_id": "1",
            "type_name": "건물"
         }
      },
      {
         "type": "Feature",
         "geometry": {
            "type": "Polygon",
            "coordinates": [
               [
                  31.405775,
                  29.970189,
                  0.0
               ],
               [
                  31.405776,
                  29.970225,
                  0.0
               ],
               [
                  31.40579,
                  29.97045,
                  0.0
               ],
               [
                  31.405929,
                  29.970451,
                  0.0
               ]
            ]
         },
         "properties": {
            "object_imcoords": "EMPTY",
            "building_imcoords": "872.522503, 966.652417, 872.967430, 959.439577, 875.920278, 913.986755, 900.302752, 914.305694, 902.310734, 913.204864, 988.956800, 917.928131, 989.450489, 923.885618, 1003.304060, 924.876485, 1003.304060, 929.041680, 1012.090186, 929.867730, 1011.329062, 940.507881, 1007.326535, 940.580588, 1006.118498, 951.286193, 1008.301306, 951.675712, 1007.550280, 972.191358, 997.937260, 971.927100, 997.145722, 979.559948, 990.874870, 979.278721, 990.355549, 981.284405, 975.224056, 981.086271, 975.773137, 975.366776, 960.453593, 974.126512, 961.042569, 967.849107, 934.121186, 966.325255, 914.407301, 965.769210, 910.744656, 966.117186, 888.089035, 964.16588",
            "road_imcoords": "EMPTY",
            "image_id": "BLD00297_PS3_K3A_NIA0276.png",
            "ingest_time": "2023-03-02T14:34:14.313313Z",
            "type_id": "1",
            "type_name": "건물"
         }
      },
      {
         "type": "Feature",
         "geometry": {
            "type": "Polygon",
            "coordinates": [
               [
                  31.400807,
                  29.969844,
                  0.0
               ],
               [
                  31.406642,
                  29.969915,
                  0.0
               ],
               [
                  31.406561,
                  29.974996,
                  0.0
               ],
               [
                  31.400725,
                  29.974925,
                  0.0
               ]
            ]
         },
         "properties": {
            "object_imcoords": "EMPTY",
            "building_imcoords": "1009.366767, 1018.213806, 1012.009389, 980.297923, 1024.000000, 981.561786, 1024.000000, 1020.28194",
            "road_imcoords": "EMPTY",
            "image_id": "BLD00297_PS3_K3A_NIA0276.png",
            "ingest_time": "2023-03-02T14:34:14.313313Z",
            "type_id": "1",
            "type_name": "건물"
         }
      },
      {
         "type": "Feature",
         "geometry": {
            "type": "Polygon",
            "coordinates": [
               [
                  31.406514,
                  29.970407,
                  0.0
               ],
               [
                  31.406515,
                  29.970456,
                  0.0
               ],
               [
                  31.406577,
                  29.970455,
                  0.0
               ],
               [
                  31.406576,
                  29.970386,
                  0.0
               ]
            ]
         },
         "properties": {
            "object_imcoords": "EMPTY",
            "building_imcoords": "1002.804657, 924.544930, 1003.212260, 914.558663, 1014.068469, 914.966265, 1013.710554, 928.876971, 1003.925565, 928.519057, 1003.925565, 924.95253",
            "road_imcoords": "EMPTY",
            "image_id": "BLD00297_PS3_K3A_NIA0276.png",
            "ingest_time": "2023-03-02T14:34:14.313313Z",
            "type_id": "1",
            "type_name": "건물"
         }
      },
      {
         "type": "Feature",
         "geometry": {
            "type": "Polygon",
            "coordinates": [
               [
                  31.400807,
                  29.969844,
                  0.0
               ],
               [
                  31.406642,
                  29.969915,
                  0.0
               ],
               [
                  31.406561,
                  29.974996,
                  0.0
               ],
               [
                  31.400725,
                  29.974925,
                  0.0
               ]
            ]
         },
         "properties": {
            "object_imcoords": "EMPTY",
            "building_imcoords": "1017.701132, 940.885665, 1023.825608, 940.989470, 1024.000000, 962.892258, 1016.144061, 962.26943",
            "road_imcoords": "EMPTY",
            "image_id": "BLD00297_PS3_K3A_NIA0276.png",
            "ingest_time": "2023-03-02T14:34:14.313313Z",
            "type_id": "1",
            "type_name": "건물"
         }
      },
      {
         "type": "Feature",
         "geometry": {
            "type": "Polygon",
            "coordinates": [
               [
                  31.400807,
                  29.969844,
                  0.0
               ],
               [
                  31.406642,
                  29.969915,
                  0.0
               ],
               [
                  31.406561,
                  29.974996,
                  0.0
               ],
               [
                  31.400725,
                  29.974925,
                  0.0
               ]
            ]
         },
         "properties": {
            "object_imcoords": "EMPTY",
            "building_imcoords": "872.417823, 805.515647, 881.382939, 806.300095, 880.822619, 816.609978, 871.409248, 815.60140",
            "road_imcoords": "EMPTY",
            "image_id": "BLD00297_PS3_K3A_NIA0276.png",
            "ingest_time": "2023-03-02T14:34:14.313313Z",
            "type_id": "1",
            "type_name": "건물"
         }
      },
      {
         "type": "Feature",
         "geometry": {
            "type": "Polygon",
            "coordinates": [
               [
                  31.405797,
                  29.971271,
                  0.0
               ],
               [
                  31.405848,
                  29.97127,
                  0.0
               ],
               [
                  31.405845,
                  29.971231,
                  0.0
               ],
               [
                  31.405797,
                  29.971232,
                  0.0
               ]
            ]
         },
         "properties": {
            "object_imcoords": "EMPTY",
            "building_imcoords": "879.561456, 748.577676, 888.364107, 748.932841, 887.813273, 756.857953, 879.351558, 756.51701",
            "road_imcoords": "EMPTY",
            "image_id": "BLD00297_PS3_K3A_NIA0276.png",
            "ingest_time": "2023-03-02T14:34:14.313313Z",
            "type_id": "1",
            "type_name": "건물"
         }
      },
      {
         "type": "Feature",
         "geometry": {
            "type": "Polygon",
            "coordinates": [
               [
                  31.400807,
                  29.969844,
                  0.0
               ],
               [
                  31.406642,
                  29.969915,
                  0.0
               ],
               [
                  31.406561,
                  29.974996,
                  0.0
               ],
               [
                  31.400725,
                  29.974925,
                  0.0
               ]
            ]
         },
         "properties": {
            "object_imcoords": "EMPTY",
            "building_imcoords": "1014.880374, 744.511812, 1013.721100, 748.891293, 1013.592292, 762.416161, 1024.000000, 762.931395, 1024.000000, 744.89823",
            "road_imcoords": "EMPTY",
            "image_id": "BLD00297_PS3_K3A_NIA0276.png",
            "ingest_time": "2023-03-02T14:34:14.313313Z",
            "type_id": "1",
            "type_name": "건물"
         }
      },
      {
         "type": "Feature",
         "geometry": {
            "type": "Polygon",
            "coordinates": [
               [
                  31.400807,
                  29.969844,
                  0.0
               ],
               [
                  31.406642,
                  29.969915,
                  0.0
               ],
               [
                  31.406561,
                  29.974996,
                  0.0
               ],
               [
                  31.400725,
                  29.974925,
                  0.0
               ]
            ]
         },
         "properties": {
            "object_imcoords": "EMPTY",
            "building_imcoords": "898.948297, 616.030883, 898.467662, 610.727305, 899.028403, 609.205293, 921.858582, 610.967623, 921.294523, 617.71089",
            "road_imcoords": "EMPTY",
            "image_id": "BLD00297_PS3_K3A_NIA0276.png",
            "ingest_time": "2023-03-02T14:34:14.313313Z",
            "type_id": "1",
            "type_name": "건물"
         }
      },
      {
         "type": "Feature",
         "geometry": {
            "type": "Polygon",
            "coordinates": [
               [
                  31.400807,
                  29.969844,
                  0.0
               ],
               [
                  31.406642,
                  29.969915,
                  0.0
               ],
               [
                  31.406561,
                  29.974996,
                  0.0
               ],
               [
                  31.400725,
                  29.974925,
                  0.0
               ]
            ]
         },
         "properties": {
            "object_imcoords": "EMPTY",
            "building_imcoords": "930.876537, 618.183376, 930.795325, 613.058368, 932.376790, 611.339384, 955.204895, 613.127127, 954.223856, 619.89640",
            "road_imcoords": "EMPTY",
            "image_id": "BLD00297_PS3_K3A_NIA0276.png",
            "ingest_time": "2023-03-02T14:34:14.313313Z",
            "type_id": "1",
            "type_name": "건물"
         }
      },
      {
         "type": "Feature",
         "geometry": {
            "type": "Polygon",
            "coordinates": [
               [
                  31.400807,
                  29.969844,
                  0.0
               ],
               [
                  31.406642,
                  29.969915,
                  0.0
               ],
               [
                  31.406561,
                  29.974996,
                  0.0
               ],
               [
                  31.400725,
                  29.974925,
                  0.0
               ]
            ]
         },
         "properties": {
            "object_imcoords": "EMPTY",
            "building_imcoords": "958.561650, 620.115134, 958.574103, 614.433555, 960.980680, 613.402164, 982.227319, 615.183968, 980.577095, 622.06584",
            "road_imcoords": "EMPTY",
            "image_id": "BLD00297_PS3_K3A_NIA0276.png",
            "ingest_time": "2023-03-02T14:34:14.313313Z",
            "type_id": "1",
            "type_name": "건물"
         }
      },
      {
         "type": "Feature",
         "geometry": {
            "type": "Polygon",
            "coordinates": [
               [
                  31.400807,
                  29.969844,
                  0.0
               ],
               [
                  31.406642,
                  29.969915,
                  0.0
               ],
               [
                  31.406561,
                  29.974996,
                  0.0
               ],
               [
                  31.400725,
                  29.974925,
                  0.0
               ]
            ]
         },
         "properties": {
            "object_imcoords": "EMPTY",
            "building_imcoords": "985.240278, 621.796761, 985.115212, 617.252688, 985.871565, 615.121148, 1008.080835, 616.771372, 1008.699669, 619.590506, 1007.737038, 623.66571",
            "road_imcoords": "EMPTY",
            "image_id": "BLD00297_PS3_K3A_NIA0276.png",
            "ingest_time": "2023-03-02T14:34:14.313313Z",
            "type_id": "1",
            "type_name": "건물"
         }
      },
      {
         "type": "Feature",
         "geometry": {
            "type": "Polygon",
            "coordinates": [
               [
                  31.400807,
                  29.969844,
                  0.0
               ],
               [
                  31.406642,
                  29.969915,
                  0.0
               ],
               [
                  31.406561,
                  29.974996,
                  0.0
               ],
               [
                  31.400725,
                  29.974925,
                  0.0
               ]
            ]
         },
         "properties": {
            "object_imcoords": "EMPTY",
            "building_imcoords": "971.277050, 569.566657, 972.218842, 567.683074, 997.864555, 568.914647, 999.241020, 571.305349, 998.589010, 572.464478, 998.878792, 573.116487, 1004.384652, 573.116487, 1005.253998, 574.710289, 1004.601988, 578.332565, 998.444119, 578.115228, 997.719664, 580.433485, 971.277050, 579.129465, 970.262813, 576.81120",
            "road_imcoords": "EMPTY",
            "image_id": "BLD00297_PS3_K3A_NIA0276.png",
            "ingest_time": "2023-03-02T14:34:14.313313Z",
            "type_id": "1",
            "type_name": "건물"
         }
      },
      {
         "type": "Feature",
         "geometry": {
            "type": "Polygon",
            "coordinates": [
               [
                  31.400807,
                  29.969844,
                  0.0
               ],
               [
                  31.406642,
                  29.969915,
                  0.0
               ],
               [
                  31.406561,
                  29.974996,
                  0.0
               ],
               [
                  31.400725,
                  29.974925,
                  0.0
               ]
            ]
         },
         "properties": {
            "object_imcoords": "EMPTY",
            "building_imcoords": "994.894289, 587.388254, 994.676952, 585.577116, 994.966734, 581.737504, 996.560536, 580.868158, 1008.514046, 581.665058, 1008.441601, 584.417988, 1006.268235, 589.126947, 994.387170, 588.18515",
            "road_imcoords": "EMPTY",
            "image_id": "BLD00297_PS3_K3A_NIA0276.png",
            "ingest_time": "2023-03-02T14:34:14.313313Z",
            "type_id": "1",
            "type_name": "건물"
         }
      },
      {
         "type": "Feature",
         "geometry": {
            "type": "Polygon",
            "coordinates": [
               [
                  31.406586,
                  29.970396,
                  0.0
               ],
               [
                  31.406584,
                  29.970435,
                  0.0
               ],
               [
                  31.406633,
                  29.970434,
                  0.0
               ],
               [
                  31.406635,
                  29.970395,
                  0.0
               ]
            ]
         },
         "properties": {
            "object_imcoords": "EMPTY",
            "building_imcoords": "1015.474367, 926.830434, 1015.317650, 918.991833, 1023.760003, 919.342096, 1024.000000, 927.18069",
            "road_imcoords": "EMPTY",
            "image_id": "BLD00297_PS3_K3A_NIA0276.png",
            "ingest_time": "2023-03-02T14:34:14.313313Z",
            "type_id": "1",
            "type_name": "건물"
         }
      },
      {
         "type": "Feature",
         "geometry": {
            "type": "Polygon",
            "coordinates": [
               [
                  31.404136,
                  29.97496,
                  0.0
               ],
               [
                  31.404137,
                  29.974916,
                  0.0
               ],
               [
                  31.404235,
                  29.974921,
                  0.0
               ],
               [
                  31.404259,
                  29.974943,
                  0.0
               ]
            ]
         },
         "properties": {
            "object_imcoords": "EMPTY",
            "building_imcoords": "598.508384, 1.244018, 598.478623, 10.074262, 615.610497, 9.302454, 619.967342, 5.063361, 620.320600, 0.00000",
            "road_imcoords": "EMPTY",
            "image_id": "BLD00297_PS3_K3A_NIA0276.png",
            "ingest_time": "2023-03-02T14:34:14.313313Z",
            "type_id": "1",
            "type_name": "건물"
         }
      },
      {
         "type": "Feature",
         "geometry": {
            "type": "Polygon",
            "coordinates": [
               [
                  31.402745,
                  29.97495,
                  0.0
               ],
               [
                  31.402745,
                  29.974831,
                  0.0
               ],
               [
                  31.402763,
                  29.974796,
                  0.0
               ],
               [
                  31.402857,
                  29.974789,
                  0.0
               ]
            ]
         },
         "properties": {
            "object_imcoords": "EMPTY",
            "building_imcoords": "354.441839, -0.192109, 354.057620, 23.821565, 357.131370, 30.929613, 373.652778, 32.658598, 375.371652, 0.000000, 371.699666, 0.00000",
            "road_imcoords": "EMPTY",
            "image_id": "BLD00297_PS3_K3A_NIA0276.png",
            "ingest_time": "2023-03-02T14:34:14.313313Z",
            "type_id": "1",
            "type_name": "건물"
         }
      },
      {
         "type": "Feature",
         "geometry": {
            "type": "Polygon",
            "coordinates": [
               [
                  31.404973,
                  29.974974,
                  0.0
               ],
               [
                  31.404965,
                  29.97489,
                  0.0
               ],
               [
                  31.404997,
                  29.974881,
                  0.0
               ],
               [
                  31.404997,
                  29.974882,
                  0.0
               ]
            ]
         },
         "properties": {
            "object_imcoords": "EMPTY",
            "building_imcoords": "745.384463, 0.384219, 743.655478, 17.289846, 749.217503, 19.207785, 749.221812, 19.152871, 749.034541, 16.905627, 749.405142, 16.816172, 749.407797, 16.782325, 753.718963, 15.560861, 754.403222, 15.609739, 754.605714, 15.560861, 756.540671, 15.762419, 762.680863, 16.201021, 771.933352, 16.023531, 773.241688, 16.124325, 774.948969, 0.000000, 770.688015, 0.00000",
            "road_imcoords": "EMPTY",
            "image_id": "BLD00297_PS3_K3A_NIA0276.png",
            "ingest_time": "2023-03-02T14:34:14.313313Z",
            "type_id": "1",
            "type_name": "건물"
         }
      },
      {
         "type": "Feature",
         "geometry": {
            "type": "Polygon",
            "coordinates": [
               [
                  31.403972,
                  29.974964,
                  0.0
               ],
               [
                  31.403983,
                  29.974948,
                  0.0
               ],
               [
                  31.403985,
                  29.974916,
                  0.0
               ],
               [
                  31.40403,
                  29.974916,
                  0.0
               ]
            ]
         },
         "properties": {
            "object_imcoords": "EMPTY",
            "building_imcoords": "569.762911, -0.062368, 571.613279, 3.305715, 571.888755, 9.779408, 579.698724, 9.947707, 580.243475, 0.04422",
            "road_imcoords": "EMPTY",
            "image_id": "BLD00297_PS3_K3A_NIA0276.png",
            "ingest_time": "2023-03-02T14:34:14.313313Z",
            "type_id": "1",
            "type_name": "건물"
         }
      },
      {
         "type": "Feature",
         "geometry": {
            "type": "Polygon",
            "coordinates": [
               [
                  31.403559,
                  29.974739,
                  0.0
               ],
               [
                  31.403574,
                  29.974747,
                  0.0
               ],
               [
                  31.403733,
                  29.974744,
                  0.0
               ],
               [
                  31.403746,
                  29.974719,
                  0.0
               ]
            ]
         },
         "properties": {
            "object_imcoords": "EMPTY",
            "building_imcoords": "496.504608, 44.306712, 499.198935, 42.809864, 527.190000, 43.707973, 529.294900, 48.848187, 532.157025, 49.363672, 531.540562, 75.156467, 527.756434, 74.763552, 522.100715, 80.081388, 500.396414, 79.482649, 495.606499, 73.94431",
            "road_imcoords": "EMPTY",
            "image_id": "BLD00297_PS3_K3A_NIA0276.png",
            "ingest_time": "2023-03-02T14:34:14.313313Z",
            "type_id": "1",
            "type_name": "건물"
         }
      },
      {
         "type": "Feature",
         "geometry": {
            "type": "Polygon",
            "coordinates": [
               [
                  31.403764,
                  29.974732,
                  0.0
               ],
               [
                  31.403763,
                  29.97467,
                  0.0
               ],
               [
                  31.403762,
                  29.974583,
                  0.0
               ],
               [
                  31.403779,
                  29.97456,
                  0.0
               ]
            ]
         },
         "properties": {
            "object_imcoords": "EMPTY",
            "building_imcoords": "532.578654, 46.252615, 532.129599, 58.826141, 531.678677, 76.236364, 534.674242, 80.979497, 553.833901, 82.027291, 556.827598, 78.285170, 558.324446, 77.985801, 559.222555, 46.55198",
            "road_imcoords": "EMPTY",
            "image_id": "BLD00297_PS3_K3A_NIA0276.png",
            "ingest_time": "2023-03-02T14:34:14.313313Z",
            "type_id": "1",
            "type_name": "건물"
         }
      },
      {
         "type": "Feature",
         "geometry": {
            "type": "Polygon",
            "coordinates": [
               [
                  31.402563,
                  29.974791,
                  0.0
               ],
               [
                  31.402558,
                  29.974725,
                  0.0
               ],
               [
                  31.402557,
                  29.974634,
                  0.0
               ],
               [
                  31.402599,
                  29.974633,
                  0.0
               ]
            ]
         },
         "properties": {
            "object_imcoords": "EMPTY",
            "building_imcoords": "322.013011, 31.373234, 320.963349, 44.785584, 320.496833, 62.979727, 327.844467, 63.446243, 327.961097, 65.545568, 345.805352, 66.595230, 346.155240, 62.863098, 351.520180, 63.446243, 352.103325, 44.902213, 352.919729, 32.77278",
            "road_imcoords": "EMPTY",
            "image_id": "BLD00297_PS3_K3A_NIA0276.png",
            "ingest_time": "2023-03-02T14:34:14.313313Z",
            "type_id": "1",
            "type_name": "건물"
         }
      },
      {
         "type": "Feature",
         "geometry": {
            "type": "Polygon",
            "coordinates": [
               [
                  31.402741,
                  29.974785,
                  0.0
               ],
               [
                  31.402737,
                  29.974712,
                  0.0
               ],
               [
                  31.402736,
                  29.974631,
                  0.0
               ],
               [
                  31.40277,
                  29.974632,
                  0.0
               ]
            ]
         },
         "properties": {
            "object_imcoords": "EMPTY",
            "building_imcoords": "353.152987, 33.122671, 352.219954, 47.817941, 351.870067, 64.146018, 357.818152, 64.029389, 357.701523, 66.012084, 378.461507, 67.528263, 379.161282, 66.361972, 386.140034, 66.648852, 386.260679, 48.875948, 388.880603, 35.90451",
            "road_imcoords": "EMPTY",
            "image_id": "BLD00297_PS3_K3A_NIA0276.png",
            "ingest_time": "2023-03-02T14:34:14.313313Z",
            "type_id": "1",
            "type_name": "건물"
         }
      },
      {
         "type": "Feature",
         "geometry": {
            "type": "Polygon",
            "coordinates": [
               [
                  31.402947,
                  29.974773,
                  0.0
               ],
               [
                  31.403084,
                  29.974771,
                  0.0
               ],
               [
                  31.403079,
                  29.974615,
                  0.0
               ],
               [
                  31.403065,
                  29.974609,
                  0.0
               ]
            ]
         },
         "properties": {
            "object_imcoords": "EMPTY",
            "building_imcoords": "389.241416, 35.968688, 413.290361, 36.736921, 412.105299, 68.239818, 409.636420, 69.326125, 407.661317, 71.696249, 396.699494, 70.807453, 396.403228, 67.449777, 386.626467, 66.956001, 386.793113, 48.60934",
            "road_imcoords": "EMPTY",
            "image_id": "BLD00297_PS3_K3A_NIA0276.png",
            "ingest_time": "2023-03-02T14:34:14.313313Z",
            "type_id": "1",
            "type_name": "건물"
         }
      },
      {
         "type": "Feature",
         "geometry": {
            "type": "Polygon",
            "coordinates": [
               [
                  31.404404,
                  29.974712,
                  0.0
               ],
               [
                  31.40423,
                  29.974716,
                  0.0
               ],
               [
                  31.404223,
                  29.974641,
                  0.0
               ],
               [
                  31.404232,
                  29.974559,
                  0.0
               ]
            ]
         },
         "properties": {
            "object_imcoords": "EMPTY",
            "building_imcoords": "644.704608, 51.795572, 614.299016, 50.734912, 612.884803, 65.760931, 614.122239, 82.201163, 644.174278, 82.908270, 644.704608, 64.52349",
            "road_imcoords": "EMPTY",
            "image_id": "BLD00297_PS3_K3A_NIA0276.png",
            "ingest_time": "2023-03-02T14:34:14.313313Z",
            "type_id": "1",
            "type_name": "건물"
         }
      },
      {
         "type": "Feature",
         "geometry": {
            "type": "Polygon",
            "coordinates": [
               [
                  31.404409,
                  29.974708,
                  0.0
               ],
               [
                  31.404408,
                  29.974634,
                  0.0
               ],
               [
                  31.404413,
                  29.974547,
                  0.0
               ],
               [
                  31.404578,
                  29.97454,
                  0.0
               ]
            ]
         },
         "properties": {
            "object_imcoords": "EMPTY",
            "building_imcoords": "645.588491, 52.679455, 645.234938, 67.528698, 645.942045, 85.206367, 674.756646, 86.974134, 675.286976, 80.786950, 683.949034, 80.963726, 684.441500, 56.966234, 674.781964, 56.568542, 674.933423, 53.03300",
            "road_imcoords": "EMPTY",
            "image_id": "BLD00297_PS3_K3A_NIA0276.png",
            "ingest_time": "2023-03-02T14:34:14.313313Z",
            "type_id": "1",
            "type_name": "건물"
         }
      },
      {
         "type": "Feature",
         "geometry": {
            "type": "Polygon",
            "coordinates": [
               [
                  31.402086,
                  29.97481,
                  0.0
               ],
               [
                  31.401913,
                  29.974823,
                  0.0
               ],
               [
                  31.401906,
                  29.97475,
                  0.0
               ],
               [
                  31.401906,
                  29.97467,
                  0.0
               ]
            ]
         },
         "properties": {
            "object_imcoords": "EMPTY",
            "building_imcoords": "238.298262, 26.494216, 208.061925, 23.500520, 206.565077, 38.169634, 206.415392, 54.185911, 212.552470, 55.982129, 238.597632, 57.329293, 238.897002, 39.816167, 240.312629, 30.816822, 240.900078, 26.49421",
            "road_imcoords": "EMPTY",
            "image_id": "BLD00297_PS3_K3A_NIA0276.png",
            "ingest_time": "2023-03-02T14:34:14.313313Z",
            "type_id": "1",
            "type_name": "건물"
         }
      },
      {
         "type": "Feature",
         "geometry": {
            "type": "Polygon",
            "coordinates": [
               [
                  31.406421,
                  29.971007,
                  0.0
               ],
               [
                  31.406391,
                  29.971006,
                  0.0
               ],
               [
                  31.406381,
                  29.970855,
                  0.0
               ],
               [
                  31.406383,
                  29.970835,
                  0.0
               ]
            ]
         },
         "properties": {
            "object_imcoords": "EMPTY",
            "building_imcoords": "988.271151, 803.426568, 982.899363, 803.564306, 980.833291, 834.004435, 981.108768, 837.998841, 987.444722, 837.861102, 989.097580, 809.76252",
            "road_imcoords": "EMPTY",
            "image_id": "BLD00297_PS3_K3A_NIA0276.png",
            "ingest_time": "2023-03-02T14:34:14.313313Z",
            "type_id": "1",
            "type_name": "건물"
         }
      },
      {
         "type": "Feature",
         "geometry": {
            "type": "Polygon",
            "coordinates": [
               [
                  31.406432,
                  29.970977,
                  0.0
               ],
               [
                  31.406421,
                  29.970856,
                  0.0
               ],
               [
                  31.406423,
                  29.970845,
                  0.0
               ],
               [
                  31.406483,
                  29.970845,
                  0.0
               ]
            ]
         },
         "properties": {
            "object_imcoords": "EMPTY",
            "building_imcoords": "990.061747, 809.487046, 987.857936, 833.866696, 988.133413, 836.070507, 998.739249, 836.208245, 1000.667583, 809.48704",
            "road_imcoords": "EMPTY",
            "image_id": "BLD00297_PS3_K3A_NIA0276.png",
            "ingest_time": "2023-03-02T14:34:14.313313Z",
            "type_id": "1",
            "type_name": "건물"
         }
      },
      {
         "type": "Feature",
         "geometry": {
            "type": "Polygon",
            "coordinates": [
               [
                  31.405993,
                  29.970141,
                  0.0
               ],
               [
                  31.405993,
                  29.970114,
                  0.0
               ],
               [
                  31.40598,
                  29.970109,
                  0.0
               ],
               [
                  31.405978,
                  29.970088,
                  0.0
               ]
            ]
         },
         "properties": {
            "object_imcoords": "EMPTY",
            "building_imcoords": "910.776631, 976.819730, 910.613963, 982.350433, 908.336615, 983.163772, 908.011280, 987.393133, 910.125960, 987.393133, 909.312621, 1023.993373, 909.768593, 1024.000000, 965.295886, 1024.000000, 966.734331, 978.60907",
            "road_imcoords": "EMPTY",
            "image_id": "BLD00297_PS3_K3A_NIA0276.png",
            "ingest_time": "2023-03-02T14:34:14.313313Z",
            "type_id": "1",
            "type_name": "건물"
         }
      }
   ]
}