{
   "type": "FeatureCollection",
   "features": [
      {
         "type": "Feature",
         "geometry": {
            "type": "Polygon",
            "coordinates": [
               [
                  121.632626,
                  31.289496,
                  0.0
               ],
               [
                  121.632616,
                  31.287291,
                  0.0
               ],
               [
                  121.632565,
                  31.287295,
                  0.0
               ],
               [
                  121.632565,
                  31.289496,
                  0.0
               ]
            ]
         },
         "properties": {
            "object_imcoords": "EMPTY",
            "building_imcoords": "751.914886, 0.274323, 744.516977, 444.811027, 735.860438, 443.803377, 741.212830, 0.285114, 502.022908, 1.197933, 501.369085, 91.984321, 527.182867, 91.984321, 518.093507, 535.545078, 617.204501, 537.846802, 617.204501, 539.830745, 640.813416, 539.830745, 641.805388, 537.053225, 730.487616, 538.838774, 738.224991, 523.562417, 738.423386, 495.390434, 740.407328, 489.835395, 740.208934, 474.955826, 737.629809, 472.773490, 737.233020, 459.282681, 743.581636, 459.084287, 742.788059, 538.838774, 800.719179, 539.632351, 800.917573, 543.005053, 825.518460, 543.798630, 826.907220, 540.425928, 1013.794600, 541.417899, 1019.944822, 531.299792, 1019.944822, 506.500511, 1024.000000, 505.905329, 1024.000000, 0.00000",
            "road_imcoords": "EMPTY",
            "image_id": "BLD01290_PS3_K3A_NIA0373.png",
            "ingest_time": "2023-03-02T14:34:14.313313Z",
            "type_id": "1",
            "type_name": "건물"
         }
      },
      {
         "type": "Feature",
         "geometry": {
            "type": "Polygon",
            "coordinates": [
               [
                  121.628356,
                  31.284371,
                  0.0
               ],
               [
                  121.634272,
                  31.284434,
                  0.0
               ],
               [
                  121.634198,
                  31.289515,
                  0.0
               ],
               [
                  121.628283,
                  31.289452,
                  0.0
               ]
            ]
         },
         "properties": {
            "object_imcoords": "EMPTY",
            "building_imcoords": "488.363709, 1024.000000, 493.143706, 755.066865, 517.053704, 754.523456, 515.966886, 603.455742, 522.216090, 590.957334, 579.274039, 590.685629, 579.274039, 589.870516, 664.317555, 587.425175, 664.317555, 581.175971, 698.008915, 581.719380, 709.148801, 584.979834, 710.235619, 588.511993, 977.124590, 592.274445, 978.287843, 587.603567, 1024.000000, 587.746438, 1024.000000, 1024.000000, 932.866836, 1024.000000, 933.688350, 958.600078, 940.563022, 957.459382, 965.293254, 957.649498, 965.871232, 914.778328, 930.418572, 913.875277, 931.703757, 778.821586, 941.852107, 769.090021, 968.219179, 769.167255, 966.953964, 733.083823, 938.944774, 729.490926, 938.692397, 622.330389, 885.996497, 622.474897, 882.462365, 633.501628, 859.022171, 632.931280, 858.328754, 649.376319, 886.499317, 650.754660, 882.730535, 906.128048, 880.907439, 914.683270, 862.376479, 916.489415, 862.027440, 920.434619, 856.694755, 920.481809, 857.195318, 932.791993, 880.707764, 934.490711, 880.868918, 1024.00000",
            "road_imcoords": "EMPTY",
            "image_id": "BLD01290_PS3_K3A_NIA0373.png",
            "ingest_time": "2023-03-02T14:34:14.313313Z",
            "type_id": "1",
            "type_name": "건물"
         }
      },
      {
         "type": "Feature",
         "geometry": {
            "type": "Polygon",
            "coordinates": [
               [
                  121.628356,
                  31.284371,
                  0.0
               ],
               [
                  121.634272,
                  31.284434,
                  0.0
               ],
               [
                  121.634198,
                  31.289515,
                  0.0
               ],
               [
                  121.628283,
                  31.289452,
                  0.0
               ]
            ]
         },
         "properties": {
            "object_imcoords": "EMPTY",
            "building_imcoords": "229.152023, 50.328821, 326.246564, 13.361634, 338.494728, 41.421065, 334.263544, 53.223842, 234.942065, 89.077560, 225.143533, 60.35004",
            "road_imcoords": "EMPTY",
            "image_id": "BLD01290_PS3_K3A_NIA0373.png",
            "ingest_time": "2023-03-02T14:34:14.313313Z",
            "type_id": "1",
            "type_name": "건물"
         }
      },
      {
         "type": "Feature",
         "geometry": {
            "type": "Polygon",
            "coordinates": [
               [
                  121.628356,
                  31.284371,
                  0.0
               ],
               [
                  121.634272,
                  31.284434,
                  0.0
               ],
               [
                  121.634198,
                  31.289515,
                  0.0
               ],
               [
                  121.628283,
                  31.289452,
                  0.0
               ]
            ]
         },
         "properties": {
            "object_imcoords": "EMPTY",
            "building_imcoords": "327.360033, 0.000000, 316.002644, 8.462368, 318.229583, 16.479349, 326.246564, 12.916246, 338.049341, 40.975678, 334.486238, 54.782699, 338.717422, 57.009638, 354.305995, 53.446536, 362.768364, 34.740248, 348.738648, 0.00000",
            "road_imcoords": "EMPTY",
            "image_id": "BLD01290_PS3_K3A_NIA0373.png",
            "ingest_time": "2023-03-02T14:34:14.313313Z",
            "type_id": "1",
            "type_name": "건물"
         }
      },
      {
         "type": "Feature",
         "geometry": {
            "type": "Polygon",
            "coordinates": [
               [
                  121.628356,
                  31.284371,
                  0.0
               ],
               [
                  121.634272,
                  31.284434,
                  0.0
               ],
               [
                  121.634198,
                  31.289515,
                  0.0
               ],
               [
                  121.628283,
                  31.289452,
                  0.0
               ]
            ]
         },
         "properties": {
            "object_imcoords": "EMPTY",
            "building_imcoords": "366.776854, 0.000000, 375.907304, 27.391350, 374.125752, 37.189881, 362.545670, 41.198372, 360.764118, 40.752984, 362.322976, 34.072167, 348.293260, 0.00000",
            "road_imcoords": "EMPTY",
            "image_id": "BLD01290_PS3_K3A_NIA0373.png",
            "ingest_time": "2023-03-02T14:34:14.313313Z",
            "type_id": "1",
            "type_name": "건물"
         }
      },
      {
         "type": "Feature",
         "geometry": {
            "type": "Polygon",
            "coordinates": [
               [
                  121.628356,
                  31.284371,
                  0.0
               ],
               [
                  121.634272,
                  31.284434,
                  0.0
               ],
               [
                  121.634198,
                  31.289515,
                  0.0
               ],
               [
                  121.628283,
                  31.289452,
                  0.0
               ]
            ]
         },
         "properties": {
            "object_imcoords": "EMPTY",
            "building_imcoords": "288.199048, 119.615688, 288.572847, 114.382502, 293.432234, 110.457612, 337.540519, 94.197354, 340.530911, 97.935344, 345.016500, 109.896913, 337.914318, 128.026166, 297.170225, 142.230529, 296.609526, 133.25935",
            "road_imcoords": "EMPTY",
            "image_id": "BLD01290_PS3_K3A_NIA0373.png",
            "ingest_time": "2023-03-02T14:34:14.313313Z",
            "type_id": "1",
            "type_name": "건물"
         }
      },
      {
         "type": "Feature",
         "geometry": {
            "type": "Polygon",
            "coordinates": [
               [
                  121.628356,
                  31.284371,
                  0.0
               ],
               [
                  121.634272,
                  31.284434,
                  0.0
               ],
               [
                  121.634198,
                  31.289515,
                  0.0
               ],
               [
                  121.628283,
                  31.289452,
                  0.0
               ]
            ]
         },
         "properties": {
            "object_imcoords": "EMPTY",
            "building_imcoords": "280.909967, 119.615688, 288.385947, 120.550185, 296.796426, 133.633151, 297.170225, 145.220921, 221.849721, 172.882049, 219.793826, 169.704757, 210.822650, 170.452355, 204.841865, 156.247992, 211.570248, 145.220921, 218.298630, 141.669830, 221.102123, 142.41742",
            "road_imcoords": "EMPTY",
            "image_id": "BLD01290_PS3_K3A_NIA0373.png",
            "ingest_time": "2023-03-02T14:34:14.313313Z",
            "type_id": "1",
            "type_name": "건물"
         }
      },
      {
         "type": "Feature",
         "geometry": {
            "type": "Polygon",
            "coordinates": [
               [
                  121.628356,
                  31.284371,
                  0.0
               ],
               [
                  121.634272,
                  31.284434,
                  0.0
               ],
               [
                  121.634198,
                  31.289515,
                  0.0
               ],
               [
                  121.628283,
                  31.289452,
                  0.0
               ]
            ]
         },
         "properties": {
            "object_imcoords": "EMPTY",
            "building_imcoords": "338.661916, 93.075957, 366.883743, 81.488187, 375.107321, 85.039278, 379.779809, 99.243641, 374.546623, 115.503899, 338.848816, 128.213065, 345.390299, 108.962416, 340.157112, 97.00084",
            "road_imcoords": "EMPTY",
            "image_id": "BLD01290_PS3_K3A_NIA0373.png",
            "ingest_time": "2023-03-02T14:34:14.313313Z",
            "type_id": "1",
            "type_name": "건물"
         }
      },
      {
         "type": "Feature",
         "geometry": {
            "type": "Polygon",
            "coordinates": [
               [
                  121.628356,
                  31.284371,
                  0.0
               ],
               [
                  121.634272,
                  31.284434,
                  0.0
               ],
               [
                  121.634198,
                  31.289515,
                  0.0
               ],
               [
                  121.628283,
                  31.289452,
                  0.0
               ]
            ]
         },
         "properties": {
            "object_imcoords": "EMPTY",
            "building_imcoords": "109.384502, 815.574429, 104.015938, 827.206319, 106.700220, 907.511097, 170.675614, 907.511097, 171.122995, 922.945720, 258.362168, 924.287861, 258.809549, 909.747999, 323.903394, 909.076928, 325.021845, 817.14026",
            "road_imcoords": "EMPTY",
            "image_id": "BLD01290_PS3_K3A_NIA0373.png",
            "ingest_time": "2023-03-02T14:34:14.313313Z",
            "type_id": "1",
            "type_name": "건물"
         }
      },
      {
         "type": "Feature",
         "geometry": {
            "type": "Polygon",
            "coordinates": [
               [
                  121.628356,
                  31.284371,
                  0.0
               ],
               [
                  121.634272,
                  31.284434,
                  0.0
               ],
               [
                  121.634198,
                  31.289515,
                  0.0
               ],
               [
                  121.628283,
                  31.289452,
                  0.0
               ]
            ]
         },
         "properties": {
            "object_imcoords": "EMPTY",
            "building_imcoords": "6.524389, 936.107972, 41.983024, 936.533475, 41.983024, 939.228331, 51.911442, 939.370166, 55.882809, 956.390311, 57.017486, 963.623873, 55.315471, 975.679809, 22.977196, 1024.000000, 10.212087, 1024.000000, 0.000000, 1016.386322, 0.000000, 985.651860, 6.529698, 985.38932",
            "road_imcoords": "EMPTY",
            "image_id": "BLD01290_PS3_K3A_NIA0373.png",
            "ingest_time": "2023-03-02T14:34:14.313313Z",
            "type_id": "1",
            "type_name": "건물"
         }
      },
      {
         "type": "Feature",
         "geometry": {
            "type": "Polygon",
            "coordinates": [
               [
                  121.628356,
                  31.284371,
                  0.0
               ],
               [
                  121.634272,
                  31.284434,
                  0.0
               ],
               [
                  121.634198,
                  31.289515,
                  0.0
               ],
               [
                  121.628283,
                  31.289452,
                  0.0
               ]
            ]
         },
         "properties": {
            "object_imcoords": "EMPTY",
            "building_imcoords": "0.000000, 866.867886, 29.038685, 867.499162, 30.427492, 871.286816, 34.467657, 871.286816, 34.341402, 877.852084, 30.048727, 881.639739, 0.000000, 882.14475",
            "road_imcoords": "EMPTY",
            "image_id": "BLD01290_PS3_K3A_NIA0373.png",
            "ingest_time": "2023-03-02T14:34:14.313313Z",
            "type_id": "1",
            "type_name": "건물"
         }
      },
      {
         "type": "Feature",
         "geometry": {
            "type": "Polygon",
            "coordinates": [
               [
                  121.628356,
                  31.284371,
                  0.0
               ],
               [
                  121.634272,
                  31.284434,
                  0.0
               ],
               [
                  121.634198,
                  31.289515,
                  0.0
               ],
               [
                  121.628283,
                  31.289452,
                  0.0
               ]
            ]
         },
         "properties": {
            "object_imcoords": "EMPTY",
            "building_imcoords": "0.000000, 652.821867, 102.177357, 653.020655, 101.978568, 685.621991, 100.785836, 732.138531, 86.671843, 761.758037, 85.479112, 766.131387, 74.943314, 766.528964, 74.346948, 763.547135, 68.383289, 763.547135, 67.588135, 766.528964, 0.000000, 764.93865",
            "road_imcoords": "EMPTY",
            "image_id": "BLD01290_PS3_K3A_NIA0373.png",
            "ingest_time": "2023-03-02T14:34:14.313313Z",
            "type_id": "1",
            "type_name": "건물"
         }
      },
      {
         "type": "Feature",
         "geometry": {
            "type": "Polygon",
            "coordinates": [
               [
                  121.628356,
                  31.284371,
                  0.0
               ],
               [
                  121.634272,
                  31.284434,
                  0.0
               ],
               [
                  121.634198,
                  31.289515,
                  0.0
               ],
               [
                  121.628283,
                  31.289452,
                  0.0
               ]
            ]
         },
         "properties": {
            "object_imcoords": "EMPTY",
            "building_imcoords": "0.000000, 652.469930, 86.352137, 652.753983, 96.009942, 632.018108, 96.862101, 446.815499, 88.493086, 449.464886, 0.000000, 450.46480",
            "road_imcoords": "EMPTY",
            "image_id": "BLD01290_PS3_K3A_NIA0373.png",
            "ingest_time": "2023-03-02T14:34:14.313313Z",
            "type_id": "1",
            "type_name": "건물"
         }
      },
      {
         "type": "Feature",
         "geometry": {
            "type": "Polygon",
            "coordinates": [
               [
                  121.628356,
                  31.284371,
                  0.0
               ],
               [
                  121.634272,
                  31.284434,
                  0.0
               ],
               [
                  121.634198,
                  31.289515,
                  0.0
               ],
               [
                  121.628283,
                  31.289452,
                  0.0
               ]
            ]
         },
         "properties": {
            "object_imcoords": "EMPTY",
            "building_imcoords": "76.077266, 383.918489, 0.000000, 382.831671, 0.000000, 42.657610, 78.250902, 43.744428, 91.021015, 48.906814, 98.900446, 61.405222, 100.258968, 70.914880, 96.152789, 360.932930, 92.953029, 374.371922, 85.113616, 381.25140",
            "road_imcoords": "EMPTY",
            "image_id": "BLD01290_PS3_K3A_NIA0373.png",
            "ingest_time": "2023-03-02T14:34:14.313313Z",
            "type_id": "1",
            "type_name": "건물"
         }
      },
      {
         "type": "Feature",
         "geometry": {
            "type": "Polygon",
            "coordinates": [
               [
                  121.628356,
                  31.284371,
                  0.0
               ],
               [
                  121.634272,
                  31.284434,
                  0.0
               ],
               [
                  121.634198,
                  31.289515,
                  0.0
               ],
               [
                  121.628283,
                  31.289452,
                  0.0
               ]
            ]
         },
         "properties": {
            "object_imcoords": "EMPTY",
            "building_imcoords": "210.170263, 212.839862, 229.585530, 204.588374, 234.439346, 213.082553, 235.167419, 219.877896, 216.965606, 229.828220, 211.141026, 228.614766, 208.714118, 218.90713",
            "road_imcoords": "EMPTY",
            "image_id": "BLD01290_PS3_K3A_NIA0373.png",
            "ingest_time": "2023-03-02T14:34:14.313313Z",
            "type_id": "1",
            "type_name": "건물"
         }
      },
      {
         "type": "Feature",
         "geometry": {
            "type": "Polygon",
            "coordinates": [
               [
                  121.628356,
                  31.284371,
                  0.0
               ],
               [
                  121.634272,
                  31.284434,
                  0.0
               ],
               [
                  121.634198,
                  31.289515,
                  0.0
               ],
               [
                  121.628283,
                  31.289452,
                  0.0
               ]
            ]
         },
         "properties": {
            "object_imcoords": "EMPTY",
            "building_imcoords": "168.758284, 235.539637, 170.924166, 232.651795, 177.060831, 232.651795, 181.753575, 242.578753, 181.753575, 245.647085, 172.368087, 249.798359, 168.577794, 239.32993",
            "road_imcoords": "EMPTY",
            "image_id": "BLD01290_PS3_K3A_NIA0373.png",
            "ingest_time": "2023-03-02T14:34:14.313313Z",
            "type_id": "1",
            "type_name": "건물"
         }
      },
      {
         "type": "Feature",
         "geometry": {
            "type": "Polygon",
            "coordinates": [
               [
                  121.6309,
                  31.286861,
                  0.0
               ],
               [
                  121.630978,
                  31.286862,
                  0.0
               ],
               [
                  121.63098,
                  31.286554,
                  0.0
               ],
               [
                  121.630909,
                  31.286552,
                  0.0
               ]
            ]
         },
         "properties": {
            "object_imcoords": "EMPTY",
            "building_imcoords": "446.586213, 527.681785, 460.039856, 527.681785, 459.666144, 589.718029, 447.333638, 590.09174",
            "road_imcoords": "EMPTY",
            "image_id": "BLD01290_PS3_K3A_NIA0373.png",
            "ingest_time": "2023-03-02T14:34:14.313313Z",
            "type_id": "1",
            "type_name": "건물"
         }
      },
      {
         "type": "Feature",
         "geometry": {
            "type": "Polygon",
            "coordinates": [
               [
                  121.630911,
                  31.286546,
                  0.0
               ],
               [
                  121.630915,
                  31.286466,
                  0.0
               ],
               [
                  121.630962,
                  31.286465,
                  0.0
               ],
               [
                  121.630968,
                  31.286545,
                  0.0
               ]
            ]
         },
         "properties": {
            "object_imcoords": "EMPTY",
            "building_imcoords": "447.707350, 591.212878, 448.081062, 607.282507, 456.302733, 607.656220, 457.423870, 591.58659",
            "road_imcoords": "EMPTY",
            "image_id": "BLD01290_PS3_K3A_NIA0373.png",
            "ingest_time": "2023-03-02T14:34:14.313313Z",
            "type_id": "1",
            "type_name": "건물"
         }
      },
      {
         "type": "Feature",
         "geometry": {
            "type": "Polygon",
            "coordinates": [
               [
                  121.628963,
                  31.284949,
                  0.0
               ],
               [
                  121.628966,
                  31.284378,
                  0.0
               ],
               [
                  121.630243,
                  31.284391,
                  0.0
               ],
               [
                  121.630237,
                  31.284963,
                  0.0
               ]
            ]
         },
         "properties": {
            "object_imcoords": "EMPTY",
            "building_imcoords": "106.478317, 908.902753, 105.582619, 1024.000000, 326.633456, 1024.000000, 327.109065, 908.902753, 323.905513, 908.902753, 323.903394, 909.076928, 258.809549, 909.747999, 258.362168, 924.287861, 171.122995, 922.945720, 170.715952, 908.90275",
            "road_imcoords": "EMPTY",
            "image_id": "BLD01290_PS3_K3A_NIA0373.png",
            "ingest_time": "2023-03-02T14:34:14.313313Z",
            "type_id": "1",
            "type_name": "건물"
         }
      }
   ]
}