{
   "type": "FeatureCollection",
   "features": [
      {
         "type": "Feature",
         "geometry": {
            "type": "Polygon",
            "coordinates": [
               [
                  31.356192,
                  29.996162,
                  0.0
               ],
               [
                  31.356269,
                  29.995963,
                  0.0
               ],
               [
                  31.356343,
                  29.995981,
                  0.0
               ],
               [
                  31.356269,
                  29.996182,
                  0.0
               ]
            ]
         },
         "properties": {
            "object_imcoords": "EMPTY",
            "building_imcoords": "440.522841, 729.950141, 453.344178, 770.231174, 466.515464, 766.748608, 453.976553, 726.19843",
            "road_imcoords": "EMPTY",
            "image_id": "BLD00163_PS3_K3A_NIA0276.png",
            "ingest_time": "2023-03-02T14:34:14.313313Z",
            "type_id": "1",
            "type_name": "건물"
         }
      },
      {
         "type": "Feature",
         "geometry": {
            "type": "Polygon",
            "coordinates": [
               [
                  31.353705,
                  29.994672,
                  0.0
               ],
               [
                  31.359542,
                  29.994745,
                  0.0
               ],
               [
                  31.359459,
                  29.999825,
                  0.0
               ],
               [
                  31.353622,
                  29.999752,
                  0.0
               ]
            ]
         },
         "properties": {
            "object_imcoords": "EMPTY",
            "building_imcoords": "36.872824, 20.520528, 40.826090, 41.642612, 97.574356, 25.516307, 92.062834, 4.49087",
            "road_imcoords": "EMPTY",
            "image_id": "BLD00163_PS3_K3A_NIA0276.png",
            "ingest_time": "2023-03-02T14:34:14.313313Z",
            "type_id": "1",
            "type_name": "건물"
         }
      },
      {
         "type": "Feature",
         "geometry": {
            "type": "Polygon",
            "coordinates": [
               [
                  31.353705,
                  29.994672,
                  0.0
               ],
               [
                  31.359542,
                  29.994745,
                  0.0
               ],
               [
                  31.359459,
                  29.999825,
                  0.0
               ],
               [
                  31.353622,
                  29.999752,
                  0.0
               ]
            ]
         },
         "properties": {
            "object_imcoords": "EMPTY",
            "building_imcoords": "6.123914, 104.310661, 2.653696, 107.985009, 3.061957, 113.700662, 11.635436, 134.113707, 25.312176, 127.581533, 17.351088, 102.67761",
            "road_imcoords": "EMPTY",
            "image_id": "BLD00163_PS3_K3A_NIA0276.png",
            "ingest_time": "2023-03-02T14:34:14.313313Z",
            "type_id": "1",
            "type_name": "건물"
         }
      },
      {
         "type": "Feature",
         "geometry": {
            "type": "Polygon",
            "coordinates": [
               [
                  31.353757,
                  29.998883,
                  0.0
               ],
               [
                  31.353823,
                  29.998891,
                  0.0
               ],
               [
                  31.353838,
                  29.998851,
                  0.0
               ],
               [
                  31.353895,
                  29.998703,
                  0.0
               ]
            ]
         },
         "properties": {
            "object_imcoords": "EMPTY",
            "building_imcoords": "21.242003, 175.438054, 32.931925, 174.136656, 35.349684, 182.171382, 44.990507, 212.098103, 31.734375, 217.922767, 21.691851, 187.59434",
            "road_imcoords": "EMPTY",
            "image_id": "BLD00163_PS3_K3A_NIA0276.png",
            "ingest_time": "2023-03-02T14:34:14.313313Z",
            "type_id": "1",
            "type_name": "건물"
         }
      },
      {
         "type": "Feature",
         "geometry": {
            "type": "Polygon",
            "coordinates": [
               [
                  31.353705,
                  29.994672,
                  0.0
               ],
               [
                  31.359542,
                  29.994745,
                  0.0
               ],
               [
                  31.359459,
                  29.999825,
                  0.0
               ],
               [
                  31.353622,
                  29.999752,
                  0.0
               ]
            ]
         },
         "properties": {
            "object_imcoords": "EMPTY",
            "building_imcoords": "209.391094, 433.089242, 209.257383, 438.972516, 219.151981, 458.226870, 225.837521, 454.081835, 221.291354, 445.123212, 225.168967, 442.582707, 223.564437, 438.705095, 219.151981, 439.239938, 214.605814, 431.35100",
            "road_imcoords": "EMPTY",
            "image_id": "BLD00163_PS3_K3A_NIA0276.png",
            "ingest_time": "2023-03-02T14:34:14.313313Z",
            "type_id": "1",
            "type_name": "건물"
         }
      },
      {
         "type": "Feature",
         "geometry": {
            "type": "Polygon",
            "coordinates": [
               [
                  31.357544,
                  29.996339,
                  0.0
               ],
               [
                  31.357578,
                  29.996268,
                  0.0
               ],
               [
                  31.357966,
                  29.996412,
                  0.0
               ],
               [
                  31.357931,
                  29.996486,
                  0.0
               ]
            ]
         },
         "properties": {
            "object_imcoords": "EMPTY",
            "building_imcoords": "678.128655, 697.735626, 683.850974, 712.021379, 752.275955, 684.051524, 746.466733, 669.00592",
            "road_imcoords": "EMPTY",
            "image_id": "BLD00163_PS3_K3A_NIA0276.png",
            "ingest_time": "2023-03-02T14:34:14.313313Z",
            "type_id": "1",
            "type_name": "건물"
         }
      },
      {
         "type": "Feature",
         "geometry": {
            "type": "Polygon",
            "coordinates": [
               [
                  31.353705,
                  29.994672,
                  0.0
               ],
               [
                  31.359542,
                  29.994745,
                  0.0
               ],
               [
                  31.359459,
                  29.999825,
                  0.0
               ],
               [
                  31.353622,
                  29.999752,
                  0.0
               ]
            ]
         },
         "properties": {
            "object_imcoords": "EMPTY",
            "building_imcoords": "741.396175, 548.249996, 734.044590, 552.928277, 741.396175, 570.081974, 767.460884, 556.269906, 760.332074, 540.007310, 750.752737, 542.012287, 744.069478, 544.90836",
            "road_imcoords": "EMPTY",
            "image_id": "BLD00163_PS3_K3A_NIA0276.png",
            "ingest_time": "2023-03-02T14:34:14.313313Z",
            "type_id": "1",
            "type_name": "건물"
         }
      },
      {
         "type": "Feature",
         "geometry": {
            "type": "Polygon",
            "coordinates": [
               [
                  31.353705,
                  29.994672,
                  0.0
               ],
               [
                  31.359542,
                  29.994745,
                  0.0
               ],
               [
                  31.359459,
                  29.999825,
                  0.0
               ],
               [
                  31.353622,
                  29.999752,
                  0.0
               ]
            ]
         },
         "properties": {
            "object_imcoords": "EMPTY",
            "building_imcoords": "610.836160, 428.113848, 629.712432, 419.430762, 651.986433, 475.682053, 631.222534, 483.23256",
            "road_imcoords": "EMPTY",
            "image_id": "BLD00163_PS3_K3A_NIA0276.png",
            "ingest_time": "2023-03-02T14:34:14.313313Z",
            "type_id": "1",
            "type_name": "건물"
         }
      },
      {
         "type": "Feature",
         "geometry": {
            "type": "Polygon",
            "coordinates": [
               [
                  31.353705,
                  29.994672,
                  0.0
               ],
               [
                  31.359542,
                  29.994745,
                  0.0
               ],
               [
                  31.359459,
                  29.999825,
                  0.0
               ],
               [
                  31.353622,
                  29.999752,
                  0.0
               ]
            ]
         },
         "properties": {
            "object_imcoords": "EMPTY",
            "building_imcoords": "633.265645, 366.779480, 685.775234, 346.038193, 690.501097, 360.478330, 637.991508, 382.79490",
            "road_imcoords": "EMPTY",
            "image_id": "BLD00163_PS3_K3A_NIA0276.png",
            "ingest_time": "2023-03-02T14:34:14.313313Z",
            "type_id": "1",
            "type_name": "건물"
         }
      },
      {
         "type": "Feature",
         "geometry": {
            "type": "Polygon",
            "coordinates": [
               [
                  31.353705,
                  29.994672,
                  0.0
               ],
               [
                  31.359542,
                  29.994745,
                  0.0
               ],
               [
                  31.359459,
                  29.999825,
                  0.0
               ],
               [
                  31.353622,
                  29.999752,
                  0.0
               ]
            ]
         },
         "properties": {
            "object_imcoords": "EMPTY",
            "building_imcoords": "617.250220, 377.806494, 603.072631, 384.632741, 581.806248, 333.698439, 596.508933, 325.55945",
            "road_imcoords": "EMPTY",
            "image_id": "BLD00163_PS3_K3A_NIA0276.png",
            "ingest_time": "2023-03-02T14:34:14.313313Z",
            "type_id": "1",
            "type_name": "건물"
         }
      },
      {
         "type": "Feature",
         "geometry": {
            "type": "Polygon",
            "coordinates": [
               [
                  31.353705,
                  29.994672,
                  0.0
               ],
               [
                  31.359542,
                  29.994745,
                  0.0
               ],
               [
                  31.359459,
                  29.999825,
                  0.0
               ],
               [
                  31.353622,
                  29.999752,
                  0.0
               ]
            ]
         },
         "properties": {
            "object_imcoords": "EMPTY",
            "building_imcoords": "530.321526, 300.328941, 549.791797, 292.297454, 566.584907, 329.777727, 546.627878, 338.29597",
            "road_imcoords": "EMPTY",
            "image_id": "BLD00163_PS3_K3A_NIA0276.png",
            "ingest_time": "2023-03-02T14:34:14.313313Z",
            "type_id": "1",
            "type_name": "건물"
         }
      },
      {
         "type": "Feature",
         "geometry": {
            "type": "Polygon",
            "coordinates": [
               [
                  31.353705,
                  29.994672,
                  0.0
               ],
               [
                  31.359542,
                  29.994745,
                  0.0
               ],
               [
                  31.359459,
                  29.999825,
                  0.0
               ],
               [
                  31.353622,
                  29.999752,
                  0.0
               ]
            ]
         },
         "properties": {
            "object_imcoords": "EMPTY",
            "building_imcoords": "557.093149, 288.160021, 576.076664, 280.128534, 591.896260, 316.878672, 571.939231, 325.39691",
            "road_imcoords": "EMPTY",
            "image_id": "BLD00163_PS3_K3A_NIA0276.png",
            "ingest_time": "2023-03-02T14:34:14.313313Z",
            "type_id": "1",
            "type_name": "건물"
         }
      },
      {
         "type": "Feature",
         "geometry": {
            "type": "Polygon",
            "coordinates": [
               [
                  31.353705,
                  29.994672,
                  0.0
               ],
               [
                  31.359542,
                  29.994745,
                  0.0
               ],
               [
                  31.359459,
                  29.999825,
                  0.0
               ],
               [
                  31.353622,
                  29.999752,
                  0.0
               ]
            ]
         },
         "properties": {
            "object_imcoords": "EMPTY",
            "building_imcoords": "436.851597, 197.824274, 427.915996, 201.299230, 433.128430, 215.943687, 443.056875, 212.468731, 443.801509, 213.957998, 464.154822, 206.759875, 463.410188, 202.788497, 472.842211, 199.809963, 466.885144, 186.406562, 457.949543, 189.136885, 455.963854, 186.654773, 437.348019, 193.85289",
            "road_imcoords": "EMPTY",
            "image_id": "BLD00163_PS3_K3A_NIA0276.png",
            "ingest_time": "2023-03-02T14:34:14.313313Z",
            "type_id": "1",
            "type_name": "건물"
         }
      },
      {
         "type": "Feature",
         "geometry": {
            "type": "Polygon",
            "coordinates": [
               [
                  31.353705,
                  29.994672,
                  0.0
               ],
               [
                  31.359542,
                  29.994745,
                  0.0
               ],
               [
                  31.359459,
                  29.999825,
                  0.0
               ],
               [
                  31.353622,
                  29.999752,
                  0.0
               ]
            ]
         },
         "properties": {
            "object_imcoords": "EMPTY",
            "building_imcoords": "437.937261, 241.162088, 440.391837, 251.594036, 450.414689, 247.503076, 466.164885, 237.889320, 461.664829, 230.116496, 454.710197, 231.752880, 443.255509, 238.70751",
            "road_imcoords": "EMPTY",
            "image_id": "BLD00163_PS3_K3A_NIA0276.png",
            "ingest_time": "2023-03-02T14:34:14.313313Z",
            "type_id": "1",
            "type_name": "건물"
         }
      },
      {
         "type": "Feature",
         "geometry": {
            "type": "Polygon",
            "coordinates": [
               [
                  31.353705,
                  29.994672,
                  0.0
               ],
               [
                  31.359542,
                  29.994745,
                  0.0
               ],
               [
                  31.359459,
                  29.999825,
                  0.0
               ],
               [
                  31.353622,
                  29.999752,
                  0.0
               ]
            ]
         },
         "properties": {
            "object_imcoords": "EMPTY",
            "building_imcoords": "548.854079, 271.856477, 557.578413, 267.650102, 562.719538, 276.841811, 549.788829, 281.982936, 551.035163, 276.997602, 547.296162, 276.84181",
            "road_imcoords": "EMPTY",
            "image_id": "BLD00163_PS3_K3A_NIA0276.png",
            "ingest_time": "2023-03-02T14:34:14.313313Z",
            "type_id": "1",
            "type_name": "건물"
         }
      },
      {
         "type": "Feature",
         "geometry": {
            "type": "Polygon",
            "coordinates": [
               [
                  31.353705,
                  29.994672,
                  0.0
               ],
               [
                  31.359542,
                  29.994745,
                  0.0
               ],
               [
                  31.359459,
                  29.999825,
                  0.0
               ],
               [
                  31.353622,
                  29.999752,
                  0.0
               ]
            ]
         },
         "properties": {
            "object_imcoords": "EMPTY",
            "building_imcoords": "565.009955, 257.740712, 566.612820, 276.654520, 594.715858, 266.964365, 595.396311, 272.181171, 600.386299, 270.593447, 599.932664, 264.696188, 602.881293, 262.881647, 595.396311, 245.416689, 591.767228, 247.004412, 589.725870, 243.602148, 566.817288, 252.90167",
            "road_imcoords": "EMPTY",
            "image_id": "BLD00163_PS3_K3A_NIA0276.png",
            "ingest_time": "2023-03-02T14:34:14.313313Z",
            "type_id": "1",
            "type_name": "건물"
         }
      },
      {
         "type": "Feature",
         "geometry": {
            "type": "Polygon",
            "coordinates": [
               [
                  31.353705,
                  29.994672,
                  0.0
               ],
               [
                  31.359542,
                  29.994745,
                  0.0
               ],
               [
                  31.359459,
                  29.999825,
                  0.0
               ],
               [
                  31.353622,
                  29.999752,
                  0.0
               ]
            ]
         },
         "properties": {
            "object_imcoords": "EMPTY",
            "building_imcoords": "612.634451, 236.343983, 613.541722, 247.911683, 645.976645, 235.209895, 639.852569, 222.73492",
            "road_imcoords": "EMPTY",
            "image_id": "BLD00163_PS3_K3A_NIA0276.png",
            "ingest_time": "2023-03-02T14:34:14.313313Z",
            "type_id": "1",
            "type_name": "건물"
         }
      },
      {
         "type": "Feature",
         "geometry": {
            "type": "Polygon",
            "coordinates": [
               [
                  31.353705,
                  29.994672,
                  0.0
               ],
               [
                  31.359542,
                  29.994745,
                  0.0
               ],
               [
                  31.359459,
                  29.999825,
                  0.0
               ],
               [
                  31.353622,
                  29.999752,
                  0.0
               ]
            ]
         },
         "properties": {
            "object_imcoords": "EMPTY",
            "building_imcoords": "297.378330, 184.307874, 315.263470, 180.063943, 317.385435, 190.673771, 300.106572, 195.22084",
            "road_imcoords": "EMPTY",
            "image_id": "BLD00163_PS3_K3A_NIA0276.png",
            "ingest_time": "2023-03-02T14:34:14.313313Z",
            "type_id": "1",
            "type_name": "건물"
         }
      },
      {
         "type": "Feature",
         "geometry": {
            "type": "Polygon",
            "coordinates": [
               [
                  31.353705,
                  29.994672,
                  0.0
               ],
               [
                  31.359542,
                  29.994745,
                  0.0
               ],
               [
                  31.359459,
                  29.999825,
                  0.0
               ],
               [
                  31.353622,
                  29.999752,
                  0.0
               ]
            ]
         },
         "properties": {
            "object_imcoords": "EMPTY",
            "building_imcoords": "490.177015, 23.104219, 492.014850, 35.443973, 546.887371, 19.691096, 544.524440, 8.138986, 526.146083, 12.077206, 524.570796, 9.45172",
            "road_imcoords": "EMPTY",
            "image_id": "BLD00163_PS3_K3A_NIA0276.png",
            "ingest_time": "2023-03-02T14:34:14.313313Z",
            "type_id": "1",
            "type_name": "건물"
         }
      },
      {
         "type": "Feature",
         "geometry": {
            "type": "Polygon",
            "coordinates": [
               [
                  31.353705,
                  29.994672,
                  0.0
               ],
               [
                  31.359542,
                  29.994745,
                  0.0
               ],
               [
                  31.359459,
                  29.999825,
                  0.0
               ],
               [
                  31.353622,
                  29.999752,
                  0.0
               ]
            ]
         },
         "properties": {
            "object_imcoords": "EMPTY",
            "building_imcoords": "322.164164, 71.703620, 324.574370, 85.361452, 356.911296, 76.323181, 350.283231, 61.058545, 336.022847, 63.26790",
            "road_imcoords": "EMPTY",
            "image_id": "BLD00163_PS3_K3A_NIA0276.png",
            "ingest_time": "2023-03-02T14:34:14.313313Z",
            "type_id": "1",
            "type_name": "건물"
         }
      },
      {
         "type": "Feature",
         "geometry": {
            "type": "Polygon",
            "coordinates": [
               [
                  31.353705,
                  29.994672,
                  0.0
               ],
               [
                  31.359542,
                  29.994745,
                  0.0
               ],
               [
                  31.359459,
                  29.999825,
                  0.0
               ],
               [
                  31.353622,
                  29.999752,
                  0.0
               ]
            ]
         },
         "properties": {
            "object_imcoords": "EMPTY",
            "building_imcoords": "319.467008, 55.103139, 321.376781, 68.263803, 329.046871, 68.263803, 335.949953, 62.741338, 351.596937, 61.207320, 348.528901, 50.929399, 339.631596, 50.00898",
            "road_imcoords": "EMPTY",
            "image_id": "BLD00163_PS3_K3A_NIA0276.png",
            "ingest_time": "2023-03-02T14:34:14.313313Z",
            "type_id": "1",
            "type_name": "건물"
         }
      },
      {
         "type": "Feature",
         "geometry": {
            "type": "Polygon",
            "coordinates": [
               [
                  31.357423,
                  29.999133,
                  0.0
               ],
               [
                  31.357476,
                  29.999164,
                  0.0
               ],
               [
                  31.357502,
                  29.999159,
                  0.0
               ],
               [
                  31.357581,
                  29.99904,
                  0.0
               ]
            ]
         },
         "properties": {
            "object_imcoords": "EMPTY",
            "building_imcoords": "664.984921, 134.361931, 674.368929, 128.177017, 678.847660, 129.243381, 692.497126, 153.556492, 680.597808, 160.16795",
            "road_imcoords": "EMPTY",
            "image_id": "BLD00163_PS3_K3A_NIA0276.png",
            "ingest_time": "2023-03-02T14:34:14.313313Z",
            "type_id": "1",
            "type_name": "건물"
         }
      },
      {
         "type": "Feature",
         "geometry": {
            "type": "Polygon",
            "coordinates": [
               [
                  31.353705,
                  29.994672,
                  0.0
               ],
               [
                  31.359542,
                  29.994745,
                  0.0
               ],
               [
                  31.359459,
                  29.999825,
                  0.0
               ],
               [
                  31.353622,
                  29.999752,
                  0.0
               ]
            ]
         },
         "properties": {
            "object_imcoords": "EMPTY",
            "building_imcoords": "684.213050, 164.456589, 696.895025, 159.342890, 712.031577, 186.752321, 699.554149, 193.50240",
            "road_imcoords": "EMPTY",
            "image_id": "BLD00163_PS3_K3A_NIA0276.png",
            "ingest_time": "2023-03-02T14:34:14.313313Z",
            "type_id": "1",
            "type_name": "건물"
         }
      },
      {
         "type": "Feature",
         "geometry": {
            "type": "Polygon",
            "coordinates": [
               [
                  31.357684,
                  29.998955,
                  0.0
               ],
               [
                  31.357725,
                  29.998975,
                  0.0
               ],
               [
                  31.357765,
                  29.998912,
                  0.0
               ],
               [
                  31.357719,
                  29.998892,
                  0.0
               ]
            ]
         },
         "properties": {
            "object_imcoords": "EMPTY",
            "building_imcoords": "710.216632, 170.926879, 717.535099, 167.023696, 724.306716, 179.679563, 716.234038, 183.61222",
            "road_imcoords": "EMPTY",
            "image_id": "BLD00163_PS3_K3A_NIA0276.png",
            "ingest_time": "2023-03-02T14:34:14.313313Z",
            "type_id": "1",
            "type_name": "건물"
         }
      },
      {
         "type": "Feature",
         "geometry": {
            "type": "Polygon",
            "coordinates": [
               [
                  31.35773,
                  29.998846,
                  0.0
               ],
               [
                  31.35778,
                  29.998873,
                  0.0
               ],
               [
                  31.35782,
                  29.998811,
                  0.0
               ],
               [
                  31.357766,
                  29.998785,
                  0.0
               ]
            ]
         },
         "properties": {
            "object_imcoords": "EMPTY",
            "building_imcoords": "718.022997, 193.044915, 726.805159, 187.678038, 733.725179, 200.363382, 724.203037, 205.40499",
            "road_imcoords": "EMPTY",
            "image_id": "BLD00163_PS3_K3A_NIA0276.png",
            "ingest_time": "2023-03-02T14:34:14.313313Z",
            "type_id": "1",
            "type_name": "건물"
         }
      },
      {
         "type": "Feature",
         "geometry": {
            "type": "Polygon",
            "coordinates": [
               [
                  31.353705,
                  29.994672,
                  0.0
               ],
               [
                  31.359542,
                  29.994745,
                  0.0
               ],
               [
                  31.359459,
                  29.999825,
                  0.0
               ],
               [
                  31.353622,
                  29.999752,
                  0.0
               ]
            ]
         },
         "properties": {
            "object_imcoords": "EMPTY",
            "building_imcoords": "703.223429, 199.550219, 714.119814, 192.719649, 728.919383, 216.951909, 716.884569, 224.758275, 702.085001, 202.47760",
            "road_imcoords": "EMPTY",
            "image_id": "BLD00163_PS3_K3A_NIA0276.png",
            "ingest_time": "2023-03-02T14:34:14.313313Z",
            "type_id": "1",
            "type_name": "건물"
         }
      },
      {
         "type": "Feature",
         "geometry": {
            "type": "Polygon",
            "coordinates": [
               [
                  31.353705,
                  29.994672,
                  0.0
               ],
               [
                  31.359542,
                  29.994745,
                  0.0
               ],
               [
                  31.359459,
                  29.999825,
                  0.0
               ],
               [
                  31.353622,
                  29.999752,
                  0.0
               ]
            ]
         },
         "properties": {
            "object_imcoords": "EMPTY",
            "building_imcoords": "747.134235, 223.619846, 763.885395, 217.114542, 769.414904, 220.204561, 784.051839, 253.218982, 763.885395, 261.025348, 749.411092, 232.72727",
            "road_imcoords": "EMPTY",
            "image_id": "BLD00163_PS3_K3A_NIA0276.png",
            "ingest_time": "2023-03-02T14:34:14.313313Z",
            "type_id": "1",
            "type_name": "건물"
         }
      },
      {
         "type": "Feature",
         "geometry": {
            "type": "Polygon",
            "coordinates": [
               [
                  31.358015,
                  29.999074,
                  0.0
               ],
               [
                  31.358045,
                  29.999014,
                  0.0
               ],
               [
                  31.358215,
                  29.999071,
                  0.0
               ],
               [
                  31.358189,
                  29.999131,
                  0.0
               ]
            ]
         },
         "properties": {
            "object_imcoords": "EMPTY",
            "building_imcoords": "768.691372, 147.826009, 773.688857, 159.874641, 803.669080, 148.948258, 799.373572, 136.63806",
            "road_imcoords": "EMPTY",
            "image_id": "BLD00163_PS3_K3A_NIA0276.png",
            "ingest_time": "2023-03-02T14:34:14.313313Z",
            "type_id": "1",
            "type_name": "건물"
         }
      },
      {
         "type": "Feature",
         "geometry": {
            "type": "Polygon",
            "coordinates": [
               [
                  31.353705,
                  29.994672,
                  0.0
               ],
               [
                  31.359542,
                  29.994745,
                  0.0
               ],
               [
                  31.359459,
                  29.999825,
                  0.0
               ],
               [
                  31.353622,
                  29.999752,
                  0.0
               ]
            ]
         },
         "properties": {
            "object_imcoords": "EMPTY",
            "building_imcoords": "799.791619, 336.940167, 798.614878, 342.823872, 803.910212, 353.806788, 809.873851, 351.630245, 834.491845, 341.938122, 834.685687, 335.929005, 827.901201, 323.71692",
            "road_imcoords": "EMPTY",
            "image_id": "BLD00163_PS3_K3A_NIA0276.png",
            "ingest_time": "2023-03-02T14:34:14.313313Z",
            "type_id": "1",
            "type_name": "건물"
         }
      },
      {
         "type": "Feature",
         "geometry": {
            "type": "Polygon",
            "coordinates": [
               [
                  31.353705,
                  29.994672,
                  0.0
               ],
               [
                  31.359542,
                  29.994745,
                  0.0
               ],
               [
                  31.359459,
                  29.999825,
                  0.0
               ],
               [
                  31.353622,
                  29.999752,
                  0.0
               ]
            ]
         },
         "properties": {
            "object_imcoords": "EMPTY",
            "building_imcoords": "871.994539, 355.848497, 887.964031, 350.123585, 906.042701, 404.058285, 887.361409, 411.289753, 871.755397, 365.607111, 868.504445, 364.856892, 868.754518, 361.105793, 871.005177, 360.85571",
            "road_imcoords": "EMPTY",
            "image_id": "BLD00163_PS3_K3A_NIA0276.png",
            "ingest_time": "2023-03-02T14:34:14.313313Z",
            "type_id": "1",
            "type_name": "건물"
         }
      },
      {
         "type": "Feature",
         "geometry": {
            "type": "Polygon",
            "coordinates": [
               [
                  31.353705,
                  29.994672,
                  0.0
               ],
               [
                  31.359542,
                  29.994745,
                  0.0
               ],
               [
                  31.359459,
                  29.999825,
                  0.0
               ],
               [
                  31.353622,
                  29.999752,
                  0.0
               ]
            ]
         },
         "properties": {
            "object_imcoords": "EMPTY",
            "building_imcoords": "929.754705, 336.242441, 948.367194, 332.415574, 960.195692, 379.555616, 958.108310, 381.642998, 941.235306, 385.29591",
            "road_imcoords": "EMPTY",
            "image_id": "BLD00163_PS3_K3A_NIA0276.png",
            "ingest_time": "2023-03-02T14:34:14.313313Z",
            "type_id": "1",
            "type_name": "건물"
         }
      },
      {
         "type": "Feature",
         "geometry": {
            "type": "Polygon",
            "coordinates": [
               [
                  31.353705,
                  29.994672,
                  0.0
               ],
               [
                  31.359542,
                  29.994745,
                  0.0
               ],
               [
                  31.359459,
                  29.999825,
                  0.0
               ],
               [
                  31.353622,
                  29.999752,
                  0.0
               ]
            ]
         },
         "properties": {
            "object_imcoords": "EMPTY",
            "building_imcoords": "929.284429, 410.303450, 909.272748, 416.767160, 921.621404, 454.018941, 924.914379, 456.077050, 940.967633, 451.54921",
            "road_imcoords": "EMPTY",
            "image_id": "BLD00163_PS3_K3A_NIA0276.png",
            "ingest_time": "2023-03-02T14:34:14.313313Z",
            "type_id": "1",
            "type_name": "건물"
         }
      },
      {
         "type": "Feature",
         "geometry": {
            "type": "Polygon",
            "coordinates": [
               [
                  31.353705,
                  29.994672,
                  0.0
               ],
               [
                  31.359542,
                  29.994745,
                  0.0
               ],
               [
                  31.359459,
                  29.999825,
                  0.0
               ],
               [
                  31.353622,
                  29.999752,
                  0.0
               ]
            ]
         },
         "properties": {
            "object_imcoords": "EMPTY",
            "building_imcoords": "895.732031, 28.583391, 838.922540, 54.665736, 839.994417, 63.955338, 832.133985, 68.957432, 852.941072, 119.036085, 857.014551, 119.262389, 855.656725, 123.562172, 857.014551, 131.482824, 861.314333, 131.709128, 860.861725, 138.950867, 890.281289, 128.767172, 894.354767, 134.877389, 905.217376, 130.351302, 906.122593, 122.430650, 948.441506, 106.136737, 939.615636, 87.127172, 932.373897, 86.900868, 903.859550, 29.872173, 898.428246, 31.22999",
            "road_imcoords": "EMPTY",
            "image_id": "BLD00163_PS3_K3A_NIA0276.png",
            "ingest_time": "2023-03-02T14:34:14.313313Z",
            "type_id": "1",
            "type_name": "건물"
         }
      },
      {
         "type": "Feature",
         "geometry": {
            "type": "Polygon",
            "coordinates": [
               [
                  31.353705,
                  29.994672,
                  0.0
               ],
               [
                  31.359542,
                  29.994745,
                  0.0
               ],
               [
                  31.359459,
                  29.999825,
                  0.0
               ],
               [
                  31.353622,
                  29.999752,
                  0.0
               ]
            ]
         },
         "properties": {
            "object_imcoords": "EMPTY",
            "building_imcoords": "970.039076, 380.698895, 970.896506, 395.275204, 976.612705, 406.993413, 986.330245, 402.706263, 985.187005, 411.566373, 981.757285, 414.138662, 994.332924, 439.575751, 1000.334934, 437.860891, 1007.480183, 449.293290, 1015.240030, 445.709761, 1020.748059, 447.472331, 1024.000000, 447.912973, 1024.000000, 362.868995, 1016.341636, 362.648674, 1015.536878, 356.033502, 1007.973765, 359.815058, 1005.515754, 366.43278",
            "road_imcoords": "EMPTY",
            "image_id": "BLD00163_PS3_K3A_NIA0276.png",
            "ingest_time": "2023-03-02T14:34:14.313313Z",
            "type_id": "1",
            "type_name": "건물"
         }
      },
      {
         "type": "Feature",
         "geometry": {
            "type": "Polygon",
            "coordinates": [
               [
                  31.353705,
                  29.994672,
                  0.0
               ],
               [
                  31.359542,
                  29.994745,
                  0.0
               ],
               [
                  31.359459,
                  29.999825,
                  0.0
               ],
               [
                  31.353622,
                  29.999752,
                  0.0
               ]
            ]
         },
         "properties": {
            "object_imcoords": "EMPTY",
            "building_imcoords": "956.848523, 0.000000, 931.236517, 8.804127, 932.437080, 15.207128, 924.033141, 18.808817, 954.047210, 81.238080, 972.301182, 72.944428, 975.358733, 74.691600, 985.404972, 72.507635, 984.968179, 67.266120, 1003.531881, 62.024604, 1006.589432, 62.898190, 1013.578119, 61.369414, 1013.578119, 58.093467, 1024.000000, 54.817519, 1024.000000, 25.009641, 1014.535825, 0.00000",
            "road_imcoords": "EMPTY",
            "image_id": "BLD00163_PS3_K3A_NIA0276.png",
            "ingest_time": "2023-03-02T14:34:14.313313Z",
            "type_id": "1",
            "type_name": "건물"
         }
      },
      {
         "type": "Feature",
         "geometry": {
            "type": "Polygon",
            "coordinates": [
               [
                  31.353705,
                  29.994672,
                  0.0
               ],
               [
                  31.359542,
                  29.994745,
                  0.0
               ],
               [
                  31.359459,
                  29.999825,
                  0.0
               ],
               [
                  31.353622,
                  29.999752,
                  0.0
               ]
            ]
         },
         "properties": {
            "object_imcoords": "EMPTY",
            "building_imcoords": "0.000000, 31.334866, 8.492627, 65.891074, 0.000000, 67.35532",
            "road_imcoords": "EMPTY",
            "image_id": "BLD00163_PS3_K3A_NIA0276.png",
            "ingest_time": "2023-03-02T14:34:14.313313Z",
            "type_id": "1",
            "type_name": "건물"
         }
      },
      {
         "type": "Feature",
         "geometry": {
            "type": "Polygon",
            "coordinates": [
               [
                  31.353705,
                  29.994672,
                  0.0
               ],
               [
                  31.359542,
                  29.994745,
                  0.0
               ],
               [
                  31.359459,
                  29.999825,
                  0.0
               ],
               [
                  31.353622,
                  29.999752,
                  0.0
               ]
            ]
         },
         "properties": {
            "object_imcoords": "EMPTY",
            "building_imcoords": "0.000000, 969.172526, 19.383451, 960.865333, 23.856554, 971.728585, 0.000000, 982.80484",
            "road_imcoords": "EMPTY",
            "image_id": "BLD00163_PS3_K3A_NIA0276.png",
            "ingest_time": "2023-03-02T14:34:14.313313Z",
            "type_id": "1",
            "type_name": "건물"
         }
      },
      {
         "type": "Feature",
         "geometry": {
            "type": "Polygon",
            "coordinates": [
               [
                  31.353705,
                  29.994672,
                  0.0
               ],
               [
                  31.359542,
                  29.994745,
                  0.0
               ],
               [
                  31.359459,
                  29.999825,
                  0.0
               ],
               [
                  31.353622,
                  29.999752,
                  0.0
               ]
            ]
         },
         "properties": {
            "object_imcoords": "EMPTY",
            "building_imcoords": "2.343054, 935.517743, 11.289262, 932.961684, 18.957441, 955.966219, 11.076257, 958.09626",
            "road_imcoords": "EMPTY",
            "image_id": "BLD00163_PS3_K3A_NIA0276.png",
            "ingest_time": "2023-03-02T14:34:14.313313Z",
            "type_id": "1",
            "type_name": "건물"
         }
      },
      {
         "type": "Feature",
         "geometry": {
            "type": "Polygon",
            "coordinates": [
               [
                  31.353705,
                  29.994672,
                  0.0
               ],
               [
                  31.359542,
                  29.994745,
                  0.0
               ],
               [
                  31.359459,
                  29.999825,
                  0.0
               ],
               [
                  31.353622,
                  29.999752,
                  0.0
               ]
            ]
         },
         "properties": {
            "object_imcoords": "EMPTY",
            "building_imcoords": "0.852020, 905.058036, 10.863252, 929.127595, 4.473104, 931.896659, 0.000000, 927.21055",
            "road_imcoords": "EMPTY",
            "image_id": "BLD00163_PS3_K3A_NIA0276.png",
            "ingest_time": "2023-03-02T14:34:14.313313Z",
            "type_id": "1",
            "type_name": "건물"
         }
      },
      {
         "type": "Feature",
         "geometry": {
            "type": "Polygon",
            "coordinates": [
               [
                  31.353705,
                  29.994672,
                  0.0
               ],
               [
                  31.359542,
                  29.994745,
                  0.0
               ],
               [
                  31.359459,
                  29.999825,
                  0.0
               ],
               [
                  31.353622,
                  29.999752,
                  0.0
               ]
            ]
         },
         "properties": {
            "object_imcoords": "EMPTY",
            "building_imcoords": "0.000000, 996.535448, 15.954021, 990.331106, 28.953594, 1024.000000, 0.000000, 1024.00000",
            "road_imcoords": "EMPTY",
            "image_id": "BLD00163_PS3_K3A_NIA0276.png",
            "ingest_time": "2023-03-02T14:34:14.313313Z",
            "type_id": "1",
            "type_name": "건물"
         }
      },
      {
         "type": "Feature",
         "geometry": {
            "type": "Polygon",
            "coordinates": [
               [
                  31.356271,
                  29.995951,
                  0.0
               ],
               [
                  31.356291,
                  29.995888,
                  0.0
               ],
               [
                  31.35637,
                  29.995909,
                  0.0
               ],
               [
                  31.356349,
                  29.995974,
                  0.0
               ]
            ]
         },
         "properties": {
            "object_imcoords": "EMPTY",
            "building_imcoords": "453.720925, 772.606622, 457.112489, 785.403658, 470.964913, 781.502822, 467.490684, 768.23679",
            "road_imcoords": "EMPTY",
            "image_id": "BLD00163_PS3_K3A_NIA0276.png",
            "ingest_time": "2023-03-02T14:34:14.313313Z",
            "type_id": "1",
            "type_name": "건물"
         }
      },
      {
         "type": "Feature",
         "geometry": {
            "type": "Polygon",
            "coordinates": [
               [
                  31.355064,
                  29.997363,
                  0.0
               ],
               [
                  31.35508,
                  29.997342,
                  0.0
               ],
               [
                  31.355017,
                  29.997311,
                  0.0
               ],
               [
                  31.355,
                  29.997335,
                  0.0
               ]
            ]
         },
         "properties": {
            "object_imcoords": "EMPTY",
            "building_imcoords": "246.011919, 485.179611, 248.927052, 489.362194, 237.773498, 495.572696, 234.858365, 490.62964",
            "road_imcoords": "EMPTY",
            "image_id": "BLD00163_PS3_K3A_NIA0276.png",
            "ingest_time": "2023-03-02T14:34:14.313313Z",
            "type_id": "1",
            "type_name": "건물"
         }
      },
      {
         "type": "Feature",
         "geometry": {
            "type": "Polygon",
            "coordinates": [
               [
                  31.359134,
                  29.99474,
                  0.0
               ],
               [
                  31.359077,
                  29.994872,
                  0.0
               ],
               [
                  31.35902,
                  29.994861,
                  0.0
               ],
               [
                  31.358999,
                  29.99484,
                  0.0
               ]
            ]
         },
         "properties": {
            "object_imcoords": "EMPTY",
            "building_imcoords": "952.439875, 1024.000000, 942.838465, 997.081264, 932.729580, 999.300288, 929.031208, 1003.491777, 935.183675, 1024.00000",
            "road_imcoords": "EMPTY",
            "image_id": "BLD00163_PS3_K3A_NIA0276.png",
            "ingest_time": "2023-03-02T14:34:14.313313Z",
            "type_id": "1",
            "type_name": "건물"
         }
      }
   ]
}