{
   "type": "FeatureCollection",
   "features": [
      {
         "type": "Feature",
         "geometry": {
            "type": "Polygon",
            "coordinates": [
               [
                  121.611401,
                  31.30872,
                  0.0
               ],
               [
                  121.612436,
                  31.308689,
                  0.0
               ],
               [
                  121.612411,
                  31.30834,
                  0.0
               ],
               [
                  121.61234,
                  31.308324,
                  0.0
               ]
            ]
         },
         "properties": {
            "object_imcoords": "EMPTY",
            "building_imcoords": "199.258896, 176.170964, 378.224788, 184.703460, 373.023991, 255.014211, 360.597322, 257.887129, 362.882070, 313.694736, 375.931771, 319.215763, 374.927948, 357.862955, 346.318988, 368.905009, 185.707284, 366.395451, 188.216841, 291.108715, 191.228311, 185.70728",
            "road_imcoords": "EMPTY",
            "image_id": "BLD01189_PS3_K3A_NIA0373.png",
            "ingest_time": "2023-03-02T14:34:14.313313Z",
            "type_id": "1",
            "type_name": "건물"
         }
      },
      {
         "type": "Feature",
         "geometry": {
            "type": "Polygon",
            "coordinates": [
               [
                  121.612634,
                  31.308706,
                  0.0
               ],
               [
                  121.613427,
                  31.308682,
                  0.0
               ],
               [
                  121.613435,
                  31.308732,
                  0.0
               ],
               [
                  121.613638,
                  31.308717,
                  0.0
               ]
            ]
         },
         "properties": {
            "object_imcoords": "EMPTY",
            "building_imcoords": "412.571317, 181.691991, 549.593177, 188.216841, 551.098912, 178.178610, 586.232722, 181.691991, 588.742280, 258.484462, 593.761396, 257.982551, 595.267131, 296.629742, 586.232722, 297.633565, 583.221253, 373.422214, 542.566415, 376.433683, 539.053034, 371.414567, 412.571317, 369.406921, 407.552201, 360.874424, 401.027350, 329.755906, 415.582786, 319.717675, 420.056861, 254.373748, 400.023527, 253.967258, 402.533085, 191.22831",
            "road_imcoords": "EMPTY",
            "image_id": "BLD01189_PS3_K3A_NIA0373.png",
            "ingest_time": "2023-03-02T14:34:14.313313Z",
            "type_id": "1",
            "type_name": "건물"
         }
      },
      {
         "type": "Feature",
         "geometry": {
            "type": "Polygon",
            "coordinates": [
               [
                  121.610312,
                  31.304501,
                  0.0
               ],
               [
                  121.616228,
                  31.304565,
                  0.0
               ],
               [
                  121.616154,
                  31.309645,
                  0.0
               ],
               [
                  121.610237,
                  31.309581,
                  0.0
               ]
            ]
         },
         "properties": {
            "object_imcoords": "EMPTY",
            "building_imcoords": "0.000000, 471.113787, 10.192963, 471.362396, 10.938790, 497.963544, 27.098366, 500.698241, 27.346974, 571.800375, 11.187399, 572.794810, 9.447137, 598.898740, 0.000000, 597.65569",
            "road_imcoords": "EMPTY",
            "image_id": "BLD01189_PS3_K3A_NIA0373.png",
            "ingest_time": "2023-03-02T14:34:14.313313Z",
            "type_id": "1",
            "type_name": "건물"
         }
      },
      {
         "type": "Feature",
         "geometry": {
            "type": "Polygon",
            "coordinates": [
               [
                  121.610312,
                  31.304501,
                  0.0
               ],
               [
                  121.616228,
                  31.304565,
                  0.0
               ],
               [
                  121.616154,
                  31.309645,
                  0.0
               ],
               [
                  121.610237,
                  31.309581,
                  0.0
               ]
            ]
         },
         "properties": {
            "object_imcoords": "EMPTY",
            "building_imcoords": "96.691614, 0.000000, 99.556550, 87.380569, 400.374904, 88.813038, 400.733021, 0.00000",
            "road_imcoords": "EMPTY",
            "image_id": "BLD01189_PS3_K3A_NIA0373.png",
            "ingest_time": "2023-03-02T14:34:14.313313Z",
            "type_id": "1",
            "type_name": "건물"
         }
      },
      {
         "type": "Feature",
         "geometry": {
            "type": "Polygon",
            "coordinates": [
               [
                  121.610312,
                  31.304501,
                  0.0
               ],
               [
                  121.616228,
                  31.304565,
                  0.0
               ],
               [
                  121.616154,
                  31.309645,
                  0.0
               ],
               [
                  121.610237,
                  31.309581,
                  0.0
               ]
            ]
         },
         "properties": {
            "object_imcoords": "EMPTY",
            "building_imcoords": "441.916486, 0.000000, 442.274603, 92.036091, 740.013438, 96.252984, 741.843343, 0.00000",
            "road_imcoords": "EMPTY",
            "image_id": "BLD01189_PS3_K3A_NIA0373.png",
            "ingest_time": "2023-03-02T14:34:14.313313Z",
            "type_id": "1",
            "type_name": "건물"
         }
      },
      {
         "type": "Feature",
         "geometry": {
            "type": "Polygon",
            "coordinates": [
               [
                  121.610312,
                  31.304501,
                  0.0
               ],
               [
                  121.616228,
                  31.304565,
                  0.0
               ],
               [
                  121.616154,
                  31.309645,
                  0.0
               ],
               [
                  121.610237,
                  31.309581,
                  0.0
               ]
            ]
         },
         "properties": {
            "object_imcoords": "EMPTY",
            "building_imcoords": "842.445963, 0.000000, 846.115863, 101.126137, 1024.000000, 99.902837, 1023.902136, 0.00000",
            "road_imcoords": "EMPTY",
            "image_id": "BLD01189_PS3_K3A_NIA0373.png",
            "ingest_time": "2023-03-02T14:34:14.313313Z",
            "type_id": "1",
            "type_name": "건물"
         }
      },
      {
         "type": "Feature",
         "geometry": {
            "type": "Polygon",
            "coordinates": [
               [
                  121.610312,
                  31.304501,
                  0.0
               ],
               [
                  121.616228,
                  31.304565,
                  0.0
               ],
               [
                  121.616154,
                  31.309645,
                  0.0
               ],
               [
                  121.610237,
                  31.309581,
                  0.0
               ]
            ]
         },
         "properties": {
            "object_imcoords": "EMPTY",
            "building_imcoords": "851.870357, 178.483141, 948.426810, 180.155115, 949.680790, 197.292840, 954.696710, 197.710834, 954.278717, 219.864479, 947.172830, 220.700465, 946.754837, 296.357254, 953.442730, 296.775247, 953.860723, 322.690832, 944.664871, 328.124745, 865.664136, 330.632705, 856.050290, 327.706752, 849.780390, 303.463140, 841.838517, 299.283207, 842.674504, 284.653441, 851.034370, 283.81745",
            "road_imcoords": "EMPTY",
            "image_id": "BLD01189_PS3_K3A_NIA0373.png",
            "ingest_time": "2023-03-02T14:34:14.313313Z",
            "type_id": "1",
            "type_name": "건물"
         }
      },
      {
         "type": "Feature",
         "geometry": {
            "type": "Polygon",
            "coordinates": [
               [
                  121.610312,
                  31.304501,
                  0.0
               ],
               [
                  121.616228,
                  31.304565,
                  0.0
               ],
               [
                  121.616154,
                  31.309645,
                  0.0
               ],
               [
                  121.610237,
                  31.309581,
                  0.0
               ]
            ]
         },
         "properties": {
            "object_imcoords": "EMPTY",
            "building_imcoords": "1022.103839, 179.770672, 999.495762, 180.135318, 989.285663, 189.251478, 991.838188, 303.021152, 1006.424044, 304.844384, 1008.976569, 325.264582, 1024.000000, 325.62922",
            "road_imcoords": "EMPTY",
            "image_id": "BLD01189_PS3_K3A_NIA0373.png",
            "ingest_time": "2023-03-02T14:34:14.313313Z",
            "type_id": "1",
            "type_name": "건물"
         }
      },
      {
         "type": "Feature",
         "geometry": {
            "type": "Polygon",
            "coordinates": [
               [
                  121.610312,
                  31.304501,
                  0.0
               ],
               [
                  121.616228,
                  31.304565,
                  0.0
               ],
               [
                  121.616154,
                  31.309645,
                  0.0
               ],
               [
                  121.610237,
                  31.309581,
                  0.0
               ]
            ]
         },
         "properties": {
            "object_imcoords": "EMPTY",
            "building_imcoords": "1024.000000, 365.679950, 995.061497, 365.336588, 987.850906, 371.860456, 988.194267, 491.693604, 1024.000000, 493.75377",
            "road_imcoords": "EMPTY",
            "image_id": "BLD01189_PS3_K3A_NIA0373.png",
            "ingest_time": "2023-03-02T14:34:14.313313Z",
            "type_id": "1",
            "type_name": "건물"
         }
      },
      {
         "type": "Feature",
         "geometry": {
            "type": "Polygon",
            "coordinates": [
               [
                  121.610312,
                  31.304501,
                  0.0
               ],
               [
                  121.616228,
                  31.304565,
                  0.0
               ],
               [
                  121.616154,
                  31.309645,
                  0.0
               ],
               [
                  121.610237,
                  31.309581,
                  0.0
               ]
            ]
         },
         "properties": {
            "object_imcoords": "EMPTY",
            "building_imcoords": "1024.000000, 525.267281, 994.510810, 525.980959, 979.166725, 543.109240, 985.946669, 599.846671, 1024.000000, 599.48983",
            "road_imcoords": "EMPTY",
            "image_id": "BLD01189_PS3_K3A_NIA0373.png",
            "ingest_time": "2023-03-02T14:34:14.313313Z",
            "type_id": "1",
            "type_name": "건물"
         }
      },
      {
         "type": "Feature",
         "geometry": {
            "type": "Polygon",
            "coordinates": [
               [
                  121.610312,
                  31.304501,
                  0.0
               ],
               [
                  121.616228,
                  31.304565,
                  0.0
               ],
               [
                  121.616154,
                  31.309645,
                  0.0
               ],
               [
                  121.610237,
                  31.309581,
                  0.0
               ]
            ]
         },
         "properties": {
            "object_imcoords": "EMPTY",
            "building_imcoords": "919.739398, 368.775893, 963.306001, 372.736493, 961.545734, 505.636636, 954.064600, 516.638303, 925.020198, 513.117769, 922.379798, 484.95350",
            "road_imcoords": "EMPTY",
            "image_id": "BLD01189_PS3_K3A_NIA0373.png",
            "ingest_time": "2023-03-02T14:34:14.313313Z",
            "type_id": "1",
            "type_name": "건물"
         }
      },
      {
         "type": "Feature",
         "geometry": {
            "type": "Polygon",
            "coordinates": [
               [
                  121.610312,
                  31.304501,
                  0.0
               ],
               [
                  121.616228,
                  31.304565,
                  0.0
               ],
               [
                  121.616154,
                  31.309645,
                  0.0
               ],
               [
                  121.610237,
                  31.309581,
                  0.0
               ]
            ]
         },
         "properties": {
            "object_imcoords": "EMPTY",
            "building_imcoords": "685.623915, 368.335826, 648.218246, 372.296426, 648.218246, 505.636636, 655.699379, 510.917436, 685.623915, 512.237636, 686.944115, 480.552834, 691.344782, 479.672700, 695.305382, 370.09609",
            "road_imcoords": "EMPTY",
            "image_id": "BLD01189_PS3_K3A_NIA0373.png",
            "ingest_time": "2023-03-02T14:34:14.313313Z",
            "type_id": "1",
            "type_name": "건물"
         }
      },
      {
         "type": "Feature",
         "geometry": {
            "type": "Polygon",
            "coordinates": [
               [
                  121.610312,
                  31.304501,
                  0.0
               ],
               [
                  121.616228,
                  31.304565,
                  0.0
               ],
               [
                  121.616154,
                  31.309645,
                  0.0
               ],
               [
                  121.610237,
                  31.309581,
                  0.0
               ]
            ]
         },
         "properties": {
            "object_imcoords": "EMPTY",
            "building_imcoords": "357.631754, 905.243551, 267.183088, 902.594427, 254.694360, 923.408973, 252.423682, 1024.000000, 365.200680, 1024.000000, 362.930002, 920.38140",
            "road_imcoords": "EMPTY",
            "image_id": "BLD01189_PS3_K3A_NIA0373.png",
            "ingest_time": "2023-03-02T14:34:14.313313Z",
            "type_id": "1",
            "type_name": "건물"
         }
      },
      {
         "type": "Feature",
         "geometry": {
            "type": "Polygon",
            "coordinates": [
               [
                  121.610312,
                  31.304501,
                  0.0
               ],
               [
                  121.616228,
                  31.304565,
                  0.0
               ],
               [
                  121.616154,
                  31.309645,
                  0.0
               ],
               [
                  121.610237,
                  31.309581,
                  0.0
               ]
            ]
         },
         "properties": {
            "object_imcoords": "EMPTY",
            "building_imcoords": "695.445677, 198.942717, 726.610523, 198.515801, 725.329776, 277.922121, 694.591845, 274.07988",
            "road_imcoords": "EMPTY",
            "image_id": "BLD01189_PS3_K3A_NIA0373.png",
            "ingest_time": "2023-03-02T14:34:14.313313Z",
            "type_id": "1",
            "type_name": "건물"
         }
      },
      {
         "type": "Feature",
         "geometry": {
            "type": "Polygon",
            "coordinates": [
               [
                  121.610312,
                  31.304501,
                  0.0
               ],
               [
                  121.616228,
                  31.304565,
                  0.0
               ],
               [
                  121.616154,
                  31.309645,
                  0.0
               ],
               [
                  121.610237,
                  31.309581,
                  0.0
               ]
            ]
         },
         "properties": {
            "object_imcoords": "EMPTY",
            "building_imcoords": "220.603498, 912.396568, 251.561116, 913.615372, 251.317356, 946.035555, 219.628455, 944.81675",
            "road_imcoords": "EMPTY",
            "image_id": "BLD01189_PS3_K3A_NIA0373.png",
            "ingest_time": "2023-03-02T14:34:14.313313Z",
            "type_id": "1",
            "type_name": "건물"
         }
      },
      {
         "type": "Feature",
         "geometry": {
            "type": "Polygon",
            "coordinates": [
               [
                  121.610312,
                  31.304501,
                  0.0
               ],
               [
                  121.616228,
                  31.304565,
                  0.0
               ],
               [
                  121.616154,
                  31.309645,
                  0.0
               ],
               [
                  121.610237,
                  31.309581,
                  0.0
               ]
            ]
         },
         "properties": {
            "object_imcoords": "EMPTY",
            "building_imcoords": "102.135763, 939.941536, 126.024319, 940.916579, 120.417821, 970.167871, 100.673199, 971.14291",
            "road_imcoords": "EMPTY",
            "image_id": "BLD01189_PS3_K3A_NIA0373.png",
            "ingest_time": "2023-03-02T14:34:14.313313Z",
            "type_id": "1",
            "type_name": "건물"
         }
      },
      {
         "type": "Feature",
         "geometry": {
            "type": "Polygon",
            "coordinates": [
               [
                  121.610312,
                  31.304501,
                  0.0
               ],
               [
                  121.616228,
                  31.304565,
                  0.0
               ],
               [
                  121.616154,
                  31.309645,
                  0.0
               ],
               [
                  121.610237,
                  31.309581,
                  0.0
               ]
            ]
         },
         "properties": {
            "object_imcoords": "EMPTY",
            "building_imcoords": "0.745827, 912.891729, 15.662358, 912.891729, 25.358104, 917.366688, 51.462034, 913.886164, 71.599351, 916.123644, 72.842396, 940.238703, 54.196731, 973.303682, 0.000000, 971.06620",
            "road_imcoords": "EMPTY",
            "image_id": "BLD01189_PS3_K3A_NIA0373.png",
            "ingest_time": "2023-03-02T14:34:14.313313Z",
            "type_id": "1",
            "type_name": "건물"
         }
      },
      {
         "type": "Feature",
         "geometry": {
            "type": "Polygon",
            "coordinates": [
               [
                  121.610312,
                  31.304501,
                  0.0
               ],
               [
                  121.616228,
                  31.304565,
                  0.0
               ],
               [
                  121.616154,
                  31.309645,
                  0.0
               ],
               [
                  121.610237,
                  31.309581,
                  0.0
               ]
            ]
         },
         "properties": {
            "object_imcoords": "EMPTY",
            "building_imcoords": "0.000000, 1006.544987, 30.646905, 1006.773695, 31.104321, 1024.000000, 0.000000, 1024.00000",
            "road_imcoords": "EMPTY",
            "image_id": "BLD01189_PS3_K3A_NIA0373.png",
            "ingest_time": "2023-03-02T14:34:14.313313Z",
            "type_id": "1",
            "type_name": "건물"
         }
      },
      {
         "type": "Feature",
         "geometry": {
            "type": "Polygon",
            "coordinates": [
               [
                  121.610312,
                  31.304501,
                  0.0
               ],
               [
                  121.616228,
                  31.304565,
                  0.0
               ],
               [
                  121.616154,
                  31.309645,
                  0.0
               ],
               [
                  121.610237,
                  31.309581,
                  0.0
               ]
            ]
         },
         "properties": {
            "object_imcoords": "EMPTY",
            "building_imcoords": "30.875613, 1006.087570, 61.979934, 1007.002403, 60.836393, 1024.000000, 30.418197, 1023.69810",
            "road_imcoords": "EMPTY",
            "image_id": "BLD01189_PS3_K3A_NIA0373.png",
            "ingest_time": "2023-03-02T14:34:14.313313Z",
            "type_id": "1",
            "type_name": "건물"
         }
      },
      {
         "type": "Feature",
         "geometry": {
            "type": "Polygon",
            "coordinates": [
               [
                  121.610312,
                  31.304501,
                  0.0
               ],
               [
                  121.616228,
                  31.304565,
                  0.0
               ],
               [
                  121.616154,
                  31.309645,
                  0.0
               ],
               [
                  121.610237,
                  31.309581,
                  0.0
               ]
            ]
         },
         "properties": {
            "object_imcoords": "EMPTY",
            "building_imcoords": "61.979934, 1006.544987, 64.953142, 1001.970822, 86.909133, 1001.284697, 88.281383, 1014.092359, 85.994300, 1019.123940, 85.765592, 1024.000000, 61.065101, 1023.92681",
            "road_imcoords": "EMPTY",
            "image_id": "BLD01189_PS3_K3A_NIA0373.png",
            "ingest_time": "2023-03-02T14:34:14.313313Z",
            "type_id": "1",
            "type_name": "건물"
         }
      },
      {
         "type": "Feature",
         "geometry": {
            "type": "Polygon",
            "coordinates": [
               [
                  121.612805,
                  31.307715,
                  0.0
               ],
               [
                  121.612803,
                  31.307602,
                  0.0
               ],
               [
                  121.61316,
                  31.307587,
                  0.0
               ],
               [
                  121.613155,
                  31.307716,
                  0.0
               ]
            ]
         },
         "properties": {
            "object_imcoords": "EMPTY",
            "building_imcoords": "439.558947, 381.781869, 438.992506, 404.439547, 500.734677, 408.404641, 500.168235, 382.34831",
            "road_imcoords": "EMPTY",
            "image_id": "BLD01189_PS3_K3A_NIA0373.png",
            "ingest_time": "2023-03-02T14:34:14.313313Z",
            "type_id": "1",
            "type_name": "건물"
         }
      },
      {
         "type": "Feature",
         "geometry": {
            "type": "Polygon",
            "coordinates": [
               [
                  121.612289,
                  31.307563,
                  0.0
               ],
               [
                  121.611606,
                  31.307553,
                  0.0
               ],
               [
                  121.611588,
                  31.307588,
                  0.0
               ],
               [
                  121.61143,
                  31.30759,
                  0.0
               ]
            ]
         },
         "properties": {
            "object_imcoords": "EMPTY",
            "building_imcoords": "349.991738, 411.339596, 231.709537, 411.780948, 228.620076, 404.719324, 201.256283, 403.836621, 188.457090, 412.663651, 188.457090, 481.073133, 180.071411, 489.900163, 180.071411, 519.912065, 188.015738, 520.353416, 183.160872, 596.707225, 220.234398, 596.707225, 225.089264, 586.997493, 328.365515, 590.528305, 331.896327, 515.498550, 357.053362, 515.057198, 356.612011, 443.558256, 371.176610, 443.558256, 369.852555, 424.138790, 354.846605, 424.13879",
            "road_imcoords": "EMPTY",
            "image_id": "BLD01189_PS3_K3A_NIA0373.png",
            "ingest_time": "2023-03-02T14:34:14.313313Z",
            "type_id": "1",
            "type_name": "건물"
         }
      },
      {
         "type": "Feature",
         "geometry": {
            "type": "Polygon",
            "coordinates": [
               [
                  121.612424,
                  31.306907,
                  0.0
               ],
               [
                  121.612424,
                  31.307054,
                  0.0
               ],
               [
                  121.612338,
                  31.307051,
                  0.0
               ],
               [
                  121.612338,
                  31.307048,
                  0.0
               ]
            ]
         },
         "properties": {
            "object_imcoords": "EMPTY",
            "building_imcoords": "371.617961, 543.745046, 372.059313, 514.174495, 357.049972, 514.508036, 357.053362, 515.057198, 332.310966, 515.491275, 330.550205, 544.103644, 328.365515, 590.528305, 327.485014, 590.498202, 327.482812, 590.528305, 440.910147, 591.852359, 450.178528, 568.019378, 447.971771, 513.733144, 410.015542, 515.498550, 398.981754, 521.236119, 400.747160, 544.62774",
            "road_imcoords": "EMPTY",
            "image_id": "BLD01189_PS3_K3A_NIA0373.png",
            "ingest_time": "2023-03-02T14:34:14.313313Z",
            "type_id": "1",
            "type_name": "건물"
         }
      },
      {
         "type": "Feature",
         "geometry": {
            "type": "Polygon",
            "coordinates": [
               [
                  121.612861,
                  31.307567,
                  0.0
               ],
               [
                  121.612728,
                  31.307556,
                  0.0
               ],
               [
                  121.612729,
                  31.307519,
                  0.0
               ],
               [
                  121.612627,
                  31.307507,
                  0.0
               ]
            ]
         },
         "properties": {
            "object_imcoords": "EMPTY",
            "building_imcoords": "448.854474, 411.780948, 425.904196, 413.546354, 425.904196, 421.049329, 408.250136, 423.256087, 401.188512, 426.786899, 398.540403, 451.502583, 419.283923, 451.061231, 417.959869, 514.174495, 447.050503, 513.775994, 447.971771, 513.733144, 447.972999, 513.763357, 450.178528, 513.733144, 452.385286, 568.460730, 445.323662, 589.645602, 541.096937, 590.086953, 543.303694, 599.796686, 574.198299, 598.472631, 578.170463, 588.321547, 583.025329, 521.236119, 588.321547, 517.705307, 590.969656, 491.665569, 582.583978, 489.900163, 586.114790, 423.697438, 577.287760, 414.870408, 446.647716, 417.07716",
            "road_imcoords": "EMPTY",
            "image_id": "BLD01189_PS3_K3A_NIA0373.png",
            "ingest_time": "2023-03-02T14:34:14.313313Z",
            "type_id": "1",
            "type_name": "건물"
         }
      },
      {
         "type": "Feature",
         "geometry": {
            "type": "Polygon",
            "coordinates": [
               [
                  121.611057,
                  31.307567,
                  0.0
               ],
               [
                  121.611404,
                  31.307575,
                  0.0
               ],
               [
                  121.61143,
                  31.30759,
                  0.0
               ],
               [
                  121.611588,
                  31.307588,
                  0.0
               ]
            ]
         },
         "properties": {
            "object_imcoords": "EMPTY",
            "building_imcoords": "136.818964, 407.808784, 196.848774, 406.876282, 201.256283, 403.836621, 228.620076, 404.719324, 229.342911, 406.371519, 364.114986, 404.277972, 367.810022, 424.138790, 369.852555, 424.138790, 371.034111, 441.468268, 371.176610, 442.234201, 371.099927, 442.433576, 371.176610, 443.558256, 370.667358, 443.558256, 368.596140, 442.366086, 358.377416, 444.440959, 357.053362, 513.291792, 368.574959, 514.251925, 372.059313, 514.174495, 372.053830, 514.541831, 372.942016, 514.615847, 371.665249, 540.576772, 371.650877, 541.539679, 400.606436, 542.763153, 398.981754, 521.236119, 399.439980, 520.997842, 398.981754, 518.146659, 405.978312, 517.597909, 410.015542, 515.498550, 421.473417, 514.965625, 421.463184, 514.126505, 417.959869, 514.174495, 419.283923, 451.061231, 398.540403, 451.502583, 399.225796, 445.105582, 399.494139, 442.707675, 400.375199, 434.377822, 401.188512, 426.786899, 405.040307, 424.861001, 406.043378, 422.814735, 402.561457, 337.072414, 402.308352, 335.865299, 375.510191, 335.446578, 375.124305, 350.303206, 375.590125, 358.377416, 366.763095, 376.914179, 137.701667, 380.00364",
            "road_imcoords": "EMPTY",
            "image_id": "BLD01189_PS3_K3A_NIA0373.png",
            "ingest_time": "2023-03-02T14:34:14.313313Z",
            "type_id": "1",
            "type_name": "건물"
         }
      },
      {
         "type": "Feature",
         "geometry": {
            "type": "Polygon",
            "coordinates": [
               [
                  121.612571,
                  31.308479,
                  0.0
               ],
               [
                  121.612421,
                  31.308481,
                  0.0
               ],
               [
                  121.61242,
                  31.308456,
                  0.0
               ],
               [
                  121.612419,
                  31.30835,
                  0.0
               ]
            ]
         },
         "properties": {
            "object_imcoords": "EMPTY",
            "building_imcoords": "401.095040, 227.179434, 375.134792, 226.477806, 374.762433, 231.511821, 374.459737, 253.003235, 373.142109, 253.417347, 373.023991, 255.014211, 361.379806, 257.706226, 361.379806, 277.000200, 362.882070, 313.694736, 375.931771, 319.215763, 375.916537, 319.802257, 377.075723, 320.271452, 375.703926, 327.987812, 375.510191, 335.446578, 402.308352, 335.865299, 401.027350, 329.755906, 415.582786, 319.717675, 420.056861, 254.373748, 402.039238, 254.008158, 400.993311, 254.124372, 401.000938, 253.987090, 400.023527, 253.96725",
            "road_imcoords": "EMPTY",
            "image_id": "BLD01189_PS3_K3A_NIA0373.png",
            "ingest_time": "2023-03-02T14:34:14.313313Z",
            "type_id": "1",
            "type_name": "건물"
         }
      },
      {
         "type": "Feature",
         "geometry": {
            "type": "Polygon",
            "coordinates": [
               [
                  121.610782,
                  31.304942,
                  0.0
               ],
               [
                  121.610788,
                  31.304726,
                  0.0
               ],
               [
                  121.610865,
                  31.304722,
                  0.0
               ],
               [
                  121.610861,
                  31.304941,
                  0.0
               ]
            ]
         },
         "properties": {
            "object_imcoords": "EMPTY",
            "building_imcoords": "82.532730, 936.106528, 82.974082, 979.800326, 96.214627, 980.683029, 96.214627, 936.54787",
            "road_imcoords": "EMPTY",
            "image_id": "BLD01189_PS3_K3A_NIA0373.png",
            "ingest_time": "2023-03-02T14:34:14.313313Z",
            "type_id": "1",
            "type_name": "건물"
         }
      },
      {
         "type": "Feature",
         "geometry": {
            "type": "Polygon",
            "coordinates": [
               [
                  121.615841,
                  31.308799,
                  0.0
               ],
               [
                  121.615842,
                  31.308741,
                  0.0
               ],
               [
                  121.615902,
                  31.308742,
                  0.0
               ],
               [
                  121.615898,
                  31.308806,
                  0.0
               ]
            ]
         },
         "properties": {
            "object_imcoords": "EMPTY",
            "building_imcoords": "967.679509, 169.897929, 967.679509, 181.593801, 978.144236, 181.593801, 977.528664, 168.66678",
            "road_imcoords": "EMPTY",
            "image_id": "BLD01189_PS3_K3A_NIA0373.png",
            "ingest_time": "2023-03-02T14:34:14.313313Z",
            "type_id": "1",
            "type_name": "건물"
         }
      },
      {
         "type": "Feature",
         "geometry": {
            "type": "Polygon",
            "coordinates": [
               [
                  121.615034,
                  31.308045,
                  0.0
               ],
               [
                  121.615042,
                  31.307963,
                  0.0
               ],
               [
                  121.615124,
                  31.30796,
                  0.0
               ],
               [
                  121.615126,
                  31.30804,
                  0.0
               ]
            ]
         },
         "properties": {
            "object_imcoords": "EMPTY",
            "building_imcoords": "826.097901, 320.097547, 827.329046, 336.717997, 841.487207, 337.333569, 842.102779, 321.32869",
            "road_imcoords": "EMPTY",
            "image_id": "BLD01189_PS3_K3A_NIA0373.png",
            "ingest_time": "2023-03-02T14:34:14.313313Z",
            "type_id": "1",
            "type_name": "건물"
         }
      },
      {
         "type": "Feature",
         "geometry": {
            "type": "Polygon",
            "coordinates": [
               [
                  121.610271,
                  31.307278,
                  0.0
               ],
               [
                  121.610376,
                  31.307279,
                  0.0
               ],
               [
                  121.610388,
                  31.307403,
                  0.0
               ],
               [
                  121.610269,
                  31.307395,
                  0.0
               ]
            ]
         },
         "properties": {
            "object_imcoords": "EMPTY",
            "building_imcoords": "0.000000, 464.283834, 18.226018, 464.283834, 20.624179, 439.342967, 0.000000, 440.74916",
            "road_imcoords": "EMPTY",
            "image_id": "BLD01189_PS3_K3A_NIA0373.png",
            "ingest_time": "2023-03-02T14:34:14.313313Z",
            "type_id": "1",
            "type_name": "건물"
         }
      },
      {
         "type": "Feature",
         "geometry": {
            "type": "Polygon",
            "coordinates": [
               [
                  121.610681,
                  31.30768,
                  0.0
               ],
               [
                  121.610676,
                  31.307613,
                  0.0
               ],
               [
                  121.610818,
                  31.307605,
                  0.0
               ],
               [
                  121.610817,
                  31.307693,
                  0.0
               ]
            ]
         },
         "properties": {
            "object_imcoords": "EMPTY",
            "building_imcoords": "71.944809, 384.185280, 70.985545, 397.614977, 95.446780, 399.533506, 95.446780, 381.78711",
            "road_imcoords": "EMPTY",
            "image_id": "BLD01189_PS3_K3A_NIA0373.png",
            "ingest_time": "2023-03-02T14:34:14.313313Z",
            "type_id": "1",
            "type_name": "건물"
         }
      },
      {
         "type": "Feature",
         "geometry": {
            "type": "Polygon",
            "coordinates": [
               [
                  121.615537,
                  31.304892,
                  0.0
               ],
               [
                  121.615382,
                  31.304887,
                  0.0
               ],
               [
                  121.615379,
                  31.304841,
                  0.0
               ],
               [
                  121.615545,
                  31.304836,
                  0.0
               ]
            ]
         },
         "properties": {
            "object_imcoords": "EMPTY",
            "building_imcoords": "905.107991, 956.618202, 878.349440, 957.287165, 877.680476, 966.652658, 906.445918, 967.99058",
            "road_imcoords": "EMPTY",
            "image_id": "BLD01189_PS3_K3A_NIA0373.png",
            "ingest_time": "2023-03-02T14:34:14.313313Z",
            "type_id": "1",
            "type_name": "건물"
         }
      },
      {
         "type": "Feature",
         "geometry": {
            "type": "Polygon",
            "coordinates": [
               [
                  121.613977,
                  31.306932,
                  0.0
               ],
               [
                  121.613978,
                  31.306904,
                  0.0
               ],
               [
                  121.613918,
                  31.306913,
                  0.0
               ],
               [
                  121.613936,
                  31.306753,
                  0.0
               ]
            ]
         },
         "properties": {
            "object_imcoords": "EMPTY",
            "building_imcoords": "640.481027, 542.091032, 640.481027, 547.767377, 630.074393, 545.875262, 632.912566, 578.041222, 719.949869, 578.987280, 723.734100, 541.144974, 646.157373, 539.25285",
            "road_imcoords": "EMPTY",
            "image_id": "BLD01189_PS3_K3A_NIA0373.png",
            "ingest_time": "2023-03-02T14:34:14.313313Z",
            "type_id": "1",
            "type_name": "건물"
         }
      },
      {
         "type": "Feature",
         "geometry": {
            "type": "Polygon",
            "coordinates": [
               [
                  121.614464,
                  31.306951,
                  0.0
               ],
               [
                  121.61445,
                  31.306749,
                  0.0
               ],
               [
                  121.615795,
                  31.30675,
                  0.0
               ],
               [
                  121.615795,
                  31.306773,
                  0.0
               ]
            ]
         },
         "properties": {
            "object_imcoords": "EMPTY",
            "building_imcoords": "724.680157, 539.252859, 721.841984, 579.933337, 954.572166, 582.771510, 954.572166, 578.041222, 958.356396, 543.037089, 958.356396, 543.03708",
            "road_imcoords": "EMPTY",
            "image_id": "BLD01189_PS3_K3A_NIA0373.png",
            "ingest_time": "2023-03-02T14:34:14.313313Z",
            "type_id": "1",
            "type_name": "건물"
         }
      }
   ]
}