{
   "type": "FeatureCollection",
   "features": [
      {
         "type": "Feature",
         "geometry": {
            "type": "Polygon",
            "coordinates": [
               [
                  121.662625,
                  31.328984,
                  0.0
               ],
               [
                  121.662609,
                  31.328955,
                  0.0
               ],
               [
                  121.662599,
                  31.328914,
                  0.0
               ],
               [
                  121.662716,
                  31.328858,
                  0.0
               ]
            ]
         },
         "properties": {
            "object_imcoords": "EMPTY",
            "building_imcoords": "920.338955, 297.759997, 917.399267, 303.663004, 915.700222, 311.951652, 935.714286, 323.443223, 935.327730, 308.15959",
            "road_imcoords": "EMPTY",
            "image_id": "BLD01147_PS3_K3A_NIA0373.png",
            "ingest_time": "2023-03-02T14:34:14.313313Z",
            "type_id": "1",
            "type_name": "건물"
         }
      },
      {
         "type": "Feature",
         "geometry": {
            "type": "Polygon",
            "coordinates": [
               [
                  121.657466,
                  31.328241,
                  0.0
               ],
               [
                  121.657401,
                  31.328148,
                  0.0
               ],
               [
                  121.657383,
                  31.328112,
                  0.0
               ],
               [
                  121.657581,
                  31.327995,
                  0.0
               ]
            ]
         },
         "properties": {
            "object_imcoords": "EMPTY",
            "building_imcoords": "25.990506, 436.747686, 14.468942, 455.235778, 11.253621, 462.470249, 45.282429, 486.585152, 47.961862, 483.369832, 51.445126, 483.637775, 56.803994, 471.044437, 55.732220, 466.221456, 65.378181, 449.341024, 45.014485, 433.26442",
            "road_imcoords": "EMPTY",
            "image_id": "BLD01147_PS3_K3A_NIA0373.png",
            "ingest_time": "2023-03-02T14:34:14.313313Z",
            "type_id": "1",
            "type_name": "건물"
         }
      },
      {
         "type": "Feature",
         "geometry": {
            "type": "Polygon",
            "coordinates": [
               [
                  121.657608,
                  31.328513,
                  0.0
               ],
               [
                  121.657378,
                  31.32823,
                  0.0
               ],
               [
                  121.65739,
                  31.328225,
                  0.0
               ],
               [
                  121.657455,
                  31.328246,
                  0.0
               ]
            ]
         },
         "properties": {
            "object_imcoords": "EMPTY",
            "building_imcoords": "51.177183, 382.087239, 10.717735, 438.623290, 12.861282, 439.695063, 24.114903, 435.675913, 25.744456, 437.142511, 25.990506, 436.747686, 45.014485, 433.264422, 45.830588, 433.908714, 48.765693, 433.264422, 66.449955, 401.647105, 72.076765, 399.503558, 72.076765, 396.288238, 60.823144, 400.307388, 60.823144, 394.948521, 63.770521, 390.393484, 68.593502, 385.302560, 60.019314, 388.517880, 58.143710, 388.249937, 53.856616, 392.537031, 49.301579, 390.12554",
            "road_imcoords": "EMPTY",
            "image_id": "BLD01147_PS3_K3A_NIA0373.png",
            "ingest_time": "2023-03-02T14:34:14.313313Z",
            "type_id": "1",
            "type_name": "건물"
         }
      }
   ]
}