{
   "type": "FeatureCollection",
   "features": [
      {
         "type": "Feature",
         "geometry": {
            "type": "Polygon",
            "coordinates": [
               [
                  31.367285,
                  30.11051,
                  0.0
               ],
               [
                  31.36733,
                  30.110426,
                  0.0
               ],
               [
                  31.367373,
                  30.110379,
                  0.0
               ],
               [
                  31.367405,
                  30.110388,
                  0.0
               ]
            ]
         },
         "properties": {
            "object_imcoords": "EMPTY",
            "building_imcoords": "-0.034724, 913.704236, 7.728662, 930.636941, 15.112694, 940.210672, 20.765982, 938.595601, 34.392378, 948.743746, 62.835201, 958.968776, 91.253851, 958.887037, 118.260713, 950.924174, 142.848969, 932.069717, 156.807441, 905.163675, 162.187195, 882.884667, 161.868613, 863.542837, 165.731890, 860.378745, 145.340023, 796.790259, 106.266729, 705.417344, 94.095566, 688.941159, 69.609567, 664.456195, 48.274665, 654.967630, 31.530144, 650.666822, 14.616456, 651.378106, -0.661465, 654.287585, 0.000000, 573.109267, 15.415722, 571.472560, 44.330892, 574.848124, 70.358510, 581.097772, 85.002557, 587.223031, 104.928638, 598.601226, 118.431408, 608.745878, 151.161074, 648.975189, 227.468347, 829.205700, 233.290504, 864.569637, 231.102027, 896.065406, 221.774799, 932.789030, 212.848948, 949.401940, 193.388077, 976.835963, 172.027401, 994.083323, 152.735114, 1007.635690, 110.463862, 1023.970931, 49.852683, 1022.302475, 11.791596, 1009.493090, 0.441351, 1002.40113",
            "road_imcoords": "EMPTY",
            "image_id": "BLD00740_PS3_K3A_NIA0277.png",
            "ingest_time": "2023-03-02T14:34:14.313313Z",
            "type_id": "1",
            "type_name": "건물"
         }
      },
      {
         "type": "Feature",
         "geometry": {
            "type": "Polygon",
            "coordinates": [
               [
                  31.367294,
                  30.109962,
                  0.0
               ],
               [
                  31.373137,
                  30.110035,
                  0.0
               ],
               [
                  31.373054,
                  30.115116,
                  0.0
               ],
               [
                  31.36721,
                  30.115043,
                  0.0
               ]
            ]
         },
         "properties": {
            "object_imcoords": "EMPTY",
            "building_imcoords": "760.008664, 1024.000000, 797.285133, 997.530626, 808.683723, 1011.393776, 791.739873, 1024.00000",
            "road_imcoords": "EMPTY",
            "image_id": "BLD00740_PS3_K3A_NIA0277.png",
            "ingest_time": "2023-03-02T14:34:14.313313Z",
            "type_id": "1",
            "type_name": "건물"
         }
      },
      {
         "type": "Feature",
         "geometry": {
            "type": "Polygon",
            "coordinates": [
               [
                  31.370779,
                  30.111323,
                  0.0
               ],
               [
                  31.370718,
                  30.111324,
                  0.0
               ],
               [
                  31.370719,
                  30.111368,
                  0.0
               ],
               [
                  31.370781,
                  30.111367,
                  0.0
               ]
            ]
         },
         "properties": {
            "object_imcoords": "EMPTY",
            "building_imcoords": "614.524169, 758.646082, 603.763985, 758.275037, 604.074149, 749.280383, 614.989381, 749.656774, 625.749504, 750.027819, 625.439339, 759.02247",
            "road_imcoords": "EMPTY",
            "image_id": "BLD00740_PS3_K3A_NIA0277.png",
            "ingest_time": "2023-03-02T14:34:14.313313Z",
            "type_id": "1",
            "type_name": "건물"
         }
      },
      {
         "type": "Feature",
         "geometry": {
            "type": "Polygon",
            "coordinates": [
               [
                  31.370878,
                  30.111256,
                  0.0
               ],
               [
                  31.370884,
                  30.111227,
                  0.0
               ],
               [
                  31.370834,
                  30.11122,
                  0.0
               ],
               [
                  31.370828,
                  30.11125,
                  0.0
               ]
            ]
         },
         "properties": {
            "object_imcoords": "EMPTY",
            "building_imcoords": "631.738548, 772.247114, 632.656445, 778.121787, 623.764332, 779.511148, 622.813699, 773.426959, 621.895803, 767.552354, 630.787913, 766.16297",
            "road_imcoords": "EMPTY",
            "image_id": "BLD00740_PS3_K3A_NIA0277.png",
            "ingest_time": "2023-03-02T14:34:14.313313Z",
            "type_id": "1",
            "type_name": "건물"
         }
      },
      {
         "type": "Feature",
         "geometry": {
            "type": "Polygon",
            "coordinates": [
               [
                  31.367686,
                  30.112672,
                  0.0
               ],
               [
                  31.367681,
                  30.112746,
                  0.0
               ],
               [
                  31.367732,
                  30.112749,
                  0.0
               ],
               [
                  31.367737,
                  30.112674,
                  0.0
               ]
            ]
         },
         "properties": {
            "object_imcoords": "EMPTY",
            "building_imcoords": "76.492372, 479.064699, 75.830346, 464.058749, 84.821601, 463.662077, 85.483626, 478.668028, 86.145652, 493.673978, 77.154397, 494.07065",
            "road_imcoords": "EMPTY",
            "image_id": "BLD00740_PS3_K3A_NIA0277.png",
            "ingest_time": "2023-03-02T14:34:14.313313Z",
            "type_id": "1",
            "type_name": "건물"
         }
      },
      {
         "type": "Feature",
         "geometry": {
            "type": "Polygon",
            "coordinates": [
               [
                  31.371775,
                  30.110459,
                  0.0
               ],
               [
                  31.3717,
                  30.11041,
                  0.0
               ],
               [
                  31.371691,
                  30.11037,
                  0.0
               ],
               [
                  31.371845,
                  30.110201,
                  0.0
               ]
            ]
         },
         "properties": {
            "object_imcoords": "EMPTY",
            "building_imcoords": "786.488370, 935.223825, 773.247825, 944.933558, 771.482419, 952.877884, 797.963509, 987.303301, 811.645405, 995.247628, 811.645405, 978.034920, 799.728915, 944.050855, 799.728915, 944.05085",
            "road_imcoords": "EMPTY",
            "image_id": "BLD00740_PS3_K3A_NIA0277.png",
            "ingest_time": "2023-03-02T14:34:14.313313Z",
            "type_id": "1",
            "type_name": "건물"
         }
      },
      {
         "type": "Feature",
         "geometry": {
            "type": "Polygon",
            "coordinates": [
               [
                  31.371876,
                  30.110356,
                  0.0
               ],
               [
                  31.371927,
                  30.11039,
                  0.0
               ],
               [
                  31.37205,
                  30.110276,
                  0.0
               ],
               [
                  31.372043,
                  30.110254,
                  0.0
               ]
            ]
         },
         "properties": {
            "object_imcoords": "EMPTY",
            "building_imcoords": "804.004225, 956.243407, 812.969460, 949.347073, 834.154331, 972.738702, 832.830277, 977.152217, 836.802440, 982.448435, 851.808391, 970.973296, 851.808391, 966.118429, 863.283530, 958.174102, 875.200021, 965.235726, 876.082724, 969.649241, 872.551912, 973.621405, 870.345154, 974.504108, 869.021100, 977.152217, 863.283530, 982.448435, 857.545961, 982.889786, 854.015149, 981.565732, 845.188119, 989.068707, 848.277579, 993.482222, 845.188119, 993.923574, 837.243792, 997.454386, 838.126495, 1001.426549, 820.031084, 986.861950, 817.382975, 986.861950, 811.645405, 980.683029, 811.645405, 978.03492",
            "road_imcoords": "EMPTY",
            "image_id": "BLD00740_PS3_K3A_NIA0277.png",
            "ingest_time": "2023-03-02T14:34:14.313313Z",
            "type_id": "1",
            "type_name": "건물"
         }
      },
      {
         "type": "Feature",
         "geometry": {
            "type": "Polygon",
            "coordinates": [
               [
                  31.372997,
                  30.110476,
                  0.0
               ],
               [
                  31.372946,
                  30.110447,
                  0.0
               ],
               [
                  31.372907,
                  30.110403,
                  0.0
               ],
               [
                  31.372979,
                  30.110327,
                  0.0
               ]
            ]
         },
         "properties": {
            "object_imcoords": "EMPTY",
            "building_imcoords": "1000.699141, 934.873737, 991.716816, 940.520043, 984.655192, 949.347073, 997.013034, 964.794375, 1002.750604, 961.704914, 1007.164119, 962.146266, 1009.370876, 956.850048, 1015.446268, 951.605595, 1012.018985, 945.81626",
            "road_imcoords": "EMPTY",
            "image_id": "BLD00740_PS3_K3A_NIA0277.png",
            "ingest_time": "2023-03-02T14:34:14.313313Z",
            "type_id": "1",
            "type_name": "건물"
         }
      },
      {
         "type": "Feature",
         "geometry": {
            "type": "Polygon",
            "coordinates": [
               [
                  31.371963,
                  30.110579,
                  0.0
               ],
               [
                  31.371938,
                  30.110602,
                  0.0
               ],
               [
                  31.371975,
                  30.110633,
                  0.0
               ],
               [
                  31.372,
                  30.11061,
                  0.0
               ]
            ]
         },
         "properties": {
            "object_imcoords": "EMPTY",
            "building_imcoords": "819.743188, 911.361066, 815.421285, 906.730377, 822.000834, 900.589569, 826.296851, 905.192523, 830.618773, 909.823105, 824.039308, 915.96400",
            "road_imcoords": "EMPTY",
            "image_id": "BLD00740_PS3_K3A_NIA0277.png",
            "ingest_time": "2023-03-02T14:34:14.313313Z",
            "type_id": "1",
            "type_name": "건물"
         }
      },
      {
         "type": "Feature",
         "geometry": {
            "type": "Polygon",
            "coordinates": [
               [
                  31.372141,
                  30.110766,
                  0.0
               ],
               [
                  31.372105,
                  30.110742,
                  0.0
               ],
               [
                  31.372104,
                  30.110731,
                  0.0
               ],
               [
                  31.372064,
                  30.110707,
                  0.0
               ]
            ]
         },
         "properties": {
            "object_imcoords": "EMPTY",
            "building_imcoords": "851.611940, 874.295293, 845.201428, 878.979898, 844.954870, 881.198921, 837.804682, 885.883527, 836.325333, 884.650736, 831.640728, 887.855992, 829.668263, 893.526830, 829.175146, 896.238970, 836.571892, 901.663250, 841.996171, 897.225203, 844.954870, 899.690785, 854.324080, 891.554365, 854.570638, 889.335341, 853.830964, 888.102550, 859.748360, 883.171387, 859.255244, 879.96613",
            "road_imcoords": "EMPTY",
            "image_id": "BLD00740_PS3_K3A_NIA0277.png",
            "ingest_time": "2023-03-02T14:34:14.313313Z",
            "type_id": "1",
            "type_name": "건물"
         }
      },
      {
         "type": "Feature",
         "geometry": {
            "type": "Polygon",
            "coordinates": [
               [
                  31.372284,
                  30.110748,
                  0.0
               ],
               [
                  31.37225,
                  30.110781,
                  0.0
               ],
               [
                  31.372251,
                  30.1108,
                  0.0
               ],
               [
                  31.372292,
                  30.110827,
                  0.0
               ]
            ]
         },
         "properties": {
            "object_imcoords": "EMPTY",
            "building_imcoords": "876.494165, 878.169524, 870.597524, 871.358155, 870.970630, 867.664014, 878.113110, 862.188159, 880.951736, 865.890747, 883.783919, 869.584851, 883.545125, 872.84175",
            "road_imcoords": "EMPTY",
            "image_id": "BLD00740_PS3_K3A_NIA0277.png",
            "ingest_time": "2023-03-02T14:34:14.313313Z",
            "type_id": "1",
            "type_name": "건물"
         }
      },
      {
         "type": "Feature",
         "geometry": {
            "type": "Polygon",
            "coordinates": [
               [
                  31.37198,
                  30.110191,
                  0.0
               ],
               [
                  31.371933,
                  30.110161,
                  0.0
               ],
               [
                  31.371936,
                  30.110134,
                  0.0
               ],
               [
                  31.372043,
                  30.110035,
                  0.0
               ]
            ]
         },
         "properties": {
            "object_imcoords": "EMPTY",
            "building_imcoords": "821.719545, 989.732365, 813.275227, 995.556033, 813.857594, 1001.088518, 832.202148, 1021.180172, 834.822798, 1020.306622, 839.078212, 1024.000000, 865.419655, 1024.000000, 869.764806, 1020.306622, 868.308889, 1016.521238, 846.761317, 994.391299, 839.190549, 998.176684, 839.772916, 1001.670884, 836.569898, 1003.70916",
            "road_imcoords": "EMPTY",
            "image_id": "BLD00740_PS3_K3A_NIA0277.png",
            "ingest_time": "2023-03-02T14:34:14.313313Z",
            "type_id": "1",
            "type_name": "건물"
         }
      }
   ]
}