{
   "type": "FeatureCollection",
   "features": [
      {
         "type": "Feature",
         "geometry": {
            "type": "Polygon",
            "coordinates": [
               [
                  31.45924,
                  29.965459,
                  0.0
               ],
               [
                  31.465075,
                  29.965527,
                  0.0
               ],
               [
                  31.464997,
                  29.970608,
                  0.0
               ],
               [
                  31.459162,
                  29.97054,
                  0.0
               ]
            ]
         },
         "properties": {
            "object_imcoords": "EMPTY",
            "building_imcoords": "695.846310, 975.613677, 630.119554, 997.617852, 630.691091, 1004.190527, 636.120693, 1014.478193, 688.702097, 995.045935, 689.559403, 989.330565, 698.703995, 985.615574, 699.561301, 982.47212",
            "road_imcoords": "EMPTY",
            "image_id": "BLD00332_PS3_K3A_NIA0276.png",
            "ingest_time": "2023-03-02T14:34:14.313313Z",
            "type_id": "1",
            "type_name": "건물"
         }
      },
      {
         "type": "Feature",
         "geometry": {
            "type": "Polygon",
            "coordinates": [
               [
                  31.45924,
                  29.965459,
                  0.0
               ],
               [
                  31.465075,
                  29.965527,
                  0.0
               ],
               [
                  31.464997,
                  29.970608,
                  0.0
               ],
               [
                  31.459162,
                  29.97054,
                  0.0
               ]
            ]
         },
         "properties": {
            "object_imcoords": "EMPTY",
            "building_imcoords": "755.000391, 953.895270, 741.569271, 959.039103, 744.141188, 967.612159, 756.715002, 962.46832",
            "road_imcoords": "EMPTY",
            "image_id": "BLD00332_PS3_K3A_NIA0276.png",
            "ingest_time": "2023-03-02T14:34:14.313313Z",
            "type_id": "1",
            "type_name": "건물"
         }
      },
      {
         "type": "Feature",
         "geometry": {
            "type": "Polygon",
            "coordinates": [
               [
                  31.45924,
                  29.965459,
                  0.0
               ],
               [
                  31.465075,
                  29.965527,
                  0.0
               ],
               [
                  31.464997,
                  29.970608,
                  0.0
               ],
               [
                  31.459162,
                  29.97054,
                  0.0
               ]
            ]
         },
         "properties": {
            "object_imcoords": "EMPTY",
            "building_imcoords": "764.430751, 930.748021, 755.286159, 935.606086, 760.715761, 948.465669, 769.288816, 944.17914",
            "road_imcoords": "EMPTY",
            "image_id": "BLD00332_PS3_K3A_NIA0276.png",
            "ingest_time": "2023-03-02T14:34:14.313313Z",
            "type_id": "1",
            "type_name": "건물"
         }
      },
      {
         "type": "Feature",
         "geometry": {
            "type": "Polygon",
            "coordinates": [
               [
                  31.45924,
                  29.965459,
                  0.0
               ],
               [
                  31.465075,
                  29.965527,
                  0.0
               ],
               [
                  31.464997,
                  29.970608,
                  0.0
               ],
               [
                  31.459162,
                  29.97054,
                  0.0
               ]
            ]
         },
         "properties": {
            "object_imcoords": "EMPTY",
            "building_imcoords": "790.149917, 922.460735, 781.576862, 925.889957, 785.291852, 935.891854, 793.864907, 932.46263",
            "road_imcoords": "EMPTY",
            "image_id": "BLD00332_PS3_K3A_NIA0276.png",
            "ingest_time": "2023-03-02T14:34:14.313313Z",
            "type_id": "1",
            "type_name": "건물"
         }
      },
      {
         "type": "Feature",
         "geometry": {
            "type": "Polygon",
            "coordinates": [
               [
                  31.45924,
                  29.965459,
                  0.0
               ],
               [
                  31.465075,
                  29.965527,
                  0.0
               ],
               [
                  31.464997,
                  29.970608,
                  0.0
               ],
               [
                  31.459162,
                  29.97054,
                  0.0
               ]
            ]
         },
         "properties": {
            "object_imcoords": "EMPTY",
            "building_imcoords": "1024.000000, 946.010850, 1012.181597, 947.934418, 1012.181597, 983.712787, 1024.000000, 1015.25930",
            "road_imcoords": "EMPTY",
            "image_id": "BLD00332_PS3_K3A_NIA0276.png",
            "ingest_time": "2023-03-02T14:34:14.313313Z",
            "type_id": "1",
            "type_name": "건물"
         }
      }
   ]
}