{
   "type": "FeatureCollection",
   "features": [
      {
         "type": "Feature",
         "geometry": {
            "type": "Polygon",
            "coordinates": [
               [
                  31.426454,
                  30.06495,
                  0.0
               ],
               [
                  31.432295,
                  30.06502,
                  0.0
               ],
               [
                  31.432215,
                  30.0701,
                  0.0
               ],
               [
                  31.426374,
                  30.070031,
                  0.0
               ]
            ]
         },
         "properties": {
            "object_imcoords": "EMPTY",
            "building_imcoords": "414.855634, 598.484605, 415.385970, 611.345262, 430.633141, 627.387938, 438.720771, 632.956470, 453.967942, 619.432892, 459.669058, 624.073336, 471.661224, 607.993458, 471.392854, 595.782599, 456.766659, 583.034998, 448.312987, 581.424775, 440.396056, 585.852889, 433.686793, 580.217108, 420.134080, 591.354485, 420.134080, 593.09889",
            "road_imcoords": "EMPTY",
            "image_id": "BLD00977_PS3_K3A_NIA0277.png",
            "ingest_time": "2023-03-02T14:34:14.313313Z",
            "type_id": "1",
            "type_name": "건물"
         }
      },
      {
         "type": "Feature",
         "geometry": {
            "type": "Polygon",
            "coordinates": [
               [
                  31.426454,
                  30.06495,
                  0.0
               ],
               [
                  31.432295,
                  30.06502,
                  0.0
               ],
               [
                  31.432215,
                  30.0701,
                  0.0
               ],
               [
                  31.426374,
                  30.070031,
                  0.0
               ]
            ]
         },
         "properties": {
            "object_imcoords": "EMPTY",
            "building_imcoords": "371.000932, 552.056872, 399.695414, 532.095494, 407.024982, 540.048856, 411.391534, 540.360752, 415.134292, 544.415407, 416.225930, 548.470062, 416.849723, 551.589028, 418.565154, 554.552045, 421.372223, 559.542389, 421.216275, 567.027906, 393.301535, 586.677388, 385.447680, 578.471713, 371.488711, 560.31004",
            "road_imcoords": "EMPTY",
            "image_id": "BLD00977_PS3_K3A_NIA0277.png",
            "ingest_time": "2023-03-02T14:34:14.313313Z",
            "type_id": "1",
            "type_name": "건물"
         }
      },
      {
         "type": "Feature",
         "geometry": {
            "type": "Polygon",
            "coordinates": [
               [
                  31.426454,
                  30.06495,
                  0.0
               ],
               [
                  31.432295,
                  30.06502,
                  0.0
               ],
               [
                  31.432215,
                  30.0701,
                  0.0
               ],
               [
                  31.426374,
                  30.070031,
                  0.0
               ]
            ]
         },
         "properties": {
            "object_imcoords": "EMPTY",
            "building_imcoords": "319.069288, 449.872045, 327.118688, 443.164211, 337.627628, 447.636100, 347.018595, 478.939324, 358.421912, 479.386513, 370.272418, 488.106696, 373.849930, 494.367341, 380.334169, 489.448263, 384.358869, 487.212319, 391.737486, 489.671858, 398.892509, 486.541535, 403.364398, 492.131397, 402.917209, 509.571764, 374.073524, 530.366049, 368.483663, 527.682915, 361.105046, 527.235726, 334.497306, 512.478492, 330.696200, 509.571764, 317.280532, 460.38098",
            "road_imcoords": "EMPTY",
            "image_id": "BLD00977_PS3_K3A_NIA0277.png",
            "ingest_time": "2023-03-02T14:34:14.313313Z",
            "type_id": "1",
            "type_name": "건물"
         }
      },
      {
         "type": "Feature",
         "geometry": {
            "type": "Polygon",
            "coordinates": [
               [
                  31.426454,
                  30.06495,
                  0.0
               ],
               [
                  31.432295,
                  30.06502,
                  0.0
               ],
               [
                  31.432215,
                  30.0701,
                  0.0
               ],
               [
                  31.426374,
                  30.070031,
                  0.0
               ]
            ]
         },
         "properties": {
            "object_imcoords": "EMPTY",
            "building_imcoords": "266.493749, 481.759296, 267.921713, 491.933538, 271.491623, 492.826016, 276.132505, 503.000258, 279.345424, 502.464772, 282.379847, 509.604591, 291.304621, 509.069104, 293.982053, 518.172374, 296.659485, 529.417589, 310.225141, 522.813256, 317.721951, 520.849806, 324.861771, 519.421842, 306.714369, 452.545692, 301.886458, 453.681671, 286.266744, 457.799595, 283.426796, 459.361566, 273.628976, 462.485509, 268.801065, 464.189478, 268.854166, 474.222601, 271.000481, 480.32265",
            "road_imcoords": "EMPTY",
            "image_id": "BLD00977_PS3_K3A_NIA0277.png",
            "ingest_time": "2023-03-02T14:34:14.313313Z",
            "type_id": "1",
            "type_name": "건물"
         }
      },
      {
         "type": "Feature",
         "geometry": {
            "type": "Polygon",
            "coordinates": [
               [
                  31.426454,
                  30.06495,
                  0.0
               ],
               [
                  31.432295,
                  30.06502,
                  0.0
               ],
               [
                  31.432215,
                  30.0701,
                  0.0
               ],
               [
                  31.426374,
                  30.070031,
                  0.0
               ]
            ]
         },
         "properties": {
            "object_imcoords": "EMPTY",
            "building_imcoords": "449.913716, 651.651167, 450.064492, 659.642262, 452.326122, 663.411646, 447.802861, 668.839560, 463.634275, 682.861669, 474.640878, 684.369423, 478.410262, 683.615546, 494.844778, 665.824052, 496.804858, 662.506994, 497.257184, 649.841863, 491.425447, 644.496032, 491.980856, 639.830600, 484.649463, 634.831924, 481.205931, 634.831924, 472.097231, 626.278633, 449.769809, 645.60684",
            "road_imcoords": "EMPTY",
            "image_id": "BLD00977_PS3_K3A_NIA0277.png",
            "ingest_time": "2023-03-02T14:34:14.313313Z",
            "type_id": "1",
            "type_name": "건물"
         }
      },
      {
         "type": "Feature",
         "geometry": {
            "type": "Polygon",
            "coordinates": [
               [
                  31.426454,
                  30.06495,
                  0.0
               ],
               [
                  31.432295,
                  30.06502,
                  0.0
               ],
               [
                  31.432215,
                  30.0701,
                  0.0
               ],
               [
                  31.426374,
                  30.070031,
                  0.0
               ]
            ]
         },
         "properties": {
            "object_imcoords": "EMPTY",
            "building_imcoords": "495.173087, 691.917873, 514.612583, 669.914927, 520.593966, 673.653292, 523.584658, 673.653292, 525.400435, 674.400965, 528.925178, 674.080533, 531.809060, 677.712088, 533.090785, 680.382348, 533.090785, 685.616058, 540.567514, 694.481323, 540.781135, 702.812535, 521.341639, 722.252031, 513.971720, 716.804700, 511.194649, 716.270648, 507.563095, 717.338752, 500.834039, 711.143748, 500.513608, 707.939435, 493.036879, 703.239777, 493.143689, 700.142275, 495.386708, 701.10356",
            "road_imcoords": "EMPTY",
            "image_id": "BLD00977_PS3_K3A_NIA0277.png",
            "ingest_time": "2023-03-02T14:34:14.313313Z",
            "type_id": "1",
            "type_name": "건물"
         }
      },
      {
         "type": "Feature",
         "geometry": {
            "type": "Polygon",
            "coordinates": [
               [
                  31.426454,
                  30.06495,
                  0.0
               ],
               [
                  31.432295,
                  30.06502,
                  0.0
               ],
               [
                  31.432215,
                  30.0701,
                  0.0
               ],
               [
                  31.426374,
                  30.070031,
                  0.0
               ]
            ]
         },
         "properties": {
            "object_imcoords": "EMPTY",
            "building_imcoords": "548.336241, 728.072298, 573.407842, 708.319607, 579.187898, 713.836933, 562.504554, 728.418438, 570.123719, 737.613982, 589.302996, 725.659775, 592.718484, 731.045737, 591.930294, 734.855319, 568.415975, 755.085515, 563.818203, 750.881838, 560.139986, 751.013203, 553.571740, 744.839052, 552.520821, 740.766740, 551.469902, 736.694428, 548.579873, 733.14757",
            "road_imcoords": "EMPTY",
            "image_id": "BLD00977_PS3_K3A_NIA0277.png",
            "ingest_time": "2023-03-02T14:34:14.313313Z",
            "type_id": "1",
            "type_name": "건물"
         }
      },
      {
         "type": "Feature",
         "geometry": {
            "type": "Polygon",
            "coordinates": [
               [
                  31.426454,
                  30.06495,
                  0.0
               ],
               [
                  31.432295,
                  30.06502,
                  0.0
               ],
               [
                  31.432215,
                  30.0701,
                  0.0
               ],
               [
                  31.426374,
                  30.070031,
                  0.0
               ]
            ]
         },
         "properties": {
            "object_imcoords": "EMPTY",
            "building_imcoords": "578.405388, 752.811154, 583.966978, 747.534774, 584.822607, 742.971418, 590.098988, 739.263691, 595.232763, 738.408062, 597.799651, 740.547135, 599.938724, 738.693271, 611.347115, 730.992608, 618.619964, 740.119320, 617.906939, 745.823515, 612.773164, 748.960823, 628.887515, 768.212481, 629.315329, 774.201886, 628.887515, 778.194823, 621.899876, 784.469437, 621.757271, 787.321535, 613.200978, 793.025730, 610.491485, 792.455311, 603.361242, 796.305642, 598.797885, 792.455311, 596.516207, 792.170101, 590.241593, 781.332130, 586.106051, 783.756413, 576.551524, 767.927272, 581.827905, 762.223076, 577.977573, 756.66148",
            "road_imcoords": "EMPTY",
            "image_id": "BLD00977_PS3_K3A_NIA0277.png",
            "ingest_time": "2023-03-02T14:34:14.313313Z",
            "type_id": "1",
            "type_name": "건물"
         }
      },
      {
         "type": "Feature",
         "geometry": {
            "type": "Polygon",
            "coordinates": [
               [
                  31.426454,
                  30.06495,
                  0.0
               ],
               [
                  31.432295,
                  30.06502,
                  0.0
               ],
               [
                  31.432215,
                  30.0701,
                  0.0
               ],
               [
                  31.426374,
                  30.070031,
                  0.0
               ]
            ]
         },
         "properties": {
            "object_imcoords": "EMPTY",
            "building_imcoords": "612.973564, 803.617910, 640.980952, 787.257159, 646.804270, 797.933242, 651.102433, 800.290299, 654.014093, 804.865764, 653.598141, 808.886626, 653.182190, 812.075586, 654.568694, 815.541847, 659.083711, 822.884496, 658.777350, 825.948102, 627.426452, 844.636097, 612.312663, 818.49332",
            "road_imcoords": "EMPTY",
            "image_id": "BLD00977_PS3_K3A_NIA0277.png",
            "ingest_time": "2023-03-02T14:34:14.313313Z",
            "type_id": "1",
            "type_name": "건물"
         }
      },
      {
         "type": "Feature",
         "geometry": {
            "type": "Polygon",
            "coordinates": [
               [
                  31.426454,
                  30.06495,
                  0.0
               ],
               [
                  31.432295,
                  30.06502,
                  0.0
               ],
               [
                  31.432215,
                  30.0701,
                  0.0
               ],
               [
                  31.426374,
                  30.070031,
                  0.0
               ]
            ]
         },
         "properties": {
            "object_imcoords": "EMPTY",
            "building_imcoords": "636.966195, 854.996032, 663.874267, 838.829918, 670.255628, 838.510850, 683.231063, 856.910441, 683.762843, 874.778252, 653.876802, 892.326995, 637.072551, 867.22697",
            "road_imcoords": "EMPTY",
            "image_id": "BLD00977_PS3_K3A_NIA0277.png",
            "ingest_time": "2023-03-02T14:34:14.313313Z",
            "type_id": "1",
            "type_name": "건물"
         }
      },
      {
         "type": "Feature",
         "geometry": {
            "type": "Polygon",
            "coordinates": [
               [
                  31.426454,
                  30.06495,
                  0.0
               ],
               [
                  31.432295,
                  30.06502,
                  0.0
               ],
               [
                  31.432215,
                  30.0701,
                  0.0
               ],
               [
                  31.426374,
                  30.070031,
                  0.0
               ]
            ]
         },
         "properties": {
            "object_imcoords": "EMPTY",
            "building_imcoords": "665.673277, 899.827433, 694.019047, 881.131286, 699.680191, 880.084283, 707.591600, 883.081029, 709.389647, 889.793740, 716.222227, 899.383326, 712.985742, 902.260202, 717.301056, 908.133823, 717.420926, 911.969658, 712.026783, 913.887575, 713.944701, 924.316250, 690.571450, 939.995902, 682.754437, 926.624694, 678.845930, 929.196080, 665.269011, 913.25348",
            "road_imcoords": "EMPTY",
            "image_id": "BLD00977_PS3_K3A_NIA0277.png",
            "ingest_time": "2023-03-02T14:34:14.313313Z",
            "type_id": "1",
            "type_name": "건물"
         }
      },
      {
         "type": "Feature",
         "geometry": {
            "type": "Polygon",
            "coordinates": [
               [
                  31.426454,
                  30.06495,
                  0.0
               ],
               [
                  31.432295,
                  30.06502,
                  0.0
               ],
               [
                  31.432215,
                  30.0701,
                  0.0
               ],
               [
                  31.426374,
                  30.070031,
                  0.0
               ]
            ]
         },
         "properties": {
            "object_imcoords": "EMPTY",
            "building_imcoords": "693.611910, 951.606938, 710.487417, 936.876624, 720.069272, 934.302394, 732.082344, 937.162649, 733.655484, 938.735790, 741.092148, 934.874445, 753.534259, 947.888606, 753.391246, 957.613474, 740.806123, 967.910394, 734.227536, 963.476998, 729.508114, 967.624368, 728.793050, 977.492249, 721.070361, 984.642887, 693.325885, 958.61456",
            "road_imcoords": "EMPTY",
            "image_id": "BLD00977_PS3_K3A_NIA0277.png",
            "ingest_time": "2023-03-02T14:34:14.313313Z",
            "type_id": "1",
            "type_name": "건물"
         }
      },
      {
         "type": "Feature",
         "geometry": {
            "type": "Polygon",
            "coordinates": [
               [
                  31.426454,
                  30.06495,
                  0.0
               ],
               [
                  31.432295,
                  30.06502,
                  0.0
               ],
               [
                  31.432215,
                  30.0701,
                  0.0
               ],
               [
                  31.426374,
                  30.070031,
                  0.0
               ]
            ]
         },
         "properties": {
            "object_imcoords": "EMPTY",
            "building_imcoords": "736.202165, 988.151796, 754.434328, 972.748761, 761.192802, 977.463976, 766.379538, 974.792021, 770.308883, 979.664409, 774.709750, 976.992454, 781.939746, 984.379624, 780.053660, 986.737231, 782.096920, 991.452446, 782.096920, 1002.140265, 775.181272, 1008.741566, 775.652793, 1013.613954, 762.764540, 1024.000000, 753.648459, 1023.987426, 735.887817, 1003.39765",
            "road_imcoords": "EMPTY",
            "image_id": "BLD00977_PS3_K3A_NIA0277.png",
            "ingest_time": "2023-03-02T14:34:14.313313Z",
            "type_id": "1",
            "type_name": "건물"
         }
      },
      {
         "type": "Feature",
         "geometry": {
            "type": "Polygon",
            "coordinates": [
               [
                  31.426454,
                  30.06495,
                  0.0
               ],
               [
                  31.432295,
                  30.06502,
                  0.0
               ],
               [
                  31.432215,
                  30.0701,
                  0.0
               ],
               [
                  31.426374,
                  30.070031,
                  0.0
               ]
            ]
         },
         "properties": {
            "object_imcoords": "EMPTY",
            "building_imcoords": "779.896486, 1023.044383, 796.871259, 1003.397656, 820.155910, 1024.00000",
            "road_imcoords": "EMPTY",
            "image_id": "BLD00977_PS3_K3A_NIA0277.png",
            "ingest_time": "2023-03-02T14:34:14.313313Z",
            "type_id": "1",
            "type_name": "건물"
         }
      },
      {
         "type": "Feature",
         "geometry": {
            "type": "Polygon",
            "coordinates": [
               [
                  31.426454,
                  30.06495,
                  0.0
               ],
               [
                  31.432295,
                  30.06502,
                  0.0
               ],
               [
                  31.432215,
                  30.0701,
                  0.0
               ],
               [
                  31.426374,
                  30.070031,
                  0.0
               ]
            ]
         },
         "properties": {
            "object_imcoords": "EMPTY",
            "building_imcoords": "1024.000000, 585.743281, 1012.638131, 586.732991, 1012.803083, 597.949703, 1012.803083, 599.599219, 1013.297937, 618.403706, 1015.112406, 621.207884, 1016.102115, 631.929741, 1017.421729, 636.218484, 1023.524939, 636.21848",
            "road_imcoords": "EMPTY",
            "image_id": "BLD00977_PS3_K3A_NIA0277.png",
            "ingest_time": "2023-03-02T14:34:14.313313Z",
            "type_id": "1",
            "type_name": "건물"
         }
      },
      {
         "type": "Feature",
         "geometry": {
            "type": "Polygon",
            "coordinates": [
               [
                  31.426454,
                  30.06495,
                  0.0
               ],
               [
                  31.432295,
                  30.06502,
                  0.0
               ],
               [
                  31.432215,
                  30.0701,
                  0.0
               ],
               [
                  31.426374,
                  30.070031,
                  0.0
               ]
            ]
         },
         "properties": {
            "object_imcoords": "EMPTY",
            "building_imcoords": "966.528135, 548.813183, 971.383625, 548.384757, 975.096647, 550.098460, 977.095966, 552.097779, 977.524392, 555.096758, 977.238775, 557.667312, 975.810689, 561.951568, 971.669242, 563.522462, 967.099369, 562.094376, 964.243198, 560.095057, 963.243539, 557.667312, 963.814773, 552.81182",
            "road_imcoords": "EMPTY",
            "image_id": "BLD00977_PS3_K3A_NIA0277.png",
            "ingest_time": "2023-03-02T14:34:14.313313Z",
            "type_id": "1",
            "type_name": "건물"
         }
      },
      {
         "type": "Feature",
         "geometry": {
            "type": "Polygon",
            "coordinates": [
               [
                  31.426454,
                  30.06495,
                  0.0
               ],
               [
                  31.432295,
                  30.06502,
                  0.0
               ],
               [
                  31.432215,
                  30.0701,
                  0.0
               ],
               [
                  31.426374,
                  30.070031,
                  0.0
               ]
            ]
         },
         "properties": {
            "object_imcoords": "EMPTY",
            "building_imcoords": "976.149626, 461.140500, 978.780420, 460.013017, 981.661765, 458.760258, 987.800283, 463.395466, 986.547524, 465.274604, 990.055249, 470.786742, 989.178317, 476.173605, 977.026558, 482.562675, 971.514419, 477.676915, 969.885833, 471.914225, 965.375901, 464.397673, 968.257246, 461.516327, 972.391350, 461.26577",
            "road_imcoords": "EMPTY",
            "image_id": "BLD00977_PS3_K3A_NIA0277.png",
            "ingest_time": "2023-03-02T14:34:14.313313Z",
            "type_id": "1",
            "type_name": "건물"
         }
      },
      {
         "type": "Feature",
         "geometry": {
            "type": "Polygon",
            "coordinates": [
               [
                  31.426454,
                  30.06495,
                  0.0
               ],
               [
                  31.432295,
                  30.06502,
                  0.0
               ],
               [
                  31.432215,
                  30.0701,
                  0.0
               ],
               [
                  31.426374,
                  30.070031,
                  0.0
               ]
            ]
         },
         "properties": {
            "object_imcoords": "EMPTY",
            "building_imcoords": "894.842337, 424.717172, 906.876257, 408.511492, 918.107917, 398.884355, 925.970078, 393.108073, 931.906812, 388.134053, 936.880833, 391.503551, 941.533949, 389.096767, 946.026613, 395.193953, 943.940733, 400.007521, 958.702342, 411.078728, 951.963347, 420.705865, 968.169026, 435.948831, 968.971288, 439.799685, 967.045861, 446.378229, 960.627770, 450.389536, 958.381438, 453.919486, 954.049226, 456.326270, 951.963347, 457.770340, 947.310231, 463.867527, 943.940733, 467.718381, 934.794953, 474.457377, 929.179124, 474.778281, 924.044651, 471.890140, 922.761033, 466.755668, 922.600580, 464.348883, 908.801685, 454.561295, 903.988117, 456.005365, 886.177914, 440.762399, 892.275100, 433.38159",
            "road_imcoords": "EMPTY",
            "image_id": "BLD00977_PS3_K3A_NIA0277.png",
            "ingest_time": "2023-03-02T14:34:14.313313Z",
            "type_id": "1",
            "type_name": "건물"
         }
      },
      {
         "type": "Feature",
         "geometry": {
            "type": "Polygon",
            "coordinates": [
               [
                  31.426454,
                  30.06495,
                  0.0
               ],
               [
                  31.432295,
                  30.06502,
                  0.0
               ],
               [
                  31.432215,
                  30.0701,
                  0.0
               ],
               [
                  31.426374,
                  30.070031,
                  0.0
               ]
            ]
         },
         "properties": {
            "object_imcoords": "EMPTY",
            "building_imcoords": "878.187595, 364.913557, 871.867305, 373.562375, 862.386871, 384.706043, 859.060403, 388.365158, 860.058343, 392.356920, 861.721577, 392.855890, 862.719518, 401.172060, 872.865246, 408.656614, 878.686565, 407.159703, 888.998616, 407.159703, 902.969782, 392.356920, 912.283893, 383.708102, 912.450217, 376.722519, 903.967723, 369.237966, 898.408466, 372.730265, 896.837572, 365.018604, 901.121828, 360.591540, 901.121828, 354.022347, 898.265657, 351.166177, 892.267699, 353.451113, 889.839954, 356.021667, 886.983783, 356.592901, 882.985145, 357.878178, 880.985825, 360.448731, 880.271782, 363.16209",
            "road_imcoords": "EMPTY",
            "image_id": "BLD00977_PS3_K3A_NIA0277.png",
            "ingest_time": "2023-03-02T14:34:14.313313Z",
            "type_id": "1",
            "type_name": "건물"
         }
      },
      {
         "type": "Feature",
         "geometry": {
            "type": "Polygon",
            "coordinates": [
               [
                  31.426454,
                  30.06495,
                  0.0
               ],
               [
                  31.432295,
                  30.06502,
                  0.0
               ],
               [
                  31.432215,
                  30.0701,
                  0.0
               ],
               [
                  31.426374,
                  30.070031,
                  0.0
               ]
            ]
         },
         "properties": {
            "object_imcoords": "EMPTY",
            "building_imcoords": "830.288797, 338.741835, 850.201109, 322.814569, 856.747412, 328.133441, 858.111225, 331.406592, 857.292937, 333.725074, 861.384377, 337.407370, 865.612198, 334.543362, 871.476594, 343.680910, 870.658306, 352.136552, 853.610642, 370.138885, 831.653251, 353.90950",
            "road_imcoords": "EMPTY",
            "image_id": "BLD00977_PS3_K3A_NIA0277.png",
            "ingest_time": "2023-03-02T14:34:14.313313Z",
            "type_id": "1",
            "type_name": "건물"
         }
      },
      {
         "type": "Feature",
         "geometry": {
            "type": "Polygon",
            "coordinates": [
               [
                  31.426454,
                  30.06495,
                  0.0
               ],
               [
                  31.432295,
                  30.06502,
                  0.0
               ],
               [
                  31.432215,
                  30.0701,
                  0.0
               ],
               [
                  31.426374,
                  30.070031,
                  0.0
               ]
            ]
         },
         "properties": {
            "object_imcoords": "EMPTY",
            "building_imcoords": "779.411080, 293.285210, 773.616203, 304.874966, 777.962361, 309.221125, 771.040701, 321.454756, 775.064922, 326.605758, 772.328452, 333.527418, 772.650390, 340.288109, 785.688865, 348.014613, 787.781460, 347.370738, 801.624779, 353.809491, 819.170382, 324.191226, 819.170382, 320.006036, 821.262977, 316.303753, 821.423945, 310.186938, 813.697441, 305.679810, 814.502286, 302.460434, 807.902564, 296.826525, 799.532184, 297.470400, 789.713086, 291.514553, 787.620491, 294.57296",
            "road_imcoords": "EMPTY",
            "image_id": "BLD00977_PS3_K3A_NIA0277.png",
            "ingest_time": "2023-03-02T14:34:14.313313Z",
            "type_id": "1",
            "type_name": "건물"
         }
      },
      {
         "type": "Feature",
         "geometry": {
            "type": "Polygon",
            "coordinates": [
               [
                  31.426454,
                  30.06495,
                  0.0
               ],
               [
                  31.432295,
                  30.06502,
                  0.0
               ],
               [
                  31.432215,
                  30.0701,
                  0.0
               ],
               [
                  31.426374,
                  30.070031,
                  0.0
               ]
            ]
         },
         "properties": {
            "object_imcoords": "EMPTY",
            "building_imcoords": "730.621333, 275.593936, 744.334940, 279.394092, 759.866014, 288.481422, 759.866014, 298.394873, 749.456890, 329.787467, 747.308976, 326.648208, 739.543439, 323.013276, 735.908507, 324.335069, 729.464764, 322.352379, 727.812522, 319.708792, 725.168935, 317.891326, 721.534003, 315.578188, 718.890416, 311.943256, 717.733847, 308.96922",
            "road_imcoords": "EMPTY",
            "image_id": "BLD00977_PS3_K3A_NIA0277.png",
            "ingest_time": "2023-03-02T14:34:14.313313Z",
            "type_id": "1",
            "type_name": "건물"
         }
      },
      {
         "type": "Feature",
         "geometry": {
            "type": "Polygon",
            "coordinates": [
               [
                  31.426454,
                  30.06495,
                  0.0
               ],
               [
                  31.432295,
                  30.06502,
                  0.0
               ],
               [
                  31.432215,
                  30.0701,
                  0.0
               ],
               [
                  31.426374,
                  30.070031,
                  0.0
               ]
            ]
         },
         "properties": {
            "object_imcoords": "EMPTY",
            "building_imcoords": "956.133386, 334.563495, 963.897810, 327.353672, 965.422965, 322.639558, 972.494137, 318.480045, 986.359180, 306.140156, 997.173914, 313.488629, 994.262255, 319.727899, 1002.303980, 325.689867, 1008.265949, 321.114403, 1016.030373, 327.492323, 1015.059820, 329.710730, 1018.526081, 330.265331, 1017.832829, 343.575773, 1016.307674, 344.962277, 1002.997232, 355.638361, 1000.778825, 355.915662, 994.955507, 359.381922, 994.955507, 365.898493, 992.737100, 370.751258, 986.081880, 375.881324, 981.645066, 368.394201, 972.771438, 360.629776, 969.859779, 361.600329, 960.847501, 350.924246, 962.788607, 348.151237, 954.746882, 340.10951",
            "road_imcoords": "EMPTY",
            "image_id": "BLD00977_PS3_K3A_NIA0277.png",
            "ingest_time": "2023-03-02T14:34:14.313313Z",
            "type_id": "1",
            "type_name": "건물"
         }
      },
      {
         "type": "Feature",
         "geometry": {
            "type": "Polygon",
            "coordinates": [
               [
                  31.426454,
                  30.06495,
                  0.0
               ],
               [
                  31.432295,
                  30.06502,
                  0.0
               ],
               [
                  31.432215,
                  30.0701,
                  0.0
               ],
               [
                  31.426374,
                  30.070031,
                  0.0
               ]
            ]
         },
         "properties": {
            "object_imcoords": "EMPTY",
            "building_imcoords": "916.572837, 294.416798, 916.298578, 301.273268, 920.960977, 307.306961, 917.944130, 311.557972, 918.629777, 316.357501, 938.650668, 335.418486, 963.471088, 312.106490, 962.511182, 301.684656, 960.042853, 297.982162, 959.357206, 290.714305, 947.289820, 279.058307, 943.998714, 279.469695, 934.399657, 274.80729",
            "road_imcoords": "EMPTY",
            "image_id": "BLD00977_PS3_K3A_NIA0277.png",
            "ingest_time": "2023-03-02T14:34:14.313313Z",
            "type_id": "1",
            "type_name": "건물"
         }
      },
      {
         "type": "Feature",
         "geometry": {
            "type": "Polygon",
            "coordinates": [
               [
                  31.426454,
                  30.06495,
                  0.0
               ],
               [
                  31.432295,
                  30.06502,
                  0.0
               ],
               [
                  31.432215,
                  30.0701,
                  0.0
               ],
               [
                  31.426374,
                  30.070031,
                  0.0
               ]
            ]
         },
         "properties": {
            "object_imcoords": "EMPTY",
            "building_imcoords": "877.681412, 253.668265, 883.434342, 248.274893, 883.614121, 245.038870, 891.344621, 237.488149, 899.434679, 237.308370, 907.524737, 247.915335, 907.704516, 252.769370, 908.423633, 253.308707, 913.277667, 252.230033, 919.773419, 262.272475, 918.294866, 276.261857, 906.011507, 287.862807, 893.500678, 296.734123, 875.189373, 280.583779, 872.573472, 270.461381, 871.891063, 262.499944, 877.805274, 257.83681",
            "road_imcoords": "EMPTY",
            "image_id": "BLD00977_PS3_K3A_NIA0277.png",
            "ingest_time": "2023-03-02T14:34:14.313313Z",
            "type_id": "1",
            "type_name": "건물"
         }
      },
      {
         "type": "Feature",
         "geometry": {
            "type": "Polygon",
            "coordinates": [
               [
                  31.426454,
                  30.06495,
                  0.0
               ],
               [
                  31.432295,
                  30.06502,
                  0.0
               ],
               [
                  31.432215,
                  30.0701,
                  0.0
               ],
               [
                  31.426374,
                  30.070031,
                  0.0
               ]
            ]
         },
         "properties": {
            "object_imcoords": "EMPTY",
            "building_imcoords": "819.311350, 234.088957, 828.010602, 226.180547, 829.117780, 222.068173, 836.235349, 216.848622, 839.556882, 217.639463, 846.041779, 210.680062, 849.205143, 214.950603, 858.537068, 207.516697, 868.185329, 214.792435, 876.410076, 207.358529, 882.894973, 205.776847, 887.640019, 208.149370, 887.323683, 216.057781, 886.849178, 218.904809, 887.640019, 224.757033, 885.742000, 234.405294, 887.007346, 237.884994, 886.532842, 242.946377, 883.053141, 246.109742, 849.521479, 278.376057, 841.296732, 270.783983, 839.556882, 267.146114, 831.332135, 272.682002, 819.627687, 258.288694, 825.954415, 249.747610, 819.311350, 243.10454",
            "road_imcoords": "EMPTY",
            "image_id": "BLD00977_PS3_K3A_NIA0277.png",
            "ingest_time": "2023-03-02T14:34:14.313313Z",
            "type_id": "1",
            "type_name": "건물"
         }
      },
      {
         "type": "Feature",
         "geometry": {
            "type": "Polygon",
            "coordinates": [
               [
                  31.426454,
                  30.06495,
                  0.0
               ],
               [
                  31.432295,
                  30.06502,
                  0.0
               ],
               [
                  31.432215,
                  30.0701,
                  0.0
               ],
               [
                  31.426374,
                  30.070031,
                  0.0
               ]
            ]
         },
         "properties": {
            "object_imcoords": "EMPTY",
            "building_imcoords": "749.537163, 174.276862, 763.102894, 163.644262, 768.358086, 165.110828, 778.868472, 159.244566, 785.345803, 165.599683, 788.034506, 165.110828, 797.322754, 175.132358, 801.111382, 174.154648, 811.499554, 186.131599, 811.499554, 192.120075, 804.655581, 199.208475, 806.366575, 204.341454, 806.366575, 209.963288, 797.078327, 218.396040, 795.856189, 214.485198, 786.567941, 221.329170, 777.279693, 212.896419, 772.146714, 214.974053, 759.069838, 201.163895, 764.325031, 196.030916, 750.881515, 180.631979, 750.637087, 176.965565, 748.559453, 176.96556",
            "road_imcoords": "EMPTY",
            "image_id": "BLD00977_PS3_K3A_NIA0277.png",
            "ingest_time": "2023-03-02T14:34:14.313313Z",
            "type_id": "1",
            "type_name": "건물"
         }
      },
      {
         "type": "Feature",
         "geometry": {
            "type": "Polygon",
            "coordinates": [
               [
                  31.426454,
                  30.06495,
                  0.0
               ],
               [
                  31.432295,
                  30.06502,
                  0.0
               ],
               [
                  31.432215,
                  30.0701,
                  0.0
               ],
               [
                  31.426374,
                  30.070031,
                  0.0
               ]
            ]
         },
         "properties": {
            "object_imcoords": "EMPTY",
            "building_imcoords": "660.005317, 113.954955, 666.228113, 111.621406, 683.146341, 120.955600, 684.118652, 125.233773, 681.007254, 128.539633, 682.174029, 132.234418, 680.034942, 136.901515, 682.757416, 142.346462, 682.757416, 147.596946, 676.534620, 152.652968, 670.117361, 150.513882, 658.449618, 143.707699, 641.920316, 132.039956, 641.142466, 123.678074, 644.253865, 121.733450, 654.754833, 120.95560",
            "road_imcoords": "EMPTY",
            "image_id": "BLD00977_PS3_K3A_NIA0277.png",
            "ingest_time": "2023-03-02T14:34:14.313313Z",
            "type_id": "1",
            "type_name": "건물"
         }
      },
      {
         "type": "Feature",
         "geometry": {
            "type": "Polygon",
            "coordinates": [
               [
                  31.426454,
                  30.06495,
                  0.0
               ],
               [
                  31.432295,
                  30.06502,
                  0.0
               ],
               [
                  31.432215,
                  30.0701,
                  0.0
               ],
               [
                  31.426374,
                  30.070031,
                  0.0
               ]
            ]
         },
         "properties": {
            "object_imcoords": "EMPTY",
            "building_imcoords": "648.532037, 185.322648, 685.285427, 187.461734, 686.452201, 230.243458, 690.535911, 231.021307, 690.146986, 245.022599, 689.174674, 248.522921, 688.785750, 252.217707, 686.646663, 254.940180, 697.731019, 259.412815, 702.981503, 259.023890, 705.703977, 262.135288, 707.843063, 265.441149, 708.037525, 269.913783, 708.426450, 272.636257, 709.009837, 282.164913, 696.175320, 310.167496, 694.425159, 313.667819, 688.373912, 310.894691, 685.536977, 314.232261, 682.199407, 318.404224, 662.340862, 309.225905, 662.173984, 299.380072, 661.506470, 294.540595, 662.007105, 289.867996, 663.509012, 286.029790, 657.501385, 283.526613, 651.326880, 275.182686, 646.821160, 265.837489, 645.819889, 253.989114, 645.152374, 241.640103, 645.152374, 230.459242, 647.321795, 229.291092, 647.989309, 210.266940, 646.153646, 207.263127, 646.487403, 185.73579",
            "road_imcoords": "EMPTY",
            "image_id": "BLD00977_PS3_K3A_NIA0277.png",
            "ingest_time": "2023-03-02T14:34:14.313313Z",
            "type_id": "1",
            "type_name": "건물"
         }
      },
      {
         "type": "Feature",
         "geometry": {
            "type": "Polygon",
            "coordinates": [
               [
                  31.426454,
                  30.06495,
                  0.0
               ],
               [
                  31.432295,
                  30.06502,
                  0.0
               ],
               [
                  31.432215,
                  30.0701,
                  0.0
               ],
               [
                  31.426374,
                  30.070031,
                  0.0
               ]
            ]
         },
         "properties": {
            "object_imcoords": "EMPTY",
            "building_imcoords": "210.760860, 857.601489, 257.166032, 822.155470, 267.890791, 825.350079, 271.998146, 825.578265, 285.004769, 839.725820, 288.199378, 847.484156, 287.743005, 859.806220, 238.226564, 902.020697, 209.475082, 870.53097",
            "road_imcoords": "EMPTY",
            "image_id": "BLD00977_PS3_K3A_NIA0277.png",
            "ingest_time": "2023-03-02T14:34:14.313313Z",
            "type_id": "1",
            "type_name": "건물"
         }
      },
      {
         "type": "Feature",
         "geometry": {
            "type": "Polygon",
            "coordinates": [
               [
                  31.426454,
                  30.06495,
                  0.0
               ],
               [
                  31.432295,
                  30.06502,
                  0.0
               ],
               [
                  31.432215,
                  30.0701,
                  0.0
               ],
               [
                  31.426374,
                  30.070031,
                  0.0
               ]
            ]
         },
         "properties": {
            "object_imcoords": "EMPTY",
            "building_imcoords": "256.937846, 893.121429, 287.514819, 868.020929, 293.219478, 873.953774, 294.360410, 877.832943, 310.561642, 895.175106, 316.266301, 901.336138, 314.668996, 912.289084, 285.232955, 937.617770, 277.702805, 926.664825, 281.125601, 920.960165, 266.521673, 905.671679, 264.467996, 910.007220, 256.481473, 900.42339",
            "road_imcoords": "EMPTY",
            "image_id": "BLD00977_PS3_K3A_NIA0277.png",
            "ingest_time": "2023-03-02T14:34:14.313313Z",
            "type_id": "1",
            "type_name": "건물"
         }
      },
      {
         "type": "Feature",
         "geometry": {
            "type": "Polygon",
            "coordinates": [
               [
                  31.426454,
                  30.06495,
                  0.0
               ],
               [
                  31.432295,
                  30.06502,
                  0.0
               ],
               [
                  31.432215,
                  30.0701,
                  0.0
               ],
               [
                  31.426374,
                  30.070031,
                  0.0
               ]
            ]
         },
         "properties": {
            "object_imcoords": "EMPTY",
            "building_imcoords": "323.829458, 981.040178, 337.341766, 970.556491, 338.506621, 968.226783, 354.581608, 954.248533, 356.678346, 954.248533, 368.093916, 945.162670, 396.516358, 979.176412, 396.050416, 991.523866, 357.377258, 1023.906812, 351.087046, 1024.000000, 323.130546, 992.45574",
            "road_imcoords": "EMPTY",
            "image_id": "BLD00977_PS3_K3A_NIA0277.png",
            "ingest_time": "2023-03-02T14:34:14.313313Z",
            "type_id": "1",
            "type_name": "건물"
         }
      },
      {
         "type": "Feature",
         "geometry": {
            "type": "Polygon",
            "coordinates": [
               [
                  31.426454,
                  30.06495,
                  0.0
               ],
               [
                  31.432295,
                  30.06502,
                  0.0
               ],
               [
                  31.432215,
                  30.0701,
                  0.0
               ],
               [
                  31.426374,
                  30.070031,
                  0.0
               ]
            ]
         },
         "properties": {
            "object_imcoords": "EMPTY",
            "building_imcoords": "384.695632, 1023.057768, 387.051212, 1021.438307, 386.756765, 1018.788280, 418.115421, 991.846335, 434.751704, 1008.188170, 435.046151, 1017.904937, 426.654398, 1024.00000",
            "road_imcoords": "EMPTY",
            "image_id": "BLD00977_PS3_K3A_NIA0277.png",
            "ingest_time": "2023-03-02T14:34:14.313313Z",
            "type_id": "1",
            "type_name": "건물"
         }
      },
      {
         "type": "Feature",
         "geometry": {
            "type": "Polygon",
            "coordinates": [
               [
                  31.426454,
                  30.06495,
                  0.0
               ],
               [
                  31.432295,
                  30.06502,
                  0.0
               ],
               [
                  31.432215,
                  30.0701,
                  0.0
               ],
               [
                  31.426374,
                  30.070031,
                  0.0
               ]
            ]
         },
         "properties": {
            "object_imcoords": "EMPTY",
            "building_imcoords": "228.553848, 1008.423805, 247.637867, 992.520456, 253.999207, 998.578875, 257.028417, 997.215731, 267.933570, 1010.089870, 267.176268, 1014.179303, 271.417161, 1019.783341, 271.417161, 1023.569852, 236.581253, 1024.000000, 233.703504, 1024.000000, 228.553848, 1017.20851",
            "road_imcoords": "EMPTY",
            "image_id": "BLD00977_PS3_K3A_NIA0277.png",
            "ingest_time": "2023-03-02T14:34:14.313313Z",
            "type_id": "1",
            "type_name": "건물"
         }
      },
      {
         "type": "Feature",
         "geometry": {
            "type": "Polygon",
            "coordinates": [
               [
                  31.426454,
                  30.06495,
                  0.0
               ],
               [
                  31.432295,
                  30.06502,
                  0.0
               ],
               [
                  31.432215,
                  30.0701,
                  0.0
               ],
               [
                  31.426374,
                  30.070031,
                  0.0
               ]
            ]
         },
         "properties": {
            "object_imcoords": "EMPTY",
            "building_imcoords": "204.598465, 984.183300, 204.711942, 995.530969, 219.123481, 1007.219068, 241.932295, 988.268461, 240.797528, 979.871186, 236.144984, 975.899502, 235.918031, 971.133481, 227.407279, 965.68660",
            "road_imcoords": "EMPTY",
            "image_id": "BLD00977_PS3_K3A_NIA0277.png",
            "ingest_time": "2023-03-02T14:34:14.313313Z",
            "type_id": "1",
            "type_name": "건물"
         }
      },
      {
         "type": "Feature",
         "geometry": {
            "type": "Polygon",
            "coordinates": [
               [
                  31.426454,
                  30.06495,
                  0.0
               ],
               [
                  31.432295,
                  30.06502,
                  0.0
               ],
               [
                  31.432215,
                  30.0701,
                  0.0
               ],
               [
                  31.426374,
                  30.070031,
                  0.0
               ]
            ]
         },
         "properties": {
            "object_imcoords": "EMPTY",
            "building_imcoords": "168.341054, 938.509275, 195.187189, 939.614704, 195.029270, 950.668994, 197.871802, 953.037771, 199.450987, 956.511977, 197.871802, 961.091611, 196.608455, 965.039572, 197.082210, 973.409249, 190.607554, 982.568519, 164.708930, 981.936845, 164.551012, 973.093412, 163.287664, 971.198391, 163.919338, 951.93234",
            "road_imcoords": "EMPTY",
            "image_id": "BLD00977_PS3_K3A_NIA0277.png",
            "ingest_time": "2023-03-02T14:34:14.313313Z",
            "type_id": "1",
            "type_name": "건물"
         }
      },
      {
         "type": "Feature",
         "geometry": {
            "type": "Polygon",
            "coordinates": [
               [
                  31.426454,
                  30.06495,
                  0.0
               ],
               [
                  31.432295,
                  30.06502,
                  0.0
               ],
               [
                  31.432215,
                  30.0701,
                  0.0
               ],
               [
                  31.426374,
                  30.070031,
                  0.0
               ]
            ]
         },
         "properties": {
            "object_imcoords": "EMPTY",
            "building_imcoords": "126.706361, 946.439933, 141.965990, 944.382455, 147.109685, 946.097020, 158.425815, 945.068281, 159.626010, 966.843258, 156.711250, 974.387344, 156.025424, 978.502301, 146.225447, 981.391377, 127.988465, 979.084289, 124.253179, 968.75732",
            "road_imcoords": "EMPTY",
            "image_id": "BLD00977_PS3_K3A_NIA0277.png",
            "ingest_time": "2023-03-02T14:34:14.313313Z",
            "type_id": "1",
            "type_name": "건물"
         }
      },
      {
         "type": "Feature",
         "geometry": {
            "type": "Polygon",
            "coordinates": [
               [
                  31.426454,
                  30.06495,
                  0.0
               ],
               [
                  31.432295,
                  30.06502,
                  0.0
               ],
               [
                  31.432215,
                  30.0701,
                  0.0
               ],
               [
                  31.426374,
                  30.070031,
                  0.0
               ]
            ]
         },
         "properties": {
            "object_imcoords": "EMPTY",
            "building_imcoords": "95.407838, 974.734862, 95.636086, 984.321295, 111.727600, 1005.320150, 122.455275, 997.103207, 122.683524, 984.321295, 119.716294, 975.305483, 107.733252, 963.77893",
            "road_imcoords": "EMPTY",
            "image_id": "BLD00977_PS3_K3A_NIA0277.png",
            "ingest_time": "2023-03-02T14:34:14.313313Z",
            "type_id": "1",
            "type_name": "건물"
         }
      },
      {
         "type": "Feature",
         "geometry": {
            "type": "Polygon",
            "coordinates": [
               [
                  31.426454,
                  30.06495,
                  0.0
               ],
               [
                  31.432295,
                  30.06502,
                  0.0
               ],
               [
                  31.432215,
                  30.0701,
                  0.0
               ],
               [
                  31.426374,
                  30.070031,
                  0.0
               ]
            ]
         },
         "properties": {
            "object_imcoords": "EMPTY",
            "building_imcoords": "71.274582, 982.048166, 80.906283, 975.498610, 85.625816, 978.291803, 90.730617, 985.033993, 91.501153, 988.597722, 101.903390, 1000.155763, 101.614439, 1012.388022, 87.648473, 1023.849745, 74.934629, 1023.657111, 61.064980, 1005.645832, 61.739199, 1000.348397, 71.370899, 991.58354",
            "road_imcoords": "EMPTY",
            "image_id": "BLD00977_PS3_K3A_NIA0277.png",
            "ingest_time": "2023-03-02T14:34:14.313313Z",
            "type_id": "1",
            "type_name": "건물"
         }
      },
      {
         "type": "Feature",
         "geometry": {
            "type": "Polygon",
            "coordinates": [
               [
                  31.426454,
                  30.06495,
                  0.0
               ],
               [
                  31.432295,
                  30.06502,
                  0.0
               ],
               [
                  31.432215,
                  30.0701,
                  0.0
               ],
               [
                  31.426374,
                  30.070031,
                  0.0
               ]
            ]
         },
         "properties": {
            "object_imcoords": "EMPTY",
            "building_imcoords": "28.450134, 882.143836, 55.003593, 862.228742, 64.297304, 873.229461, 64.676639, 880.057493, 39.640521, 900.731257, 28.639802, 890.67887",
            "road_imcoords": "EMPTY",
            "image_id": "BLD00977_PS3_K3A_NIA0277.png",
            "ingest_time": "2023-03-02T14:34:14.313313Z",
            "type_id": "1",
            "type_name": "건물"
         }
      },
      {
         "type": "Feature",
         "geometry": {
            "type": "Polygon",
            "coordinates": [
               [
                  31.426454,
                  30.06495,
                  0.0
               ],
               [
                  31.432295,
                  30.06502,
                  0.0
               ],
               [
                  31.432215,
                  30.0701,
                  0.0
               ],
               [
                  31.426374,
                  30.070031,
                  0.0
               ]
            ]
         },
         "properties": {
            "object_imcoords": "EMPTY",
            "building_imcoords": "159.845063, 627.282798, 159.646744, 637.397064, 157.861874, 638.785297, 170.752605, 652.667622, 189.791223, 637.000426, 182.850060, 628.274393, 173.925708, 620.539954, 172.339156, 618.556765, 170.355967, 613.797110, 168.372778, 615.978619, 169.166053, 619.944997, 165.992950, 622.32482",
            "road_imcoords": "EMPTY",
            "image_id": "BLD00977_PS3_K3A_NIA0277.png",
            "ingest_time": "2023-03-02T14:34:14.313313Z",
            "type_id": "1",
            "type_name": "건물"
         }
      },
      {
         "type": "Feature",
         "geometry": {
            "type": "Polygon",
            "coordinates": [
               [
                  31.426454,
                  30.06495,
                  0.0
               ],
               [
                  31.432295,
                  30.06502,
                  0.0
               ],
               [
                  31.432215,
                  30.0701,
                  0.0
               ],
               [
                  31.426374,
                  30.070031,
                  0.0
               ]
            ]
         },
         "properties": {
            "object_imcoords": "EMPTY",
            "building_imcoords": "195.491343, 672.469784, 195.321054, 676.386422, 194.980477, 680.984215, 195.661631, 686.263162, 206.219526, 697.331923, 218.820884, 686.944317, 220.694059, 684.049410, 223.248389, 685.922585, 228.697625, 683.708833, 228.867913, 681.665370, 225.973007, 679.621906, 221.204925, 674.513247, 219.331750, 671.618341, 208.616718, 665.712419, 200.946061, 665.586671, 196.167619, 669.86211",
            "road_imcoords": "EMPTY",
            "image_id": "BLD00977_PS3_K3A_NIA0277.png",
            "ingest_time": "2023-03-02T14:34:14.313313Z",
            "type_id": "1",
            "type_name": "건물"
         }
      },
      {
         "type": "Feature",
         "geometry": {
            "type": "Polygon",
            "coordinates": [
               [
                  31.426454,
                  30.06495,
                  0.0
               ],
               [
                  31.432295,
                  30.06502,
                  0.0
               ],
               [
                  31.432215,
                  30.0701,
                  0.0
               ],
               [
                  31.426374,
                  30.070031,
                  0.0
               ]
            ]
         },
         "properties": {
            "object_imcoords": "EMPTY",
            "building_imcoords": "8.709387, 752.325176, 31.312321, 734.699035, 112.599937, 836.515921, 111.563105, 849.580002, 85.642309, 868.450341, 2.903129, 769.743951, 2.903129, 762.486128, 10.783051, 757.50933",
            "road_imcoords": "EMPTY",
            "image_id": "BLD00977_PS3_K3A_NIA0277.png",
            "ingest_time": "2023-03-02T14:34:14.313313Z",
            "type_id": "1",
            "type_name": "건물"
         }
      },
      {
         "type": "Feature",
         "geometry": {
            "type": "Polygon",
            "coordinates": [
               [
                  31.426454,
                  30.06495,
                  0.0
               ],
               [
                  31.432295,
                  30.06502,
                  0.0
               ],
               [
                  31.432215,
                  30.0701,
                  0.0
               ],
               [
                  31.426374,
                  30.070031,
                  0.0
               ]
            ]
         },
         "properties": {
            "object_imcoords": "EMPTY",
            "building_imcoords": "0.233515, 700.778079, 12.142772, 690.736940, 15.645495, 694.706693, 22.650941, 704.280802, 22.884456, 710.118673, 0.000000, 730.20095",
            "road_imcoords": "EMPTY",
            "image_id": "BLD00977_PS3_K3A_NIA0277.png",
            "ingest_time": "2023-03-02T14:34:14.313313Z",
            "type_id": "1",
            "type_name": "건물"
         }
      },
      {
         "type": "Feature",
         "geometry": {
            "type": "Polygon",
            "coordinates": [
               [
                  31.426454,
                  30.06495,
                  0.0
               ],
               [
                  31.432295,
                  30.06502,
                  0.0
               ],
               [
                  31.432215,
                  30.0701,
                  0.0
               ],
               [
                  31.426374,
                  30.070031,
                  0.0
               ]
            ]
         },
         "properties": {
            "object_imcoords": "EMPTY",
            "building_imcoords": "36.966191, 1024.000000, 47.919136, 1016.342066, 58.187523, 1015.201134, 63.663996, 1017.939370, 65.717673, 1020.677607, 66.858605, 1023.18765",
            "road_imcoords": "EMPTY",
            "image_id": "BLD00977_PS3_K3A_NIA0277.png",
            "ingest_time": "2023-03-02T14:34:14.313313Z",
            "type_id": "1",
            "type_name": "건물"
         }
      },
      {
         "type": "Feature",
         "geometry": {
            "type": "Polygon",
            "coordinates": [
               [
                  31.426454,
                  30.06495,
                  0.0
               ],
               [
                  31.432295,
                  30.06502,
                  0.0
               ],
               [
                  31.432215,
                  30.0701,
                  0.0
               ],
               [
                  31.426374,
                  30.070031,
                  0.0
               ]
            ]
         },
         "properties": {
            "object_imcoords": "EMPTY",
            "building_imcoords": "158.167665, 514.775237, 159.628316, 503.298692, 162.340954, 503.924685, 162.549619, 509.975955, 170.270204, 506.011330, 176.321474, 512.271264, 176.321474, 516.235889, 165.053593, 523.53914",
            "road_imcoords": "EMPTY",
            "image_id": "BLD00977_PS3_K3A_NIA0277.png",
            "ingest_time": "2023-03-02T14:34:14.313313Z",
            "type_id": "1",
            "type_name": "건물"
         }
      },
      {
         "type": "Feature",
         "geometry": {
            "type": "Polygon",
            "coordinates": [
               [
                  31.426454,
                  30.06495,
                  0.0
               ],
               [
                  31.432295,
                  30.06502,
                  0.0
               ],
               [
                  31.432215,
                  30.0701,
                  0.0
               ],
               [
                  31.426374,
                  30.070031,
                  0.0
               ]
            ]
         },
         "properties": {
            "object_imcoords": "EMPTY",
            "building_imcoords": "92.156214, 495.484942, 92.322261, 493.658423, 97.801820, 489.341195, 103.779520, 494.820753, 103.945568, 497.145415, 98.133914, 501.62869",
            "road_imcoords": "EMPTY",
            "image_id": "BLD00977_PS3_K3A_NIA0277.png",
            "ingest_time": "2023-03-02T14:34:14.313313Z",
            "type_id": "1",
            "type_name": "건물"
         }
      },
      {
         "type": "Feature",
         "geometry": {
            "type": "Polygon",
            "coordinates": [
               [
                  31.426454,
                  30.06495,
                  0.0
               ],
               [
                  31.432295,
                  30.06502,
                  0.0
               ],
               [
                  31.432215,
                  30.0701,
                  0.0
               ],
               [
                  31.426374,
                  30.070031,
                  0.0
               ]
            ]
         },
         "properties": {
            "object_imcoords": "EMPTY",
            "building_imcoords": "535.159531, 822.468135, 534.686984, 829.556341, 552.643772, 846.568035, 561.385892, 840.188650, 561.385892, 836.880820, 541.487463, 817.64607",
            "road_imcoords": "EMPTY",
            "image_id": "BLD00977_PS3_K3A_NIA0277.png",
            "ingest_time": "2023-03-02T14:34:14.313313Z",
            "type_id": "1",
            "type_name": "건물"
         }
      },
      {
         "type": "Feature",
         "geometry": {
            "type": "Polygon",
            "coordinates": [
               [
                  31.426454,
                  30.06495,
                  0.0
               ],
               [
                  31.432295,
                  30.06502,
                  0.0
               ],
               [
                  31.432215,
                  30.0701,
                  0.0
               ],
               [
                  31.426374,
                  30.070031,
                  0.0
               ]
            ]
         },
         "properties": {
            "object_imcoords": "EMPTY",
            "building_imcoords": "554.955229, 847.080773, 558.009773, 842.915485, 562.591590, 841.110527, 568.145308, 847.080773, 568.422994, 849.579946, 561.203161, 855.68903",
            "road_imcoords": "EMPTY",
            "image_id": "BLD00977_PS3_K3A_NIA0277.png",
            "ingest_time": "2023-03-02T14:34:14.313313Z",
            "type_id": "1",
            "type_name": "건물"
         }
      },
      {
         "type": "Feature",
         "geometry": {
            "type": "Polygon",
            "coordinates": [
               [
                  31.426454,
                  30.06495,
                  0.0
               ],
               [
                  31.432295,
                  30.06502,
                  0.0
               ],
               [
                  31.432215,
                  30.0701,
                  0.0
               ],
               [
                  31.426374,
                  30.070031,
                  0.0
               ]
            ]
         },
         "properties": {
            "object_imcoords": "EMPTY",
            "building_imcoords": "660.973003, 756.089084, 665.998706, 763.720707, 673.816466, 759.253416, 671.768957, 752.366341, 666.929391, 749.388147, 662.462100, 751.24951",
            "road_imcoords": "EMPTY",
            "image_id": "BLD00977_PS3_K3A_NIA0277.png",
            "ingest_time": "2023-03-02T14:34:14.313313Z",
            "type_id": "1",
            "type_name": "건물"
         }
      },
      {
         "type": "Feature",
         "geometry": {
            "type": "Polygon",
            "coordinates": [
               [
                  31.426448,
                  30.065588,
                  0.0
               ],
               [
                  31.426502,
                  30.06552,
                  0.0
               ],
               [
                  31.426463,
                  30.065499,
                  0.0
               ],
               [
                  31.426555,
                  30.065398,
                  0.0
               ]
            ]
         },
         "properties": {
            "object_imcoords": "EMPTY",
            "building_imcoords": "0.687771, 895.477724, 9.972678, 909.233142, 3.094969, 913.359767, 18.913700, 933.992895, 0.000000, 948.739169, 0.000000, 913.58902",
            "road_imcoords": "EMPTY",
            "image_id": "BLD00977_PS3_K3A_NIA0277.png",
            "ingest_time": "2023-03-02T14:34:14.313313Z",
            "type_id": "1",
            "type_name": "건물"
         }
      },
      {
         "type": "Feature",
         "geometry": {
            "type": "Polygon",
            "coordinates": [
               [
                  31.427068,
                  30.067081,
                  0.0
               ],
               [
                  31.426632,
                  30.066762,
                  0.0
               ],
               [
                  31.426973,
                  30.066413,
                  0.0
               ],
               [
                  31.427417,
                  30.066731,
                  0.0
               ]
            ]
         },
         "properties": {
            "object_imcoords": "EMPTY",
            "building_imcoords": "113.482200, 595.953493, 36.107973, 659.228416, 94.912385, 730.412705, 173.662155, 667.48166",
            "road_imcoords": "EMPTY",
            "image_id": "BLD00977_PS3_K3A_NIA0277.png",
            "ingest_time": "2023-03-02T14:34:14.313313Z",
            "type_id": "1",
            "type_name": "건물"
         }
      },
      {
         "type": "Feature",
         "geometry": {
            "type": "Polygon",
            "coordinates": [
               [
                  31.427449,
                  30.066678,
                  0.0
               ],
               [
                  31.427026,
                  30.066374,
                  0.0
               ],
               [
                  31.427369,
                  30.066022,
                  0.0
               ],
               [
                  31.427794,
                  30.066341,
                  0.0
               ]
            ]
         },
         "properties": {
            "object_imcoords": "EMPTY",
            "building_imcoords": "179.164322, 678.142116, 104.197293, 738.322071, 163.345591, 810.194131, 238.656505, 746.91920",
            "road_imcoords": "EMPTY",
            "image_id": "BLD00977_PS3_K3A_NIA0277.png",
            "ingest_time": "2023-03-02T14:34:14.313313Z",
            "type_id": "1",
            "type_name": "건물"
         }
      },
      {
         "type": "Feature",
         "geometry": {
            "type": "Polygon",
            "coordinates": [
               [
                  31.42718,
                  30.068776,
                  0.0
               ],
               [
                  31.427117,
                  30.068815,
                  0.0
               ],
               [
                  31.427122,
                  30.068846,
                  0.0
               ],
               [
                  31.427255,
                  30.06895,
                  0.0
               ]
            ]
         },
         "properties": {
            "object_imcoords": "EMPTY",
            "building_imcoords": "137.742438, 254.737061, 126.792202, 246.668467, 127.752749, 240.520966, 151.382205, 219.965260, 162.332441, 228.033855, 162.716660, 231.10760",
            "road_imcoords": "EMPTY",
            "image_id": "BLD00977_PS3_K3A_NIA0277.png",
            "ingest_time": "2023-03-02T14:34:14.313313Z",
            "type_id": "1",
            "type_name": "건물"
         }
      }
   ]
}