{
   "type": "FeatureCollection",
   "features": [
      {
         "type": "Feature",
         "geometry": {
            "type": "Polygon",
            "coordinates": [
               [
                  31.411185,
                  29.993639,
                  0.0
               ],
               [
                  31.41123,
                  29.993603,
                  0.0
               ],
               [
                  31.411257,
                  29.993624,
                  0.0
               ],
               [
                  31.411362,
                  29.993536,
                  0.0
               ]
            ]
         },
         "properties": {
            "object_imcoords": "EMPTY",
            "building_imcoords": "863.266842, 350.508092, 871.095220, 357.734287, 875.912683, 353.669552, 893.978171, 371.584494, 895.634174, 373.692134, 895.747647, 378.947368, 892.959219, 382.990589, 892.540955, 385.918438, 880.360373, 394.187218, 876.689832, 394.372224, 868.930486, 401.229333, 863.708853, 397.018563, 854.907876, 387.648780, 851.326485, 376.249992, 853.467012, 373.127003, 858.042763, 370.701658, 858.050371, 366.564144, 852.233487, 365.235817, 854.060648, 359.010108, 857.825026, 354.40920",
            "road_imcoords": "EMPTY",
            "image_id": "BLD00197_PS3_K3A_NIA0276.png",
            "ingest_time": "2023-03-02T14:34:14.313313Z",
            "type_id": "1",
            "type_name": "건물"
         }
      },
      {
         "type": "Feature",
         "geometry": {
            "type": "Polygon",
            "coordinates": [
               [
                  31.407393,
                  29.993135,
                  0.0
               ],
               [
                  31.407508,
                  29.993273,
                  0.0
               ],
               [
                  31.407577,
                  29.993237,
                  0.0
               ],
               [
                  31.407601,
                  29.993195,
                  0.0
               ]
            ]
         },
         "properties": {
            "object_imcoords": "EMPTY",
            "building_imcoords": "196.722325, 442.805449, 217.297656, 415.202885, 229.255311, 422.755647, 233.370424, 431.231781, 233.366544, 449.084633, 216.295264, 464.046115, 194.651872, 451.21862",
            "road_imcoords": "EMPTY",
            "image_id": "BLD00197_PS3_K3A_NIA0276.png",
            "ingest_time": "2023-03-02T14:34:14.313313Z",
            "type_id": "1",
            "type_name": "건물"
         }
      },
      {
         "type": "Feature",
         "geometry": {
            "type": "Polygon",
            "coordinates": [
               [
                  31.407457,
                  29.993468,
                  0.0
               ],
               [
                  31.407457,
                  29.993491,
                  0.0
               ],
               [
                  31.407613,
                  29.993487,
                  0.0
               ],
               [
                  31.407618,
                  29.993361,
                  0.0
               ]
            ]
         },
         "properties": {
            "object_imcoords": "EMPTY",
            "building_imcoords": "208.866544, 375.840872, 209.026437, 371.132726, 236.347539, 372.429120, 236.872547, 397.725097, 234.109902, 398.172505, 232.751374, 404.325688, 204.731100, 403.267397, 204.520996, 375.91905",
            "road_imcoords": "EMPTY",
            "image_id": "BLD00197_PS3_K3A_NIA0276.png",
            "ingest_time": "2023-03-02T14:34:14.313313Z",
            "type_id": "1",
            "type_name": "건물"
         }
      },
      {
         "type": "Feature",
         "geometry": {
            "type": "Polygon",
            "coordinates": [
               [
                  31.407499,
                  29.993889,
                  0.0
               ],
               [
                  31.407572,
                  29.993893,
                  0.0
               ],
               [
                  31.407589,
                  29.993874,
                  0.0
               ],
               [
                  31.407687,
                  29.99387,
                  0.0
               ]
            ]
         },
         "properties": {
            "object_imcoords": "EMPTY",
            "building_imcoords": "217.489765, 291.096294, 230.283281, 290.570533, 233.262593, 294.250859, 250.282284, 295.319237, 250.582224, 311.385308, 265.102594, 311.370557, 265.158755, 326.375052, 252.116523, 327.250942, 250.627098, 337.529424, 257.622849, 349.268968, 250.782326, 354.917701, 250.532223, 368.993151, 208.931507, 365.652844, 209.587937, 352.934268, 204.141557, 352.654431, 205.104622, 325.392412, 207.617794, 325.794153, 210.007013, 302.95938",
            "road_imcoords": "EMPTY",
            "image_id": "BLD00197_PS3_K3A_NIA0276.png",
            "ingest_time": "2023-03-02T14:34:14.313313Z",
            "type_id": "1",
            "type_name": "건물"
         }
      },
      {
         "type": "Feature",
         "geometry": {
            "type": "Polygon",
            "coordinates": [
               [
                  31.407437,
                  29.994202,
                  0.0
               ],
               [
                  31.407435,
                  29.994099,
                  0.0
               ],
               [
                  31.407523,
                  29.994087,
                  0.0
               ],
               [
                  31.407528,
                  29.994031,
                  0.0
               ]
            ]
         },
         "properties": {
            "object_imcoords": "EMPTY",
            "building_imcoords": "207.485766, 227.935283, 206.721821, 248.722771, 222.166764, 251.267433, 222.985732, 262.544319, 215.470463, 266.402767, 215.007131, 274.983113, 221.733463, 279.192585, 244.026527, 280.625703, 248.637526, 286.155344, 254.818790, 284.086148, 262.705204, 274.096691, 262.705204, 265.334009, 256.921834, 261.127921, 257.097088, 250.437450, 267.437052, 249.385928, 267.437052, 231.510057, 262.880458, 229.932774, 252.891000, 229.932774, 254.468283, 220.293824, 250.787957, 215.561975, 242.901543, 215.036215, 219.768063, 216.087736, 219.242302, 227.12871",
            "road_imcoords": "EMPTY",
            "image_id": "BLD00197_PS3_K3A_NIA0276.png",
            "ingest_time": "2023-03-02T14:34:14.313313Z",
            "type_id": "1",
            "type_name": "건물"
         }
      },
      {
         "type": "Feature",
         "geometry": {
            "type": "Polygon",
            "coordinates": [
               [
                  31.407456,
                  29.994536,
                  0.0
               ],
               [
                  31.407556,
                  29.994545,
                  0.0
               ],
               [
                  31.407551,
                  29.994489,
                  0.0
               ],
               [
                  31.407574,
                  29.994478,
                  0.0
               ]
            ]
         },
         "properties": {
            "object_imcoords": "EMPTY",
            "building_imcoords": "211.740338, 160.542493, 229.227494, 159.135291, 228.267968, 170.388407, 232.301689, 172.578614, 234.010425, 177.175277, 250.320258, 175.271801, 250.612703, 192.954256, 251.025326, 205.276493, 246.124987, 205.160328, 246.285926, 210.084327, 229.582267, 210.304366, 229.582267, 214.685707, 218.015526, 215.036215, 195.057300, 214.159946, 188.047154, 207.149801, 187.696647, 186.469871, 185.067842, 184.892589, 189.402080, 168.462618, 199.078205, 167.377385, 199.637677, 161.26036",
            "road_imcoords": "EMPTY",
            "image_id": "BLD00197_PS3_K3A_NIA0276.png",
            "ingest_time": "2023-03-02T14:34:14.313313Z",
            "type_id": "1",
            "type_name": "건물"
         }
      },
      {
         "type": "Feature",
         "geometry": {
            "type": "Polygon",
            "coordinates": [
               [
                  31.407228,
                  29.994942,
                  0.0
               ],
               [
                  31.407347,
                  29.994941,
                  0.0
               ],
               [
                  31.407348,
                  29.994964,
                  0.0
               ],
               [
                  31.407445,
                  29.99497,
                  0.0
               ]
            ]
         },
         "properties": {
            "object_imcoords": "EMPTY",
            "building_imcoords": "172.794875, 78.262085, 193.784083, 78.750207, 193.946790, 74.194409, 211.031029, 73.218167, 212.983513, 75.333359, 225.290425, 75.315062, 225.104886, 98.284121, 227.246369, 101.028931, 227.157787, 121.183059, 227.289053, 144.166454, 194.469892, 145.510435, 180.130319, 142.456446, 180.124608, 133.892438, 165.534794, 133.659136, 163.002160, 83.943892, 170.996816, 83.943892, 171.107853, 79.61345",
            "road_imcoords": "EMPTY",
            "image_id": "BLD00197_PS3_K3A_NIA0276.png",
            "ingest_time": "2023-03-02T14:34:14.313313Z",
            "type_id": "1",
            "type_name": "건물"
         }
      },
      {
         "type": "Feature",
         "geometry": {
            "type": "Polygon",
            "coordinates": [
               [
                  31.40817,
                  29.995035,
                  0.0
               ],
               [
                  31.408282,
                  29.995033,
                  0.0
               ],
               [
                  31.408279,
                  29.99492,
                  0.0
               ],
               [
                  31.40827,
                  29.994904,
                  0.0
               ]
            ]
         },
         "properties": {
            "object_imcoords": "EMPTY",
            "building_imcoords": "338.296330, 61.848573, 357.988428, 62.431956, 357.097138, 85.298933, 355.517528, 88.352845, 345.513332, 87.931616, 345.723947, 89.827148, 336.878131, 90.458992, 336.878131, 99.936651, 330.957619, 99.563882, 327.922603, 98.065080, 327.430463, 91.030230, 327.068521, 75.733110, 330.146849, 71.244598, 331.467383, 64.707529, 335.784984, 65.12074",
            "road_imcoords": "EMPTY",
            "image_id": "BLD00197_PS3_K3A_NIA0276.png",
            "ingest_time": "2023-03-02T14:34:14.313313Z",
            "type_id": "1",
            "type_name": "건물"
         }
      },
      {
         "type": "Feature",
         "geometry": {
            "type": "Polygon",
            "coordinates": [
               [
                  31.409104,
                  29.994236,
                  0.0
               ],
               [
                  31.409102,
                  29.994173,
                  0.0
               ],
               [
                  31.409153,
                  29.994174,
                  0.0
               ],
               [
                  31.409247,
                  29.994108,
                  0.0
               ]
            ]
         },
         "properties": {
            "object_imcoords": "EMPTY",
            "building_imcoords": "499.842922, 225.061796, 499.375342, 237.686454, 508.371318, 237.761365, 524.682941, 251.303240, 525.119341, 258.662746, 542.866357, 259.734675, 545.871414, 273.815316, 572.941248, 274.157686, 574.032268, 261.688889, 578.084627, 260.753729, 576.681887, 249.531811, 580.770010, 235.208497, 584.929200, 233.864558, 585.406636, 223.424519, 588.527245, 221.602936, 588.527245, 215.710198, 582.136986, 203.553120, 573.391789, 200.890811, 571.376324, 206.091759, 551.025985, 203.389994, 549.864273, 219.414870, 539.537339, 217.923756, 535.751595, 213.690802, 532.314765, 212.127856, 531.394280, 207.976112, 524.183276, 202.38637",
            "road_imcoords": "EMPTY",
            "image_id": "BLD00197_PS3_K3A_NIA0276.png",
            "ingest_time": "2023-03-02T14:34:14.313313Z",
            "type_id": "1",
            "type_name": "건물"
         }
      },
      {
         "type": "Feature",
         "geometry": {
            "type": "Polygon",
            "coordinates": [
               [
                  31.408811,
                  29.994731,
                  0.0
               ],
               [
                  31.408873,
                  29.99472,
                  0.0
               ],
               [
                  31.408895,
                  29.9947,
                  0.0
               ],
               [
                  31.408974,
                  29.994708,
                  0.0
               ]
            ]
         },
         "properties": {
            "object_imcoords": "EMPTY",
            "building_imcoords": "450.000000, 124.635036, 460.811463, 126.982105, 464.648929, 130.996704, 478.456457, 129.678866, 487.686573, 133.991700, 502.701237, 130.208686, 511.901306, 160.812772, 512.405468, 170.239093, 515.674891, 185.027154, 485.792491, 196.135475, 480.326725, 184.505891, 463.251381, 175.227614, 456.264756, 175.070476, 443.105951, 161.393324, 442.235123, 141.944848, 448.330914, 140.203193, 448.621190, 126.85050",
            "road_imcoords": "EMPTY",
            "image_id": "BLD00197_PS3_K3A_NIA0276.png",
            "ingest_time": "2023-03-02T14:34:14.313313Z",
            "type_id": "1",
            "type_name": "건물"
         }
      },
      {
         "type": "Feature",
         "geometry": {
            "type": "Polygon",
            "coordinates": [
               [
                  31.40958,
                  29.994833,
                  0.0
               ],
               [
                  31.409673,
                  29.994706,
                  0.0
               ],
               [
                  31.409671,
                  29.994681,
                  0.0
               ],
               [
                  31.409647,
                  29.994674,
                  0.0
               ]
            ]
         },
         "properties": {
            "object_imcoords": "EMPTY",
            "building_imcoords": "585.171569, 105.882353, 601.102941, 131.862745, 600.708339, 136.886051, 596.307399, 138.198752, 597.503358, 141.081166, 591.673740, 142.887667, 591.563033, 145.742153, 580.364326, 153.759349, 584.436275, 159.313725, 569.240196, 165.441176, 542.524510, 137.500000, 543.014706, 125.00000",
            "road_imcoords": "EMPTY",
            "image_id": "BLD00197_PS3_K3A_NIA0276.png",
            "ingest_time": "2023-03-02T14:34:14.313313Z",
            "type_id": "1",
            "type_name": "건물"
         }
      }
   ]
}