{
   "type": "FeatureCollection",
   "features": [
      {
         "type": "Feature",
         "geometry": {
            "type": "Polygon",
            "coordinates": [
               [
                  31.409175,
                  30.049497,
                  0.0
               ],
               [
                  31.415015,
                  30.049568,
                  0.0
               ],
               [
                  31.414934,
                  30.054648,
                  0.0
               ],
               [
                  31.409094,
                  30.054578,
                  0.0
               ]
            ]
         },
         "properties": {
            "object_imcoords": "EMPTY",
            "building_imcoords": "725.926196, 824.554933, 715.642632, 832.501324, 716.110066, 833.436193, 680.585024, 858.677671, 677.780415, 856.340497, 658.148155, 877.375062, 659.550459, 890.930670, 711.903153, 933.467234, 732.470283, 911.030365, 766.125587, 890.463235, 761.918674, 875.972757, 756.311581, 867.020074, 761.451239, 860.547410, 756.309456, 852.133584, 746.960761, 855.87306",
            "road_imcoords": "EMPTY",
            "image_id": "BLD01049_PS3_K3A_NIA0277.png",
            "ingest_time": "2023-03-02T14:34:14.313313Z",
            "type_id": "1",
            "type_name": "건물"
         }
      },
      {
         "type": "Feature",
         "geometry": {
            "type": "Polygon",
            "coordinates": [
               [
                  31.409175,
                  30.049497,
                  0.0
               ],
               [
                  31.415015,
                  30.049568,
                  0.0
               ],
               [
                  31.414934,
                  30.054648,
                  0.0
               ],
               [
                  31.409094,
                  30.054578,
                  0.0
               ]
            ]
         },
         "properties": {
            "object_imcoords": "EMPTY",
            "building_imcoords": "761.024391, 476.514212, 674.434337, 542.666863, 674.972163, 551.809912, 696.485220, 579.239060, 717.998277, 564.179920, 715.846972, 576.012101, 721.763062, 589.457762, 728.754806, 597.525158, 740.049161, 598.600811, 723.914368, 608.281687, 723.914368, 617.424736, 746.503078, 647.543016, 832.555306, 588.919935, 832.555306, 574.936448, 813.731381, 548.582953, 806.739637, 551.809912, 785.764407, 516.851194, 787.915713, 513.624236, 781.999622, 505.55683",
            "road_imcoords": "EMPTY",
            "image_id": "BLD01049_PS3_K3A_NIA0277.png",
            "ingest_time": "2023-03-02T14:34:14.313313Z",
            "type_id": "1",
            "type_name": "건물"
         }
      },
      {
         "type": "Feature",
         "geometry": {
            "type": "Polygon",
            "coordinates": [
               [
                  31.409175,
                  30.049497,
                  0.0
               ],
               [
                  31.415015,
                  30.049568,
                  0.0
               ],
               [
                  31.414934,
                  30.054648,
                  0.0
               ],
               [
                  31.409094,
                  30.054578,
                  0.0
               ]
            ]
         },
         "properties": {
            "object_imcoords": "EMPTY",
            "building_imcoords": "935.365470, 363.621549, 924.461564, 371.680957, 903.601919, 343.235986, 884.638604, 357.458471, 886.534936, 358.880720, 870.890202, 371.680957, 870.890202, 381.636697, 966.180855, 515.802144, 1006.477898, 489.727588, 1004.107483, 485.934925, 1013.115058, 478.34959",
            "road_imcoords": "EMPTY",
            "image_id": "BLD01049_PS3_K3A_NIA0277.png",
            "ingest_time": "2023-03-02T14:34:14.313313Z",
            "type_id": "1",
            "type_name": "건물"
         }
      },
      {
         "type": "Feature",
         "geometry": {
            "type": "Polygon",
            "coordinates": [
               [
                  31.409175,
                  30.049497,
                  0.0
               ],
               [
                  31.415015,
                  30.049568,
                  0.0
               ],
               [
                  31.414934,
                  30.054648,
                  0.0
               ],
               [
                  31.409094,
                  30.054578,
                  0.0
               ]
            ]
         },
         "properties": {
            "object_imcoords": "EMPTY",
            "building_imcoords": "795.407105, 433.898305, 786.632620, 440.040445, 788.387517, 443.988963, 762.941509, 463.292831, 763.818958, 473.822214, 772.154719, 480.841802, 804.620315, 456.273243, 805.059039, 447.06003",
            "road_imcoords": "EMPTY",
            "image_id": "BLD01049_PS3_K3A_NIA0277.png",
            "ingest_time": "2023-03-02T14:34:14.313313Z",
            "type_id": "1",
            "type_name": "건물"
         }
      },
      {
         "type": "Feature",
         "geometry": {
            "type": "Polygon",
            "coordinates": [
               [
                  31.409175,
                  30.049497,
                  0.0
               ],
               [
                  31.415015,
                  30.049568,
                  0.0
               ],
               [
                  31.414934,
                  30.054648,
                  0.0
               ],
               [
                  31.409094,
                  30.054578,
                  0.0
               ]
            ]
         },
         "properties": {
            "object_imcoords": "EMPTY",
            "building_imcoords": "887.977927, 562.444517, 860.338298, 582.625833, 859.899573, 589.206697, 865.164265, 597.542459, 896.752412, 575.606245, 896.752412, 571.65772",
            "road_imcoords": "EMPTY",
            "image_id": "BLD01049_PS3_K3A_NIA0277.png",
            "ingest_time": "2023-03-02T14:34:14.313313Z",
            "type_id": "1",
            "type_name": "건물"
         }
      },
      {
         "type": "Feature",
         "geometry": {
            "type": "Polygon",
            "coordinates": [
               [
                  31.409175,
                  30.049497,
                  0.0
               ],
               [
                  31.415015,
                  30.049568,
                  0.0
               ],
               [
                  31.414934,
                  30.054648,
                  0.0
               ],
               [
                  31.409094,
                  30.054578,
                  0.0
               ]
            ]
         },
         "properties": {
            "object_imcoords": "EMPTY",
            "building_imcoords": "692.449178, 446.552781, 672.752846, 455.169927, 656.441821, 470.557686, 623.204260, 490.561773, 626.281812, 499.486674, 652.441004, 531.185459, 678.907950, 513.027902, 691.218158, 505.949533, 720.454901, 482.25238",
            "road_imcoords": "EMPTY",
            "image_id": "BLD01049_PS3_K3A_NIA0277.png",
            "ingest_time": "2023-03-02T14:34:14.313313Z",
            "type_id": "1",
            "type_name": "건물"
         }
      },
      {
         "type": "Feature",
         "geometry": {
            "type": "Polygon",
            "coordinates": [
               [
                  31.409175,
                  30.049497,
                  0.0
               ],
               [
                  31.415015,
                  30.049568,
                  0.0
               ],
               [
                  31.414934,
                  30.054648,
                  0.0
               ],
               [
                  31.409094,
                  30.054578,
                  0.0
               ]
            ]
         },
         "properties": {
            "object_imcoords": "EMPTY",
            "building_imcoords": "636.082311, 710.677419, 585.195726, 741.325021, 624.517178, 802.620225, 673.668993, 770.81611",
            "road_imcoords": "EMPTY",
            "image_id": "BLD01049_PS3_K3A_NIA0277.png",
            "ingest_time": "2023-03-02T14:34:14.313313Z",
            "type_id": "1",
            "type_name": "건물"
         }
      },
      {
         "type": "Feature",
         "geometry": {
            "type": "Polygon",
            "coordinates": [
               [
                  31.409175,
                  30.049497,
                  0.0
               ],
               [
                  31.415015,
                  30.049568,
                  0.0
               ],
               [
                  31.414934,
                  30.054648,
                  0.0
               ],
               [
                  31.409094,
                  30.054578,
                  0.0
               ]
            ]
         },
         "properties": {
            "object_imcoords": "EMPTY",
            "building_imcoords": "604.982062, 796.107310, 619.855622, 825.110753, 628.407919, 819.905007, 629.151597, 814.699261, 614.278037, 788.67053",
            "road_imcoords": "EMPTY",
            "image_id": "BLD01049_PS3_K3A_NIA0277.png",
            "ingest_time": "2023-03-02T14:34:14.313313Z",
            "type_id": "1",
            "type_name": "건물"
         }
      },
      {
         "type": "Feature",
         "geometry": {
            "type": "Polygon",
            "coordinates": [
               [
                  31.409175,
                  30.049497,
                  0.0
               ],
               [
                  31.415015,
                  30.049568,
                  0.0
               ],
               [
                  31.414934,
                  30.054648,
                  0.0
               ],
               [
                  31.409094,
                  30.054578,
                  0.0
               ]
            ]
         },
         "properties": {
            "object_imcoords": "EMPTY",
            "building_imcoords": "626.548724, 804.659608, 627.664241, 811.724549, 633.613665, 816.930295, 680.837219, 787.183174, 679.721702, 782.721106, 673.772278, 773.05329",
            "road_imcoords": "EMPTY",
            "image_id": "BLD01049_PS3_K3A_NIA0277.png",
            "ingest_time": "2023-03-02T14:34:14.313313Z",
            "type_id": "1",
            "type_name": "건물"
         }
      },
      {
         "type": "Feature",
         "geometry": {
            "type": "Polygon",
            "coordinates": [
               [
                  31.409175,
                  30.049497,
                  0.0
               ],
               [
                  31.415015,
                  30.049568,
                  0.0
               ],
               [
                  31.414934,
                  30.054648,
                  0.0
               ],
               [
                  31.409094,
                  30.054578,
                  0.0
               ]
            ]
         },
         "properties": {
            "object_imcoords": "EMPTY",
            "building_imcoords": "912.186384, 0.000000, 902.953729, 13.848984, 879.256579, 0.000000, 874.640251, 0.000000, 868.177392, 10.463676, 870.331678, 13.848984, 867.869637, 19.388577, 866.946371, 28.621233, 897.721890, 48.625320, 897.414135, 65.244100, 911.878629, 72.014715, 925.727613, 78.169818, 933.421492, 71.706959, 938.345575, 62.474304, 935.883534, 58.165731, 944.500679, 42.162461, 940.807617, 30.775519, 930.036185, 26.466946, 932.498227, 24.466538, 939.884351, 27.390212, 948.809252, 13.541228, 956.810887, 0.00000",
            "road_imcoords": "EMPTY",
            "image_id": "BLD01049_PS3_K3A_NIA0277.png",
            "ingest_time": "2023-03-02T14:34:14.313313Z",
            "type_id": "1",
            "type_name": "건물"
         }
      },
      {
         "type": "Feature",
         "geometry": {
            "type": "Polygon",
            "coordinates": [
               [
                  31.409175,
                  30.049497,
                  0.0
               ],
               [
                  31.415015,
                  30.049568,
                  0.0
               ],
               [
                  31.414934,
                  30.054648,
                  0.0
               ],
               [
                  31.409094,
                  30.054578,
                  0.0
               ]
            ]
         },
         "properties": {
            "object_imcoords": "EMPTY",
            "building_imcoords": "873.091893, 54.415785, 867.462673, 68.113552, 880.222237, 74.305693, 884.162690, 60.04500",
            "road_imcoords": "EMPTY",
            "image_id": "BLD01049_PS3_K3A_NIA0277.png",
            "ingest_time": "2023-03-02T14:34:14.313313Z",
            "type_id": "1",
            "type_name": "건물"
         }
      },
      {
         "type": "Feature",
         "geometry": {
            "type": "Polygon",
            "coordinates": [
               [
                  31.409175,
                  30.049497,
                  0.0
               ],
               [
                  31.415015,
                  30.049568,
                  0.0
               ],
               [
                  31.414934,
                  30.054648,
                  0.0
               ],
               [
                  31.409094,
                  30.054578,
                  0.0
               ]
            ]
         },
         "properties": {
            "object_imcoords": "EMPTY",
            "building_imcoords": "831.185649, 15.938363, 858.081637, 33.271334, 868.441574, 15.739134, 843.936340, 0.00000",
            "road_imcoords": "EMPTY",
            "image_id": "BLD01049_PS3_K3A_NIA0277.png",
            "ingest_time": "2023-03-02T14:34:14.313313Z",
            "type_id": "1",
            "type_name": "건물"
         }
      },
      {
         "type": "Feature",
         "geometry": {
            "type": "Polygon",
            "coordinates": [
               [
                  31.409175,
                  30.049497,
                  0.0
               ],
               [
                  31.415015,
                  30.049568,
                  0.0
               ],
               [
                  31.414934,
                  30.054648,
                  0.0
               ],
               [
                  31.409094,
                  30.054578,
                  0.0
               ]
            ]
         },
         "properties": {
            "object_imcoords": "EMPTY",
            "building_imcoords": "982.768385, 19.881713, 997.144393, 75.550511, 1024.000000, 79.832726, 1024.000000, 51.692455, 1014.884999, 19.26996",
            "road_imcoords": "EMPTY",
            "image_id": "BLD01049_PS3_K3A_NIA0277.png",
            "ingest_time": "2023-03-02T14:34:14.313313Z",
            "type_id": "1",
            "type_name": "건물"
         }
      },
      {
         "type": "Feature",
         "geometry": {
            "type": "Polygon",
            "coordinates": [
               [
                  31.409175,
                  30.049497,
                  0.0
               ],
               [
                  31.415015,
                  30.049568,
                  0.0
               ],
               [
                  31.414934,
                  30.054648,
                  0.0
               ],
               [
                  31.409094,
                  30.054578,
                  0.0
               ]
            ]
         },
         "properties": {
            "object_imcoords": "EMPTY",
            "building_imcoords": "507.455059, 566.113066, 482.346057, 601.561070, 493.740058, 609.368071, 497.538058, 607.258071, 503.024059, 609.790071, 509.143060, 603.038071, 504.923059, 597.552070, 522.647061, 574.13106",
            "road_imcoords": "EMPTY",
            "image_id": "BLD01049_PS3_K3A_NIA0277.png",
            "ingest_time": "2023-03-02T14:34:14.313313Z",
            "type_id": "1",
            "type_name": "건물"
         }
      },
      {
         "type": "Feature",
         "geometry": {
            "type": "Polygon",
            "coordinates": [
               [
                  31.409175,
                  30.049497,
                  0.0
               ],
               [
                  31.415015,
                  30.049568,
                  0.0
               ],
               [
                  31.414934,
                  30.054648,
                  0.0
               ],
               [
                  31.409094,
                  30.054578,
                  0.0
               ]
            ]
         },
         "properties": {
            "object_imcoords": "EMPTY",
            "building_imcoords": "958.382940, 345.650007, 944.159589, 354.003404, 944.385357, 363.034103, 960.640615, 381.998571, 973.960896, 372.967872, 973.960896, 366.19484",
            "road_imcoords": "EMPTY",
            "image_id": "BLD01049_PS3_K3A_NIA0277.png",
            "ingest_time": "2023-03-02T14:34:14.313313Z",
            "type_id": "1",
            "type_name": "건물"
         }
      },
      {
         "type": "Feature",
         "geometry": {
            "type": "Polygon",
            "coordinates": [
               [
                  31.409175,
                  30.049497,
                  0.0
               ],
               [
                  31.415015,
                  30.049568,
                  0.0
               ],
               [
                  31.414934,
                  30.054648,
                  0.0
               ],
               [
                  31.409094,
                  30.054578,
                  0.0
               ]
            ]
         },
         "properties": {
            "object_imcoords": "EMPTY",
            "building_imcoords": "533.435125, 577.409033, 520.789033, 594.941114, 537.746292, 604.138272, 550.104972, 586.606191, 538.895937, 577.98385",
            "road_imcoords": "EMPTY",
            "image_id": "BLD01049_PS3_K3A_NIA0277.png",
            "ingest_time": "2023-03-02T14:34:14.313313Z",
            "type_id": "1",
            "type_name": "건물"
         }
      },
      {
         "type": "Feature",
         "geometry": {
            "type": "Polygon",
            "coordinates": [
               [
                  31.412301,
                  30.051639,
                  0.0
               ],
               [
                  31.412249,
                  30.051606,
                  0.0
               ],
               [
                  31.412249,
                  30.051595,
                  0.0
               ],
               [
                  31.412267,
                  30.05158,
                  0.0
               ]
            ]
         },
         "properties": {
            "object_imcoords": "EMPTY",
            "building_imcoords": "553.999467, 600.080118, 544.714560, 606.613942, 544.714560, 608.677255, 547.809529, 611.772224, 558.469978, 604.894515, 558.813864, 601.45566",
            "road_imcoords": "EMPTY",
            "image_id": "BLD01049_PS3_K3A_NIA0277.png",
            "ingest_time": "2023-03-02T14:34:14.313313Z",
            "type_id": "1",
            "type_name": "건물"
         }
      },
      {
         "type": "Feature",
         "geometry": {
            "type": "Polygon",
            "coordinates": [
               [
                  31.412284,
                  30.05136,
                  0.0
               ],
               [
                  31.412263,
                  30.051348,
                  0.0
               ],
               [
                  31.412257,
                  30.051326,
                  0.0
               ],
               [
                  31.412273,
                  30.051295,
                  0.0
               ]
            ]
         },
         "properties": {
            "object_imcoords": "EMPTY",
            "building_imcoords": "550.216727, 656.133447, 546.433987, 658.540645, 545.402331, 663.011156, 548.153415, 669.201095, 553.999467, 667.825553, 555.031124, 662.667271, 555.031124, 662.66727",
            "road_imcoords": "EMPTY",
            "image_id": "BLD01049_PS3_K3A_NIA0277.png",
            "ingest_time": "2023-03-02T14:34:14.313313Z",
            "type_id": "1",
            "type_name": "건물"
         }
      },
      {
         "type": "Feature",
         "geometry": {
            "type": "Polygon",
            "coordinates": [
               [
                  31.413041,
                  30.0516,
                  0.0
               ],
               [
                  31.412989,
                  30.051573,
                  0.0
               ],
               [
                  31.412987,
                  30.051558,
                  0.0
               ],
               [
                  31.413013,
                  30.051511,
                  0.0
               ]
            ]
         },
         "properties": {
            "object_imcoords": "EMPTY",
            "building_imcoords": "683.644284, 609.708911, 674.359376, 614.867193, 674.015491, 617.962162, 678.486002, 627.590955, 691.553649, 619.337704, 691.553649, 615.89884",
            "road_imcoords": "EMPTY",
            "image_id": "BLD01049_PS3_K3A_NIA0277.png",
            "ingest_time": "2023-03-02T14:34:14.313313Z",
            "type_id": "1",
            "type_name": "건물"
         }
      },
      {
         "type": "Feature",
         "geometry": {
            "type": "Polygon",
            "coordinates": [
               [
                  31.412219,
                  30.051248,
                  0.0
               ],
               [
                  31.412198,
                  30.05124,
                  0.0
               ],
               [
                  31.412196,
                  30.051226,
                  0.0
               ],
               [
                  31.412224,
                  30.051172,
                  0.0
               ]
            ]
         },
         "properties": {
            "object_imcoords": "EMPTY",
            "building_imcoords": "538.524622, 678.486002, 534.741882, 680.205429, 534.397996, 682.956513, 539.212393, 693.960847, 545.058445, 691.209764, 545.058445, 687.083138, 545.058445, 687.08313",
            "road_imcoords": "EMPTY",
            "image_id": "BLD01049_PS3_K3A_NIA0277.png",
            "ingest_time": "2023-03-02T14:34:14.313313Z",
            "type_id": "1",
            "type_name": "건물"
         }
      },
      {
         "type": "Feature",
         "geometry": {
            "type": "Polygon",
            "coordinates": [
               [
                  31.412167,
                  30.051219,
                  0.0
               ],
               [
                  31.412139,
                  30.051205,
                  0.0
               ],
               [
                  31.412132,
                  30.051186,
                  0.0
               ],
               [
                  31.412168,
                  30.051132,
                  0.0
               ]
            ]
         },
         "properties": {
            "object_imcoords": "EMPTY",
            "building_imcoords": "529.239715, 684.332055, 524.425318, 687.083138, 523.049776, 690.865878, 529.239715, 701.870213, 536.117424, 698.431358, 536.117424, 694.304733, 536.117424, 694.30473",
            "road_imcoords": "EMPTY",
            "image_id": "BLD01049_PS3_K3A_NIA0277.png",
            "ingest_time": "2023-03-02T14:34:14.313313Z",
            "type_id": "1",
            "type_name": "건물"
         }
      },
      {
         "type": "Feature",
         "geometry": {
            "type": "Polygon",
            "coordinates": [
               [
                  31.413935,
                  30.051345,
                  0.0
               ],
               [
                  31.41388,
                  30.051308,
                  0.0
               ],
               [
                  31.413861,
                  30.05133,
                  0.0
               ],
               [
                  31.413816,
                  30.051303,
                  0.0
               ]
            ]
         },
         "properties": {
            "object_imcoords": "EMPTY",
            "building_imcoords": "839.680903, 663.268580, 829.868620, 670.575599, 826.528268, 665.982616, 818.594933, 671.410687, 823.396689, 676.421215, 812.958090, 683.519462, 820.056337, 693.540517, 825.484408, 700.012448, 797.926507, 721.515962, 801.266859, 725.273858, 800.849315, 729.658070, 839.263359, 697.298413, 836.131779, 691.035253, 834.252832, 692.079113, 829.868620, 685.398410, 832.165112, 683.310690, 829.451076, 679.135250, 841.142307, 669.114195, 842.394939, 671.201915, 846.361606, 666.81770",
            "road_imcoords": "EMPTY",
            "image_id": "BLD01049_PS3_K3A_NIA0277.png",
            "ingest_time": "2023-03-02T14:34:14.313313Z",
            "type_id": "1",
            "type_name": "건물"
         }
      },
      {
         "type": "Feature",
         "geometry": {
            "type": "Polygon",
            "coordinates": [
               [
                  31.413589,
                  30.054244,
                  0.0
               ],
               [
                  31.41356,
                  30.054213,
                  0.0
               ],
               [
                  31.413617,
                  30.054175,
                  0.0
               ],
               [
                  31.413652,
                  30.054216,
                  0.0
               ]
            ]
         },
         "properties": {
            "object_imcoords": "EMPTY",
            "building_imcoords": "787.061649, 78.184932, 781.849321, 84.439727, 791.752745, 92.258220, 798.007540, 83.91849",
            "road_imcoords": "EMPTY",
            "image_id": "BLD01049_PS3_K3A_NIA0277.png",
            "ingest_time": "2023-03-02T14:34:14.313313Z",
            "type_id": "1",
            "type_name": "건물"
         }
      },
      {
         "type": "Feature",
         "geometry": {
            "type": "Polygon",
            "coordinates": [
               [
                  31.410025,
                  30.051915,
                  0.0
               ],
               [
                  31.410031,
                  30.051841,
                  0.0
               ],
               [
                  31.410066,
                  30.051829,
                  0.0
               ],
               [
                  31.410067,
                  30.051773,
                  0.0
               ]
            ]
         },
         "properties": {
            "object_imcoords": "EMPTY",
            "building_imcoords": "155.828551, 538.870799, 156.699101, 553.670158, 162.792955, 556.281810, 162.792955, 567.598967, 211.543787, 558.893462, 214.155439, 538.870799, 173.239562, 534.518046, 173.239562, 534.51804",
            "road_imcoords": "EMPTY",
            "image_id": "BLD01049_PS3_K3A_NIA0277.png",
            "ingest_time": "2023-03-02T14:34:14.313313Z",
            "type_id": "1",
            "type_name": "건물"
         }
      }
   ]
}