{
   "type": "FeatureCollection",
   "features": [
      {
         "type": "Feature",
         "geometry": {
            "type": "Polygon",
            "coordinates": [
               [
                  31.407791,
                  30.135868,
                  0.0
               ],
               [
                  31.413637,
                  30.135938,
                  0.0
               ],
               [
                  31.413555,
                  30.141019,
                  0.0
               ],
               [
                  31.40771,
                  30.140948,
                  0.0
               ]
            ]
         },
         "properties": {
            "object_imcoords": "EMPTY",
            "building_imcoords": "669.862076, 125.625224, 647.324660, 135.641853, 646.072581, 133.137696, 597.039640, 148.797805, 590.262100, 151.878505, 586.257190, 150.954295, 573.010181, 157.423765, 582.560350, 190.387254, 683.607307, 157.423765, 683.607307, 153.72692",
            "road_imcoords": "EMPTY",
            "image_id": "BLD00623_PS3_K3A_NIA0277.png",
            "ingest_time": "2023-03-02T14:34:14.313313Z",
            "type_id": "1",
            "type_name": "건물"
         }
      },
      {
         "type": "Feature",
         "geometry": {
            "type": "Polygon",
            "coordinates": [
               [
                  31.407791,
                  30.135868,
                  0.0
               ],
               [
                  31.413637,
                  30.135938,
                  0.0
               ],
               [
                  31.413555,
                  30.141019,
                  0.0
               ],
               [
                  31.40771,
                  30.140948,
                  0.0
               ]
            ]
         },
         "properties": {
            "object_imcoords": "EMPTY",
            "building_imcoords": "681.758887, 160.504465, 583.176490, 190.079184, 593.650870, 228.587932, 618.604539, 221.194253, 623.225589, 222.734603, 670.976437, 209.179523, 672.824857, 205.482683, 695.313967, 195.62444",
            "road_imcoords": "EMPTY",
            "image_id": "BLD00623_PS3_K3A_NIA0277.png",
            "ingest_time": "2023-03-02T14:34:14.313313Z",
            "type_id": "1",
            "type_name": "건물"
         }
      },
      {
         "type": "Feature",
         "geometry": {
            "type": "Polygon",
            "coordinates": [
               [
                  31.410538,
                  30.140276,
                  0.0
               ],
               [
                  31.410585,
                  30.140102,
                  0.0
               ],
               [
                  31.410702,
                  30.140118,
                  0.0
               ],
               [
                  31.410704,
                  30.140149,
                  0.0
               ]
            ]
         },
         "properties": {
            "object_imcoords": "EMPTY",
            "building_imcoords": "493.528123, 142.328335, 501.229873, 177.448314, 521.809507, 174.576386, 522.227051, 168.295336, 527.813014, 163.256743, 524.643192, 133.39430",
            "road_imcoords": "EMPTY",
            "image_id": "BLD00623_PS3_K3A_NIA0277.png",
            "ingest_time": "2023-03-02T14:34:14.313313Z",
            "type_id": "1",
            "type_name": "건물"
         }
      },
      {
         "type": "Feature",
         "geometry": {
            "type": "Polygon",
            "coordinates": [
               [
                  31.410256,
                  30.140493,
                  0.0
               ],
               [
                  31.410157,
                  30.140461,
                  0.0
               ],
               [
                  31.410154,
                  30.140431,
                  0.0
               ],
               [
                  31.410176,
                  30.140391,
                  0.0
               ]
            ]
         },
         "properties": {
            "object_imcoords": "EMPTY",
            "building_imcoords": "444.644293, 97.996785, 427.293076, 104.127657, 426.676936, 110.289056, 430.373776, 118.298876, 448.857975, 112.137476, 448.857975, 108.44063",
            "road_imcoords": "EMPTY",
            "image_id": "BLD00623_PS3_K3A_NIA0277.png",
            "ingest_time": "2023-03-02T14:34:14.313313Z",
            "type_id": "1",
            "type_name": "건물"
         }
      },
      {
         "type": "Feature",
         "geometry": {
            "type": "Polygon",
            "coordinates": [
               [
                  31.407791,
                  30.135868,
                  0.0
               ],
               [
                  31.413637,
                  30.135938,
                  0.0
               ],
               [
                  31.413555,
                  30.141019,
                  0.0
               ],
               [
                  31.40771,
                  30.140948,
                  0.0
               ]
            ]
         },
         "properties": {
            "object_imcoords": "EMPTY",
            "building_imcoords": "414.046066, 48.366988, 409.425016, 61.305928, 410.349226, 68.083468, 418.050976, 69.007678, 423.596236, 57.917158, 424.212376, 50.83154",
            "road_imcoords": "EMPTY",
            "image_id": "BLD00623_PS3_K3A_NIA0277.png",
            "ingest_time": "2023-03-02T14:34:14.313313Z",
            "type_id": "1",
            "type_name": "건물"
         }
      },
      {
         "type": "Feature",
         "geometry": {
            "type": "Polygon",
            "coordinates": [
               [
                  31.407791,
                  30.135868,
                  0.0
               ],
               [
                  31.413637,
                  30.135938,
                  0.0
               ],
               [
                  31.413555,
                  30.141019,
                  0.0
               ],
               [
                  31.40771,
                  30.140948,
                  0.0
               ]
            ]
         },
         "properties": {
            "object_imcoords": "EMPTY",
            "building_imcoords": "977.865342, 149.253131, 975.806679, 163.663778, 988.930661, 165.465109, 991.246658, 149.76779",
            "road_imcoords": "EMPTY",
            "image_id": "BLD00623_PS3_K3A_NIA0277.png",
            "ingest_time": "2023-03-02T14:34:14.313313Z",
            "type_id": "1",
            "type_name": "건물"
         }
      },
      {
         "type": "Feature",
         "geometry": {
            "type": "Polygon",
            "coordinates": [
               [
                  31.407791,
                  30.135868,
                  0.0
               ],
               [
                  31.413637,
                  30.135938,
                  0.0
               ],
               [
                  31.413555,
                  30.141019,
                  0.0
               ],
               [
                  31.40771,
                  30.140948,
                  0.0
               ]
            ]
         },
         "properties": {
            "object_imcoords": "EMPTY",
            "building_imcoords": "909.672101, 203.807724, 920.222754, 232.371685, 933.346736, 227.997025, 923.053417, 198.14639",
            "road_imcoords": "EMPTY",
            "image_id": "BLD00623_PS3_K3A_NIA0277.png",
            "ingest_time": "2023-03-02T14:34:14.313313Z",
            "type_id": "1",
            "type_name": "건물"
         }
      },
      {
         "type": "Feature",
         "geometry": {
            "type": "Polygon",
            "coordinates": [
               [
                  31.407791,
                  30.135868,
                  0.0
               ],
               [
                  31.413637,
                  30.135938,
                  0.0
               ],
               [
                  31.413555,
                  30.141019,
                  0.0
               ],
               [
                  31.40771,
                  30.140948,
                  0.0
               ]
            ]
         },
         "properties": {
            "object_imcoords": "EMPTY",
            "building_imcoords": "969.373354, 197.374399, 942.353391, 206.895720, 941.838725, 214.615709, 946.985384, 227.997025, 976.064012, 218.218371, 975.292013, 213.84371",
            "road_imcoords": "EMPTY",
            "image_id": "BLD00623_PS3_K3A_NIA0277.png",
            "ingest_time": "2023-03-02T14:34:14.313313Z",
            "type_id": "1",
            "type_name": "건물"
         }
      },
      {
         "type": "Feature",
         "geometry": {
            "type": "Polygon",
            "coordinates": [
               [
                  31.407791,
                  30.135868,
                  0.0
               ],
               [
                  31.413637,
                  30.135938,
                  0.0
               ],
               [
                  31.413555,
                  30.141019,
                  0.0
               ],
               [
                  31.40771,
                  30.140948,
                  0.0
               ]
            ]
         },
         "properties": {
            "object_imcoords": "EMPTY",
            "building_imcoords": "1024.000000, 186.021242, 977.046152, 202.710999, 980.523185, 216.271426, 1024.000000, 200.97248",
            "road_imcoords": "EMPTY",
            "image_id": "BLD00623_PS3_K3A_NIA0277.png",
            "ingest_time": "2023-03-02T14:34:14.313313Z",
            "type_id": "1",
            "type_name": "건물"
         }
      },
      {
         "type": "Feature",
         "geometry": {
            "type": "Polygon",
            "coordinates": [
               [
                  31.407791,
                  30.135868,
                  0.0
               ],
               [
                  31.413637,
                  30.135938,
                  0.0
               ],
               [
                  31.413555,
                  30.141019,
                  0.0
               ],
               [
                  31.40771,
                  30.140948,
                  0.0
               ]
            ]
         },
         "properties": {
            "object_imcoords": "EMPTY",
            "building_imcoords": "1024.000000, 227.397930, 989.215766, 239.567544, 986.086437, 245.478499, 990.606579, 256.605004, 1024.000000, 245.82620",
            "road_imcoords": "EMPTY",
            "image_id": "BLD00623_PS3_K3A_NIA0277.png",
            "ingest_time": "2023-03-02T14:34:14.313313Z",
            "type_id": "1",
            "type_name": "건물"
         }
      },
      {
         "type": "Feature",
         "geometry": {
            "type": "Polygon",
            "coordinates": [
               [
                  31.407791,
                  30.135868,
                  0.0
               ],
               [
                  31.413637,
                  30.135938,
                  0.0
               ],
               [
                  31.413555,
                  30.141019,
                  0.0
               ],
               [
                  31.40771,
                  30.140948,
                  0.0
               ]
            ]
         },
         "properties": {
            "object_imcoords": "EMPTY",
            "building_imcoords": "1024.000000, 253.823378, 994.431315, 267.383805, 996.517535, 275.728683, 1024.000000, 267.03610",
            "road_imcoords": "EMPTY",
            "image_id": "BLD00623_PS3_K3A_NIA0277.png",
            "ingest_time": "2023-03-02T14:34:14.313313Z",
            "type_id": "1",
            "type_name": "건물"
         }
      },
      {
         "type": "Feature",
         "geometry": {
            "type": "Polygon",
            "coordinates": [
               [
                  31.407791,
                  30.135868,
                  0.0
               ],
               [
                  31.413637,
                  30.135938,
                  0.0
               ],
               [
                  31.413555,
                  30.141019,
                  0.0
               ],
               [
                  31.40771,
                  30.140948,
                  0.0
               ]
            ]
         },
         "properties": {
            "object_imcoords": "EMPTY",
            "building_imcoords": "998.054466, 290.625474, 985.575319, 295.062504, 994.449379, 315.029140, 1001.659553, 314.474511, 1004.155383, 307.26433",
            "road_imcoords": "EMPTY",
            "image_id": "BLD00623_PS3_K3A_NIA0277.png",
            "ingest_time": "2023-03-02T14:34:14.313313Z",
            "type_id": "1",
            "type_name": "건물"
         }
      },
      {
         "type": "Feature",
         "geometry": {
            "type": "Polygon",
            "coordinates": [
               [
                  31.407791,
                  30.135868,
                  0.0
               ],
               [
                  31.413637,
                  30.135938,
                  0.0
               ],
               [
                  31.413555,
                  30.141019,
                  0.0
               ],
               [
                  31.40771,
                  30.140948,
                  0.0
               ]
            ]
         },
         "properties": {
            "object_imcoords": "EMPTY",
            "building_imcoords": "1024.000000, 302.827307, 1008.592413, 310.869424, 1014.138701, 327.230973, 1024.000000, 321.96199",
            "road_imcoords": "EMPTY",
            "image_id": "BLD00623_PS3_K3A_NIA0277.png",
            "ingest_time": "2023-03-02T14:34:14.313313Z",
            "type_id": "1",
            "type_name": "건물"
         }
      },
      {
         "type": "Feature",
         "geometry": {
            "type": "Polygon",
            "coordinates": [
               [
                  31.407791,
                  30.135868,
                  0.0
               ],
               [
                  31.413637,
                  30.135938,
                  0.0
               ],
               [
                  31.413555,
                  30.141019,
                  0.0
               ],
               [
                  31.40771,
                  30.140948,
                  0.0
               ]
            ]
         },
         "properties": {
            "object_imcoords": "EMPTY",
            "building_imcoords": "1015.247958, 332.222631, 996.667894, 338.323548, 1006.096583, 367.164244, 1024.000000, 360.50869",
            "road_imcoords": "EMPTY",
            "image_id": "BLD00623_PS3_K3A_NIA0277.png",
            "ingest_time": "2023-03-02T14:34:14.313313Z",
            "type_id": "1",
            "type_name": "건물"
         }
      },
      {
         "type": "Feature",
         "geometry": {
            "type": "Polygon",
            "coordinates": [
               [
                  31.407791,
                  30.135868,
                  0.0
               ],
               [
                  31.413637,
                  30.135938,
                  0.0
               ],
               [
                  31.413555,
                  30.141019,
                  0.0
               ],
               [
                  31.40771,
                  30.140948,
                  0.0
               ]
            ]
         },
         "properties": {
            "object_imcoords": "EMPTY",
            "building_imcoords": "950.633707, 298.390277, 942.314275, 306.432394, 950.911021, 329.449488, 970.045714, 322.793942, 960.894339, 298.66759",
            "road_imcoords": "EMPTY",
            "image_id": "BLD00623_PS3_K3A_NIA0277.png",
            "ingest_time": "2023-03-02T14:34:14.313313Z",
            "type_id": "1",
            "type_name": "건물"
         }
      },
      {
         "type": "Feature",
         "geometry": {
            "type": "Polygon",
            "coordinates": [
               [
                  31.407791,
                  30.135868,
                  0.0
               ],
               [
                  31.413637,
                  30.135938,
                  0.0
               ],
               [
                  31.413555,
                  30.141019,
                  0.0
               ],
               [
                  31.40771,
                  30.140948,
                  0.0
               ]
            ]
         },
         "properties": {
            "object_imcoords": "EMPTY",
            "building_imcoords": "971.432285, 334.163832, 956.457309, 337.768919, 972.541543, 388.240137, 987.239205, 383.803107, 987.239205, 376.87024",
            "road_imcoords": "EMPTY",
            "image_id": "BLD00623_PS3_K3A_NIA0277.png",
            "ingest_time": "2023-03-02T14:34:14.313313Z",
            "type_id": "1",
            "type_name": "건물"
         }
      },
      {
         "type": "Feature",
         "geometry": {
            "type": "Polygon",
            "coordinates": [
               [
                  31.407791,
                  30.135868,
                  0.0
               ],
               [
                  31.413637,
                  30.135938,
                  0.0
               ],
               [
                  31.413555,
                  30.141019,
                  0.0
               ],
               [
                  31.40771,
                  30.140948,
                  0.0
               ]
            ]
         },
         "properties": {
            "object_imcoords": "EMPTY",
            "building_imcoords": "1018.021102, 365.777672, 1007.205841, 368.273501, 1012.752129, 384.912364, 1021.903503, 382.13922",
            "road_imcoords": "EMPTY",
            "image_id": "BLD00623_PS3_K3A_NIA0277.png",
            "ingest_time": "2023-03-02T14:34:14.313313Z",
            "type_id": "1",
            "type_name": "건물"
         }
      },
      {
         "type": "Feature",
         "geometry": {
            "type": "Polygon",
            "coordinates": [
               [
                  31.407791,
                  30.135868,
                  0.0
               ],
               [
                  31.413637,
                  30.135938,
                  0.0
               ],
               [
                  31.413555,
                  30.141019,
                  0.0
               ],
               [
                  31.40771,
                  30.140948,
                  0.0
               ]
            ]
         },
         "properties": {
            "object_imcoords": "EMPTY",
            "building_imcoords": "994.172065, 392.399853, 973.928115, 399.887341, 1024.000000, 546.309336, 1024.000000, 479.19925",
            "road_imcoords": "EMPTY",
            "image_id": "BLD00623_PS3_K3A_NIA0277.png",
            "ingest_time": "2023-03-02T14:34:14.313313Z",
            "type_id": "1",
            "type_name": "건물"
         }
      },
      {
         "type": "Feature",
         "geometry": {
            "type": "Polygon",
            "coordinates": [
               [
                  31.407791,
                  30.135868,
                  0.0
               ],
               [
                  31.413637,
                  30.135938,
                  0.0
               ],
               [
                  31.413555,
                  30.141019,
                  0.0
               ],
               [
                  31.40771,
                  30.140948,
                  0.0
               ]
            ]
         },
         "properties": {
            "object_imcoords": "EMPTY",
            "building_imcoords": "706.712556, 266.172471, 686.379937, 268.945101, 683.299237, 280.343691, 686.071867, 291.434210, 688.844497, 291.434210, 691.309057, 307.453850, 695.622037, 308.378060, 696.238177, 318.852439, 698.702737, 336.720499, 701.783436, 335.180149, 703.323786, 345.962598, 689.460637, 348.735228, 690.076777, 365.062938, 698.394667, 393.097307, 758.776385, 374.613107, 756.927965, 365.987148, 747.685865, 343.806108, 735.671135, 346.886808, 738.135695, 339.185059, 736.287275, 330.559099, 731.666225, 321.316999, 727.661316, 308.686130, 724.580616, 306.529640, 724.272546, 297.595610, 720.883776, 285.272810, 717.803076, 285.272810, 715.954656, 270.48545",
            "road_imcoords": "EMPTY",
            "image_id": "BLD00623_PS3_K3A_NIA0277.png",
            "ingest_time": "2023-03-02T14:34:14.313313Z",
            "type_id": "1",
            "type_name": "건물"
         }
      },
      {
         "type": "Feature",
         "geometry": {
            "type": "Polygon",
            "coordinates": [
               [
                  31.407791,
                  30.135868,
                  0.0
               ],
               [
                  31.413637,
                  30.135938,
                  0.0
               ],
               [
                  31.413555,
                  30.141019,
                  0.0
               ],
               [
                  31.40771,
                  30.140948,
                  0.0
               ]
            ]
         },
         "properties": {
            "object_imcoords": "EMPTY",
            "building_imcoords": "796.332331, 369.621409, 772.699927, 377.852920, 772.434395, 386.881029, 790.225080, 445.298206, 826.071984, 433.880303, 824.213256, 415.824085, 831.913702, 412.372161, 834.037963, 414.230889, 851.297583, 408.920236, 855.015040, 404.406182, 856.608236, 406.530443, 874.929987, 400.423193, 876.523182, 396.705736, 879.975106, 397.502334, 889.799813, 394.847008, 890.861944, 385.818898, 886.613422, 375.197594, 881.833835, 358.469038, 867.760606, 359.796702, 861.122290, 364.576289, 859.263562, 363.248626, 844.128202, 369.621409, 839.348615, 361.920963, 828.727310, 370.152474, 820.495799, 377.056322, 813.591951, 371.745670, 801.377450, 373.86993",
            "road_imcoords": "EMPTY",
            "image_id": "BLD00623_PS3_K3A_NIA0277.png",
            "ingest_time": "2023-03-02T14:34:14.313313Z",
            "type_id": "1",
            "type_name": "건물"
         }
      },
      {
         "type": "Feature",
         "geometry": {
            "type": "Polygon",
            "coordinates": [
               [
                  31.407791,
                  30.135868,
                  0.0
               ],
               [
                  31.413637,
                  30.135938,
                  0.0
               ],
               [
                  31.413555,
                  30.141019,
                  0.0
               ],
               [
                  31.40771,
                  30.140948,
                  0.0
               ]
            ]
         },
         "properties": {
            "object_imcoords": "EMPTY",
            "building_imcoords": "718.051106, 455.178922, 723.772629, 465.668380, 735.215675, 461.536169, 730.447739, 449.13953",
            "road_imcoords": "EMPTY",
            "image_id": "BLD00623_PS3_K3A_NIA0277.png",
            "ingest_time": "2023-03-02T14:34:14.313313Z",
            "type_id": "1",
            "type_name": "건물"
         }
      },
      {
         "type": "Feature",
         "geometry": {
            "type": "Polygon",
            "coordinates": [
               [
                  31.407791,
                  30.135868,
                  0.0
               ],
               [
                  31.413637,
                  30.135938,
                  0.0
               ],
               [
                  31.413555,
                  30.141019,
                  0.0
               ],
               [
                  31.40771,
                  30.140948,
                  0.0
               ]
            ]
         },
         "properties": {
            "object_imcoords": "EMPTY",
            "building_imcoords": "809.306605, 446.717056, 793.041954, 450.362581, 791.639829, 457.653631, 803.137255, 490.182934, 818.841056, 483.17230",
            "road_imcoords": "EMPTY",
            "image_id": "BLD00623_PS3_K3A_NIA0277.png",
            "ingest_time": "2023-03-02T14:34:14.313313Z",
            "type_id": "1",
            "type_name": "건물"
         }
      },
      {
         "type": "Feature",
         "geometry": {
            "type": "Polygon",
            "coordinates": [
               [
                  31.407791,
                  30.135868,
                  0.0
               ],
               [
                  31.413637,
                  30.135938,
                  0.0
               ],
               [
                  31.413555,
                  30.141019,
                  0.0
               ],
               [
                  31.40771,
                  30.140948,
                  0.0
               ]
            ]
         },
         "properties": {
            "object_imcoords": "EMPTY",
            "building_imcoords": "801.735130, 493.267609, 759.390952, 506.447585, 758.269252, 515.140760, 764.158177, 533.368386, 810.708730, 519.066710, 810.708730, 513.73863",
            "road_imcoords": "EMPTY",
            "image_id": "BLD00623_PS3_K3A_NIA0277.png",
            "ingest_time": "2023-03-02T14:34:14.313313Z",
            "type_id": "1",
            "type_name": "건물"
         }
      },
      {
         "type": "Feature",
         "geometry": {
            "type": "Polygon",
            "coordinates": [
               [
                  31.407791,
                  30.135868,
                  0.0
               ],
               [
                  31.413637,
                  30.135938,
                  0.0
               ],
               [
                  31.413555,
                  30.141019,
                  0.0
               ],
               [
                  31.40771,
                  30.140948,
                  0.0
               ]
            ]
         },
         "properties": {
            "object_imcoords": "EMPTY",
            "building_imcoords": "805.840739, 522.169880, 765.849157, 532.944814, 763.984265, 539.782753, 770.200573, 553.251421, 809.777735, 542.476486, 810.813786, 531.49434",
            "road_imcoords": "EMPTY",
            "image_id": "BLD00623_PS3_K3A_NIA0277.png",
            "ingest_time": "2023-03-02T14:34:14.313313Z",
            "type_id": "1",
            "type_name": "건물"
         }
      },
      {
         "type": "Feature",
         "geometry": {
            "type": "Polygon",
            "coordinates": [
               [
                  31.407791,
                  30.135868,
                  0.0
               ],
               [
                  31.413637,
                  30.135938,
                  0.0
               ],
               [
                  31.413555,
                  30.141019,
                  0.0
               ],
               [
                  31.40771,
                  30.140948,
                  0.0
               ]
            ]
         },
         "properties": {
            "object_imcoords": "EMPTY",
            "building_imcoords": "870.283133, 501.448853, 819.516617, 516.575203, 819.516617, 521.962670, 822.624771, 532.323183, 875.877811, 516.575203, 872.976867, 503.93537",
            "road_imcoords": "EMPTY",
            "image_id": "BLD00623_PS3_K3A_NIA0277.png",
            "ingest_time": "2023-03-02T14:34:14.313313Z",
            "type_id": "1",
            "type_name": "건물"
         }
      },
      {
         "type": "Feature",
         "geometry": {
            "type": "Polygon",
            "coordinates": [
               [
                  31.407791,
                  30.135868,
                  0.0
               ],
               [
                  31.413637,
                  30.135938,
                  0.0
               ],
               [
                  31.413555,
                  30.141019,
                  0.0
               ],
               [
                  31.40771,
                  30.140948,
                  0.0
               ]
            ]
         },
         "properties": {
            "object_imcoords": "EMPTY",
            "building_imcoords": "899.391313, 447.804590, 873.672806, 454.864572, 872.159953, 460.915985, 876.194228, 478.565941, 905.190584, 470.245248, 905.947011, 466.96739",
            "road_imcoords": "EMPTY",
            "image_id": "BLD00623_PS3_K3A_NIA0277.png",
            "ingest_time": "2023-03-02T14:34:14.313313Z",
            "type_id": "1",
            "type_name": "건물"
         }
      },
      {
         "type": "Feature",
         "geometry": {
            "type": "Polygon",
            "coordinates": [
               [
                  31.407791,
                  30.135868,
                  0.0
               ],
               [
                  31.413637,
                  30.135938,
                  0.0
               ],
               [
                  31.413555,
                  30.141019,
                  0.0
               ],
               [
                  31.40771,
                  30.140948,
                  0.0
               ]
            ]
         },
         "properties": {
            "object_imcoords": "EMPTY",
            "building_imcoords": "935.699793, 448.813159, 910.737713, 456.881710, 910.989855, 468.732394, 938.725500, 459.15099",
            "road_imcoords": "EMPTY",
            "image_id": "BLD00623_PS3_K3A_NIA0277.png",
            "ingest_time": "2023-03-02T14:34:14.313313Z",
            "type_id": "1",
            "type_name": "건물"
         }
      },
      {
         "type": "Feature",
         "geometry": {
            "type": "Polygon",
            "coordinates": [
               [
                  31.407791,
                  30.135868,
                  0.0
               ],
               [
                  31.413637,
                  30.135938,
                  0.0
               ],
               [
                  31.413555,
                  30.141019,
                  0.0
               ],
               [
                  31.40771,
                  30.140948,
                  0.0
               ]
            ]
         },
         "properties": {
            "object_imcoords": "EMPTY",
            "building_imcoords": "980.076825, 460.411701, 886.279917, 489.408057, 885.775633, 500.250172, 889.809908, 518.404412, 986.884665, 489.660199, 986.884665, 483.10450",
            "road_imcoords": "EMPTY",
            "image_id": "BLD00623_PS3_K3A_NIA0277.png",
            "ingest_time": "2023-03-02T14:34:14.313313Z",
            "type_id": "1",
            "type_name": "건물"
         }
      },
      {
         "type": "Feature",
         "geometry": {
            "type": "Polygon",
            "coordinates": [
               [
                  31.407791,
                  30.135868,
                  0.0
               ],
               [
                  31.413637,
                  30.135938,
                  0.0
               ],
               [
                  31.413555,
                  30.141019,
                  0.0
               ],
               [
                  31.40771,
                  30.140948,
                  0.0
               ]
            ]
         },
         "properties": {
            "object_imcoords": "EMPTY",
            "building_imcoords": "1018.523601, 527.909469, 993.980864, 534.165460, 991.334098, 540.902682, 998.552550, 552.452206, 1023.576517, 544.99313",
            "road_imcoords": "EMPTY",
            "image_id": "BLD00623_PS3_K3A_NIA0277.png",
            "ingest_time": "2023-03-02T14:34:14.313313Z",
            "type_id": "1",
            "type_name": "건물"
         }
      },
      {
         "type": "Feature",
         "geometry": {
            "type": "Polygon",
            "coordinates": [
               [
                  31.407791,
                  30.135868,
                  0.0
               ],
               [
                  31.413637,
                  30.135938,
                  0.0
               ],
               [
                  31.413555,
                  30.141019,
                  0.0
               ],
               [
                  31.40771,
                  30.140948,
                  0.0
               ]
            ]
         },
         "properties": {
            "object_imcoords": "EMPTY",
            "building_imcoords": "980.265804, 540.421452, 937.917552, 552.452206, 940.323702, 568.092186, 982.671955, 555.33958",
            "road_imcoords": "EMPTY",
            "image_id": "BLD00623_PS3_K3A_NIA0277.png",
            "ingest_time": "2023-03-02T14:34:14.313313Z",
            "type_id": "1",
            "type_name": "건물"
         }
      },
      {
         "type": "Feature",
         "geometry": {
            "type": "Polygon",
            "coordinates": [
               [
                  31.407791,
                  30.135868,
                  0.0
               ],
               [
                  31.413637,
                  30.135938,
                  0.0
               ],
               [
                  31.413555,
                  30.141019,
                  0.0
               ],
               [
                  31.40771,
                  30.140948,
                  0.0
               ]
            ]
         },
         "properties": {
            "object_imcoords": "EMPTY",
            "building_imcoords": "929.014794, 552.211591, 883.057315, 564.482960, 881.373010, 568.814031, 883.538545, 581.566630, 904.953287, 576.032483, 909.284358, 579.160479, 915.059120, 572.663872, 933.827096, 568.33280",
            "road_imcoords": "EMPTY",
            "image_id": "BLD00623_PS3_K3A_NIA0277.png",
            "ingest_time": "2023-03-02T14:34:14.313313Z",
            "type_id": "1",
            "type_name": "건물"
         }
      },
      {
         "type": "Feature",
         "geometry": {
            "type": "Polygon",
            "coordinates": [
               [
                  31.407791,
                  30.135868,
                  0.0
               ],
               [
                  31.413637,
                  30.135938,
                  0.0
               ],
               [
                  31.413555,
                  30.141019,
                  0.0
               ],
               [
                  31.40771,
                  30.140948,
                  0.0
               ]
            ]
         },
         "properties": {
            "object_imcoords": "EMPTY",
            "building_imcoords": "825.069083, 598.169070, 800.045115, 605.146907, 799.082655, 610.199823, 803.413726, 620.546271, 828.437694, 614.29028",
            "road_imcoords": "EMPTY",
            "image_id": "BLD00623_PS3_K3A_NIA0277.png",
            "ingest_time": "2023-03-02T14:34:14.313313Z",
            "type_id": "1",
            "type_name": "건물"
         }
      },
      {
         "type": "Feature",
         "geometry": {
            "type": "Polygon",
            "coordinates": [
               [
                  31.407791,
                  30.135868,
                  0.0
               ],
               [
                  31.413637,
                  30.135938,
                  0.0
               ],
               [
                  31.413555,
                  30.141019,
                  0.0
               ],
               [
                  31.40771,
                  30.140948,
                  0.0
               ]
            ]
         },
         "properties": {
            "object_imcoords": "EMPTY",
            "building_imcoords": "863.567494, 620.546271, 789.217437, 643.645318, 788.976822, 651.345001, 793.067278, 659.766528, 869.342256, 636.18625",
            "road_imcoords": "EMPTY",
            "image_id": "BLD00623_PS3_K3A_NIA0277.png",
            "ingest_time": "2023-03-02T14:34:14.313313Z",
            "type_id": "1",
            "type_name": "건물"
         }
      },
      {
         "type": "Feature",
         "geometry": {
            "type": "Polygon",
            "coordinates": [
               [
                  31.407791,
                  30.135868,
                  0.0
               ],
               [
                  31.413637,
                  30.135938,
                  0.0
               ],
               [
                  31.413555,
                  30.141019,
                  0.0
               ],
               [
                  31.40771,
                  30.140948,
                  0.0
               ]
            ]
         },
         "properties": {
            "object_imcoords": "EMPTY",
            "building_imcoords": "858.273963, 574.348178, 845.761979, 577.476173, 844.558904, 583.972780, 856.349042, 621.749347, 869.823486, 616.455815, 869.101641, 612.12474",
            "road_imcoords": "EMPTY",
            "image_id": "BLD00623_PS3_K3A_NIA0277.png",
            "ingest_time": "2023-03-02T14:34:14.313313Z",
            "type_id": "1",
            "type_name": "건물"
         }
      },
      {
         "type": "Feature",
         "geometry": {
            "type": "Polygon",
            "coordinates": [
               [
                  31.407791,
                  30.135868,
                  0.0
               ],
               [
                  31.413637,
                  30.135938,
                  0.0
               ],
               [
                  31.413555,
                  30.141019,
                  0.0
               ],
               [
                  31.40771,
                  30.140948,
                  0.0
               ]
            ]
         },
         "properties": {
            "object_imcoords": "EMPTY",
            "building_imcoords": "872.229637, 571.460797, 864.529955, 573.626332, 867.898566, 584.694626, 877.041938, 582.04786",
            "road_imcoords": "EMPTY",
            "image_id": "BLD00623_PS3_K3A_NIA0277.png",
            "ingest_time": "2023-03-02T14:34:14.313313Z",
            "type_id": "1",
            "type_name": "건물"
         }
      },
      {
         "type": "Feature",
         "geometry": {
            "type": "Polygon",
            "coordinates": [
               [
                  31.407791,
                  30.135868,
                  0.0
               ],
               [
                  31.413637,
                  30.135938,
                  0.0
               ],
               [
                  31.413555,
                  30.141019,
                  0.0
               ],
               [
                  31.40771,
                  30.140948,
                  0.0
               ]
            ]
         },
         "properties": {
            "object_imcoords": "EMPTY",
            "building_imcoords": "878.966859, 585.416471, 868.379796, 588.063237, 875.117018, 610.199823, 885.944696, 606.34998",
            "road_imcoords": "EMPTY",
            "image_id": "BLD00623_PS3_K3A_NIA0277.png",
            "ingest_time": "2023-03-02T14:34:14.313313Z",
            "type_id": "1",
            "type_name": "건물"
         }
      },
      {
         "type": "Feature",
         "geometry": {
            "type": "Polygon",
            "coordinates": [
               [
                  31.407791,
                  30.135868,
                  0.0
               ],
               [
                  31.413637,
                  30.135938,
                  0.0
               ],
               [
                  31.413555,
                  30.141019,
                  0.0
               ],
               [
                  31.40771,
                  30.140948,
                  0.0
               ]
            ]
         },
         "properties": {
            "object_imcoords": "EMPTY",
            "building_imcoords": "878.726244, 651.826231, 892.441303, 693.933868, 905.193902, 689.121567, 890.756998, 642.682858, 878.726244, 646.05146",
            "road_imcoords": "EMPTY",
            "image_id": "BLD00623_PS3_K3A_NIA0277.png",
            "ingest_time": "2023-03-02T14:34:14.313313Z",
            "type_id": "1",
            "type_name": "건물"
         }
      },
      {
         "type": "Feature",
         "geometry": {
            "type": "Polygon",
            "coordinates": [
               [
                  31.407791,
                  30.135868,
                  0.0
               ],
               [
                  31.413637,
                  30.135938,
                  0.0
               ],
               [
                  31.413555,
                  30.141019,
                  0.0
               ],
               [
                  31.40771,
                  30.140948,
                  0.0
               ]
            ]
         },
         "properties": {
            "object_imcoords": "EMPTY",
            "building_imcoords": "911.449894, 604.425062, 915.780965, 617.418275, 946.098464, 608.996748, 942.248623, 595.52230",
            "road_imcoords": "EMPTY",
            "image_id": "BLD00623_PS3_K3A_NIA0277.png",
            "ingest_time": "2023-03-02T14:34:14.313313Z",
            "type_id": "1",
            "type_name": "건물"
         }
      },
      {
         "type": "Feature",
         "geometry": {
            "type": "Polygon",
            "coordinates": [
               [
                  31.407791,
                  30.135868,
                  0.0
               ],
               [
                  31.413637,
                  30.135938,
                  0.0
               ],
               [
                  31.413555,
                  30.141019,
                  0.0
               ],
               [
                  31.40771,
                  30.140948,
                  0.0
               ]
            ]
         },
         "properties": {
            "object_imcoords": "EMPTY",
            "building_imcoords": "980.987650, 585.416471, 952.835686, 591.672463, 969.678741, 656.397917, 999.274395, 650.14192",
            "road_imcoords": "EMPTY",
            "image_id": "BLD00623_PS3_K3A_NIA0277.png",
            "ingest_time": "2023-03-02T14:34:14.313313Z",
            "type_id": "1",
            "type_name": "건물"
         }
      },
      {
         "type": "Feature",
         "geometry": {
            "type": "Polygon",
            "coordinates": [
               [
                  31.407791,
                  30.135868,
                  0.0
               ],
               [
                  31.413637,
                  30.135938,
                  0.0
               ],
               [
                  31.413555,
                  30.141019,
                  0.0
               ],
               [
                  31.40771,
                  30.140948,
                  0.0
               ]
            ]
         },
         "properties": {
            "object_imcoords": "EMPTY",
            "building_imcoords": "1003.605466, 574.348178, 988.687332, 579.882324, 1004.808542, 634.020715, 1018.523601, 629.93025",
            "road_imcoords": "EMPTY",
            "image_id": "BLD00623_PS3_K3A_NIA0277.png",
            "ingest_time": "2023-03-02T14:34:14.313313Z",
            "type_id": "1",
            "type_name": "건물"
         }
      },
      {
         "type": "Feature",
         "geometry": {
            "type": "Polygon",
            "coordinates": [
               [
                  31.407791,
                  30.135868,
                  0.0
               ],
               [
                  31.413637,
                  30.135938,
                  0.0
               ],
               [
                  31.413555,
                  30.141019,
                  0.0
               ],
               [
                  31.40771,
                  30.140948,
                  0.0
               ]
            ]
         },
         "properties": {
            "object_imcoords": "EMPTY",
            "building_imcoords": "1018.042371, 631.133335, 1006.011617, 634.501946, 1024.000000, 698.505555, 1024.000000, 643.88593",
            "road_imcoords": "EMPTY",
            "image_id": "BLD00623_PS3_K3A_NIA0277.png",
            "ingest_time": "2023-03-02T14:34:14.313313Z",
            "type_id": "1",
            "type_name": "건물"
         }
      },
      {
         "type": "Feature",
         "geometry": {
            "type": "Polygon",
            "coordinates": [
               [
                  31.407791,
                  30.135868,
                  0.0
               ],
               [
                  31.413637,
                  30.135938,
                  0.0
               ],
               [
                  31.413555,
                  30.141019,
                  0.0
               ],
               [
                  31.40771,
                  30.140948,
                  0.0
               ]
            ]
         },
         "properties": {
            "object_imcoords": "EMPTY",
            "building_imcoords": "751.137725, 719.826730, 740.700726, 713.955918, 725.371385, 715.260543, 720.642120, 712.651262, 713.099758, 715.260520, 709.471270, 720.479041, 712.651293, 722.435979, 703.845076, 739.722258, 705.475857, 752.768506, 698.626577, 753.094662, 695.691171, 762.553191, 705.149701, 780.165626, 717.217480, 772.011721, 732.220665, 786.688750, 746.571538, 778.861001, 753.746974, 778.534845, 758.313161, 771.685565, 772.337877, 759.943942, 766.467066, 742.331507, 775.925596, 733.851446, 769.728628, 721.457511, 763.531660, 714.93438",
            "road_imcoords": "EMPTY",
            "image_id": "BLD00623_PS3_K3A_NIA0277.png",
            "ingest_time": "2023-03-02T14:34:14.313313Z",
            "type_id": "1",
            "type_name": "건물"
         }
      },
      {
         "type": "Feature",
         "geometry": {
            "type": "Polygon",
            "coordinates": [
               [
                  31.407791,
                  30.135868,
                  0.0
               ],
               [
                  31.413637,
                  30.135938,
                  0.0
               ],
               [
                  31.413555,
                  30.141019,
                  0.0
               ],
               [
                  31.40771,
                  30.140948,
                  0.0
               ]
            ]
         },
         "properties": {
            "object_imcoords": "EMPTY",
            "building_imcoords": "880.585935, 716.460570, 867.120541, 720.271531, 877.283103, 763.970544, 890.240368, 760.41364",
            "road_imcoords": "EMPTY",
            "image_id": "BLD00623_PS3_K3A_NIA0277.png",
            "ingest_time": "2023-03-02T14:34:14.313313Z",
            "type_id": "1",
            "type_name": "건물"
         }
      },
      {
         "type": "Feature",
         "geometry": {
            "type": "Polygon",
            "coordinates": [
               [
                  31.407791,
                  30.135868,
                  0.0
               ],
               [
                  31.413637,
                  30.135938,
                  0.0
               ],
               [
                  31.413555,
                  30.141019,
                  0.0
               ],
               [
                  31.40771,
                  30.140948,
                  0.0
               ]
            ]
         },
         "properties": {
            "object_imcoords": "EMPTY",
            "building_imcoords": "856.957980, 732.212540, 831.805641, 739.834461, 836.886922, 752.537663, 860.514877, 745.42387",
            "road_imcoords": "EMPTY",
            "image_id": "BLD00623_PS3_K3A_NIA0277.png",
            "ingest_time": "2023-03-02T14:34:14.313313Z",
            "type_id": "1",
            "type_name": "건물"
         }
      },
      {
         "type": "Feature",
         "geometry": {
            "type": "Polygon",
            "coordinates": [
               [
                  31.407791,
                  30.135868,
                  0.0
               ],
               [
                  31.413637,
                  30.135938,
                  0.0
               ],
               [
                  31.413555,
                  30.141019,
                  0.0
               ],
               [
                  31.40771,
                  30.140948,
                  0.0
               ]
            ]
         },
         "properties": {
            "object_imcoords": "EMPTY",
            "building_imcoords": "854.671404, 757.364880, 830.281257, 762.192096, 833.584089, 777.690002, 857.720172, 773.11685",
            "road_imcoords": "EMPTY",
            "image_id": "BLD00623_PS3_K3A_NIA0277.png",
            "ingest_time": "2023-03-02T14:34:14.313313Z",
            "type_id": "1",
            "type_name": "건물"
         }
      },
      {
         "type": "Feature",
         "geometry": {
            "type": "Polygon",
            "coordinates": [
               [
                  31.407791,
                  30.135868,
                  0.0
               ],
               [
                  31.413637,
                  30.135938,
                  0.0
               ],
               [
                  31.413555,
                  30.141019,
                  0.0
               ],
               [
                  31.40771,
                  30.140948,
                  0.0
               ]
            ]
         },
         "properties": {
            "object_imcoords": "EMPTY",
            "building_imcoords": "891.764753, 749.234831, 894.051329, 757.618944, 908.787043, 754.316111, 908.024851, 744.40761",
            "road_imcoords": "EMPTY",
            "image_id": "BLD00623_PS3_K3A_NIA0277.png",
            "ingest_time": "2023-03-02T14:34:14.313313Z",
            "type_id": "1",
            "type_name": "건물"
         }
      },
      {
         "type": "Feature",
         "geometry": {
            "type": "Polygon",
            "coordinates": [
               [
                  31.407791,
                  30.135868,
                  0.0
               ],
               [
                  31.413637,
                  30.135938,
                  0.0
               ],
               [
                  31.413555,
                  30.141019,
                  0.0
               ],
               [
                  31.40771,
                  30.140948,
                  0.0
               ]
            ]
         },
         "properties": {
            "object_imcoords": "EMPTY",
            "building_imcoords": "912.089875, 718.493083, 903.705762, 719.509339, 903.705762, 732.720669, 912.852067, 732.72066",
            "road_imcoords": "EMPTY",
            "image_id": "BLD00623_PS3_K3A_NIA0277.png",
            "ingest_time": "2023-03-02T14:34:14.313313Z",
            "type_id": "1",
            "type_name": "건물"
         }
      },
      {
         "type": "Feature",
         "geometry": {
            "type": "Polygon",
            "coordinates": [
               [
                  31.407791,
                  30.135868,
                  0.0
               ],
               [
                  31.413637,
                  30.135938,
                  0.0
               ],
               [
                  31.413555,
                  30.141019,
                  0.0
               ],
               [
                  31.40771,
                  30.140948,
                  0.0
               ]
            ]
         },
         "properties": {
            "object_imcoords": "EMPTY",
            "building_imcoords": "947.150712, 731.196284, 950.961672, 743.137294, 961.124233, 741.866974, 958.075465, 727.38532",
            "road_imcoords": "EMPTY",
            "image_id": "BLD00623_PS3_K3A_NIA0277.png",
            "ingest_time": "2023-03-02T14:34:14.313313Z",
            "type_id": "1",
            "type_name": "건물"
         }
      },
      {
         "type": "Feature",
         "geometry": {
            "type": "Polygon",
            "coordinates": [
               [
                  31.407791,
                  30.135868,
                  0.0
               ],
               [
                  31.413637,
                  30.135938,
                  0.0
               ],
               [
                  31.413555,
                  30.141019,
                  0.0
               ],
               [
                  31.40771,
                  30.140948,
                  0.0
               ]
            ]
         },
         "properties": {
            "object_imcoords": "EMPTY",
            "building_imcoords": "1024.000000, 770.322145, 1010.412656, 775.911554, 1016.764256, 797.252933, 1024.000000, 794.71229",
            "road_imcoords": "EMPTY",
            "image_id": "BLD00623_PS3_K3A_NIA0277.png",
            "ingest_time": "2023-03-02T14:34:14.313313Z",
            "type_id": "1",
            "type_name": "건물"
         }
      },
      {
         "type": "Feature",
         "geometry": {
            "type": "Polygon",
            "coordinates": [
               [
                  31.407791,
                  30.135868,
                  0.0
               ],
               [
                  31.413637,
                  30.135938,
                  0.0
               ],
               [
                  31.413555,
                  30.141019,
                  0.0
               ],
               [
                  31.40771,
                  30.140948,
                  0.0
               ]
            ]
         },
         "properties": {
            "object_imcoords": "EMPTY",
            "building_imcoords": "980.179036, 787.598499, 929.366229, 799.031381, 928.858101, 810.464262, 955.788889, 888.207856, 970.778667, 882.618447, 970.270538, 877.029039, 953.756376, 815.799607, 983.989996, 807.161430, 983.481868, 802.33421",
            "road_imcoords": "EMPTY",
            "image_id": "BLD00623_PS3_K3A_NIA0277.png",
            "ingest_time": "2023-03-02T14:34:14.313313Z",
            "type_id": "1",
            "type_name": "건물"
         }
      },
      {
         "type": "Feature",
         "geometry": {
            "type": "Polygon",
            "coordinates": [
               [
                  31.407791,
                  30.135868,
                  0.0
               ],
               [
                  31.413637,
                  30.135938,
                  0.0
               ],
               [
                  31.413555,
                  30.141019,
                  0.0
               ],
               [
                  31.40771,
                  30.140948,
                  0.0
               ]
            ]
         },
         "properties": {
            "object_imcoords": "EMPTY",
            "building_imcoords": "1024.000000, 877.029039, 991.865981, 890.748496, 991.611917, 900.148866, 996.947262, 912.852067, 1024.000000, 903.70576",
            "road_imcoords": "EMPTY",
            "image_id": "BLD00623_PS3_K3A_NIA0277.png",
            "ingest_time": "2023-03-02T14:34:14.313313Z",
            "type_id": "1",
            "type_name": "건물"
         }
      },
      {
         "type": "Feature",
         "geometry": {
            "type": "Polygon",
            "coordinates": [
               [
                  31.407791,
                  30.135868,
                  0.0
               ],
               [
                  31.413637,
                  30.135938,
                  0.0
               ],
               [
                  31.413555,
                  30.141019,
                  0.0
               ],
               [
                  31.40771,
                  30.140948,
                  0.0
               ]
            ]
         },
         "properties": {
            "object_imcoords": "EMPTY",
            "building_imcoords": "975.351819, 894.305393, 965.189258, 897.608225, 965.189258, 902.943570, 961.886425, 904.976082, 969.000218, 941.561303, 972.811179, 953.756376, 1024.000000, 934.193446, 1023.623985, 910.819555, 987.038765, 923.77682",
            "road_imcoords": "EMPTY",
            "image_id": "BLD00623_PS3_K3A_NIA0277.png",
            "ingest_time": "2023-03-02T14:34:14.313313Z",
            "type_id": "1",
            "type_name": "건물"
         }
      },
      {
         "type": "Feature",
         "geometry": {
            "type": "Polygon",
            "coordinates": [
               [
                  31.412967,
                  30.136955,
                  0.0
               ],
               [
                  31.412946,
                  30.137014,
                  0.0
               ],
               [
                  31.412904,
                  30.137017,
                  0.0
               ],
               [
                  31.4125,
                  30.13691,
                  0.0
               ]
            ]
         },
         "properties": {
            "object_imcoords": "EMPTY",
            "building_imcoords": "909.545558, 817.413539, 906.018098, 805.617215, 898.772513, 804.779595, 827.715257, 825.430646, 835.304142, 858.962063, 856.313854, 853.049547, 856.843990, 850.312907, 909.451801, 834.197263, 907.291299, 821.526362, 909.705577, 820.19310",
            "road_imcoords": "EMPTY",
            "image_id": "BLD00623_PS3_K3A_NIA0277.png",
            "ingest_time": "2023-03-02T14:34:14.313313Z",
            "type_id": "1",
            "type_name": "건물"
         }
      },
      {
         "type": "Feature",
         "geometry": {
            "type": "Polygon",
            "coordinates": [
               [
                  31.412249,
                  30.136616,
                  0.0
               ],
               [
                  31.412057,
                  30.136568,
                  0.0
               ],
               [
                  31.412092,
                  30.136453,
                  0.0
               ],
               [
                  31.412287,
                  30.136497,
                  0.0
               ]
            ]
         },
         "properties": {
            "object_imcoords": "EMPTY",
            "building_imcoords": "782.926177, 884.084875, 749.068872, 893.286259, 755.002161, 916.487271, 789.248595, 908.05737",
            "road_imcoords": "EMPTY",
            "image_id": "BLD00623_PS3_K3A_NIA0277.png",
            "ingest_time": "2023-03-02T14:34:14.313313Z",
            "type_id": "1",
            "type_name": "건물"
         }
      },
      {
         "type": "Feature",
         "geometry": {
            "type": "Polygon",
            "coordinates": [
               [
                  31.407791,
                  30.135868,
                  0.0
               ],
               [
                  31.413637,
                  30.135938,
                  0.0
               ],
               [
                  31.413555,
                  30.141019,
                  0.0
               ],
               [
                  31.40771,
                  30.140948,
                  0.0
               ]
            ]
         },
         "properties": {
            "object_imcoords": "EMPTY",
            "building_imcoords": "930.449279, 854.843689, 917.541007, 857.478030, 917.541007, 866.698224, 929.922410, 902.788697, 944.147852, 896.72971",
            "road_imcoords": "EMPTY",
            "image_id": "BLD00623_PS3_K3A_NIA0277.png",
            "ingest_time": "2023-03-02T14:34:14.313313Z",
            "type_id": "1",
            "type_name": "건물"
         }
      },
      {
         "type": "Feature",
         "geometry": {
            "type": "Polygon",
            "coordinates": [
               [
                  31.407791,
                  30.135868,
                  0.0
               ],
               [
                  31.413637,
                  30.135938,
                  0.0
               ],
               [
                  31.413555,
                  30.141019,
                  0.0
               ],
               [
                  31.40771,
                  30.140948,
                  0.0
               ]
            ]
         },
         "properties": {
            "object_imcoords": "EMPTY",
            "building_imcoords": "825.075634, 888.299821, 811.903929, 893.041635, 823.495030, 936.771697, 840.881681, 931.76644",
            "road_imcoords": "EMPTY",
            "image_id": "BLD00623_PS3_K3A_NIA0277.png",
            "ingest_time": "2023-03-02T14:34:14.313313Z",
            "type_id": "1",
            "type_name": "건물"
         }
      },
      {
         "type": "Feature",
         "geometry": {
            "type": "Polygon",
            "coordinates": [
               [
                  31.407791,
                  30.135868,
                  0.0
               ],
               [
                  31.413637,
                  30.135938,
                  0.0
               ],
               [
                  31.413555,
                  30.141019,
                  0.0
               ],
               [
                  31.40771,
                  30.140948,
                  0.0
               ]
            ]
         },
         "properties": {
            "object_imcoords": "EMPTY",
            "building_imcoords": "896.466278, 897.520015, 852.736216, 910.428286, 855.370557, 927.814938, 900.944658, 913.06262",
            "road_imcoords": "EMPTY",
            "image_id": "BLD00623_PS3_K3A_NIA0277.png",
            "ingest_time": "2023-03-02T14:34:14.313313Z",
            "type_id": "1",
            "type_name": "건물"
         }
      },
      {
         "type": "Feature",
         "geometry": {
            "type": "Polygon",
            "coordinates": [
               [
                  31.407791,
                  30.135868,
                  0.0
               ],
               [
                  31.413637,
                  30.135938,
                  0.0
               ],
               [
                  31.413555,
                  30.141019,
                  0.0
               ],
               [
                  31.40771,
                  30.140948,
                  0.0
               ]
            ]
         },
         "properties": {
            "object_imcoords": "EMPTY",
            "building_imcoords": "893.831937, 858.531766, 880.923666, 863.010146, 883.558007, 874.337813, 896.202844, 870.12286",
            "road_imcoords": "EMPTY",
            "image_id": "BLD00623_PS3_K3A_NIA0277.png",
            "ingest_time": "2023-03-02T14:34:14.313313Z",
            "type_id": "1",
            "type_name": "건물"
         }
      },
      {
         "type": "Feature",
         "geometry": {
            "type": "Polygon",
            "coordinates": [
               [
                  31.407791,
                  30.135868,
                  0.0
               ],
               [
                  31.413637,
                  30.135938,
                  0.0
               ],
               [
                  31.413555,
                  30.141019,
                  0.0
               ],
               [
                  31.40771,
                  30.140948,
                  0.0
               ]
            ]
         },
         "properties": {
            "object_imcoords": "EMPTY",
            "building_imcoords": "906.476775, 927.814938, 832.978658, 950.997139, 836.930169, 962.851674, 917.541007, 936.244829, 913.852930, 926.49776",
            "road_imcoords": "EMPTY",
            "image_id": "BLD00623_PS3_K3A_NIA0277.png",
            "ingest_time": "2023-03-02T14:34:14.313313Z",
            "type_id": "1",
            "type_name": "건물"
         }
      },
      {
         "type": "Feature",
         "geometry": {
            "type": "Polygon",
            "coordinates": [
               [
                  31.407791,
                  30.135868,
                  0.0
               ],
               [
                  31.413637,
                  30.135938,
                  0.0
               ],
               [
                  31.413555,
                  30.141019,
                  0.0
               ],
               [
                  31.40771,
                  30.140948,
                  0.0
               ]
            ]
         },
         "properties": {
            "object_imcoords": "EMPTY",
            "building_imcoords": "947.309062, 927.288069, 925.707465, 931.766449, 930.185845, 945.465023, 949.943403, 939.14260",
            "road_imcoords": "EMPTY",
            "image_id": "BLD00623_PS3_K3A_NIA0277.png",
            "ingest_time": "2023-03-02T14:34:14.313313Z",
            "type_id": "1",
            "type_name": "건물"
         }
      },
      {
         "type": "Feature",
         "geometry": {
            "type": "Polygon",
            "coordinates": [
               [
                  31.413631,
                  30.136307,
                  0.0
               ],
               [
                  31.413336,
                  30.136206,
                  0.0
               ],
               [
                  31.413328,
                  30.136169,
                  0.0
               ],
               [
                  31.413359,
                  30.136097,
                  0.0
               ]
            ]
         },
         "properties": {
            "object_imcoords": "EMPTY",
            "building_imcoords": "1024.000000, 949.679969, 972.071868, 969.437527, 970.540985, 976.843515, 975.919054, 991.285200, 1024.000000, 974.96964",
            "road_imcoords": "EMPTY",
            "image_id": "BLD00623_PS3_K3A_NIA0277.png",
            "ingest_time": "2023-03-02T14:34:14.313313Z",
            "type_id": "1",
            "type_name": "건물"
         }
      },
      {
         "type": "Feature",
         "geometry": {
            "type": "Polygon",
            "coordinates": [
               [
                  31.407791,
                  30.135868,
                  0.0
               ],
               [
                  31.413637,
                  30.135938,
                  0.0
               ],
               [
                  31.413555,
                  30.141019,
                  0.0
               ],
               [
                  31.40771,
                  30.140948,
                  0.0
               ]
            ]
         },
         "properties": {
            "object_imcoords": "EMPTY",
            "building_imcoords": "1024.000000, 996.307806, 987.877915, 1013.431023, 987.087612, 1024.000000, 1024.000000, 1023.70495",
            "road_imcoords": "EMPTY",
            "image_id": "BLD00623_PS3_K3A_NIA0277.png",
            "ingest_time": "2023-03-02T14:34:14.313313Z",
            "type_id": "1",
            "type_name": "건물"
         }
      },
      {
         "type": "Feature",
         "geometry": {
            "type": "Polygon",
            "coordinates": [
               [
                  31.407791,
                  30.135868,
                  0.0
               ],
               [
                  31.413637,
                  30.135938,
                  0.0
               ],
               [
                  31.413555,
                  30.141019,
                  0.0
               ],
               [
                  31.40771,
                  30.140948,
                  0.0
               ]
            ]
         },
         "properties": {
            "object_imcoords": "EMPTY",
            "building_imcoords": "776.603758, 944.411287, 748.416308, 952.314310, 763.432053, 1008.162341, 792.673239, 998.15184",
            "road_imcoords": "EMPTY",
            "image_id": "BLD00623_PS3_K3A_NIA0277.png",
            "ingest_time": "2023-03-02T14:34:14.313313Z",
            "type_id": "1",
            "type_name": "건물"
         }
      },
      {
         "type": "Feature",
         "geometry": {
            "type": "Polygon",
            "coordinates": [
               [
                  31.407791,
                  30.135868,
                  0.0
               ],
               [
                  31.413637,
                  30.135938,
                  0.0
               ],
               [
                  31.413555,
                  30.141019,
                  0.0
               ],
               [
                  31.40771,
                  30.140948,
                  0.0
               ]
            ]
         },
         "properties": {
            "object_imcoords": "EMPTY",
            "building_imcoords": "792.146371, 998.942147, 763.695487, 1007.898907, 768.437301, 1024.000000, 800.049394, 1023.70495",
            "road_imcoords": "EMPTY",
            "image_id": "BLD00623_PS3_K3A_NIA0277.png",
            "ingest_time": "2023-03-02T14:34:14.313313Z",
            "type_id": "1",
            "type_name": "건물"
         }
      },
      {
         "type": "Feature",
         "geometry": {
            "type": "Polygon",
            "coordinates": [
               [
                  31.407791,
                  30.135868,
                  0.0
               ],
               [
                  31.413637,
                  30.135938,
                  0.0
               ],
               [
                  31.413555,
                  30.141019,
                  0.0
               ],
               [
                  31.40771,
                  30.140948,
                  0.0
               ]
            ]
         },
         "properties": {
            "object_imcoords": "EMPTY",
            "building_imcoords": "641.842878, 364.480382, 638.864489, 377.138536, 647.427358, 421.069777, 673.488264, 414.740700, 665.669992, 370.809459, 655.617929, 369.692563, 653.756435, 360.38509",
            "road_imcoords": "EMPTY",
            "image_id": "BLD00623_PS3_K3A_NIA0277.png",
            "ingest_time": "2023-03-02T14:34:14.313313Z",
            "type_id": "1",
            "type_name": "건물"
         }
      },
      {
         "type": "Feature",
         "geometry": {
            "type": "Polygon",
            "coordinates": [
               [
                  31.41179,
                  30.136176,
                  0.0
               ],
               [
                  31.411621,
                  30.136137,
                  0.0
               ],
               [
                  31.411614,
                  30.136103,
                  0.0
               ],
               [
                  31.41157,
                  30.136085,
                  0.0
               ]
            ]
         },
         "properties": {
            "object_imcoords": "EMPTY",
            "building_imcoords": "701.326695, 971.633340, 671.564953, 978.986241, 670.164401, 985.989003, 662.461362, 989.490385, 671.651201, 1024.000000, 684.003443, 1024.611507, 710.740520, 1016.451022, 710.740520, 998.40474",
            "road_imcoords": "EMPTY",
            "image_id": "BLD00623_PS3_K3A_NIA0277.png",
            "ingest_time": "2023-03-02T14:34:14.313313Z",
            "type_id": "1",
            "type_name": "건물"
         }
      },
      {
         "type": "Feature",
         "geometry": {
            "type": "Polygon",
            "coordinates": [
               [
                  31.407791,
                  30.135868,
                  0.0
               ],
               [
                  31.413637,
                  30.135938,
                  0.0
               ],
               [
                  31.413555,
                  30.141019,
                  0.0
               ],
               [
                  31.40771,
                  30.140948,
                  0.0
               ]
            ]
         },
         "properties": {
            "object_imcoords": "EMPTY",
            "building_imcoords": "604.509999, 903.782645, 569.759102, 914.674717, 575.723808, 936.977531, 611.512045, 926.604129, 610.474705, 922.71410",
            "road_imcoords": "EMPTY",
            "image_id": "BLD00623_PS3_K3A_NIA0277.png",
            "ingest_time": "2023-03-02T14:34:14.313313Z",
            "type_id": "1",
            "type_name": "건물"
         }
      },
      {
         "type": "Feature",
         "geometry": {
            "type": "Polygon",
            "coordinates": [
               [
                  31.411381,
                  30.13646,
                  0.0
               ],
               [
                  31.411324,
                  30.136449,
                  0.0
               ],
               [
                  31.411344,
                  30.136399,
                  0.0
               ],
               [
                  31.411396,
                  30.136411,
                  0.0
               ]
            ]
         },
         "properties": {
            "object_imcoords": "EMPTY",
            "building_imcoords": "630.443503, 913.378042, 620.329437, 915.452722, 623.754592, 925.611203, 632.848973, 923.31305",
            "road_imcoords": "EMPTY",
            "image_id": "BLD00623_PS3_K3A_NIA0277.png",
            "ingest_time": "2023-03-02T14:34:14.313313Z",
            "type_id": "1",
            "type_name": "건물"
         }
      },
      {
         "type": "Feature",
         "geometry": {
            "type": "Polygon",
            "coordinates": [
               [
                  31.411422,
                  30.136408,
                  0.0
               ],
               [
                  31.411359,
                  30.136385,
                  0.0
               ],
               [
                  31.411369,
                  30.136342,
                  0.0
               ],
               [
                  31.411437,
                  30.136354,
                  0.0
               ]
            ]
         },
         "properties": {
            "object_imcoords": "EMPTY",
            "building_imcoords": "637.445550, 924.010779, 626.294143, 928.419474, 628.010994, 937.102506, 639.859846, 934.91167",
            "road_imcoords": "EMPTY",
            "image_id": "BLD00623_PS3_K3A_NIA0277.png",
            "ingest_time": "2023-03-02T14:34:14.313313Z",
            "type_id": "1",
            "type_name": "건물"
         }
      },
      {
         "type": "Feature",
         "geometry": {
            "type": "Polygon",
            "coordinates": [
               [
                  31.411519,
                  30.136266,
                  0.0
               ],
               [
                  31.411465,
                  30.136249,
                  0.0
               ],
               [
                  31.411488,
                  30.136182,
                  0.0
               ],
               [
                  31.411491,
                  30.136172,
                  0.0
               ]
            ]
         },
         "properties": {
            "object_imcoords": "EMPTY",
            "building_imcoords": "653.944499, 952.877529, 644.447596, 956.168325, 648.310582, 969.653468, 648.868053, 971.637024, 658.653720, 969.373799, 658.809238, 966.66670",
            "road_imcoords": "EMPTY",
            "image_id": "BLD00623_PS3_K3A_NIA0277.png",
            "ingest_time": "2023-03-02T14:34:14.313313Z",
            "type_id": "1",
            "type_name": "건물"
         }
      },
      {
         "type": "Feature",
         "geometry": {
            "type": "Polygon",
            "coordinates": [
               [
                  31.407791,
                  30.135868,
                  0.0
               ],
               [
                  31.413637,
                  30.135938,
                  0.0
               ],
               [
                  31.413555,
                  30.141019,
                  0.0
               ],
               [
                  31.40771,
                  30.140948,
                  0.0
               ]
            ]
         },
         "properties": {
            "object_imcoords": "EMPTY",
            "building_imcoords": "649.115627, 971.469093, 634.074194, 976.915129, 637.445550, 992.215896, 654.820998, 987.80720",
            "road_imcoords": "EMPTY",
            "image_id": "BLD00623_PS3_K3A_NIA0277.png",
            "ingest_time": "2023-03-02T14:34:14.313313Z",
            "type_id": "1",
            "type_name": "건물"
         }
      },
      {
         "type": "Feature",
         "geometry": {
            "type": "Polygon",
            "coordinates": [
               [
                  31.407791,
                  30.135868,
                  0.0
               ],
               [
                  31.413637,
                  30.135938,
                  0.0
               ],
               [
                  31.413555,
                  30.141019,
                  0.0
               ],
               [
                  31.40771,
                  30.140948,
                  0.0
               ]
            ]
         },
         "properties": {
            "object_imcoords": "EMPTY",
            "building_imcoords": "409.604132, 529.954401, 382.228320, 537.185747, 405.983752, 618.568816, 428.623677, 614.347813, 427.856222, 605.138352, 432.077225, 602.452259, 427.856222, 584.800791, 423.251491, 584.800791, 421.332854, 573.672692, 424.018947, 571.75405",
            "road_imcoords": "EMPTY",
            "image_id": "BLD00623_PS3_K3A_NIA0277.png",
            "ingest_time": "2023-03-02T14:34:14.313313Z",
            "type_id": "1",
            "type_name": "건물"
         }
      },
      {
         "type": "Feature",
         "geometry": {
            "type": "Polygon",
            "coordinates": [
               [
                  31.407791,
                  30.135868,
                  0.0
               ],
               [
                  31.413637,
                  30.135938,
                  0.0
               ],
               [
                  31.413555,
                  30.141019,
                  0.0
               ],
               [
                  31.40771,
                  30.140948,
                  0.0
               ]
            ]
         },
         "properties": {
            "object_imcoords": "EMPTY",
            "building_imcoords": "432.768696, 626.597849, 404.829358, 635.037857, 408.321775, 647.261317, 435.679043, 640.27648",
            "road_imcoords": "EMPTY",
            "image_id": "BLD00623_PS3_K3A_NIA0277.png",
            "ingest_time": "2023-03-02T14:34:14.313313Z",
            "type_id": "1",
            "type_name": "건물"
         }
      },
      {
         "type": "Feature",
         "geometry": {
            "type": "Polygon",
            "coordinates": [
               [
                  31.407791,
                  30.135868,
                  0.0
               ],
               [
                  31.413637,
                  30.135938,
                  0.0
               ],
               [
                  31.413555,
                  30.141019,
                  0.0
               ],
               [
                  31.40771,
                  30.140948,
                  0.0
               ]
            ]
         },
         "properties": {
            "object_imcoords": "EMPTY",
            "building_imcoords": "436.843182, 667.924786, 422.291444, 672.581342, 424.037653, 683.640663, 439.753530, 679.27514",
            "road_imcoords": "EMPTY",
            "image_id": "BLD00623_PS3_K3A_NIA0277.png",
            "ingest_time": "2023-03-02T14:34:14.313313Z",
            "type_id": "1",
            "type_name": "건물"
         }
      },
      {
         "type": "Feature",
         "geometry": {
            "type": "Polygon",
            "coordinates": [
               [
                  31.410295,
                  30.137374,
                  0.0
               ],
               [
                  31.410216,
                  30.137353,
                  0.0
               ],
               [
                  31.410315,
                  30.137044,
                  0.0
               ],
               [
                  31.410391,
                  30.137068,
                  0.0
               ]
            ]
         },
         "properties": {
            "object_imcoords": "EMPTY",
            "building_imcoords": "442.779431, 726.543707, 428.869691, 730.500488, 445.283190, 793.069735, 458.781485, 788.550381, 458.396384, 780.90604",
            "road_imcoords": "EMPTY",
            "image_id": "BLD00623_PS3_K3A_NIA0277.png",
            "ingest_time": "2023-03-02T14:34:14.313313Z",
            "type_id": "1",
            "type_name": "건물"
         }
      },
      {
         "type": "Feature",
         "geometry": {
            "type": "Polygon",
            "coordinates": [
               [
                  31.410535,
                  30.13692,
                  0.0
               ],
               [
                  31.410308,
                  30.13685,
                  0.0
               ],
               [
                  31.410384,
                  30.13665,
                  0.0
               ],
               [
                  31.410353,
                  30.136635,
                  0.0
               ]
            ]
         },
         "properties": {
            "object_imcoords": "EMPTY",
            "building_imcoords": "483.476192, 818.701079, 443.521423, 832.221690, 456.326953, 872.675522, 450.797293, 875.585870, 455.453849, 888.973469, 460.401440, 887.809330, 458.073162, 911.674181, 468.841448, 915.166598, 483.393186, 962.896299, 468.841448, 968.134925, 460.401440, 979.776316, 460.762996, 991.418452, 466.240153, 990.099621, 473.796577, 995.214045, 476.191534, 996.047583, 492.918558, 991.808037, 497.018347, 1002.694435, 506.390763, 1000.952815, 509.948447, 1010.328565, 538.161856, 1002.763974, 539.808985, 1007.222132, 551.107733, 1003.121204, 541.833516, 969.312334, 527.203986, 968.834598, 511.888053, 914.311340, 515.533766, 912.118512, 502.237230, 869.380789, 498.368974, 868.385015, 491.834072, 850.572853, 491.146792, 843.23434",
            "road_imcoords": "EMPTY",
            "image_id": "BLD00623_PS3_K3A_NIA0277.png",
            "ingest_time": "2023-03-02T14:34:14.313313Z",
            "type_id": "1",
            "type_name": "건물"
         }
      },
      {
         "type": "Feature",
         "geometry": {
            "type": "Polygon",
            "coordinates": [
               [
                  31.409767,
                  30.140337,
                  0.0
               ],
               [
                  31.409767,
                  30.140316,
                  0.0
               ],
               [
                  31.409741,
                  30.140305,
                  0.0
               ],
               [
                  31.409757,
                  30.140258,
                  0.0
               ]
            ]
         },
         "properties": {
            "object_imcoords": "EMPTY",
            "building_imcoords": "358.670261, 128.185996, 358.461489, 132.361435, 353.868506, 134.657927, 356.582542, 144.052666, 357.000086, 147.810562, 364.515877, 146.557930, 365.977281, 148.019334, 413.368520, 130.691259, 412.950976, 127.350908, 407.314133, 110.440377, 383.722899, 115.659677, 363.472017, 124.84564",
            "road_imcoords": "EMPTY",
            "image_id": "BLD00623_PS3_K3A_NIA0277.png",
            "ingest_time": "2023-03-02T14:34:14.313313Z",
            "type_id": "1",
            "type_name": "건물"
         }
      },
      {
         "type": "Feature",
         "geometry": {
            "type": "Polygon",
            "coordinates": [
               [
                  31.410979,
                  30.140596,
                  0.0
               ],
               [
                  31.411022,
                  30.140504,
                  0.0
               ],
               [
                  31.41131,
                  30.140593,
                  0.0
               ],
               [
                  31.411277,
                  30.140678,
                  0.0
               ]
            ]
         },
         "properties": {
            "object_imcoords": "EMPTY",
            "building_imcoords": "571.593008, 78.910700, 578.872592, 97.546438, 629.538503, 80.366617, 624.006019, 63.186797, 607.408565, 66.098631, 589.355195, 71.92229",
            "road_imcoords": "EMPTY",
            "image_id": "BLD00623_PS3_K3A_NIA0277.png",
            "ingest_time": "2023-03-02T14:34:14.313313Z",
            "type_id": "1",
            "type_name": "건물"
         }
      },
      {
         "type": "Feature",
         "geometry": {
            "type": "Polygon",
            "coordinates": [
               [
                  31.412573,
                  30.141009,
                  0.0
               ],
               [
                  31.412566,
                  30.140968,
                  0.0
               ],
               [
                  31.412569,
                  30.140944,
                  0.0
               ],
               [
                  31.412619,
                  30.140939,
                  0.0
               ]
            ]
         },
         "properties": {
            "object_imcoords": "EMPTY",
            "building_imcoords": "852.005179, -0.384219, 850.660413, 7.876485, 851.044632, 12.679220, 859.881664, 13.831877, 862.763305, 2.305313, 862.763305, 0.19210",
            "road_imcoords": "EMPTY",
            "image_id": "BLD00623_PS3_K3A_NIA0277.png",
            "ingest_time": "2023-03-02T14:34:14.313313Z",
            "type_id": "1",
            "type_name": "건물"
         }
      },
      {
         "type": "Feature",
         "geometry": {
            "type": "Polygon",
            "coordinates": [
               [
                  31.412612,
                  30.140931,
                  0.0
               ],
               [
                  31.412781,
                  30.14091,
                  0.0
               ],
               [
                  31.412779,
                  30.140878,
                  0.0
               ],
               [
                  31.412769,
                  30.140832,
                  0.0
               ]
            ]
         },
         "properties": {
            "object_imcoords": "EMPTY",
            "building_imcoords": "858.536898, 15.368752, 888.121745, 20.171487, 887.737527, 26.511097, 885.816433, 35.732348, 857.384242, 30.92961",
            "road_imcoords": "EMPTY",
            "image_id": "BLD00623_PS3_K3A_NIA0277.png",
            "ingest_time": "2023-03-02T14:34:14.313313Z",
            "type_id": "1",
            "type_name": "건물"
         }
      },
      {
         "type": "Feature",
         "geometry": {
            "type": "Polygon",
            "coordinates": [
               [
                  31.412801,
                  30.140897,
                  0.0
               ],
               [
                  31.412793,
                  30.140843,
                  0.0
               ],
               [
                  31.412792,
                  30.140822,
                  0.0
               ],
               [
                  31.413013,
                  30.140797,
                  0.0
               ]
            ]
         },
         "properties": {
            "object_imcoords": "EMPTY",
            "building_imcoords": "891.579715, 22.668909, 890.042839, 33.619145, 889.850730, 37.845551, 928.464719, 43.416724, 929.425266, 37.077114, 929.233156, 28.04797",
            "road_imcoords": "EMPTY",
            "image_id": "BLD00623_PS3_K3A_NIA0277.png",
            "ingest_time": "2023-03-02T14:34:14.313313Z",
            "type_id": "1",
            "type_name": "건물"
         }
      },
      {
         "type": "Feature",
         "geometry": {
            "type": "Polygon",
            "coordinates": [
               [
                  31.413496,
                  30.141018,
                  0.0
               ],
               [
                  31.413472,
                  30.140808,
                  0.0
               ],
               [
                  31.413473,
                  30.14078,
                  0.0
               ],
               [
                  31.413537,
                  30.140776,
                  0.0
               ]
            ]
         },
         "properties": {
            "object_imcoords": "EMPTY",
            "building_imcoords": "1013.665723, 0.149685, 1008.875809, 42.360809, 1008.875809, 48.048833, 1020.102171, 48.946942, 1023.694608, 14.220060, 1024.000000, 4.345706, 1024.000000, 0.000000, 1017.158370, 0.00000",
            "road_imcoords": "EMPTY",
            "image_id": "BLD00623_PS3_K3A_NIA0277.png",
            "ingest_time": "2023-03-02T14:34:14.313313Z",
            "type_id": "1",
            "type_name": "건물"
         }
      },
      {
         "type": "Feature",
         "geometry": {
            "type": "Polygon",
            "coordinates": [
               [
                  31.410057,
                  30.137726,
                  0.0
               ],
               [
                  31.410044,
                  30.13776,
                  0.0
               ],
               [
                  31.410082,
                  30.137772,
                  0.0
               ],
               [
                  31.410095,
                  30.137737,
                  0.0
               ]
            ]
         },
         "properties": {
            "object_imcoords": "EMPTY",
            "building_imcoords": "402.104361, 654.965242, 399.894644, 648.070955, 406.560617, 645.934416, 408.770334, 652.828703, 410.980051, 659.722990, 404.314077, 661.85952",
            "road_imcoords": "EMPTY",
            "image_id": "BLD00623_PS3_K3A_NIA0277.png",
            "ingest_time": "2023-03-02T14:34:14.313313Z",
            "type_id": "1",
            "type_name": "건물"
         }
      },
      {
         "type": "Feature",
         "geometry": {
            "type": "Polygon",
            "coordinates": [
               [
                  31.410254,
                  30.13767,
                  0.0
               ],
               [
                  31.410218,
                  30.137662,
                  0.0
               ],
               [
                  31.410209,
                  30.137696,
                  0.0
               ],
               [
                  31.410245,
                  30.137704,
                  0.0
               ]
            ]
         },
         "properties": {
            "object_imcoords": "EMPTY",
            "building_imcoords": "436.439418, 666.856449, 430.160048, 668.271551, 428.621141, 661.442805, 434.892918, 660.029415, 441.172320, 658.614368, 442.711164, 665.44312",
            "road_imcoords": "EMPTY",
            "image_id": "BLD00623_PS3_K3A_NIA0277.png",
            "ingest_time": "2023-03-02T14:34:14.313313Z",
            "type_id": "1",
            "type_name": "건물"
         }
      },
      {
         "type": "Feature",
         "geometry": {
            "type": "Polygon",
            "coordinates": [
               [
                  31.410508,
                  30.13604,
                  0.0
               ],
               [
                  31.410499,
                  30.136011,
                  0.0
               ],
               [
                  31.410511,
                  30.135982,
                  0.0
               ],
               [
                  31.410455,
                  30.135969,
                  0.0
               ]
            ]
         },
         "properties": {
            "object_imcoords": "EMPTY",
            "building_imcoords": "476.261222, 995.848432, 474.632518, 1001.674268, 476.674436, 1007.573142, 466.918605, 1010.068820, 468.908774, 1024.000000, 513.987657, 1024.000000, 506.395689, 1001.447388, 498.249437, 1002.465669, 497.018347, 1002.694435, 493.737402, 993.982358, 492.839757, 991.828010, 491.253749, 992.22999",
            "road_imcoords": "EMPTY",
            "image_id": "BLD00623_PS3_K3A_NIA0277.png",
            "ingest_time": "2023-03-02T14:34:14.313313Z",
            "type_id": "1",
            "type_name": "건물"
         }
      },
      {
         "type": "Feature",
         "geometry": {
            "type": "Polygon",
            "coordinates": [
               [
                  31.412918,
                  30.138426,
                  0.0
               ],
               [
                  31.412869,
                  30.138413,
                  0.0
               ],
               [
                  31.412891,
                  30.138353,
                  0.0
               ],
               [
                  31.412934,
                  30.138365,
                  0.0
               ]
            ]
         },
         "properties": {
            "object_imcoords": "EMPTY",
            "building_imcoords": "905.115065, 520.977426, 896.485528, 523.443008, 900.183901, 535.524359, 907.827204, 533.305335, 907.827204, 530.10007",
            "road_imcoords": "EMPTY",
            "image_id": "BLD00623_PS3_K3A_NIA0277.png",
            "ingest_time": "2023-03-02T14:34:14.313313Z",
            "type_id": "1",
            "type_name": "건물"
         }
      },
      {
         "type": "Feature",
         "geometry": {
            "type": "Polygon",
            "coordinates": [
               [
                  31.413087,
                  30.138409,
                  0.0
               ],
               [
                  31.413032,
                  30.138397,
                  0.0
               ],
               [
                  31.413052,
                  30.138337,
                  0.0
               ],
               [
                  31.413064,
                  30.138328,
                  0.0
               ]
            ]
         },
         "properties": {
            "object_imcoords": "EMPTY",
            "building_imcoords": "934.612220, 524.842874, 925.006750, 527.148187, 928.272609, 539.251079, 930.385813, 540.980064, 938.262298, 538.674751, 938.262298, 536.56154",
            "road_imcoords": "EMPTY",
            "image_id": "BLD00623_PS3_K3A_NIA0277.png",
            "ingest_time": "2023-03-02T14:34:14.313313Z",
            "type_id": "1",
            "type_name": "건물"
         }
      },
      {
         "type": "Feature",
         "geometry": {
            "type": "Polygon",
            "coordinates": [
               [
                  31.413419,
                  30.139383,
                  0.0
               ],
               [
                  31.41341,
                  30.139413,
                  0.0
               ],
               [
                  31.41346,
                  30.139423,
                  0.0
               ],
               [
                  31.413469,
                  30.139393,
                  0.0
               ]
            ]
         },
         "properties": {
            "object_imcoords": "EMPTY",
            "building_imcoords": "995.478478, 329.382355, 994.121465, 323.328162, 1002.903559, 321.359705, 1004.260657, 327.414276, 1005.617619, 333.468511, 996.835506, 335.43688",
            "road_imcoords": "EMPTY",
            "image_id": "BLD00623_PS3_K3A_NIA0277.png",
            "ingest_time": "2023-03-02T14:34:14.313313Z",
            "type_id": "1",
            "type_name": "건물"
         }
      }
   ]
}