{
   "type": "FeatureCollection",
   "features": [
      {
         "type": "Feature",
         "geometry": {
            "type": "Polygon",
            "coordinates": [
               [
                  31.359876,
                  29.974422,
                  0.0
               ],
               [
                  31.365712,
                  29.974495,
                  0.0
               ],
               [
                  31.365629,
                  29.979576,
                  0.0
               ],
               [
                  31.359793,
                  29.979503,
                  0.0
               ]
            ]
         },
         "properties": {
            "object_imcoords": "EMPTY",
            "building_imcoords": "896.015931, 0.000000, 916.194875, 11.682547, 928.939471, 9.204431, 937.081853, 0.00000",
            "road_imcoords": "EMPTY",
            "image_id": "BLD00265_PS3_K3A_NIA0276.png",
            "ingest_time": "2023-03-02T14:34:14.313313Z",
            "type_id": "1",
            "type_name": "건물"
         }
      },
      {
         "type": "Feature",
         "geometry": {
            "type": "Polygon",
            "coordinates": [
               [
                  31.359876,
                  29.974422,
                  0.0
               ],
               [
                  31.365712,
                  29.974495,
                  0.0
               ],
               [
                  31.365629,
                  29.979576,
                  0.0
               ],
               [
                  31.359793,
                  29.979503,
                  0.0
               ]
            ]
         },
         "properties": {
            "object_imcoords": "EMPTY",
            "building_imcoords": "948.764399, 0.000000, 939.913985, 12.744596, 942.392101, 23.365093, 940.622018, 30.799441, 959.738913, 41.065922, 962.925062, 39.295839, 975.315642, 43.898054, 983.104006, 32.215508, 982.749990, 18.408861, 980.625890, 15.222712, 983.458023, 11.328530, 983.104006, 6.018282, 967.704286, 0.00000",
            "road_imcoords": "EMPTY",
            "image_id": "BLD00265_PS3_K3A_NIA0276.png",
            "ingest_time": "2023-03-02T14:34:14.313313Z",
            "type_id": "1",
            "type_name": "건물"
         }
      },
      {
         "type": "Feature",
         "geometry": {
            "type": "Polygon",
            "coordinates": [
               [
                  31.359876,
                  29.974422,
                  0.0
               ],
               [
                  31.365712,
                  29.974495,
                  0.0
               ],
               [
                  31.365629,
                  29.979576,
                  0.0
               ],
               [
                  31.359793,
                  29.979503,
                  0.0
               ]
            ]
         },
         "properties": {
            "object_imcoords": "EMPTY",
            "building_imcoords": "1005.053033, 19.824928, 1000.096801, 31.507474, 996.910652, 32.923541, 991.600404, 48.854286, 995.140569, 66.909131, 1024.000000, 75.051512, 1024.000000, 26.19722",
            "road_imcoords": "EMPTY",
            "image_id": "BLD00265_PS3_K3A_NIA0276.png",
            "ingest_time": "2023-03-02T14:34:14.313313Z",
            "type_id": "1",
            "type_name": "건물"
         }
      },
      {
         "type": "Feature",
         "geometry": {
            "type": "Polygon",
            "coordinates": [
               [
                  31.36409,
                  29.978726,
                  0.0
               ],
               [
                  31.364087,
                  29.978542,
                  0.0
               ],
               [
                  31.364121,
                  29.978542,
                  0.0
               ],
               [
                  31.36413,
                  29.978493,
                  0.0
               ]
            ]
         },
         "properties": {
            "object_imcoords": "EMPTY",
            "building_imcoords": "751.610637, 167.327386, 750.520556, 204.390130, 756.516000, 204.390130, 757.957977, 214.338899, 769.002157, 218.429336, 796.408085, 220.474555, 795.747157, 234.660582, 831.152160, 237.831646, 831.880620, 245.408194, 839.696824, 245.553764, 840.625837, 254.390024, 849.015398, 255.428191, 849.441558, 263.543103, 857.276985, 264.581277, 858.096858, 272.887811, 866.164574, 274.310223, 867.504896, 283.530190, 885.912610, 283.817159, 886.996410, 254.485450, 878.398935, 254.118042, 878.850722, 248.001522, 869.594079, 245.096931, 869.819925, 237.128712, 860.864508, 234.558238, 861.016056, 227.926023, 852.126808, 225.061050, 852.985221, 212.209932, 844.656237, 209.863597, 845.178679, 202.989587, 834.078104, 200.226951, 834.336063, 191.007142, 798.667349, 189.221393, 798.862347, 186.523927, 790.272429, 178.752097, 790.681473, 161.572262, 782.909643, 152.164257, 771.456419, 151.346169, 762.866502, 158.299912, 762.457458, 167.29887",
            "road_imcoords": "EMPTY",
            "image_id": "BLD00265_PS3_K3A_NIA0276.png",
            "ingest_time": "2023-03-02T14:34:14.313313Z",
            "type_id": "1",
            "type_name": "건물"
         }
      },
      {
         "type": "Feature",
         "geometry": {
            "type": "Polygon",
            "coordinates": [
               [
                  31.359876,
                  29.974422,
                  0.0
               ],
               [
                  31.365712,
                  29.974495,
                  0.0
               ],
               [
                  31.365629,
                  29.979576,
                  0.0
               ],
               [
                  31.359793,
                  29.979503,
                  0.0
               ]
            ]
         },
         "properties": {
            "object_imcoords": "EMPTY",
            "building_imcoords": "863.129952, 319.820473, 883.797430, 318.419288, 889.051874, 336.284397, 889.051874, 361.856023, 881.345357, 368.861948, 853.671953, 367.110466, 853.671953, 335.23350",
            "road_imcoords": "EMPTY",
            "image_id": "BLD00265_PS3_K3A_NIA0276.png",
            "ingest_time": "2023-03-02T14:34:14.313313Z",
            "type_id": "1",
            "type_name": "건물"
         }
      },
      {
         "type": "Feature",
         "geometry": {
            "type": "Polygon",
            "coordinates": [
               [
                  31.359876,
                  29.974422,
                  0.0
               ],
               [
                  31.365712,
                  29.974495,
                  0.0
               ],
               [
                  31.365629,
                  29.979576,
                  0.0
               ],
               [
                  31.359793,
                  29.979503,
                  0.0
               ]
            ]
         },
         "properties": {
            "object_imcoords": "EMPTY",
            "building_imcoords": "935.156838, 242.762277, 936.462011, 262.339880, 974.312044, 268.213161, 975.943510, 253.529959, 971.049110, 251.572199, 972.680577, 245.372624, 968.765056, 242.109691, 952.450387, 241.78339",
            "road_imcoords": "EMPTY",
            "image_id": "BLD00265_PS3_K3A_NIA0276.png",
            "ingest_time": "2023-03-02T14:34:14.313313Z",
            "type_id": "1",
            "type_name": "건물"
         }
      },
      {
         "type": "Feature",
         "geometry": {
            "type": "Polygon",
            "coordinates": [
               [
                  31.359876,
                  29.974422,
                  0.0
               ],
               [
                  31.365712,
                  29.974495,
                  0.0
               ],
               [
                  31.365629,
                  29.979576,
                  0.0
               ],
               [
                  31.359793,
                  29.979503,
                  0.0
               ]
            ]
         },
         "properties": {
            "object_imcoords": "EMPTY",
            "building_imcoords": "982.795672, 256.140306, 980.837911, 267.560575, 1012.814663, 271.802389, 1013.140956, 260.05582",
            "road_imcoords": "EMPTY",
            "image_id": "BLD00265_PS3_K3A_NIA0276.png",
            "ingest_time": "2023-03-02T14:34:14.313313Z",
            "type_id": "1",
            "type_name": "건물"
         }
      },
      {
         "type": "Feature",
         "geometry": {
            "type": "Polygon",
            "coordinates": [
               [
                  31.359876,
                  29.974422,
                  0.0
               ],
               [
                  31.365712,
                  29.974495,
                  0.0
               ],
               [
                  31.365629,
                  29.979576,
                  0.0
               ],
               [
                  31.359793,
                  29.979503,
                  0.0
               ]
            ]
         },
         "properties": {
            "object_imcoords": "EMPTY",
            "building_imcoords": "1001.815900, 283.090422, 997.763481, 305.378727, 1024.000000, 309.141688, 1024.000000, 285.11663",
            "road_imcoords": "EMPTY",
            "image_id": "BLD00265_PS3_K3A_NIA0276.png",
            "ingest_time": "2023-03-02T14:34:14.313313Z",
            "type_id": "1",
            "type_name": "건물"
         }
      },
      {
         "type": "Feature",
         "geometry": {
            "type": "Polygon",
            "coordinates": [
               [
                  31.359876,
                  29.974422,
                  0.0
               ],
               [
                  31.365712,
                  29.974495,
                  0.0
               ],
               [
                  31.365629,
                  29.979576,
                  0.0
               ],
               [
                  31.359793,
                  29.979503,
                  0.0
               ]
            ]
         },
         "properties": {
            "object_imcoords": "EMPTY",
            "building_imcoords": "458.442204, 729.265712, 454.852977, 747.211849, 457.463324, 781.146360, 478.019807, 834.005889, 493.355596, 827.153728, 492.376716, 819.322686, 480.956447, 795.829563, 473.451700, 772.336439, 471.167646, 749.169609, 469.536179, 731.22347",
            "road_imcoords": "EMPTY",
            "image_id": "BLD00265_PS3_K3A_NIA0276.png",
            "ingest_time": "2023-03-02T14:34:14.313313Z",
            "type_id": "1",
            "type_name": "건물"
         }
      },
      {
         "type": "Feature",
         "geometry": {
            "type": "Polygon",
            "coordinates": [
               [
                  31.359876,
                  29.974422,
                  0.0
               ],
               [
                  31.365712,
                  29.974495,
                  0.0
               ],
               [
                  31.365629,
                  29.979576,
                  0.0
               ],
               [
                  31.359793,
                  29.979503,
                  0.0
               ]
            ]
         },
         "properties": {
            "object_imcoords": "EMPTY",
            "building_imcoords": "175.478313, 1019.589511, 228.928604, 981.602826, 259.855817, 1024.000000, 179.176132, 1024.00000",
            "road_imcoords": "EMPTY",
            "image_id": "BLD00265_PS3_K3A_NIA0276.png",
            "ingest_time": "2023-03-02T14:34:14.313313Z",
            "type_id": "1",
            "type_name": "건물"
         }
      },
      {
         "type": "Feature",
         "geometry": {
            "type": "Polygon",
            "coordinates": [
               [
                  31.360758,
                  29.97477,
                  0.0
               ],
               [
                  31.360751,
                  29.974609,
                  0.0
               ],
               [
                  31.361057,
                  29.974617,
                  0.0
               ],
               [
                  31.361123,
                  29.974687,
                  0.0
               ]
            ]
         },
         "properties": {
            "object_imcoords": "EMPTY",
            "building_imcoords": "155.698598, 956.069699, 153.963731, 988.662298, 207.750187, 987.653802, 219.515974, 973.871023, 215.818156, 963.113732, 206.741691, 955.71809",
            "road_imcoords": "EMPTY",
            "image_id": "BLD00265_PS3_K3A_NIA0276.png",
            "ingest_time": "2023-03-02T14:34:14.313313Z",
            "type_id": "1",
            "type_name": "건물"
         }
      },
      {
         "type": "Feature",
         "geometry": {
            "type": "Polygon",
            "coordinates": [
               [
                  31.359876,
                  29.974422,
                  0.0
               ],
               [
                  31.365712,
                  29.974495,
                  0.0
               ],
               [
                  31.365629,
                  29.979576,
                  0.0
               ],
               [
                  31.359793,
                  29.979503,
                  0.0
               ]
            ]
         },
         "properties": {
            "object_imcoords": "EMPTY",
            "building_imcoords": "984.601084, 281.845778, 983.485599, 294.116109, 992.409476, 295.231594, 993.896789, 282.58943",
            "road_imcoords": "EMPTY",
            "image_id": "BLD00265_PS3_K3A_NIA0276.png",
            "ingest_time": "2023-03-02T14:34:14.313313Z",
            "type_id": "1",
            "type_name": "건물"
         }
      },
      {
         "type": "Feature",
         "geometry": {
            "type": "Polygon",
            "coordinates": [
               [
                  31.359876,
                  29.974422,
                  0.0
               ],
               [
                  31.365712,
                  29.974495,
                  0.0
               ],
               [
                  31.365629,
                  29.979576,
                  0.0
               ],
               [
                  31.359793,
                  29.979503,
                  0.0
               ]
            ]
         },
         "properties": {
            "object_imcoords": "EMPTY",
            "building_imcoords": "510.802441, 757.339048, 524.182989, 757.673562, 524.182989, 768.712514, 512.140496, 769.04702",
            "road_imcoords": "EMPTY",
            "image_id": "BLD00265_PS3_K3A_NIA0276.png",
            "ingest_time": "2023-03-02T14:34:14.313313Z",
            "type_id": "1",
            "type_name": "건물"
         }
      },
      {
         "type": "Feature",
         "geometry": {
            "type": "Polygon",
            "coordinates": [
               [
                  31.359876,
                  29.974422,
                  0.0
               ],
               [
                  31.365712,
                  29.974495,
                  0.0
               ],
               [
                  31.365629,
                  29.979576,
                  0.0
               ],
               [
                  31.359793,
                  29.979503,
                  0.0
               ]
            ]
         },
         "properties": {
            "object_imcoords": "EMPTY",
            "building_imcoords": "536.947034, 472.936317, 536.089747, 481.794943, 540.376179, 482.366468, 539.804655, 488.081710, 544.091087, 488.367472, 544.662611, 484.366802, 551.235140, 483.795278, 551.235140, 474.07936",
            "road_imcoords": "EMPTY",
            "image_id": "BLD00265_PS3_K3A_NIA0276.png",
            "ingest_time": "2023-03-02T14:34:14.313313Z",
            "type_id": "1",
            "type_name": "건물"
         }
      },
      {
         "type": "Feature",
         "geometry": {
            "type": "Polygon",
            "coordinates": [
               [
                  31.359876,
                  29.974422,
                  0.0
               ],
               [
                  31.365712,
                  29.974495,
                  0.0
               ],
               [
                  31.365629,
                  29.979576,
                  0.0
               ],
               [
                  31.359793,
                  29.979503,
                  0.0
               ]
            ]
         },
         "properties": {
            "object_imcoords": "EMPTY",
            "building_imcoords": "742.695764, 336.627784, 741.266953, 345.200647, 749.268293, 346.915220, 750.697103, 350.630128, 761.556064, 351.773176, 764.699447, 340.628453, 753.840487, 338.056594, 748.125244, 338.34235",
            "road_imcoords": "EMPTY",
            "image_id": "BLD00265_PS3_K3A_NIA0276.png",
            "ingest_time": "2023-03-02T14:34:14.313313Z",
            "type_id": "1",
            "type_name": "건물"
         }
      },
      {
         "type": "Feature",
         "geometry": {
            "type": "Polygon",
            "coordinates": [
               [
                  31.361911,
                  29.974751,
                  0.0
               ],
               [
                  31.361912,
                  29.974782,
                  0.0
               ],
               [
                  31.361974,
                  29.974782,
                  0.0
               ],
               [
                  31.361974,
                  29.97475,
                  0.0
               ]
            ]
         },
         "properties": {
            "object_imcoords": "EMPTY",
            "building_imcoords": "357.939806, 962.819528, 358.124447, 956.541795, 369.119693, 956.865188, 368.930616, 963.293753, 368.746006, 969.571401, 357.750759, 969.24805",
            "road_imcoords": "EMPTY",
            "image_id": "BLD00265_PS3_K3A_NIA0276.png",
            "ingest_time": "2023-03-02T14:34:14.313313Z",
            "type_id": "1",
            "type_name": "건물"
         }
      },
      {
         "type": "Feature",
         "geometry": {
            "type": "Polygon",
            "coordinates": [
               [
                  31.36121,
                  29.974624,
                  0.0
               ],
               [
                  31.361183,
                  29.974654,
                  0.0
               ],
               [
                  31.361233,
                  29.974687,
                  0.0
               ],
               [
                  31.36126,
                  29.974656,
                  0.0
               ]
            ]
         },
         "properties": {
            "object_imcoords": "EMPTY",
            "building_imcoords": "234.509674, 986.803273, 229.886551, 980.515844, 238.748703, 973.999537, 243.468384, 980.418284, 248.091522, 986.705795, 239.229340, 993.22206",
            "road_imcoords": "EMPTY",
            "image_id": "BLD00265_PS3_K3A_NIA0276.png",
            "ingest_time": "2023-03-02T14:34:14.313313Z",
            "type_id": "1",
            "type_name": "건물"
         }
      },
      {
         "type": "Feature",
         "geometry": {
            "type": "Polygon",
            "coordinates": [
               [
                  31.362124,
                  29.975532,
                  0.0
               ],
               [
                  31.362152,
                  29.975558,
                  0.0
               ],
               [
                  31.362181,
                  29.975577,
                  0.0
               ],
               [
                  31.362226,
                  29.975594,
                  0.0
               ]
            ]
         },
         "properties": {
            "object_imcoords": "EMPTY",
            "building_imcoords": "397.629900, 806.097457, 402.488160, 800.865485, 407.720133, 797.128362, 415.568091, 793.764951, 423.042337, 791.522677, 426.032036, 802.734047, 429.769159, 820.672238, 437.243405, 835.994442, 426.405748, 842.721264, 424.910899, 838.984141, 424.910899, 838.98414",
            "road_imcoords": "EMPTY",
            "image_id": "BLD00265_PS3_K3A_NIA0276.png",
            "ingest_time": "2023-03-02T14:34:14.313313Z",
            "type_id": "1",
            "type_name": "건물"
         }
      },
      {
         "type": "Feature",
         "geometry": {
            "type": "Polygon",
            "coordinates": [
               [
                  31.36421,
                  29.977861,
                  0.0
               ],
               [
                  31.364204,
                  29.977835,
                  0.0
               ],
               [
                  31.364207,
                  29.977819,
                  0.0
               ],
               [
                  31.364196,
                  29.977808,
                  0.0
               ]
            ]
         },
         "properties": {
            "object_imcoords": "EMPTY",
            "building_imcoords": "770.247742, 341.976190, 769.014951, 347.153912, 769.508068, 350.359168, 767.535602, 352.578192, 767.782160, 357.262797, 804.765887, 364.412984, 806.984910, 360.221495, 807.724585, 354.797215, 806.738352, 353.564425, 805.505561, 348.879819, 790.465513, 346.167679, 789.972396, 347.400470, 786.767140, 346.414237, 785.780907, 344.934888, 785.780907, 344.93488",
            "road_imcoords": "EMPTY",
            "image_id": "BLD00265_PS3_K3A_NIA0276.png",
            "ingest_time": "2023-03-02T14:34:14.313313Z",
            "type_id": "1",
            "type_name": "건물"
         }
      },
      {
         "type": "Feature",
         "geometry": {
            "type": "Polygon",
            "coordinates": [
               [
                  31.365569,
                  29.979575,
                  0.0
               ],
               [
                  31.365566,
                  29.979562,
                  0.0
               ],
               [
                  31.365578,
                  29.979553,
                  0.0
               ],
               [
                  31.365581,
                  29.979538,
                  0.0
               ]
            ]
         },
         "properties": {
            "object_imcoords": "EMPTY",
            "building_imcoords": "1013.490157, 0.000000, 1012.901688, 2.648109, 1015.108446, 4.413515, 1015.549797, 7.502975, 1024.000000, 9.075106, 1024.000000, 0.00000",
            "road_imcoords": "EMPTY",
            "image_id": "BLD00265_PS3_K3A_NIA0276.png",
            "ingest_time": "2023-03-02T14:34:14.313313Z",
            "type_id": "1",
            "type_name": "건물"
         }
      }
   ]
}