{
   "type": "FeatureCollection",
   "features": [
      {
         "type": "Feature",
         "geometry": {
            "type": "Polygon",
            "coordinates": [
               [
                  31.432343,
                  30.080268,
                  0.0
               ],
               [
                  31.432354,
                  30.080198,
                  0.0
               ],
               [
                  31.432512,
                  30.080205,
                  0.0
               ],
               [
                  31.432517,
                  30.080215,
                  0.0
               ]
            ]
         },
         "properties": {
            "object_imcoords": "EMPTY",
            "building_imcoords": "50.462994, -0.648143, 52.186121, 13.517025, 79.960435, 12.567795, 80.794779, 10.478565, 104.163470, 9.840172, 103.879920, 0.00000",
            "road_imcoords": "EMPTY",
            "image_id": "BLD00927_PS3_K3A_NIA0277.png",
            "ingest_time": "2023-03-02T14:34:14.313313Z",
            "type_id": "1",
            "type_name": "건물"
         }
      },
      {
         "type": "Feature",
         "geometry": {
            "type": "Polygon",
            "coordinates": [
               [
                  31.432354,
                  30.080188,
                  0.0
               ],
               [
                  31.432654,
                  30.080207,
                  0.0
               ],
               [
                  31.432663,
                  30.080109,
                  0.0
               ],
               [
                  31.432658,
                  30.080034,
                  0.0
               ]
            ]
         },
         "properties": {
            "object_imcoords": "EMPTY",
            "building_imcoords": "52.186121, 15.508140, 104.864563, 12.554208, 106.140895, 32.229193, 104.986932, 47.382763, 54.588705, 49.46694",
            "road_imcoords": "EMPTY",
            "image_id": "BLD00927_PS3_K3A_NIA0277.png",
            "ingest_time": "2023-03-02T14:34:14.313313Z",
            "type_id": "1",
            "type_name": "건물"
         }
      },
      {
         "type": "Feature",
         "geometry": {
            "type": "Polygon",
            "coordinates": [
               [
                  31.432187,
                  30.079972,
                  0.0
               ],
               [
                  31.432083,
                  30.079961,
                  0.0
               ],
               [
                  31.43206,
                  30.07995,
                  0.0
               ],
               [
                  31.432063,
                  30.079754,
                  0.0
               ]
            ]
         },
         "properties": {
            "object_imcoords": "EMPTY",
            "building_imcoords": "22.288003, 58.652639, 3.988379, 60.764134, 0.000000, 62.875629, 0.000000, 102.290202, 23.461056, 101.351760, 26.743540, 90.32506",
            "road_imcoords": "EMPTY",
            "image_id": "BLD00927_PS3_K3A_NIA0277.png",
            "ingest_time": "2023-03-02T14:34:14.313313Z",
            "type_id": "1",
            "type_name": "건물"
         }
      },
      {
         "type": "Feature",
         "geometry": {
            "type": "Polygon",
            "coordinates": [
               [
                  31.432677,
                  30.080272,
                  0.0
               ],
               [
                  31.432683,
                  30.080193,
                  0.0
               ],
               [
                  31.432734,
                  30.080193,
                  0.0
               ],
               [
                  31.432761,
                  30.080209,
                  0.0
               ]
            ]
         },
         "properties": {
            "object_imcoords": "EMPTY",
            "building_imcoords": "109.056632, -0.626316, 109.873701, 15.450989, 118.756451, 15.497590, 123.539969, 12.436214, 139.440408, 11.826683, 139.821914, 0.00000",
            "road_imcoords": "EMPTY",
            "image_id": "BLD00927_PS3_K3A_NIA0277.png",
            "ingest_time": "2023-03-02T14:34:14.313313Z",
            "type_id": "1",
            "type_name": "건물"
         }
      },
      {
         "type": "Feature",
         "geometry": {
            "type": "Polygon",
            "coordinates": [
               [
                  31.434022,
                  30.078367,
                  0.0
               ],
               [
                  31.433873,
                  30.07834,
                  0.0
               ],
               [
                  31.433844,
                  30.078321,
                  0.0
               ],
               [
                  31.433861,
                  30.078285,
                  0.0
               ]
            ]
         },
         "properties": {
            "object_imcoords": "EMPTY",
            "building_imcoords": "339.479426, 386.518858, 313.365624, 391.534091, 308.177452, 395.338751, 311.128534, 402.700601, 329.498658, 399.823711, 329.502934, 397.977003, 335.757930, 396.807108, 338.552534, 398.877496, 342.765269, 398.451655, 341.554695, 386.00004",
            "road_imcoords": "EMPTY",
            "image_id": "BLD00927_PS3_K3A_NIA0277.png",
            "ingest_time": "2023-03-02T14:34:14.313313Z",
            "type_id": "1",
            "type_name": "건물"
         }
      },
      {
         "type": "Feature",
         "geometry": {
            "type": "Polygon",
            "coordinates": [
               [
                  31.434107,
                  30.0788,
                  0.0
               ],
               [
                  31.43411,
                  30.078886,
                  0.0
               ],
               [
                  31.43404,
                  30.0789,
                  0.0
               ],
               [
                  31.433966,
                  30.078881,
                  0.0
               ]
            ]
         },
         "properties": {
            "object_imcoords": "EMPTY",
            "building_imcoords": "355.592456, 299.578059, 356.368378, 282.158485, 344.100618, 279.141822, 331.028415, 282.761817, 330.022861, 300.258459, 342.893953, 303.878454, 352.459884, 303.39388",
            "road_imcoords": "EMPTY",
            "image_id": "BLD00927_PS3_K3A_NIA0277.png",
            "ingest_time": "2023-03-02T14:34:14.313313Z",
            "type_id": "1",
            "type_name": "건물"
         }
      },
      {
         "type": "Feature",
         "geometry": {
            "type": "Polygon",
            "coordinates": [
               [
                  31.433786,
                  30.07885,
                  0.0
               ],
               [
                  31.433768,
                  30.078858,
                  0.0
               ],
               [
                  31.433755,
                  30.07887,
                  0.0
               ],
               [
                  31.433753,
                  30.078884,
                  0.0
               ]
            ]
         },
         "properties": {
            "object_imcoords": "EMPTY",
            "building_imcoords": "299.481321, 288.591091, 296.305004, 287.002933, 294.036206, 284.507255, 293.809327, 281.784698, 298.573802, 280.196539, 304.018917, 281.784698, 305.380196, 284.280375, 303.565157, 287.45669",
            "road_imcoords": "EMPTY",
            "image_id": "BLD00927_PS3_K3A_NIA0277.png",
            "ingest_time": "2023-03-02T14:34:14.313313Z",
            "type_id": "1",
            "type_name": "건물"
         }
      },
      {
         "type": "Feature",
         "geometry": {
            "type": "Polygon",
            "coordinates": [
               [
                  31.433787,
                  30.078791,
                  0.0
               ],
               [
                  31.433796,
                  30.07882,
                  0.0
               ],
               [
                  31.433812,
                  30.078826,
                  0.0
               ],
               [
                  31.433842,
                  30.078818,
                  0.0
               ]
            ]
         },
         "properties": {
            "object_imcoords": "EMPTY",
            "building_imcoords": "299.481321, 300.615720, 301.069480, 294.716846, 304.018917, 293.582447, 309.237152, 295.170605, 309.464032, 298.573802, 307.195234, 302.657638, 300.842600, 302.88451",
            "road_imcoords": "EMPTY",
            "image_id": "BLD00927_PS3_K3A_NIA0277.png",
            "ingest_time": "2023-03-02T14:34:14.313313Z",
            "type_id": "1",
            "type_name": "건물"
         }
      },
      {
         "type": "Feature",
         "geometry": {
            "type": "Polygon",
            "coordinates": [
               [
                  31.433785,
                  30.078487,
                  0.0
               ],
               [
                  31.433628,
                  30.078458,
                  0.0
               ],
               [
                  31.433611,
                  30.078526,
                  0.0
               ],
               [
                  31.433769,
                  30.078555,
                  0.0
               ]
            ]
         },
         "properties": {
            "object_imcoords": "EMPTY",
            "building_imcoords": "298.257594, 361.803472, 270.614326, 367.332113, 267.868706, 353.603983, 295.701024, 348.037532, 323.344317, 342.508861, 326.089948, 356.23698",
            "road_imcoords": "EMPTY",
            "image_id": "BLD00927_PS3_K3A_NIA0277.png",
            "ingest_time": "2023-03-02T14:34:14.313313Z",
            "type_id": "1",
            "type_name": "건물"
         }
      },
      {
         "type": "Feature",
         "geometry": {
            "type": "Polygon",
            "coordinates": [
               [
                  31.433986,
                  30.078629,
                  0.0
               ],
               [
                  31.434011,
                  30.078512,
                  0.0
               ],
               [
                  31.434139,
                  30.078532,
                  0.0
               ],
               [
                  31.434171,
                  30.078573,
                  0.0
               ]
            ]
         },
         "properties": {
            "object_imcoords": "EMPTY",
            "building_imcoords": "333.839770, 333.593212, 338.031259, 357.262797, 360.468053, 353.564425, 366.138892, 345.428005, 364.166426, 328.41549",
            "road_imcoords": "EMPTY",
            "image_id": "BLD00927_PS3_K3A_NIA0277.png",
            "ingest_time": "2023-03-02T14:34:14.313313Z",
            "type_id": "1",
            "type_name": "건물"
         }
      },
      {
         "type": "Feature",
         "geometry": {
            "type": "Polygon",
            "coordinates": [
               [
                  31.433419,
                  30.078401,
                  0.0
               ],
               [
                  31.433404,
                  30.078368,
                  0.0
               ],
               [
                  31.433429,
                  30.078336,
                  0.0
               ],
               [
                  31.433478,
                  30.078346,
                  0.0
               ]
            ]
         },
         "properties": {
            "object_imcoords": "EMPTY",
            "building_imcoords": "233.913062, 378.208608, 231.190505, 384.788122, 235.501221, 391.367636, 244.122653, 389.552597, 245.257052, 382.519324, 241.400095, 377.52796",
            "road_imcoords": "EMPTY",
            "image_id": "BLD00927_PS3_K3A_NIA0277.png",
            "ingest_time": "2023-03-02T14:34:14.313313Z",
            "type_id": "1",
            "type_name": "건물"
         }
      },
      {
         "type": "Feature",
         "geometry": {
            "type": "Polygon",
            "coordinates": [
               [
                  31.43373,
                  30.077961,
                  0.0
               ],
               [
                  31.433691,
                  30.077968,
                  0.0
               ],
               [
                  31.433674,
                  30.077991,
                  0.0
               ],
               [
                  31.433672,
                  30.07802,
                  0.0
               ]
            ]
         },
         "properties": {
            "object_imcoords": "EMPTY",
            "building_imcoords": "287.240275, 467.720860, 280.336646, 466.241511, 277.377948, 461.556906, 277.131390, 455.639509, 280.583204, 450.954904, 284.774693, 448.982439, 290.198973, 449.722113, 293.157671, 451.448020, 294.637020, 455.392951, 294.883579, 459.830998, 293.404230, 464.76216",
            "road_imcoords": "EMPTY",
            "image_id": "BLD00927_PS3_K3A_NIA0277.png",
            "ingest_time": "2023-03-02T14:34:14.313313Z",
            "type_id": "1",
            "type_name": "건물"
         }
      },
      {
         "type": "Feature",
         "geometry": {
            "type": "Polygon",
            "coordinates": [
               [
                  31.432957,
                  30.080271,
                  0.0
               ],
               [
                  31.432956,
                  30.080259,
                  0.0
               ],
               [
                  31.432972,
                  30.080234,
                  0.0
               ],
               [
                  31.433047,
                  30.080264,
                  0.0
               ]
            ]
         },
         "properties": {
            "object_imcoords": "EMPTY",
            "building_imcoords": "158.040389, 0.417544, 157.831617, 2.714036, 160.545653, 7.724563, 173.907059, 1.878948, 174.094954, 0.000000, 168.757350, 0.00000",
            "road_imcoords": "EMPTY",
            "image_id": "BLD00927_PS3_K3A_NIA0277.png",
            "ingest_time": "2023-03-02T14:34:14.313313Z",
            "type_id": "1",
            "type_name": "건물"
         }
      },
      {
         "type": "Feature",
         "geometry": {
            "type": "Polygon",
            "coordinates": [
               [
                  31.433911,
                  30.075898,
                  0.0
               ],
               [
                  31.433892,
                  30.075868,
                  0.0
               ],
               [
                  31.43391,
                  30.075826,
                  0.0
               ],
               [
                  31.434102,
                  30.075685,
                  0.0
               ]
            ]
         },
         "properties": {
            "object_imcoords": "EMPTY",
            "building_imcoords": "313.170918, 883.829618, 309.807507, 889.809015, 312.797205, 898.404398, 346.057601, 927.180246, 350.542149, 920.827137, 349.794724, 911.85804",
            "road_imcoords": "EMPTY",
            "image_id": "BLD00927_PS3_K3A_NIA0277.png",
            "ingest_time": "2023-03-02T14:34:14.313313Z",
            "type_id": "1",
            "type_name": "건물"
         }
      }
   ]
}