{
   "type": "FeatureCollection",
   "features": [
      {
         "type": "Feature",
         "geometry": {
            "type": "Polygon",
            "coordinates": [
               [
                  31.441417,
                  29.985576,
                  0.0
               ],
               [
                  31.447254,
                  29.985645,
                  0.0
               ],
               [
                  31.447174,
                  29.990726,
                  0.0
               ],
               [
                  31.441338,
                  29.990657,
                  0.0
               ]
            ]
         },
         "properties": {
            "object_imcoords": "EMPTY",
            "building_imcoords": "1.135339, 303.135487, 21.571439, 299.729470, 25.355902, 318.273339, 32.924828, 340.223224, 38.223076, 354.604184, 38.223076, 365.957573, 0.000000, 379.58163",
            "road_imcoords": "EMPTY",
            "image_id": "BLD00228_PS3_K3A_NIA0276.png",
            "ingest_time": "2023-03-02T14:34:14.313313Z",
            "type_id": "1",
            "type_name": "건물"
         }
      },
      {
         "type": "Feature",
         "geometry": {
            "type": "Polygon",
            "coordinates": [
               [
                  31.441716,
                  29.989283,
                  0.0
               ],
               [
                  31.441961,
                  29.989343,
                  0.0
               ],
               [
                  31.441961,
                  29.989358,
                  0.0
               ],
               [
                  31.442021,
                  29.98937,
                  0.0
               ]
            ]
         },
         "properties": {
            "object_imcoords": "EMPTY",
            "building_imcoords": "62.549008, 277.833968, 105.702976, 266.196943, 105.702976, 263.287687, 116.370248, 260.863307, 116.370248, 263.287687, 159.039339, 256.984298, 171.828222, 315.765463, 172.911162, 317.290496, 170.969634, 339.039512, 166.807575, 335.309768, 160.096830, 334.562344, 128.899631, 341.796627, 130.502404, 349.512547, 119.339265, 350.841492, 116.307663, 343.972882, 100.955764, 347.280646, 83.350151, 349.941333, 82.950287, 354.296749, 73.357767, 358.549373, 61.397261, 294.76001",
            "road_imcoords": "EMPTY",
            "image_id": "BLD00228_PS3_K3A_NIA0276.png",
            "ingest_time": "2023-03-02T14:34:14.313313Z",
            "type_id": "1",
            "type_name": "건물"
         }
      },
      {
         "type": "Feature",
         "geometry": {
            "type": "Polygon",
            "coordinates": [
               [
                  31.441417,
                  29.985576,
                  0.0
               ],
               [
                  31.447254,
                  29.985645,
                  0.0
               ],
               [
                  31.447174,
                  29.990726,
                  0.0
               ],
               [
                  31.441338,
                  29.990657,
                  0.0
               ]
            ]
         },
         "properties": {
            "object_imcoords": "EMPTY",
            "building_imcoords": "36.060329, 496.859813, 41.469378, 495.571945, 45.075411, 500.465846, 45.075411, 516.950568, 39.408788, 515.662699, 34.772460, 517.46571",
            "road_imcoords": "EMPTY",
            "image_id": "BLD00228_PS3_K3A_NIA0276.png",
            "ingest_time": "2023-03-02T14:34:14.313313Z",
            "type_id": "1",
            "type_name": "건물"
         }
      },
      {
         "type": "Feature",
         "geometry": {
            "type": "Polygon",
            "coordinates": [
               [
                  31.441417,
                  29.985576,
                  0.0
               ],
               [
                  31.447254,
                  29.985645,
                  0.0
               ],
               [
                  31.447174,
                  29.990726,
                  0.0
               ],
               [
                  31.441338,
                  29.990657,
                  0.0
               ]
            ]
         },
         "properties": {
            "object_imcoords": "EMPTY",
            "building_imcoords": "33.794974, 518.804055, 38.915425, 518.189601, 44.855147, 519.828145, 44.650329, 538.671403, 34.409428, 538.46658",
            "road_imcoords": "EMPTY",
            "image_id": "BLD00228_PS3_K3A_NIA0276.png",
            "ingest_time": "2023-03-02T14:34:14.313313Z",
            "type_id": "1",
            "type_name": "건물"
         }
      },
      {
         "type": "Feature",
         "geometry": {
            "type": "Polygon",
            "coordinates": [
               [
                  31.441417,
                  29.985576,
                  0.0
               ],
               [
                  31.447254,
                  29.985645,
                  0.0
               ],
               [
                  31.447174,
                  29.990726,
                  0.0
               ],
               [
                  31.441338,
                  29.990657,
                  0.0
               ]
            ]
         },
         "properties": {
            "object_imcoords": "EMPTY",
            "building_imcoords": "45.879237, 526.996776, 49.975598, 526.177504, 56.939411, 527.201594, 56.120139, 538.671403, 45.264783, 538.46658",
            "road_imcoords": "EMPTY",
            "image_id": "BLD00228_PS3_K3A_NIA0276.png",
            "ingest_time": "2023-03-02T14:34:14.313313Z",
            "type_id": "1",
            "type_name": "건물"
         }
      },
      {
         "type": "Feature",
         "geometry": {
            "type": "Polygon",
            "coordinates": [
               [
                  31.441417,
                  29.985576,
                  0.0
               ],
               [
                  31.447254,
                  29.985645,
                  0.0
               ],
               [
                  31.447174,
                  29.990726,
                  0.0
               ],
               [
                  31.441338,
                  29.990657,
                  0.0
               ]
            ]
         },
         "properties": {
            "object_imcoords": "EMPTY",
            "building_imcoords": "45.879237, 539.695493, 51.204506, 538.261767, 55.096048, 539.695493, 56.529775, 550.346030, 46.698509, 550.55084",
            "road_imcoords": "EMPTY",
            "image_id": "BLD00228_PS3_K3A_NIA0276.png",
            "ingest_time": "2023-03-02T14:34:14.313313Z",
            "type_id": "1",
            "type_name": "건물"
         }
      },
      {
         "type": "Feature",
         "geometry": {
            "type": "Polygon",
            "coordinates": [
               [
                  31.441417,
                  29.985576,
                  0.0
               ],
               [
                  31.447254,
                  29.985645,
                  0.0
               ],
               [
                  31.447174,
                  29.990726,
                  0.0
               ],
               [
                  31.441338,
                  29.990657,
                  0.0
               ]
            ]
         },
         "properties": {
            "object_imcoords": "EMPTY",
            "building_imcoords": "33.180520, 540.309947, 39.529879, 539.285857, 44.650329, 540.105129, 45.059965, 559.972478, 33.180520, 559.35802",
            "road_imcoords": "EMPTY",
            "image_id": "BLD00228_PS3_K3A_NIA0276.png",
            "ingest_time": "2023-03-02T14:34:14.313313Z",
            "type_id": "1",
            "type_name": "건물"
         }
      },
      {
         "type": "Feature",
         "geometry": {
            "type": "Polygon",
            "coordinates": [
               [
                  31.441417,
                  29.985576,
                  0.0
               ],
               [
                  31.447254,
                  29.985645,
                  0.0
               ],
               [
                  31.447174,
                  29.990726,
                  0.0
               ],
               [
                  31.441338,
                  29.990657,
                  0.0
               ]
            ]
         },
         "properties": {
            "object_imcoords": "EMPTY",
            "building_imcoords": "57.349047, 540.105129, 56.939411, 558.948387, 68.409220, 558.538751, 68.614038, 539.285857, 63.083951, 538.46658",
            "road_imcoords": "EMPTY",
            "image_id": "BLD00228_PS3_K3A_NIA0276.png",
            "ingest_time": "2023-03-02T14:34:14.313313Z",
            "type_id": "1",
            "type_name": "건물"
         }
      },
      {
         "type": "Feature",
         "geometry": {
            "type": "Polygon",
            "coordinates": [
               [
                  31.441417,
                  29.985576,
                  0.0
               ],
               [
                  31.447254,
                  29.985645,
                  0.0
               ],
               [
                  31.447174,
                  29.990726,
                  0.0
               ],
               [
                  31.441338,
                  29.990657,
                  0.0
               ]
            ]
         },
         "properties": {
            "object_imcoords": "EMPTY",
            "building_imcoords": "13.305466, 708.869942, 13.871656, 694.998286, 67.659711, 695.847571, 67.376616, 711.13470",
            "road_imcoords": "EMPTY",
            "image_id": "BLD00228_PS3_K3A_NIA0276.png",
            "ingest_time": "2023-03-02T14:34:14.313313Z",
            "type_id": "1",
            "type_name": "건물"
         }
      },
      {
         "type": "Feature",
         "geometry": {
            "type": "Polygon",
            "coordinates": [
               [
                  31.441417,
                  29.985576,
                  0.0
               ],
               [
                  31.447254,
                  29.985645,
                  0.0
               ],
               [
                  31.447174,
                  29.990726,
                  0.0
               ],
               [
                  31.441338,
                  29.990657,
                  0.0
               ]
            ]
         },
         "properties": {
            "object_imcoords": "EMPTY",
            "building_imcoords": "79.266607, 709.436132, 79.549702, 695.847571, 113.238010, 696.130666, 140.698227, 698.395426, 159.099404, 711.134702, 167.489729, 726.207026, 169.580737, 740.007678, 168.326132, 750.253616, 166.653326, 753.390128, 161.007604, 751.508221, 161.425806, 745.444298, 153.689077, 743.771492, 148.879759, 727.043429, 140.253025, 718.210247, 128.596983, 712.406374, 100.995679, 710.73356",
            "road_imcoords": "EMPTY",
            "image_id": "BLD00228_PS3_K3A_NIA0276.png",
            "ingest_time": "2023-03-02T14:34:14.313313Z",
            "type_id": "1",
            "type_name": "건물"
         }
      },
      {
         "type": "Feature",
         "geometry": {
            "type": "Polygon",
            "coordinates": [
               [
                  31.441417,
                  29.985576,
                  0.0
               ],
               [
                  31.447254,
                  29.985645,
                  0.0
               ],
               [
                  31.447174,
                  29.990726,
                  0.0
               ],
               [
                  31.441338,
                  29.990657,
                  0.0
               ]
            ]
         },
         "properties": {
            "object_imcoords": "EMPTY",
            "building_imcoords": "0.642071, 757.643400, 16.907861, 771.126884, 83.255165, 771.126884, 82.827117, 812.433431, 81.971023, 825.060821, 13.911531, 824.846798, 13.269461, 845.393059, 81.542976, 845.607083, 81.328953, 887.341677, 80.881974, 903.630029, 74.528707, 904.607455, 0.244356, 903.87438",
            "road_imcoords": "EMPTY",
            "image_id": "BLD00228_PS3_K3A_NIA0276.png",
            "ingest_time": "2023-03-02T14:34:14.313313Z",
            "type_id": "1",
            "type_name": "건물"
         }
      },
      {
         "type": "Feature",
         "geometry": {
            "type": "Polygon",
            "coordinates": [
               [
                  31.441417,
                  29.985576,
                  0.0
               ],
               [
                  31.447254,
                  29.985645,
                  0.0
               ],
               [
                  31.447174,
                  29.990726,
                  0.0
               ],
               [
                  31.441338,
                  29.990657,
                  0.0
               ]
            ]
         },
         "properties": {
            "object_imcoords": "EMPTY",
            "building_imcoords": "174.213832, 883.111588, 196.893743, 884.917953, 196.291621, 866.252185, 184.851312, 865.248650, 184.449898, 856.016119, 174.013124, 856.21682",
            "road_imcoords": "EMPTY",
            "image_id": "BLD00228_PS3_K3A_NIA0276.png",
            "ingest_time": "2023-03-02T14:34:14.313313Z",
            "type_id": "1",
            "type_name": "건물"
         }
      },
      {
         "type": "Feature",
         "geometry": {
            "type": "Polygon",
            "coordinates": [
               [
                  31.441417,
                  29.985576,
                  0.0
               ],
               [
                  31.447254,
                  29.985645,
                  0.0
               ],
               [
                  31.447174,
                  29.990726,
                  0.0
               ],
               [
                  31.441338,
                  29.990657,
                  0.0
               ]
            ]
         },
         "properties": {
            "object_imcoords": "EMPTY",
            "building_imcoords": "445.144974, 839.247374, 444.607684, 915.811235, 614.391403, 914.199364, 610.093081, 839.78466",
            "road_imcoords": "EMPTY",
            "image_id": "BLD00228_PS3_K3A_NIA0276.png",
            "ingest_time": "2023-03-02T14:34:14.313313Z",
            "type_id": "1",
            "type_name": "건물"
         }
      },
      {
         "type": "Feature",
         "geometry": {
            "type": "Polygon",
            "coordinates": [
               [
                  31.44396,
                  29.986675,
                  0.0
               ],
               [
                  31.443955,
                  29.986769,
                  0.0
               ],
               [
                  31.443961,
                  29.987064,
                  0.0
               ],
               [
                  31.444941,
                  29.987054,
                  0.0
               ]
            ]
         },
         "properties": {
            "object_imcoords": "EMPTY",
            "building_imcoords": "449.062569, 808.700111, 448.401047, 789.730037, 450.249231, 730.177453, 622.166487, 734.555354, 621.524416, 809.86514",
            "road_imcoords": "EMPTY",
            "image_id": "BLD00228_PS3_K3A_NIA0276.png",
            "ingest_time": "2023-03-02T14:34:14.313313Z",
            "type_id": "1",
            "type_name": "건물"
         }
      },
      {
         "type": "Feature",
         "geometry": {
            "type": "Polygon",
            "coordinates": [
               [
                  31.441417,
                  29.985576,
                  0.0
               ],
               [
                  31.447254,
                  29.985645,
                  0.0
               ],
               [
                  31.447174,
                  29.990726,
                  0.0
               ],
               [
                  31.441338,
                  29.990657,
                  0.0
               ]
            ]
         },
         "properties": {
            "object_imcoords": "EMPTY",
            "building_imcoords": "640.300874, 891.403256, 643.768576, 770.645652, 670.898240, 770.033705, 703.331448, 775.133266, 700.067729, 896.09485",
            "road_imcoords": "EMPTY",
            "image_id": "BLD00228_PS3_K3A_NIA0276.png",
            "ingest_time": "2023-03-02T14:34:14.313313Z",
            "type_id": "1",
            "type_name": "건물"
         }
      },
      {
         "type": "Feature",
         "geometry": {
            "type": "Polygon",
            "coordinates": [
               [
                  31.441417,
                  29.985576,
                  0.0
               ],
               [
                  31.447254,
                  29.985645,
                  0.0
               ],
               [
                  31.447174,
                  29.990726,
                  0.0
               ],
               [
                  31.441338,
                  29.990657,
                  0.0
               ]
            ]
         },
         "properties": {
            "object_imcoords": "EMPTY",
            "building_imcoords": "454.259551, 651.253392, 453.625110, 639.833459, 513.579757, 546.887895, 533.564640, 556.087285, 552.280641, 572.265523, 551.646200, 583.368236, 492.325993, 671.23827",
            "road_imcoords": "EMPTY",
            "image_id": "BLD00228_PS3_K3A_NIA0276.png",
            "ingest_time": "2023-03-02T14:34:14.313313Z",
            "type_id": "1",
            "type_name": "건물"
         }
      },
      {
         "type": "Feature",
         "geometry": {
            "type": "Polygon",
            "coordinates": [
               [
                  31.441417,
                  29.985576,
                  0.0
               ],
               [
                  31.447254,
                  29.985645,
                  0.0
               ],
               [
                  31.447174,
                  29.990726,
                  0.0
               ],
               [
                  31.441338,
                  29.990657,
                  0.0
               ]
            ]
         },
         "properties": {
            "object_imcoords": "EMPTY",
            "building_imcoords": "543.715691, 653.473935, 542.764030, 642.688443, 597.008711, 558.942268, 616.041933, 567.189998, 634.757934, 584.002677, 633.489052, 589.712643, 582.099354, 672.50715",
            "road_imcoords": "EMPTY",
            "image_id": "BLD00228_PS3_K3A_NIA0276.png",
            "ingest_time": "2023-03-02T14:34:14.313313Z",
            "type_id": "1",
            "type_name": "건물"
         }
      },
      {
         "type": "Feature",
         "geometry": {
            "type": "Polygon",
            "coordinates": [
               [
                  31.441417,
                  29.985576,
                  0.0
               ],
               [
                  31.447254,
                  29.985645,
                  0.0
               ],
               [
                  31.447174,
                  29.990726,
                  0.0
               ],
               [
                  31.441338,
                  29.990657,
                  0.0
               ]
            ]
         },
         "properties": {
            "object_imcoords": "EMPTY",
            "building_imcoords": "634.123493, 656.328918, 633.806273, 643.322883, 679.168784, 570.996642, 699.788107, 581.782134, 717.235226, 596.691491, 717.869667, 603.353118, 671.872715, 678.21712",
            "road_imcoords": "EMPTY",
            "image_id": "BLD00228_PS3_K3A_NIA0276.png",
            "ingest_time": "2023-03-02T14:34:14.313313Z",
            "type_id": "1",
            "type_name": "건물"
         }
      },
      {
         "type": "Feature",
         "geometry": {
            "type": "Polygon",
            "coordinates": [
               [
                  31.441417,
                  29.985576,
                  0.0
               ],
               [
                  31.447254,
                  29.985645,
                  0.0
               ],
               [
                  31.447174,
                  29.990726,
                  0.0
               ],
               [
                  31.441338,
                  29.990657,
                  0.0
               ]
            ]
         },
         "properties": {
            "object_imcoords": "EMPTY",
            "building_imcoords": "715.282383, 661.890107, 717.023435, 623.441866, 722.972031, 623.151690, 730.081328, 624.312392, 728.775539, 662.470458, 727.034487, 664.50168",
            "road_imcoords": "EMPTY",
            "image_id": "BLD00228_PS3_K3A_NIA0276.png",
            "ingest_time": "2023-03-02T14:34:14.313313Z",
            "type_id": "1",
            "type_name": "건물"
         }
      },
      {
         "type": "Feature",
         "geometry": {
            "type": "Polygon",
            "coordinates": [
               [
                  31.441417,
                  29.985576,
                  0.0
               ],
               [
                  31.447254,
                  29.985645,
                  0.0
               ],
               [
                  31.447174,
                  29.990726,
                  0.0
               ],
               [
                  31.441338,
                  29.990657,
                  0.0
               ]
            ]
         },
         "properties": {
            "object_imcoords": "EMPTY",
            "building_imcoords": "692.809101, 674.656897, 695.176779, 671.763068, 701.622127, 664.660032, 710.961304, 671.236917, 711.487455, 673.604596, 719.511255, 680.181481, 714.644360, 689.257583, 694.519091, 677.41918",
            "road_imcoords": "EMPTY",
            "image_id": "BLD00228_PS3_K3A_NIA0276.png",
            "ingest_time": "2023-03-02T14:34:14.313313Z",
            "type_id": "1",
            "type_name": "건물"
         }
      },
      {
         "type": "Feature",
         "geometry": {
            "type": "Polygon",
            "coordinates": [
               [
                  31.441417,
                  29.985576,
                  0.0
               ],
               [
                  31.447254,
                  29.985645,
                  0.0
               ],
               [
                  31.447174,
                  29.990726,
                  0.0
               ],
               [
                  31.441338,
                  29.990657,
                  0.0
               ]
            ]
         },
         "properties": {
            "object_imcoords": "EMPTY",
            "building_imcoords": "530.979336, 532.958756, 530.814384, 528.670013, 537.247498, 520.092528, 548.134307, 527.515351, 548.464210, 529.989626, 541.701193, 539.88672",
            "road_imcoords": "EMPTY",
            "image_id": "BLD00228_PS3_K3A_NIA0276.png",
            "ingest_time": "2023-03-02T14:34:14.313313Z",
            "type_id": "1",
            "type_name": "건물"
         }
      },
      {
         "type": "Feature",
         "geometry": {
            "type": "Polygon",
            "coordinates": [
               [
                  31.441417,
                  29.985576,
                  0.0
               ],
               [
                  31.447254,
                  29.985645,
                  0.0
               ],
               [
                  31.447174,
                  29.990726,
                  0.0
               ],
               [
                  31.441338,
                  29.990657,
                  0.0
               ]
            ]
         },
         "properties": {
            "object_imcoords": "EMPTY",
            "building_imcoords": "551.103436, 545.495080, 550.938485, 542.031096, 558.361309, 532.463901, 569.083165, 539.721773, 569.413069, 543.515661, 562.485100, 552.25809",
            "road_imcoords": "EMPTY",
            "image_id": "BLD00228_PS3_K3A_NIA0276.png",
            "ingest_time": "2023-03-02T14:34:14.313313Z",
            "type_id": "1",
            "type_name": "건물"
         }
      },
      {
         "type": "Feature",
         "geometry": {
            "type": "Polygon",
            "coordinates": [
               [
                  31.441417,
                  29.985576,
                  0.0
               ],
               [
                  31.447254,
                  29.985645,
                  0.0
               ],
               [
                  31.447174,
                  29.990726,
                  0.0
               ],
               [
                  31.441338,
                  29.990657,
                  0.0
               ]
            ]
         },
         "properties": {
            "object_imcoords": "EMPTY",
            "building_imcoords": "627.970901, 515.473882, 628.465756, 491.225990, 647.105292, 465.658486, 653.703358, 468.957519, 655.682777, 468.132760, 688.013299, 492.050748, 688.178251, 510.855236, 670.528425, 541.04138",
            "road_imcoords": "EMPTY",
            "image_id": "BLD00228_PS3_K3A_NIA0276.png",
            "ingest_time": "2023-03-02T14:34:14.313313Z",
            "type_id": "1",
            "type_name": "건물"
         }
      },
      {
         "type": "Feature",
         "geometry": {
            "type": "Polygon",
            "coordinates": [
               [
                  31.441417,
                  29.985576,
                  0.0
               ],
               [
                  31.447254,
                  29.985645,
                  0.0
               ],
               [
                  31.447174,
                  29.990726,
                  0.0
               ],
               [
                  31.441338,
                  29.990657,
                  0.0
               ]
            ]
         },
         "properties": {
            "object_imcoords": "EMPTY",
            "building_imcoords": "392.158153, 530.792188, 408.051282, 523.324333, 412.838369, 532.132572, 394.647439, 540.55784",
            "road_imcoords": "EMPTY",
            "image_id": "BLD00228_PS3_K3A_NIA0276.png",
            "ingest_time": "2023-03-02T14:34:14.313313Z",
            "type_id": "1",
            "type_name": "건물"
         }
      },
      {
         "type": "Feature",
         "geometry": {
            "type": "Polygon",
            "coordinates": [
               [
                  31.441417,
                  29.985576,
                  0.0
               ],
               [
                  31.447254,
                  29.985645,
                  0.0
               ],
               [
                  31.447174,
                  29.990726,
                  0.0
               ],
               [
                  31.441338,
                  29.990657,
                  0.0
               ]
            ]
         },
         "properties": {
            "object_imcoords": "EMPTY",
            "building_imcoords": "409.583149, 523.898783, 418.774356, 518.728729, 424.327377, 529.068837, 413.412819, 533.664440, 412.838369, 531.94108",
            "road_imcoords": "EMPTY",
            "image_id": "BLD00228_PS3_K3A_NIA0276.png",
            "ingest_time": "2023-03-02T14:34:14.313313Z",
            "type_id": "1",
            "type_name": "건물"
         }
      },
      {
         "type": "Feature",
         "geometry": {
            "type": "Polygon",
            "coordinates": [
               [
                  31.441417,
                  29.985576,
                  0.0
               ],
               [
                  31.447254,
                  29.985645,
                  0.0
               ],
               [
                  31.447174,
                  29.990726,
                  0.0
               ],
               [
                  31.441338,
                  29.990657,
                  0.0
               ]
            ]
         },
         "properties": {
            "object_imcoords": "EMPTY",
            "building_imcoords": "405.260972, 542.139568, 405.619293, 539.511881, 412.069070, 536.167552, 416.607802, 542.975650, 415.771720, 544.170053, 409.202503, 548.11158",
            "road_imcoords": "EMPTY",
            "image_id": "BLD00228_PS3_K3A_NIA0276.png",
            "ingest_time": "2023-03-02T14:34:14.313313Z",
            "type_id": "1",
            "type_name": "건물"
         }
      },
      {
         "type": "Feature",
         "geometry": {
            "type": "Polygon",
            "coordinates": [
               [
                  31.441417,
                  29.985576,
                  0.0
               ],
               [
                  31.447254,
                  29.985645,
                  0.0
               ],
               [
                  31.447174,
                  29.990726,
                  0.0
               ],
               [
                  31.441338,
                  29.990657,
                  0.0
               ]
            ]
         },
         "properties": {
            "object_imcoords": "EMPTY",
            "building_imcoords": "410.516346, 549.544867, 410.994107, 547.633822, 417.563324, 544.528374, 422.340937, 551.814233, 421.863176, 553.725278, 413.741234, 557.06960",
            "road_imcoords": "EMPTY",
            "image_id": "BLD00228_PS3_K3A_NIA0276.png",
            "ingest_time": "2023-03-02T14:34:14.313313Z",
            "type_id": "1",
            "type_name": "건물"
         }
      },
      {
         "type": "Feature",
         "geometry": {
            "type": "Polygon",
            "coordinates": [
               [
                  31.441417,
                  29.985576,
                  0.0
               ],
               [
                  31.447254,
                  29.985645,
                  0.0
               ],
               [
                  31.447174,
                  29.990726,
                  0.0
               ],
               [
                  31.441338,
                  29.990657,
                  0.0
               ]
            ]
         },
         "properties": {
            "object_imcoords": "EMPTY",
            "building_imcoords": "331.393014, 251.743961, 332.275552, 329.407303, 346.175525, 329.186669, 345.072353, 257.701092, 343.748546, 257.701092, 343.527911, 251.74396",
            "road_imcoords": "EMPTY",
            "image_id": "BLD00228_PS3_K3A_NIA0276.png",
            "ingest_time": "2023-03-02T14:34:14.313313Z",
            "type_id": "1",
            "type_name": "건물"
         }
      },
      {
         "type": "Feature",
         "geometry": {
            "type": "Polygon",
            "coordinates": [
               [
                  31.441417,
                  29.985576,
                  0.0
               ],
               [
                  31.447254,
                  29.985645,
                  0.0
               ],
               [
                  31.447174,
                  29.990726,
                  0.0
               ],
               [
                  31.441338,
                  29.990657,
                  0.0
               ]
            ]
         },
         "properties": {
            "object_imcoords": "EMPTY",
            "building_imcoords": "328.492411, 860.246454, 351.059379, 849.598659, 356.462737, 858.021541, 356.462737, 863.107055, 334.372536, 874.708384, 328.333489, 865.80873",
            "road_imcoords": "EMPTY",
            "image_id": "BLD00228_PS3_K3A_NIA0276.png",
            "ingest_time": "2023-03-02T14:34:14.313313Z",
            "type_id": "1",
            "type_name": "건물"
         }
      },
      {
         "type": "Feature",
         "geometry": {
            "type": "Polygon",
            "coordinates": [
               [
                  31.442591,
                  29.986457,
                  0.0
               ],
               [
                  31.442694,
                  29.986452,
                  0.0
               ],
               [
                  31.442688,
                  29.986524,
                  0.0
               ],
               [
                  31.442849,
                  29.986527,
                  0.0
               ]
            ]
         },
         "properties": {
            "object_imcoords": "EMPTY",
            "building_imcoords": "208.283400, 849.375184, 226.358296, 850.528995, 225.598963, 836.098247, 253.754153, 835.716050, 253.142206, 871.412977, 207.654122, 870.39306",
            "road_imcoords": "EMPTY",
            "image_id": "BLD00228_PS3_K3A_NIA0276.png",
            "ingest_time": "2023-03-02T14:34:14.313313Z",
            "type_id": "1",
            "type_name": "건물"
         }
      },
      {
         "type": "Feature",
         "geometry": {
            "type": "Polygon",
            "coordinates": [
               [
                  31.441417,
                  29.985576,
                  0.0
               ],
               [
                  31.447254,
                  29.985645,
                  0.0
               ],
               [
                  31.447174,
                  29.990726,
                  0.0
               ],
               [
                  31.441338,
                  29.990657,
                  0.0
               ]
            ]
         },
         "properties": {
            "object_imcoords": "EMPTY",
            "building_imcoords": "206.634210, 912.617429, 207.654122, 876.308555, 219.281121, 875.492626, 219.281121, 877.532450, 252.938224, 879.164309, 251.510347, 915.06521",
            "road_imcoords": "EMPTY",
            "image_id": "BLD00228_PS3_K3A_NIA0276.png",
            "ingest_time": "2023-03-02T14:34:14.313313Z",
            "type_id": "1",
            "type_name": "건물"
         }
      },
      {
         "type": "Feature",
         "geometry": {
            "type": "Polygon",
            "coordinates": [
               [
                  31.441417,
                  29.985576,
                  0.0
               ],
               [
                  31.447254,
                  29.985645,
                  0.0
               ],
               [
                  31.447174,
                  29.990726,
                  0.0
               ],
               [
                  31.441338,
                  29.990657,
                  0.0
               ]
            ]
         },
         "properties": {
            "object_imcoords": "EMPTY",
            "building_imcoords": "175.104813, 823.747691, 197.577196, 825.365703, 197.397417, 859.523726, 183.913987, 858.984389, 184.093766, 856.467482, 174.565475, 856.10792",
            "road_imcoords": "EMPTY",
            "image_id": "BLD00228_PS3_K3A_NIA0276.png",
            "ingest_time": "2023-03-02T14:34:14.313313Z",
            "type_id": "1",
            "type_name": "건물"
         }
      },
      {
         "type": "Feature",
         "geometry": {
            "type": "Polygon",
            "coordinates": [
               [
                  31.441417,
                  29.985576,
                  0.0
               ],
               [
                  31.447254,
                  29.985645,
                  0.0
               ],
               [
                  31.447174,
                  29.990726,
                  0.0
               ],
               [
                  31.441338,
                  29.990657,
                  0.0
               ]
            ]
         },
         "properties": {
            "object_imcoords": "EMPTY",
            "building_imcoords": "172.332089, 898.102213, 172.842955, 900.656542, 195.661631, 902.359429, 196.342786, 885.841432, 173.694398, 884.138546, 173.183533, 888.56605",
            "road_imcoords": "EMPTY",
            "image_id": "BLD00228_PS3_K3A_NIA0276.png",
            "ingest_time": "2023-03-02T14:34:14.313313Z",
            "type_id": "1",
            "type_name": "건물"
         }
      },
      {
         "type": "Feature",
         "geometry": {
            "type": "Polygon",
            "coordinates": [
               [
                  31.441417,
                  29.985576,
                  0.0
               ],
               [
                  31.447254,
                  29.985645,
                  0.0
               ],
               [
                  31.447174,
                  29.990726,
                  0.0
               ],
               [
                  31.441338,
                  29.990657,
                  0.0
               ]
            ]
         },
         "properties": {
            "object_imcoords": "EMPTY",
            "building_imcoords": "95.535143, 609.733711, 100.932609, 609.193964, 107.409568, 610.633289, 105.610413, 664.068199, 93.915904, 663.52845",
            "road_imcoords": "EMPTY",
            "image_id": "BLD00228_PS3_K3A_NIA0276.png",
            "ingest_time": "2023-03-02T14:34:14.313313Z",
            "type_id": "1",
            "type_name": "건물"
         }
      },
      {
         "type": "Feature",
         "geometry": {
            "type": "Polygon",
            "coordinates": [
               [
                  31.443086,
                  29.985596,
                  0.0
               ],
               [
                  31.4431,
                  29.985695,
                  0.0
               ],
               [
                  31.443581,
                  29.985652,
                  0.0
               ],
               [
                  31.44358,
                  29.985602,
                  0.0
               ]
            ]
         },
         "properties": {
            "object_imcoords": "EMPTY",
            "building_imcoords": "292.747150, 1024.000000, 295.474659, 1003.998269, 379.808052, 1013.847424, 379.445460, 1024.00000",
            "road_imcoords": "EMPTY",
            "image_id": "BLD00228_PS3_K3A_NIA0276.png",
            "ingest_time": "2023-03-02T14:34:14.313313Z",
            "type_id": "1",
            "type_name": "건물"
         }
      }
   ]
}