{
   "type": "FeatureCollection",
   "features": [
      {
         "type": "Feature",
         "geometry": {
            "type": "Polygon",
            "coordinates": [
               [
                  31.414691,
                  30.06989,
                  0.0
               ],
               [
                  31.420533,
                  30.069961,
                  0.0
               ],
               [
                  31.420452,
                  30.075041,
                  0.0
               ],
               [
                  31.41461,
                  30.074971,
                  0.0
               ]
            ]
         },
         "properties": {
            "object_imcoords": "EMPTY",
            "building_imcoords": "578.702021, 980.352692, 585.099385, 974.992739, 584.926483, 968.076671, 577.837513, 959.777389, 571.785953, 964.272833, 571.094346, 973.60952",
            "road_imcoords": "EMPTY",
            "image_id": "BLD00950_PS3_K3A_NIA0277.png",
            "ingest_time": "2023-03-02T14:34:14.313313Z",
            "type_id": "1",
            "type_name": "건물"
         }
      },
      {
         "type": "Feature",
         "geometry": {
            "type": "Polygon",
            "coordinates": [
               [
                  31.417353,
                  30.069922,
                  0.0
               ],
               [
                  31.417154,
                  30.070051,
                  0.0
               ],
               [
                  31.417047,
                  30.069942,
                  0.0
               ],
               [
                  31.417102,
                  30.069919,
                  0.0
               ]
            ]
         },
         "properties": {
            "object_imcoords": "EMPTY",
            "building_imcoords": "466.517558, 1024.000000, 432.148486, 997.634684, 412.963203, 1019.218127, 422.526950, 1024.00000",
            "road_imcoords": "EMPTY",
            "image_id": "BLD00950_PS3_K3A_NIA0277.png",
            "ingest_time": "2023-03-02T14:34:14.313313Z",
            "type_id": "1",
            "type_name": "건물"
         }
      },
      {
         "type": "Feature",
         "geometry": {
            "type": "Polygon",
            "coordinates": [
               [
                  31.417882,
                  30.070414,
                  0.0
               ],
               [
                  31.417767,
                  30.070323,
                  0.0
               ],
               [
                  31.417802,
                  30.070292,
                  0.0
               ],
               [
                  31.417792,
                  30.070283,
                  0.0
               ]
            ]
         },
         "properties": {
            "object_imcoords": "EMPTY",
            "building_imcoords": "560.689878, 926.169507, 540.225875, 944.359732, 546.300916, 950.630742, 544.533958, 952.289958, 547.739812, 956.386327, 573.639943, 933.36398",
            "road_imcoords": "EMPTY",
            "image_id": "BLD00950_PS3_K3A_NIA0277.png",
            "ingest_time": "2023-03-02T14:34:14.313313Z",
            "type_id": "1",
            "type_name": "건물"
         }
      },
      {
         "type": "Feature",
         "geometry": {
            "type": "Polygon",
            "coordinates": [
               [
                  31.417657,
                  30.070138,
                  0.0
               ],
               [
                  31.417616,
                  30.070102,
                  0.0
               ],
               [
                  31.417652,
                  30.070059,
                  0.0
               ],
               [
                  31.417717,
                  30.070105,
                  0.0
               ]
            ]
         },
         "properties": {
            "object_imcoords": "EMPTY",
            "building_imcoords": "520.400785, 981.327194, 513.206304, 988.521675, 519.441521, 997.155052, 530.952690, 988.04204",
            "road_imcoords": "EMPTY",
            "image_id": "BLD00950_PS3_K3A_NIA0277.png",
            "ingest_time": "2023-03-02T14:34:14.313313Z",
            "type_id": "1",
            "type_name": "건물"
         }
      },
      {
         "type": "Feature",
         "geometry": {
            "type": "Polygon",
            "coordinates": [
               [
                  31.41773,
                  30.070364,
                  0.0
               ],
               [
                  31.417675,
                  30.070317,
                  0.0
               ],
               [
                  31.417731,
                  30.070268,
                  0.0
               ],
               [
                  31.417784,
                  30.070304,
                  0.0
               ]
            ]
         },
         "properties": {
            "object_imcoords": "EMPTY",
            "building_imcoords": "533.848143, 935.879129, 524.092312, 945.181200, 533.848143, 955.163911, 543.150214, 948.130638, 540.509089, 944.652083, 540.225875, 944.359732, 540.262441, 944.32722",
            "road_imcoords": "EMPTY",
            "image_id": "BLD00950_PS3_K3A_NIA0277.png",
            "ingest_time": "2023-03-02T14:34:14.313313Z",
            "type_id": "1",
            "type_name": "건물"
         }
      },
      {
         "type": "Feature",
         "geometry": {
            "type": "Polygon",
            "coordinates": [
               [
                  31.41767,
                  30.070304,
                  0.0
               ],
               [
                  31.417543,
                  30.07021,
                  0.0
               ],
               [
                  31.417603,
                  30.070175,
                  0.0
               ],
               [
                  31.417616,
                  30.070131,
                  0.0
               ]
            ]
         },
         "properties": {
            "object_imcoords": "EMPTY",
            "building_imcoords": "523.184793, 947.903758, 500.723694, 966.507900, 511.160164, 973.768054, 513.202082, 982.616365, 532.033105, 966.054141, 533.848143, 955.39079",
            "road_imcoords": "EMPTY",
            "image_id": "BLD00950_PS3_K3A_NIA0277.png",
            "ingest_time": "2023-03-02T14:34:14.313313Z",
            "type_id": "1",
            "type_name": "건물"
         }
      },
      {
         "type": "Feature",
         "geometry": {
            "type": "Polygon",
            "coordinates": [
               [
                  31.418361,
                  30.070073,
                  0.0
               ],
               [
                  31.418239,
                  30.069984,
                  0.0
               ],
               [
                  31.418233,
                  30.069965,
                  0.0
               ],
               [
                  31.418266,
                  30.069937,
                  0.0
               ]
            ]
         },
         "properties": {
            "object_imcoords": "EMPTY",
            "building_imcoords": "643.657961, 996.002273, 622.104381, 1013.698896, 620.969982, 1017.555853, 626.641977, 1023.227848, 650.464355, 1003.943066, 650.691234, 1000.31298",
            "road_imcoords": "EMPTY",
            "image_id": "BLD00950_PS3_K3A_NIA0277.png",
            "ingest_time": "2023-03-02T14:34:14.313313Z",
            "type_id": "1",
            "type_name": "건물"
         }
      },
      {
         "type": "Feature",
         "geometry": {
            "type": "Polygon",
            "coordinates": [
               [
                  31.418609,
                  30.070246,
                  0.0
               ],
               [
                  31.418475,
                  30.070145,
                  0.0
               ],
               [
                  31.418475,
                  30.070119,
                  0.0
               ],
               [
                  31.418505,
                  30.070097,
                  0.0
               ]
            ]
         },
         "properties": {
            "object_imcoords": "EMPTY",
            "building_imcoords": "687.672640, 961.743425, 663.850262, 981.935726, 663.850262, 987.153961, 669.068497, 991.691557, 693.344635, 970.591737, 693.344635, 966.73478",
            "road_imcoords": "EMPTY",
            "image_id": "BLD00950_PS3_K3A_NIA0277.png",
            "ingest_time": "2023-03-02T14:34:14.313313Z",
            "type_id": "1",
            "type_name": "건물"
         }
      },
      {
         "type": "Feature",
         "geometry": {
            "type": "Polygon",
            "coordinates": [
               [
                  31.418676,
                  30.069954,
                  0.0
               ],
               [
                  31.418519,
                  30.070081,
                  0.0
               ],
               [
                  31.418465,
                  30.070026,
                  0.0
               ],
               [
                  31.4186,
                  30.069938,
                  0.0
               ]
            ]
         },
         "properties": {
            "object_imcoords": "EMPTY",
            "building_imcoords": "698.562870, 1020.732170, 671.337295, 994.867874, 661.808344, 1005.758104, 685.176962, 1023.908487, 690.393204, 1024.000000, 698.127159, 1024.00000",
            "road_imcoords": "EMPTY",
            "image_id": "BLD00950_PS3_K3A_NIA0277.png",
            "ingest_time": "2023-03-02T14:34:14.313313Z",
            "type_id": "1",
            "type_name": "건물"
         }
      },
      {
         "type": "Feature",
         "geometry": {
            "type": "Polygon",
            "coordinates": [
               [
                  31.41852,
                  30.069936,
                  0.0
               ],
               [
                  31.41841,
                  30.070017,
                  0.0
               ],
               [
                  31.418358,
                  30.069975,
                  0.0
               ],
               [
                  31.418352,
                  30.069951,
                  0.0
               ]
            ]
         },
         "properties": {
            "object_imcoords": "EMPTY",
            "building_imcoords": "671.107668, 1024.000000, 652.052513, 1007.573142, 642.977322, 1015.740815, 641.842923, 1020.732170, 647.289306, 1024.00000",
            "road_imcoords": "EMPTY",
            "image_id": "BLD00950_PS3_K3A_NIA0277.png",
            "ingest_time": "2023-03-02T14:34:14.313313Z",
            "type_id": "1",
            "type_name": "건물"
         }
      },
      {
         "type": "Feature",
         "geometry": {
            "type": "Polygon",
            "coordinates": [
               [
                  31.418348,
                  30.070939,
                  0.0
               ],
               [
                  31.418254,
                  30.070875,
                  0.0
               ],
               [
                  31.418428,
                  30.070751,
                  0.0
               ],
               [
                  31.418433,
                  30.070725,
                  0.0
               ]
            ]
         },
         "properties": {
            "object_imcoords": "EMPTY",
            "building_imcoords": "643.884841, 821.531715, 627.095736, 834.236984, 657.270748, 859.647520, 658.178267, 864.865755, 669.749137, 853.521766, 669.976016, 847.39601",
            "road_imcoords": "EMPTY",
            "image_id": "BLD00950_PS3_K3A_NIA0277.png",
            "ingest_time": "2023-03-02T14:34:14.313313Z",
            "type_id": "1",
            "type_name": "건물"
         }
      },
      {
         "type": "Feature",
         "geometry": {
            "type": "Polygon",
            "coordinates": [
               [
                  31.418261,
                  30.070813,
                  0.0
               ],
               [
                  31.418206,
                  30.070764,
                  0.0
               ],
               [
                  31.418211,
                  30.070731,
                  0.0
               ],
               [
                  31.418326,
                  30.070636,
                  0.0
               ]
            ]
         },
         "properties": {
            "object_imcoords": "EMPTY",
            "building_imcoords": "628.230135, 846.715372, 618.474304, 856.471203, 619.154944, 863.050717, 639.120365, 882.562379, 651.825633, 870.764630, 652.052513, 867.13455",
            "road_imcoords": "EMPTY",
            "image_id": "BLD00950_PS3_K3A_NIA0277.png",
            "ingest_time": "2023-03-02T14:34:14.313313Z",
            "type_id": "1",
            "type_name": "건물"
         }
      },
      {
         "type": "Feature",
         "geometry": {
            "type": "Polygon",
            "coordinates": [
               [
                  31.418176,
                  30.070722,
                  0.0
               ],
               [
                  31.418155,
                  30.070694,
                  0.0
               ],
               [
                  31.418153,
                  30.070663,
                  0.0
               ],
               [
                  31.418455,
                  30.070413,
                  0.0
               ]
            ]
         },
         "properties": {
            "object_imcoords": "EMPTY",
            "building_imcoords": "613.029189, 864.865755, 609.399113, 870.537750, 608.945353, 876.663504, 661.127705, 927.711457, 668.614738, 919.09002",
            "road_imcoords": "EMPTY",
            "image_id": "BLD00950_PS3_K3A_NIA0277.png",
            "ingest_time": "2023-03-02T14:34:14.313313Z",
            "type_id": "1",
            "type_name": "건물"
         }
      },
      {
         "type": "Feature",
         "geometry": {
            "type": "Polygon",
            "coordinates": [
               [
                  31.418625,
                  30.070536,
                  0.0
               ],
               [
                  31.41843,
                  30.070686,
                  0.0
               ],
               [
                  31.418367,
                  30.070635,
                  0.0
               ],
               [
                  31.418367,
                  30.070605,
                  0.0
               ]
            ]
         },
         "properties": {
            "object_imcoords": "EMPTY",
            "building_imcoords": "691.302717, 903.435319, 657.497628, 872.806548, 646.380518, 882.789258, 646.153639, 888.915013, 677.916809, 914.32554",
            "road_imcoords": "EMPTY",
            "image_id": "BLD00950_PS3_K3A_NIA0277.png",
            "ingest_time": "2023-03-02T14:34:14.313313Z",
            "type_id": "1",
            "type_name": "건물"
         }
      },
      {
         "type": "Feature",
         "geometry": {
            "type": "Polygon",
            "coordinates": [
               [
                  31.418462,
                  30.071007,
                  0.0
               ],
               [
                  31.418389,
                  30.070962,
                  0.0
               ],
               [
                  31.418388,
                  30.070946,
                  0.0
               ],
               [
                  31.418538,
                  30.070821,
                  0.0
               ]
            ]
         },
         "properties": {
            "object_imcoords": "EMPTY",
            "building_imcoords": "664.077142, 808.145808, 651.144994, 816.994120, 650.918114, 820.170437, 676.782410, 845.807853, 688.580159, 835.371382, 688.126400, 832.19506",
            "road_imcoords": "EMPTY",
            "image_id": "BLD00950_PS3_K3A_NIA0277.png",
            "ingest_time": "2023-03-02T14:34:14.313313Z",
            "type_id": "1",
            "type_name": "건물"
         }
      },
      {
         "type": "Feature",
         "geometry": {
            "type": "Polygon",
            "coordinates": [
               [
                  31.418559,
                  30.071049,
                  0.0
               ],
               [
                  31.418468,
                  30.071006,
                  0.0
               ],
               [
                  31.418503,
                  30.070978,
                  0.0
               ],
               [
                  31.41851,
                  30.070967,
                  0.0
               ]
            ]
         },
         "properties": {
            "object_imcoords": "EMPTY",
            "building_imcoords": "681.093126, 799.978135, 664.984661, 808.372688, 671.110415, 814.044682, 672.244814, 816.313480, 676.328651, 813.364043, 693.117755, 828.111229, 701.058547, 819.943557, 700.604788, 816.99412",
            "road_imcoords": "EMPTY",
            "image_id": "BLD00950_PS3_K3A_NIA0277.png",
            "ingest_time": "2023-03-02T14:34:14.313313Z",
            "type_id": "1",
            "type_name": "건물"
         }
      },
      {
         "type": "Feature",
         "geometry": {
            "type": "Polygon",
            "coordinates": [
               [
                  31.418706,
                  30.070919,
                  0.0
               ],
               [
                  31.418666,
                  30.07088,
                  0.0
               ],
               [
                  31.418665,
                  30.070858,
                  0.0
               ],
               [
                  31.418842,
                  30.070716,
                  0.0
               ]
            ]
         },
         "properties": {
            "object_imcoords": "EMPTY",
            "building_imcoords": "706.503662, 826.523071, 699.470389, 834.236984, 699.243509, 838.547700, 729.872281, 867.588312, 740.308751, 858.286241, 740.535631, 854.65616",
            "road_imcoords": "EMPTY",
            "image_id": "BLD00950_PS3_K3A_NIA0277.png",
            "ingest_time": "2023-03-02T14:34:14.313313Z",
            "type_id": "1",
            "type_name": "건물"
         }
      },
      {
         "type": "Feature",
         "geometry": {
            "type": "Polygon",
            "coordinates": [
               [
                  31.419197,
                  30.070963,
                  0.0
               ],
               [
                  31.418615,
                  30.070545,
                  0.0
               ],
               [
                  31.418616,
                  30.070543,
                  0.0
               ],
               [
                  31.418625,
                  30.070536,
                  0.0
               ]
            ]
         },
         "properties": {
            "object_imcoords": "EMPTY",
            "building_imcoords": "792.717982, 818.809158, 689.487678, 901.620281, 689.663682, 901.950288, 691.302717, 903.435319, 690.712007, 903.915897, 691.302717, 905.023478, 691.756476, 907.065396, 798.616857, 828.111229, 798.843736, 822.43923",
            "road_imcoords": "EMPTY",
            "image_id": "BLD00950_PS3_K3A_NIA0277.png",
            "ingest_time": "2023-03-02T14:34:14.313313Z",
            "type_id": "1",
            "type_name": "건물"
         }
      },
      {
         "type": "Feature",
         "geometry": {
            "type": "Polygon",
            "coordinates": [
               [
                  31.418812,
                  30.070687,
                  0.0
               ],
               [
                  31.418627,
                  30.070853,
                  0.0
               ],
               [
                  31.418578,
                  30.070807,
                  0.0
               ],
               [
                  31.418571,
                  30.070783,
                  0.0
               ]
            ]
         },
         "properties": {
            "object_imcoords": "EMPTY",
            "building_imcoords": "724.491003, 873.540691, 692.437116, 839.455219, 683.815684, 848.757290, 682.454405, 853.521766, 711.948777, 883.243018, 718.826817, 878.08448",
            "road_imcoords": "EMPTY",
            "image_id": "BLD00950_PS3_K3A_NIA0277.png",
            "ingest_time": "2023-03-02T14:34:14.313313Z",
            "type_id": "1",
            "type_name": "건물"
         }
      },
      {
         "type": "Feature",
         "geometry": {
            "type": "Polygon",
            "coordinates": [
               [
                  31.418708,
                  30.070617,
                  0.0
               ],
               [
                  31.41854,
                  30.070767,
                  0.0
               ],
               [
                  31.418466,
                  30.070718,
                  0.0
               ],
               [
                  31.418461,
                  30.070701,
                  0.0
               ]
            ]
         },
         "properties": {
            "object_imcoords": "EMPTY",
            "building_imcoords": "706.049903, 887.326854, 677.009290, 856.698083, 663.850262, 866.453914, 662.942743, 869.857110, 694.025274, 897.53644",
            "road_imcoords": "EMPTY",
            "image_id": "BLD00950_PS3_K3A_NIA0277.png",
            "ingest_time": "2023-03-02T14:34:14.313313Z",
            "type_id": "1",
            "type_name": "건물"
         }
      },
      {
         "type": "Feature",
         "geometry": {
            "type": "Polygon",
            "coordinates": [
               [
                  31.418604,
                  30.0705,
                  0.0
               ],
               [
                  31.418527,
                  30.070451,
                  0.0
               ],
               [
                  31.418527,
                  30.070427,
                  0.0
               ],
               [
                  31.418829,
                  30.070172,
                  0.0
               ]
            ]
         },
         "properties": {
            "object_imcoords": "EMPTY",
            "building_imcoords": "687.445760, 910.695472, 673.832973, 920.224423, 673.832973, 925.215779, 726.015324, 977.171250, 741.443150, 967.642299, 740.989390, 963.33158",
            "road_imcoords": "EMPTY",
            "image_id": "BLD00950_PS3_K3A_NIA0277.png",
            "ingest_time": "2023-03-02T14:34:14.313313Z",
            "type_id": "1",
            "type_name": "건물"
         }
      },
      {
         "type": "Feature",
         "geometry": {
            "type": "Polygon",
            "coordinates": [
               [
                  31.418823,
                  30.070153,
                  0.0
               ],
               [
                  31.418508,
                  30.07044,
                  0.0
               ],
               [
                  31.418465,
                  30.070411,
                  0.0
               ],
               [
                  31.418466,
                  30.070399,
                  0.0
               ]
            ]
         },
         "properties": {
            "object_imcoords": "EMPTY",
            "building_imcoords": "724.880925, 981.028207, 670.429776, 922.493221, 662.942743, 928.165216, 662.942743, 930.660894, 718.982051, 989.87651",
            "road_imcoords": "EMPTY",
            "image_id": "BLD00950_PS3_K3A_NIA0277.png",
            "ingest_time": "2023-03-02T14:34:14.313313Z",
            "type_id": "1",
            "type_name": "건물"
         }
      },
      {
         "type": "Feature",
         "geometry": {
            "type": "Polygon",
            "coordinates": [
               [
                  31.419046,
                  30.070283,
                  0.0
               ],
               [
                  31.418853,
                  30.070163,
                  0.0
               ],
               [
                  31.418853,
                  30.070143,
                  0.0
               ],
               [
                  31.418873,
                  30.070121,
                  0.0
               ]
            ]
         },
         "properties": {
            "object_imcoords": "EMPTY",
            "building_imcoords": "764.358009, 955.390791, 730.099160, 979.213169, 730.099160, 983.070125, 733.502357, 987.607721, 769.576244, 962.197184, 769.349364, 957.20582",
            "road_imcoords": "EMPTY",
            "image_id": "BLD00950_PS3_K3A_NIA0277.png",
            "ingest_time": "2023-03-02T14:34:14.313313Z",
            "type_id": "1",
            "type_name": "건물"
         }
      },
      {
         "type": "Feature",
         "geometry": {
            "type": "Polygon",
            "coordinates": [
               [
                  31.419078,
                  30.069943,
                  0.0
               ],
               [
                  31.418828,
                  30.070147,
                  0.0
               ],
               [
                  31.418803,
                  30.07012,
                  0.0
               ],
               [
                  31.418803,
                  30.070108,
                  0.0
               ]
            ]
         },
         "properties": {
            "object_imcoords": "EMPTY",
            "building_imcoords": "768.931978, 1024.000000, 725.788444, 982.389486, 721.250849, 987.607721, 721.250849, 990.103398, 755.599405, 1024.00000",
            "road_imcoords": "EMPTY",
            "image_id": "BLD00950_PS3_K3A_NIA0277.png",
            "ingest_time": "2023-03-02T14:34:14.313313Z",
            "type_id": "1",
            "type_name": "건물"
         }
      },
      {
         "type": "Feature",
         "geometry": {
            "type": "Polygon",
            "coordinates": [
               [
                  31.418783,
                  30.070091,
                  0.0
               ],
               [
                  31.418655,
                  30.070202,
                  0.0
               ],
               [
                  31.418619,
                  30.070167,
                  0.0
               ],
               [
                  31.418617,
                  30.070147,
                  0.0
               ]
            ]
         },
         "properties": {
            "object_imcoords": "EMPTY",
            "building_imcoords": "717.758067, 993.545852, 695.628237, 970.789706, 689.156306, 977.679182, 688.738762, 981.854621, 713.582627, 1004.401995, 720.054559, 995.84234",
            "road_imcoords": "EMPTY",
            "image_id": "BLD00950_PS3_K3A_NIA0277.png",
            "ingest_time": "2023-03-02T14:34:14.313313Z",
            "type_id": "1",
            "type_name": "건물"
         }
      },
      {
         "type": "Feature",
         "geometry": {
            "type": "Polygon",
            "coordinates": [
               [
                  31.41875,
                  30.070028,
                  0.0
               ],
               [
                  31.418607,
                  30.070144,
                  0.0
               ],
               [
                  31.418558,
                  30.070096,
                  0.0
               ],
               [
                  31.418558,
                  30.070069,
                  0.0
               ]
            ]
         },
         "properties": {
            "object_imcoords": "EMPTY",
            "building_imcoords": "711.703679, 1006.072171, 687.068586, 982.272165, 678.300163, 991.875676, 678.300163, 997.303748, 701.265080, 1018.80726",
            "road_imcoords": "EMPTY",
            "image_id": "BLD00950_PS3_K3A_NIA0277.png",
            "ingest_time": "2023-03-02T14:34:14.313313Z",
            "type_id": "1",
            "type_name": "건물"
         }
      },
      {
         "type": "Feature",
         "geometry": {
            "type": "Polygon",
            "coordinates": [
               [
                  31.418101,
                  30.070283,
                  0.0
               ],
               [
                  31.418071,
                  30.070261,
                  0.0
               ],
               [
                  31.418073,
                  30.070245,
                  0.0
               ],
               [
                  31.418103,
                  30.070224,
                  0.0
               ]
            ]
         },
         "properties": {
            "object_imcoords": "EMPTY",
            "building_imcoords": "598.742667, 953.179941, 593.439366, 957.422582, 593.616143, 960.781339, 598.919444, 965.023980, 603.869191, 961.841999, 603.869191, 957.95291",
            "road_imcoords": "EMPTY",
            "image_id": "BLD00950_PS3_K3A_NIA0277.png",
            "ingest_time": "2023-03-02T14:34:14.313313Z",
            "type_id": "1",
            "type_name": "건물"
         }
      },
      {
         "type": "Feature",
         "geometry": {
            "type": "Polygon",
            "coordinates": [
               [
                  31.418694,
                  30.071149,
                  0.0
               ],
               [
                  31.418618,
                  30.071102,
                  0.0
               ],
               [
                  31.418613,
                  30.071077,
                  0.0
               ],
               [
                  31.418649,
                  30.071047,
                  0.0
               ]
            ]
         },
         "properties": {
            "object_imcoords": "EMPTY",
            "building_imcoords": "705.142384, 780.012714, 691.529596, 789.314785, 690.622077, 794.306141, 696.974711, 800.431895, 714.217575, 791.356703, 714.217575, 786.13846",
            "road_imcoords": "EMPTY",
            "image_id": "BLD00950_PS3_K3A_NIA0277.png",
            "ingest_time": "2023-03-02T14:34:14.313313Z",
            "type_id": "1",
            "type_name": "건물"
         }
      }
   ]
}