{
   "type": "FeatureCollection",
   "features": [
      {
         "type": "Feature",
         "geometry": {
            "type": "Polygon",
            "coordinates": [
               [
                  31.298217,
                  30.048108,
                  0.0
               ],
               [
                  31.304057,
                  30.048183,
                  0.0
               ],
               [
                  31.303971,
                  30.053264,
                  0.0
               ],
               [
                  31.298131,
                  30.053188,
                  0.0
               ]
            ]
         },
         "properties": {
            "object_imcoords": "EMPTY",
            "building_imcoords": "0.000000, 133.972356, 30.889999, 124.774772, 42.517134, 131.889884, 45.987920, 153.582299, 0.000000, 171.63038",
            "road_imcoords": "EMPTY",
            "image_id": "BLD01030_PS3_K3A_NIA0277.png",
            "ingest_time": "2023-03-02T14:34:14.313313Z",
            "type_id": "1",
            "type_name": "건물"
         }
      },
      {
         "type": "Feature",
         "geometry": {
            "type": "Polygon",
            "coordinates": [
               [
                  31.298217,
                  30.048108,
                  0.0
               ],
               [
                  31.304057,
                  30.048183,
                  0.0
               ],
               [
                  31.303971,
                  30.053264,
                  0.0
               ],
               [
                  31.298131,
                  30.053188,
                  0.0
               ]
            ]
         },
         "properties": {
            "object_imcoords": "EMPTY",
            "building_imcoords": "35.020107, 427.486821, 44.077031, 465.224006, 47.096006, 468.242980, 60.379495, 513.829499, 118.041912, 499.640317, 143.703197, 491.790983, 142.193710, 474.280930, 113.815347, 393.674305, 47.699801, 418.12800",
            "road_imcoords": "EMPTY",
            "image_id": "BLD01030_PS3_K3A_NIA0277.png",
            "ingest_time": "2023-03-02T14:34:14.313313Z",
            "type_id": "1",
            "type_name": "건물"
         }
      },
      {
         "type": "Feature",
         "geometry": {
            "type": "Polygon",
            "coordinates": [
               [
                  31.298217,
                  30.048108,
                  0.0
               ],
               [
                  31.304057,
                  30.048183,
                  0.0
               ],
               [
                  31.303971,
                  30.053264,
                  0.0
               ],
               [
                  31.298131,
                  30.053188,
                  0.0
               ]
            ]
         },
         "properties": {
            "object_imcoords": "EMPTY",
            "building_imcoords": "117.794491, 401.125936, 187.623422, 373.462078, 194.093195, 389.748059, 191.639143, 391.532824, 195.654864, 411.165239, 201.009159, 411.388335, 207.478932, 431.913132, 210.379175, 433.920993, 220.195383, 466.939145, 143.896679, 491.925856, 142.335009, 474.30130",
            "road_imcoords": "EMPTY",
            "image_id": "BLD01030_PS3_K3A_NIA0277.png",
            "ingest_time": "2023-03-02T14:34:14.313313Z",
            "type_id": "1",
            "type_name": "건물"
         }
      },
      {
         "type": "Feature",
         "geometry": {
            "type": "Polygon",
            "coordinates": [
               [
                  31.298217,
                  30.048108,
                  0.0
               ],
               [
                  31.304057,
                  30.048183,
                  0.0
               ],
               [
                  31.303971,
                  30.053264,
                  0.0
               ],
               [
                  31.298131,
                  30.053188,
                  0.0
               ]
            ]
         },
         "properties": {
            "object_imcoords": "EMPTY",
            "building_imcoords": "187.821968, 372.574323, 203.745588, 363.941036, 209.692964, 377.946147, 217.942550, 374.492832, 251.132744, 438.379160, 241.156501, 447.396149, 222.738821, 458.139796, 210.844069, 434.925845, 208.158157, 431.472530, 201.443378, 411.328192, 196.838958, 410.177087, 192.426388, 392.143109, 194.536748, 390.22460",
            "road_imcoords": "EMPTY",
            "image_id": "BLD01030_PS3_K3A_NIA0277.png",
            "ingest_time": "2023-03-02T14:34:14.313313Z",
            "type_id": "1",
            "type_name": "건물"
         }
      },
      {
         "type": "Feature",
         "geometry": {
            "type": "Polygon",
            "coordinates": [
               [
                  31.298217,
                  30.048108,
                  0.0
               ],
               [
                  31.304057,
                  30.048183,
                  0.0
               ],
               [
                  31.303971,
                  30.053264,
                  0.0
               ],
               [
                  31.298131,
                  30.053188,
                  0.0
               ]
            ]
         },
         "properties": {
            "object_imcoords": "EMPTY",
            "building_imcoords": "272.338047, 197.881093, 268.536941, 208.613627, 273.232425, 230.078695, 268.089752, 247.966251, 266.524591, 252.885329, 272.785236, 275.244775, 269.431319, 275.244775, 265.630213, 270.772886, 259.145974, 272.338047, 260.040352, 279.940258, 236.562934, 289.331225, 245.059523, 316.386155, 269.207724, 306.771593, 277.434449, 298.536846, 278.055108, 285.192683, 297.605857, 291.088941, 305.364091, 285.503012, 320.259901, 280.227413, 327.397476, 268.745227, 326.466488, 256.952711, 342.293285, 252.297771, 349.430861, 246.401513, 326.466488, 180.30135",
            "road_imcoords": "EMPTY",
            "image_id": "BLD01030_PS3_K3A_NIA0277.png",
            "ingest_time": "2023-03-02T14:34:14.313313Z",
            "type_id": "1",
            "type_name": "건물"
         }
      },
      {
         "type": "Feature",
         "geometry": {
            "type": "Polygon",
            "coordinates": [
               [
                  31.298217,
                  30.048108,
                  0.0
               ],
               [
                  31.304057,
                  30.048183,
                  0.0
               ],
               [
                  31.303971,
                  30.053264,
                  0.0
               ],
               [
                  31.298131,
                  30.053188,
                  0.0
               ]
            ]
         },
         "properties": {
            "object_imcoords": "EMPTY",
            "building_imcoords": "171.433457, 107.723434, 198.668275, 196.966099, 218.121717, 188.455218, 186.996210, 97.267209, 170.217616, 101.40106",
            "road_imcoords": "EMPTY",
            "image_id": "BLD01030_PS3_K3A_NIA0277.png",
            "ingest_time": "2023-03-02T14:34:14.313313Z",
            "type_id": "1",
            "type_name": "건물"
         }
      },
      {
         "type": "Feature",
         "geometry": {
            "type": "Polygon",
            "coordinates": [
               [
                  31.298217,
                  30.048108,
                  0.0
               ],
               [
                  31.304057,
                  30.048183,
                  0.0
               ],
               [
                  31.303971,
                  30.053264,
                  0.0
               ],
               [
                  31.298131,
                  30.053188,
                  0.0
               ]
            ]
         },
         "properties": {
            "object_imcoords": "EMPTY",
            "building_imcoords": "22.559768, 937.079397, 47.545318, 936.836819, 59.189069, 979.045417, 33.475785, 980.01573",
            "road_imcoords": "EMPTY",
            "image_id": "BLD01030_PS3_K3A_NIA0277.png",
            "ingest_time": "2023-03-02T14:34:14.313313Z",
            "type_id": "1",
            "type_name": "건물"
         }
      },
      {
         "type": "Feature",
         "geometry": {
            "type": "Polygon",
            "coordinates": [
               [
                  31.298217,
                  30.048108,
                  0.0
               ],
               [
                  31.304057,
                  30.048183,
                  0.0
               ],
               [
                  31.303971,
                  30.053264,
                  0.0
               ],
               [
                  31.298131,
                  30.053188,
                  0.0
               ]
            ]
         },
         "properties": {
            "object_imcoords": "EMPTY",
            "building_imcoords": "232.248482, 766.111697, 240.726579, 790.775252, 275.409704, 779.214210, 268.216167, 752.49535",
            "road_imcoords": "EMPTY",
            "image_id": "BLD01030_PS3_K3A_NIA0277.png",
            "ingest_time": "2023-03-02T14:34:14.313313Z",
            "type_id": "1",
            "type_name": "건물"
         }
      },
      {
         "type": "Feature",
         "geometry": {
            "type": "Polygon",
            "coordinates": [
               [
                  31.298217,
                  30.048108,
                  0.0
               ],
               [
                  31.304057,
                  30.048183,
                  0.0
               ],
               [
                  31.303971,
                  30.053264,
                  0.0
               ],
               [
                  31.298131,
                  30.053188,
                  0.0
               ]
            ]
         },
         "properties": {
            "object_imcoords": "EMPTY",
            "building_imcoords": "222.999649, 647.161423, 228.651714, 681.587636, 211.952431, 689.038085, 211.952431, 697.773094, 217.347584, 702.911335, 218.375232, 706.251192, 213.236991, 712.160169, 216.319936, 728.088715, 220.430528, 725.262683, 225.568769, 739.135933, 304.183853, 712.160169, 299.045612, 690.322645, 304.440765, 685.184405, 296.476492, 661.548497, 285.172362, 659.750113, 267.445431, 665.145266, 256.141302, 638.940238, 243.552612, 639.19715",
            "road_imcoords": "EMPTY",
            "image_id": "BLD01030_PS3_K3A_NIA0277.png",
            "ingest_time": "2023-03-02T14:34:14.313313Z",
            "type_id": "1",
            "type_name": "건물"
         }
      },
      {
         "type": "Feature",
         "geometry": {
            "type": "Polygon",
            "coordinates": [
               [
                  31.298217,
                  30.048108,
                  0.0
               ],
               [
                  31.304057,
                  30.048183,
                  0.0
               ],
               [
                  31.303971,
                  30.053264,
                  0.0
               ],
               [
                  31.298131,
                  30.053188,
                  0.0
               ]
            ]
         },
         "properties": {
            "object_imcoords": "EMPTY",
            "building_imcoords": "412.823135, 698.330695, 430.801792, 752.708517, 462.050287, 744.164830, 590.335208, 701.216049, 567.249417, 646.417709, 487.173336, 677.169664, 482.577428, 673.379681, 429.730296, 690.70551",
            "road_imcoords": "EMPTY",
            "image_id": "BLD01030_PS3_K3A_NIA0277.png",
            "ingest_time": "2023-03-02T14:34:14.313313Z",
            "type_id": "1",
            "type_name": "건물"
         }
      },
      {
         "type": "Feature",
         "geometry": {
            "type": "Polygon",
            "coordinates": [
               [
                  31.298217,
                  30.048108,
                  0.0
               ],
               [
                  31.304057,
                  30.048183,
                  0.0
               ],
               [
                  31.303971,
                  30.053264,
                  0.0
               ],
               [
                  31.298131,
                  30.053188,
                  0.0
               ]
            ]
         },
         "properties": {
            "object_imcoords": "EMPTY",
            "building_imcoords": "449.798537, 535.098677, 444.537735, 509.546212, 480.423917, 503.909639, 481.927003, 515.934328, 493.951693, 515.370671, 531.340961, 500.903466, 539.232164, 502.970210, 541.298907, 515.370671, 483.242204, 535.474448, 478.732945, 534.159248, 451.677394, 539.23216",
            "road_imcoords": "EMPTY",
            "image_id": "BLD01030_PS3_K3A_NIA0277.png",
            "ingest_time": "2023-03-02T14:34:14.313313Z",
            "type_id": "1",
            "type_name": "건물"
         }
      },
      {
         "type": "Feature",
         "geometry": {
            "type": "Polygon",
            "coordinates": [
               [
                  31.298217,
                  30.048108,
                  0.0
               ],
               [
                  31.304057,
                  30.048183,
                  0.0
               ],
               [
                  31.303971,
                  30.053264,
                  0.0
               ],
               [
                  31.298131,
                  30.053188,
                  0.0
               ]
            ]
         },
         "properties": {
            "object_imcoords": "EMPTY",
            "building_imcoords": "549.124492, 506.619039, 552.341121, 523.391461, 600.131035, 507.078558, 595.076332, 493.75252",
            "road_imcoords": "EMPTY",
            "image_id": "BLD01030_PS3_K3A_NIA0277.png",
            "ingest_time": "2023-03-02T14:34:14.313313Z",
            "type_id": "1",
            "type_name": "건물"
         }
      },
      {
         "type": "Feature",
         "geometry": {
            "type": "Polygon",
            "coordinates": [
               [
                  31.298217,
                  30.048108,
                  0.0
               ],
               [
                  31.304057,
                  30.048183,
                  0.0
               ],
               [
                  31.303971,
                  30.053264,
                  0.0
               ],
               [
                  31.298131,
                  30.053188,
                  0.0
               ]
            ]
         },
         "properties": {
            "object_imcoords": "EMPTY",
            "building_imcoords": "612.357180, 458.168281, 617.977378, 471.607884, 623.841932, 471.363528, 628.240347, 485.536200, 624.330645, 493.844318, 632.394407, 504.596001, 635.571040, 508.505703, 653.897771, 502.152436, 654.142128, 499.708872, 661.472820, 505.573426, 688.840739, 494.088675, 662.205889, 430.311650, 650.721138, 434.221353, 633.616189, 443.26254",
            "road_imcoords": "EMPTY",
            "image_id": "BLD01030_PS3_K3A_NIA0277.png",
            "ingest_time": "2023-03-02T14:34:14.313313Z",
            "type_id": "1",
            "type_name": "건물"
         }
      },
      {
         "type": "Feature",
         "geometry": {
            "type": "Polygon",
            "coordinates": [
               [
                  31.298217,
                  30.048108,
                  0.0
               ],
               [
                  31.304057,
                  30.048183,
                  0.0
               ],
               [
                  31.303971,
                  30.053264,
                  0.0
               ],
               [
                  31.298131,
                  30.053188,
                  0.0
               ]
            ]
         },
         "properties": {
            "object_imcoords": "EMPTY",
            "building_imcoords": "699.019825, 411.978641, 712.668455, 430.036828, 728.836832, 421.007735, 719.177801, 407.359105, 711.828539, 405.049337, 702.379488, 406.72916",
            "road_imcoords": "EMPTY",
            "image_id": "BLD01030_PS3_K3A_NIA0277.png",
            "ingest_time": "2023-03-02T14:34:14.313313Z",
            "type_id": "1",
            "type_name": "건물"
         }
      },
      {
         "type": "Feature",
         "geometry": {
            "type": "Polygon",
            "coordinates": [
               [
                  31.298217,
                  30.048108,
                  0.0
               ],
               [
                  31.304057,
                  30.048183,
                  0.0
               ],
               [
                  31.303971,
                  30.053264,
                  0.0
               ],
               [
                  31.298131,
                  30.053188,
                  0.0
               ]
            ]
         },
         "properties": {
            "object_imcoords": "EMPTY",
            "building_imcoords": "734.086305, 381.951656, 751.094597, 398.959948, 769.152784, 376.282225, 767.052995, 369.562899, 751.094597, 357.804080, 746.265082, 367.673089, 734.716241, 379.01195",
            "road_imcoords": "EMPTY",
            "image_id": "BLD01030_PS3_K3A_NIA0277.png",
            "ingest_time": "2023-03-02T14:34:14.313313Z",
            "type_id": "1",
            "type_name": "건물"
         }
      },
      {
         "type": "Feature",
         "geometry": {
            "type": "Polygon",
            "coordinates": [
               [
                  31.298217,
                  30.048108,
                  0.0
               ],
               [
                  31.304057,
                  30.048183,
                  0.0
               ],
               [
                  31.303971,
                  30.053264,
                  0.0
               ],
               [
                  31.298131,
                  30.053188,
                  0.0
               ]
            ]
         },
         "properties": {
            "object_imcoords": "EMPTY",
            "building_imcoords": "967.580807, 437.083366, 967.580807, 461.254712, 1015.378281, 464.344283, 1019.194809, 438.53728",
            "road_imcoords": "EMPTY",
            "image_id": "BLD01030_PS3_K3A_NIA0277.png",
            "ingest_time": "2023-03-02T14:34:14.313313Z",
            "type_id": "1",
            "type_name": "건물"
         }
      },
      {
         "type": "Feature",
         "geometry": {
            "type": "Polygon",
            "coordinates": [
               [
                  31.298217,
                  30.048108,
                  0.0
               ],
               [
                  31.304057,
                  30.048183,
                  0.0
               ],
               [
                  31.303971,
                  30.053264,
                  0.0
               ],
               [
                  31.298131,
                  30.053188,
                  0.0
               ]
            ]
         },
         "properties": {
            "object_imcoords": "EMPTY",
            "building_imcoords": "1024.000000, 470.341684, 984.846054, 468.887769, 982.483441, 495.603467, 1024.000000, 496.87564",
            "road_imcoords": "EMPTY",
            "image_id": "BLD01030_PS3_K3A_NIA0277.png",
            "ingest_time": "2023-03-02T14:34:14.313313Z",
            "type_id": "1",
            "type_name": "건물"
         }
      },
      {
         "type": "Feature",
         "geometry": {
            "type": "Polygon",
            "coordinates": [
               [
                  31.298217,
                  30.048108,
                  0.0
               ],
               [
                  31.304057,
                  30.048183,
                  0.0
               ],
               [
                  31.303971,
                  30.053264,
                  0.0
               ],
               [
                  31.298131,
                  30.053188,
                  0.0
               ]
            ]
         },
         "properties": {
            "object_imcoords": "EMPTY",
            "building_imcoords": "929.597263, 465.979938, 927.052910, 488.697368, 971.760814, 491.423460, 973.578208, 465.97993",
            "road_imcoords": "EMPTY",
            "image_id": "BLD01030_PS3_K3A_NIA0277.png",
            "ingest_time": "2023-03-02T14:34:14.313313Z",
            "type_id": "1",
            "type_name": "건물"
         }
      },
      {
         "type": "Feature",
         "geometry": {
            "type": "Polygon",
            "coordinates": [
               [
                  31.298217,
                  30.048108,
                  0.0
               ],
               [
                  31.304057,
                  30.048183,
                  0.0
               ],
               [
                  31.303971,
                  30.053264,
                  0.0
               ],
               [
                  31.298131,
                  30.053188,
                  0.0
               ]
            ]
         },
         "properties": {
            "object_imcoords": "EMPTY",
            "building_imcoords": "902.699825, 469.978205, 924.145079, 470.705163, 921.237248, 516.503503, 895.430247, 513.05045",
            "road_imcoords": "EMPTY",
            "image_id": "BLD01030_PS3_K3A_NIA0277.png",
            "ingest_time": "2023-03-02T14:34:14.313313Z",
            "type_id": "1",
            "type_name": "건물"
         }
      },
      {
         "type": "Feature",
         "geometry": {
            "type": "Polygon",
            "coordinates": [
               [
                  31.298217,
                  30.048108,
                  0.0
               ],
               [
                  31.304057,
                  30.048183,
                  0.0
               ],
               [
                  31.303971,
                  30.053264,
                  0.0
               ],
               [
                  31.298131,
                  30.053188,
                  0.0
               ]
            ]
         },
         "properties": {
            "object_imcoords": "EMPTY",
            "building_imcoords": "860.172794, 515.049588, 890.159803, 519.956553, 889.614585, 527.044391, 892.885895, 531.042659, 894.158071, 537.040061, 890.705021, 539.584413, 887.433711, 538.493976, 884.889359, 553.578350, 850.540604, 545.945294, 853.266696, 533.95049",
            "road_imcoords": "EMPTY",
            "image_id": "BLD01030_PS3_K3A_NIA0277.png",
            "ingest_time": "2023-03-02T14:34:14.313313Z",
            "type_id": "1",
            "type_name": "건물"
         }
      },
      {
         "type": "Feature",
         "geometry": {
            "type": "Polygon",
            "coordinates": [
               [
                  31.298217,
                  30.048108,
                  0.0
               ],
               [
                  31.304057,
                  30.048183,
                  0.0
               ],
               [
                  31.303971,
                  30.053264,
                  0.0
               ],
               [
                  31.298131,
                  30.053188,
                  0.0
               ]
            ]
         },
         "properties": {
            "object_imcoords": "EMPTY",
            "building_imcoords": "890.341542, 550.670519, 884.889359, 596.105380, 907.788529, 597.741035, 912.513755, 551.57921",
            "road_imcoords": "EMPTY",
            "image_id": "BLD01030_PS3_K3A_NIA0277.png",
            "ingest_time": "2023-03-02T14:34:14.313313Z",
            "type_id": "1",
            "type_name": "건물"
         }
      },
      {
         "type": "Feature",
         "geometry": {
            "type": "Polygon",
            "coordinates": [
               [
                  31.298217,
                  30.048108,
                  0.0
               ],
               [
                  31.304057,
                  30.048183,
                  0.0
               ],
               [
                  31.303971,
                  30.053264,
                  0.0
               ],
               [
                  31.298131,
                  30.053188,
                  0.0
               ]
            ]
         },
         "properties": {
            "object_imcoords": "EMPTY",
            "building_imcoords": "860.354534, 591.198415, 859.082358, 624.456734, 871.985858, 624.093255, 874.166732, 590.83493",
            "road_imcoords": "EMPTY",
            "image_id": "BLD01030_PS3_K3A_NIA0277.png",
            "ingest_time": "2023-03-02T14:34:14.313313Z",
            "type_id": "1",
            "type_name": "건물"
         }
      },
      {
         "type": "Feature",
         "geometry": {
            "type": "Polygon",
            "coordinates": [
               [
                  31.298217,
                  30.048108,
                  0.0
               ],
               [
                  31.304057,
                  30.048183,
                  0.0
               ],
               [
                  31.303971,
                  30.053264,
                  0.0
               ],
               [
                  31.298131,
                  30.053188,
                  0.0
               ]
            ]
         },
         "properties": {
            "object_imcoords": "EMPTY",
            "building_imcoords": "835.274490, 649.355038, 828.368392, 680.977701, 853.084956, 685.521188, 859.264097, 650.44547",
            "road_imcoords": "EMPTY",
            "image_id": "BLD01030_PS3_K3A_NIA0277.png",
            "ingest_time": "2023-03-02T14:34:14.313313Z",
            "type_id": "1",
            "type_name": "건물"
         }
      },
      {
         "type": "Feature",
         "geometry": {
            "type": "Polygon",
            "coordinates": [
               [
                  31.298217,
                  30.048108,
                  0.0
               ],
               [
                  31.304057,
                  30.048183,
                  0.0
               ],
               [
                  31.303971,
                  30.053264,
                  0.0
               ],
               [
                  31.298131,
                  30.053188,
                  0.0
               ]
            ]
         },
         "properties": {
            "object_imcoords": "EMPTY",
            "building_imcoords": "898.551505, 711.826339, 930.381962, 721.355202, 927.949061, 747.711632, 894.293928, 737.16906",
            "road_imcoords": "EMPTY",
            "image_id": "BLD01030_PS3_K3A_NIA0277.png",
            "ingest_time": "2023-03-02T14:34:14.313313Z",
            "type_id": "1",
            "type_name": "건물"
         }
      },
      {
         "type": "Feature",
         "geometry": {
            "type": "Polygon",
            "coordinates": [
               [
                  31.298217,
                  30.048108,
                  0.0
               ],
               [
                  31.304057,
                  30.048183,
                  0.0
               ],
               [
                  31.303971,
                  30.053264,
                  0.0
               ],
               [
                  31.298131,
                  30.053188,
                  0.0
               ]
            ]
         },
         "properties": {
            "object_imcoords": "EMPTY",
            "building_imcoords": "922.303008, 583.433361, 922.303008, 610.732447, 924.784743, 612.537345, 928.620152, 615.921529, 971.035261, 618.628877, 973.742608, 611.183671, 974.870670, 588.396831, 969.230362, 583.43336",
            "road_imcoords": "EMPTY",
            "image_id": "BLD01030_PS3_K3A_NIA0277.png",
            "ingest_time": "2023-03-02T14:34:14.313313Z",
            "type_id": "1",
            "type_name": "건물"
         }
      },
      {
         "type": "Feature",
         "geometry": {
            "type": "Polygon",
            "coordinates": [
               [
                  31.298217,
                  30.048108,
                  0.0
               ],
               [
                  31.304057,
                  30.048183,
                  0.0
               ],
               [
                  31.303971,
                  30.053264,
                  0.0
               ],
               [
                  31.298131,
                  30.053188,
                  0.0
               ]
            ]
         },
         "properties": {
            "object_imcoords": "EMPTY",
            "building_imcoords": "852.214801, 969.571881, 852.037257, 984.485640, 917.018635, 985.728454, 915.243188, 969.394337, 900.862063, 968.506613, 865.885747, 968.15152",
            "road_imcoords": "EMPTY",
            "image_id": "BLD01030_PS3_K3A_NIA0277.png",
            "ingest_time": "2023-03-02T14:34:14.313313Z",
            "type_id": "1",
            "type_name": "건물"
         }
      },
      {
         "type": "Feature",
         "geometry": {
            "type": "Polygon",
            "coordinates": [
               [
                  31.298217,
                  30.048108,
                  0.0
               ],
               [
                  31.304057,
                  30.048183,
                  0.0
               ],
               [
                  31.303971,
                  30.053264,
                  0.0
               ],
               [
                  31.298131,
                  30.053188,
                  0.0
               ]
            ]
         },
         "properties": {
            "object_imcoords": "EMPTY",
            "building_imcoords": "797.421847, 807.832054, 816.680730, 815.639709, 807.311544, 850.513902, 783.628323, 843.226757, 785.710364, 830.73450",
            "road_imcoords": "EMPTY",
            "image_id": "BLD01030_PS3_K3A_NIA0277.png",
            "ingest_time": "2023-03-02T14:34:14.313313Z",
            "type_id": "1",
            "type_name": "건물"
         }
      },
      {
         "type": "Feature",
         "geometry": {
            "type": "Polygon",
            "coordinates": [
               [
                  31.298217,
                  30.048108,
                  0.0
               ],
               [
                  31.304057,
                  30.048183,
                  0.0
               ],
               [
                  31.303971,
                  30.053264,
                  0.0
               ],
               [
                  31.298131,
                  30.053188,
                  0.0
               ]
            ]
         },
         "properties": {
            "object_imcoords": "EMPTY",
            "building_imcoords": "732.460299, 613.179233, 749.001229, 615.042999, 749.700141, 619.003504, 755.524412, 620.867270, 752.262820, 636.942258, 727.101970, 629.720162, 728.033854, 618.30459",
            "road_imcoords": "EMPTY",
            "image_id": "BLD01030_PS3_K3A_NIA0277.png",
            "ingest_time": "2023-03-02T14:34:14.313313Z",
            "type_id": "1",
            "type_name": "건물"
         }
      },
      {
         "type": "Feature",
         "geometry": {
            "type": "Polygon",
            "coordinates": [
               [
                  31.298217,
                  30.048108,
                  0.0
               ],
               [
                  31.304057,
                  30.048183,
                  0.0
               ],
               [
                  31.303971,
                  30.053264,
                  0.0
               ],
               [
                  31.298131,
                  30.053188,
                  0.0
               ]
            ]
         },
         "properties": {
            "object_imcoords": "EMPTY",
            "building_imcoords": "772.298312, 607.354962, 767.172954, 637.408199, 790.935979, 641.601674, 802.351549, 641.135733, 808.874733, 627.856395, 817.727624, 625.060745, 818.892479, 615.275970, 799.089958, 610.15061",
            "road_imcoords": "EMPTY",
            "image_id": "BLD01030_PS3_K3A_NIA0277.png",
            "ingest_time": "2023-03-02T14:34:14.313313Z",
            "type_id": "1",
            "type_name": "건물"
         }
      },
      {
         "type": "Feature",
         "geometry": {
            "type": "Polygon",
            "coordinates": [
               [
                  31.298217,
                  30.048108,
                  0.0
               ],
               [
                  31.304057,
                  30.048183,
                  0.0
               ],
               [
                  31.303971,
                  30.053264,
                  0.0
               ],
               [
                  31.298131,
                  30.053188,
                  0.0
               ]
            ]
         },
         "properties": {
            "object_imcoords": "EMPTY",
            "building_imcoords": "586.325812, 80.135646, 629.955219, 71.454285, 633.279223, 94.836196, 614.242500, 101.009375, 589.889650, 105.36729",
            "road_imcoords": "EMPTY",
            "image_id": "BLD01030_PS3_K3A_NIA0277.png",
            "ingest_time": "2023-03-02T14:34:14.313313Z",
            "type_id": "1",
            "type_name": "건물"
         }
      },
      {
         "type": "Feature",
         "geometry": {
            "type": "Polygon",
            "coordinates": [
               [
                  31.298217,
                  30.048108,
                  0.0
               ],
               [
                  31.304057,
                  30.048183,
                  0.0
               ],
               [
                  31.303971,
                  30.053264,
                  0.0
               ],
               [
                  31.298131,
                  30.053188,
                  0.0
               ]
            ]
         },
         "properties": {
            "object_imcoords": "EMPTY",
            "building_imcoords": "668.085838, 0.000000, 696.999843, 51.317571, 781.635538, 0.00000",
            "road_imcoords": "EMPTY",
            "image_id": "BLD01030_PS3_K3A_NIA0277.png",
            "ingest_time": "2023-03-02T14:34:14.313313Z",
            "type_id": "1",
            "type_name": "건물"
         }
      },
      {
         "type": "Feature",
         "geometry": {
            "type": "Polygon",
            "coordinates": [
               [
                  31.298217,
                  30.048108,
                  0.0
               ],
               [
                  31.304057,
                  30.048183,
                  0.0
               ],
               [
                  31.303971,
                  30.053264,
                  0.0
               ],
               [
                  31.298131,
                  30.053188,
                  0.0
               ]
            ]
         },
         "properties": {
            "object_imcoords": "EMPTY",
            "building_imcoords": "822.840029, 60.697573, 852.047883, 105.878473, 894.262361, 72.106891, 865.510879, 30.348786, 852.960629, 37.194377, 849.081461, 33.543396, 824.893706, 48.375509, 825.121893, 54.99291",
            "road_imcoords": "EMPTY",
            "image_id": "BLD01030_PS3_K3A_NIA0277.png",
            "ingest_time": "2023-03-02T14:34:14.313313Z",
            "type_id": "1",
            "type_name": "건물"
         }
      },
      {
         "type": "Feature",
         "geometry": {
            "type": "Polygon",
            "coordinates": [
               [
                  31.298217,
                  30.048108,
                  0.0
               ],
               [
                  31.304057,
                  30.048183,
                  0.0
               ],
               [
                  31.303971,
                  30.053264,
                  0.0
               ],
               [
                  31.298131,
                  30.053188,
                  0.0
               ]
            ]
         },
         "properties": {
            "object_imcoords": "EMPTY",
            "building_imcoords": "765.726641, 143.065992, 767.929775, 147.885347, 770.959084, 146.783780, 781.712202, 168.255415, 774.343352, 172.799539, 753.956199, 183.975629, 758.745952, 198.467701, 798.660558, 177.220850, 779.378733, 142.095997, 781.589388, 139.516899, 777.413706, 132.76212",
            "road_imcoords": "EMPTY",
            "image_id": "BLD01030_PS3_K3A_NIA0277.png",
            "ingest_time": "2023-03-02T14:34:14.313313Z",
            "type_id": "1",
            "type_name": "건물"
         }
      },
      {
         "type": "Feature",
         "geometry": {
            "type": "Polygon",
            "coordinates": [
               [
                  31.298217,
                  30.048108,
                  0.0
               ],
               [
                  31.304057,
                  30.048183,
                  0.0
               ],
               [
                  31.303971,
                  30.053264,
                  0.0
               ],
               [
                  31.298131,
                  30.053188,
                  0.0
               ]
            ]
         },
         "properties": {
            "object_imcoords": "EMPTY",
            "building_imcoords": "819.695017, 171.471872, 778.066008, 195.684663, 784.579390, 228.959551, 800.154870, 227.685194, 794.632654, 198.799759, 827.341162, 179.11801",
            "road_imcoords": "EMPTY",
            "image_id": "BLD01030_PS3_K3A_NIA0277.png",
            "ingest_time": "2023-03-02T14:34:14.313313Z",
            "type_id": "1",
            "type_name": "건물"
         }
      },
      {
         "type": "Feature",
         "geometry": {
            "type": "Polygon",
            "coordinates": [
               [
                  31.298217,
                  30.048108,
                  0.0
               ],
               [
                  31.304057,
                  30.048183,
                  0.0
               ],
               [
                  31.303971,
                  30.053264,
                  0.0
               ],
               [
                  31.298131,
                  30.053188,
                  0.0
               ]
            ]
         },
         "properties": {
            "object_imcoords": "EMPTY",
            "building_imcoords": "587.200088, 340.993241, 597.683874, 358.718404, 607.086857, 352.990150, 605.573733, 349.315421, 633.350362, 336.670030, 636.808930, 333.859943, 631.188756, 321.322632, 611.410068, 329.42865",
            "road_imcoords": "EMPTY",
            "image_id": "BLD01030_PS3_K3A_NIA0277.png",
            "ingest_time": "2023-03-02T14:34:14.313313Z",
            "type_id": "1",
            "type_name": "건물"
         }
      },
      {
         "type": "Feature",
         "geometry": {
            "type": "Polygon",
            "coordinates": [
               [
                  31.298217,
                  30.048108,
                  0.0
               ],
               [
                  31.304057,
                  30.048183,
                  0.0
               ],
               [
                  31.303971,
                  30.053264,
                  0.0
               ],
               [
                  31.298131,
                  30.053188,
                  0.0
               ]
            ]
         },
         "properties": {
            "object_imcoords": "EMPTY",
            "building_imcoords": "553.894311, 417.402072, 558.517436, 435.894569, 573.707701, 432.152040, 587.797222, 417.842370, 583.394247, 405.07374",
            "road_imcoords": "EMPTY",
            "image_id": "BLD01030_PS3_K3A_NIA0277.png",
            "ingest_time": "2023-03-02T14:34:14.313313Z",
            "type_id": "1",
            "type_name": "건물"
         }
      },
      {
         "type": "Feature",
         "geometry": {
            "type": "Polygon",
            "coordinates": [
               [
                  31.298217,
                  30.048108,
                  0.0
               ],
               [
                  31.304057,
                  30.048183,
                  0.0
               ],
               [
                  31.303971,
                  30.053264,
                  0.0
               ],
               [
                  31.298131,
                  30.053188,
                  0.0
               ]
            ]
         },
         "properties": {
            "object_imcoords": "EMPTY",
            "building_imcoords": "306.270525, 455.561906, 321.150064, 506.896318, 334.293658, 498.712571, 317.678172, 448.86611",
            "road_imcoords": "EMPTY",
            "image_id": "BLD01030_PS3_K3A_NIA0277.png",
            "ingest_time": "2023-03-02T14:34:14.313313Z",
            "type_id": "1",
            "type_name": "건물"
         }
      },
      {
         "type": "Feature",
         "geometry": {
            "type": "Polygon",
            "coordinates": [
               [
                  31.298217,
                  30.048108,
                  0.0
               ],
               [
                  31.304057,
                  30.048183,
                  0.0
               ],
               [
                  31.303971,
                  30.053264,
                  0.0
               ],
               [
                  31.298131,
                  30.053188,
                  0.0
               ]
            ]
         },
         "properties": {
            "object_imcoords": "EMPTY",
            "building_imcoords": "372.514833, 410.869436, 377.097020, 423.258312, 402.553615, 407.984355, 395.765189, 397.63200",
            "road_imcoords": "EMPTY",
            "image_id": "BLD01030_PS3_K3A_NIA0277.png",
            "ingest_time": "2023-03-02T14:34:14.313313Z",
            "type_id": "1",
            "type_name": "건물"
         }
      },
      {
         "type": "Feature",
         "geometry": {
            "type": "Polygon",
            "coordinates": [
               [
                  31.298217,
                  30.048108,
                  0.0
               ],
               [
                  31.304057,
                  30.048183,
                  0.0
               ],
               [
                  31.303971,
                  30.053264,
                  0.0
               ],
               [
                  31.298131,
                  30.053188,
                  0.0
               ]
            ]
         },
         "properties": {
            "object_imcoords": "EMPTY",
            "building_imcoords": "136.337862, 103.919348, 151.466502, 99.056571, 161.912467, 95.814719, 163.533393, 81.406491, 170.557404, 66.638057, 160.111439, 62.675794, 153.087427, 66.277851, 139.039405, 90.05142",
            "road_imcoords": "EMPTY",
            "image_id": "BLD01030_PS3_K3A_NIA0277.png",
            "ingest_time": "2023-03-02T14:34:14.313313Z",
            "type_id": "1",
            "type_name": "건물"
         }
      },
      {
         "type": "Feature",
         "geometry": {
            "type": "Polygon",
            "coordinates": [
               [
                  31.298217,
                  30.048108,
                  0.0
               ],
               [
                  31.304057,
                  30.048183,
                  0.0
               ],
               [
                  31.303971,
                  30.053264,
                  0.0
               ],
               [
                  31.298131,
                  30.053188,
                  0.0
               ]
            ]
         },
         "properties": {
            "object_imcoords": "EMPTY",
            "building_imcoords": "247.840723, 0.000000, 216.267144, 12.819348, 221.015050, 28.250044, 293.895416, 0.00000",
            "road_imcoords": "EMPTY",
            "image_id": "BLD01030_PS3_K3A_NIA0277.png",
            "ingest_time": "2023-03-02T14:34:14.313313Z",
            "type_id": "1",
            "type_name": "건물"
         }
      },
      {
         "type": "Feature",
         "geometry": {
            "type": "Polygon",
            "coordinates": [
               [
                  31.298217,
                  30.048108,
                  0.0
               ],
               [
                  31.304057,
                  30.048183,
                  0.0
               ],
               [
                  31.303971,
                  30.053264,
                  0.0
               ],
               [
                  31.298131,
                  30.053188,
                  0.0
               ]
            ]
         },
         "properties": {
            "object_imcoords": "EMPTY",
            "building_imcoords": "289.975149, 51.878793, 300.350907, 84.644347, 313.184082, 80.002560, 302.535277, 45.87177",
            "road_imcoords": "EMPTY",
            "image_id": "BLD01030_PS3_K3A_NIA0277.png",
            "ingest_time": "2023-03-02T14:34:14.313313Z",
            "type_id": "1",
            "type_name": "건물"
         }
      },
      {
         "type": "Feature",
         "geometry": {
            "type": "Polygon",
            "coordinates": [
               [
                  31.298217,
                  30.048108,
                  0.0
               ],
               [
                  31.304057,
                  30.048183,
                  0.0
               ],
               [
                  31.303971,
                  30.053264,
                  0.0
               ],
               [
                  31.298131,
                  30.053188,
                  0.0
               ]
            ]
         },
         "properties": {
            "object_imcoords": "EMPTY",
            "building_imcoords": "301.443092, 96.931429, 309.088388, 126.420427, 320.829378, 122.870826, 310.453619, 90.65136",
            "road_imcoords": "EMPTY",
            "image_id": "BLD01030_PS3_K3A_NIA0277.png",
            "ingest_time": "2023-03-02T14:34:14.313313Z",
            "type_id": "1",
            "type_name": "건물"
         }
      },
      {
         "type": "Feature",
         "geometry": {
            "type": "Polygon",
            "coordinates": [
               [
                  31.298217,
                  30.048108,
                  0.0
               ],
               [
                  31.304057,
                  30.048183,
                  0.0
               ],
               [
                  31.303971,
                  30.053264,
                  0.0
               ],
               [
                  31.298131,
                  30.053188,
                  0.0
               ]
            ]
         },
         "properties": {
            "object_imcoords": "EMPTY",
            "building_imcoords": "288.546184, 123.631611, 300.496516, 119.503314, 309.622224, 149.270504, 293.326317, 152.74696",
            "road_imcoords": "EMPTY",
            "image_id": "BLD01030_PS3_K3A_NIA0277.png",
            "ingest_time": "2023-03-02T14:34:14.313313Z",
            "type_id": "1",
            "type_name": "건물"
         }
      },
      {
         "type": "Feature",
         "geometry": {
            "type": "Polygon",
            "coordinates": [
               [
                  31.298217,
                  30.048108,
                  0.0
               ],
               [
                  31.304057,
                  30.048183,
                  0.0
               ],
               [
                  31.303971,
                  30.053264,
                  0.0
               ],
               [
                  31.298131,
                  30.053188,
                  0.0
               ]
            ]
         },
         "properties": {
            "object_imcoords": "EMPTY",
            "building_imcoords": "544.506637, 149.552685, 542.339207, 184.231569, 557.752044, 185.917348, 560.882776, 147.86690",
            "road_imcoords": "EMPTY",
            "image_id": "BLD01030_PS3_K3A_NIA0277.png",
            "ingest_time": "2023-03-02T14:34:14.313313Z",
            "type_id": "1",
            "type_name": "건물"
         }
      },
      {
         "type": "Feature",
         "geometry": {
            "type": "Polygon",
            "coordinates": [
               [
                  31.298217,
                  30.048108,
                  0.0
               ],
               [
                  31.304057,
                  30.048183,
                  0.0
               ],
               [
                  31.303971,
                  30.053264,
                  0.0
               ],
               [
                  31.298131,
                  30.053188,
                  0.0
               ]
            ]
         },
         "properties": {
            "object_imcoords": "EMPTY",
            "building_imcoords": "196.060606, 646.666667, 192.727273, 651.515152, 193.030303, 658.787879, 201.212121, 660.909091, 207.878788, 660.303030, 210.606061, 654.545455, 207.878788, 645.757576, 201.212121, 644.24242",
            "road_imcoords": "EMPTY",
            "image_id": "BLD01030_PS3_K3A_NIA0277.png",
            "ingest_time": "2023-03-02T14:34:14.313313Z",
            "type_id": "1",
            "type_name": "건물"
         }
      },
      {
         "type": "Feature",
         "geometry": {
            "type": "Polygon",
            "coordinates": [
               [
                  31.298217,
                  30.048108,
                  0.0
               ],
               [
                  31.304057,
                  30.048183,
                  0.0
               ],
               [
                  31.303971,
                  30.053264,
                  0.0
               ],
               [
                  31.298131,
                  30.053188,
                  0.0
               ]
            ]
         },
         "properties": {
            "object_imcoords": "EMPTY",
            "building_imcoords": "480.672269, 462.394958, 474.579832, 466.596639, 480.672269, 483.823529, 487.815126, 483.403361, 495.378151, 504.621849, 551.260504, 494.117647, 541.386555, 449.78991",
            "road_imcoords": "EMPTY",
            "image_id": "BLD01030_PS3_K3A_NIA0277.png",
            "ingest_time": "2023-03-02T14:34:14.313313Z",
            "type_id": "1",
            "type_name": "건물"
         }
      },
      {
         "type": "Feature",
         "geometry": {
            "type": "Polygon",
            "coordinates": [
               [
                  31.298217,
                  30.048108,
                  0.0
               ],
               [
                  31.304057,
                  30.048183,
                  0.0
               ],
               [
                  31.303971,
                  30.053264,
                  0.0
               ],
               [
                  31.298131,
                  30.053188,
                  0.0
               ]
            ]
         },
         "properties": {
            "object_imcoords": "EMPTY",
            "building_imcoords": "540.966387, 449.789916, 551.890756, 493.277311, 585.504202, 484.873950, 584.033613, 466.806723, 609.567873, 456.734867, 597.330609, 433.369588, 587.184874, 439.28571",
            "road_imcoords": "EMPTY",
            "image_id": "BLD01030_PS3_K3A_NIA0277.png",
            "ingest_time": "2023-03-02T14:34:14.313313Z",
            "type_id": "1",
            "type_name": "건물"
         }
      },
      {
         "type": "Feature",
         "geometry": {
            "type": "Polygon",
            "coordinates": [
               [
                  31.298217,
                  30.048108,
                  0.0
               ],
               [
                  31.304057,
                  30.048183,
                  0.0
               ],
               [
                  31.303971,
                  30.053264,
                  0.0
               ],
               [
                  31.298131,
                  30.053188,
                  0.0
               ]
            ]
         },
         "properties": {
            "object_imcoords": "EMPTY",
            "building_imcoords": "479.957356, 634.968017, 483.795309, 649.466951, 516.844350, 637.953092, 510.660981, 624.09381",
            "road_imcoords": "EMPTY",
            "image_id": "BLD01030_PS3_K3A_NIA0277.png",
            "ingest_time": "2023-03-02T14:34:14.313313Z",
            "type_id": "1",
            "type_name": "건물"
         }
      },
      {
         "type": "Feature",
         "geometry": {
            "type": "Polygon",
            "coordinates": [
               [
                  31.298217,
                  30.048108,
                  0.0
               ],
               [
                  31.304057,
                  30.048183,
                  0.0
               ],
               [
                  31.303971,
                  30.053264,
                  0.0
               ],
               [
                  31.298131,
                  30.053188,
                  0.0
               ]
            ]
         },
         "properties": {
            "object_imcoords": "EMPTY",
            "building_imcoords": "431.769723, 755.223881, 440.511727, 783.368870, 446.481876, 781.663113, 449.680171, 785.927505, 455.223881, 783.582090, 455.437100, 778.678038, 469.722814, 771.641791, 460.341151, 746.48187",
            "road_imcoords": "EMPTY",
            "image_id": "BLD01030_PS3_K3A_NIA0277.png",
            "ingest_time": "2023-03-02T14:34:14.313313Z",
            "type_id": "1",
            "type_name": "건물"
         }
      }
   ]
}