{
   "type": "FeatureCollection",
   "features": [
      {
         "type": "Feature",
         "geometry": {
            "type": "Polygon",
            "coordinates": [
               [
                  31.38848,
                  30.010347,
                  0.0
               ],
               [
                  31.394317,
                  30.010418,
                  0.0
               ],
               [
                  31.394236,
                  30.015499,
                  0.0
               ],
               [
                  31.388397,
                  30.015428,
                  0.0
               ]
            ]
         },
         "properties": {
            "object_imcoords": "EMPTY",
            "building_imcoords": "55.455966, 163.948679, 57.875186, 157.621488, 68.854723, 161.715553, 68.854723, 166.181805, 74.995820, 170.275870, 74.437539, 183.488533, 55.455966, 240.619344, 48.756588, 239.130593, 47.640025, 241.922001, 34.427362, 238.572311, 33.869080, 234.478247, 27.914077, 232.617308, 28.286265, 222.568240, 49.500963, 161.52945",
            "road_imcoords": "EMPTY",
            "image_id": "BLD00093_PS3_K3A_NIA0276.png",
            "ingest_time": "2023-03-02T14:34:14.313313Z",
            "type_id": "1",
            "type_name": "건물"
         }
      },
      {
         "type": "Feature",
         "geometry": {
            "type": "Polygon",
            "coordinates": [
               [
                  31.38848,
                  30.010347,
                  0.0
               ],
               [
                  31.394317,
                  30.010418,
                  0.0
               ],
               [
                  31.394236,
                  30.015499,
                  0.0
               ],
               [
                  31.388397,
                  30.015428,
                  0.0
               ]
            ]
         },
         "properties": {
            "object_imcoords": "EMPTY",
            "building_imcoords": "107.368311, 252.305996, 126.820474, 188.991113, 126.820474, 178.692909, 94.590910, 167.631875, 73.040965, 237.049398, 73.231672, 242.38920",
            "road_imcoords": "EMPTY",
            "image_id": "BLD00093_PS3_K3A_NIA0276.png",
            "ingest_time": "2023-03-02T14:34:14.313313Z",
            "type_id": "1",
            "type_name": "건물"
         }
      },
      {
         "type": "Feature",
         "geometry": {
            "type": "Polygon",
            "coordinates": [
               [
                  31.38848,
                  30.010347,
                  0.0
               ],
               [
                  31.394317,
                  30.010418,
                  0.0
               ],
               [
                  31.394236,
                  30.015499,
                  0.0
               ],
               [
                  31.388397,
                  30.015428,
                  0.0
               ]
            ]
         },
         "properties": {
            "object_imcoords": "EMPTY",
            "building_imcoords": "144.104926, 183.973956, 123.094410, 255.569265, 123.668723, 261.120957, 222.641989, 292.516732, 240.637128, 230.299495, 241.020004, 225.704992, 244.657319, 214.984483, 244.083006, 212.68723",
            "road_imcoords": "EMPTY",
            "image_id": "BLD00093_PS3_K3A_NIA0276.png",
            "ingest_time": "2023-03-02T14:34:14.313313Z",
            "type_id": "1",
            "type_name": "건물"
         }
      },
      {
         "type": "Feature",
         "geometry": {
            "type": "Polygon",
            "coordinates": [
               [
                  31.388554,
                  30.014532,
                  0.0
               ],
               [
                  31.388464,
                  30.014557,
                  0.0
               ],
               [
                  31.388405,
                  30.014441,
                  0.0
               ],
               [
                  31.388416,
                  30.01427,
                  0.0
               ]
            ]
         },
         "properties": {
            "object_imcoords": "EMPTY",
            "building_imcoords": "24.940867, 180.821286, 9.113009, 175.545334, -1.438896, 198.919403, 0.000000, 233.261058, 10.551905, 235.499341, 23.981603, 191.37319",
            "road_imcoords": "EMPTY",
            "image_id": "BLD00093_PS3_K3A_NIA0276.png",
            "ingest_time": "2023-03-02T14:34:14.313313Z",
            "type_id": "1",
            "type_name": "건물"
         }
      },
      {
         "type": "Feature",
         "geometry": {
            "type": "Polygon",
            "coordinates": [
               [
                  31.39,
                  30.01403,
                  0.0
               ],
               [
                  31.389961,
                  30.013893,
                  0.0
               ],
               [
                  31.389894,
                  30.013908,
                  0.0
               ],
               [
                  31.389934,
                  30.014045,
                  0.0
               ]
            ]
         },
         "properties": {
            "object_imcoords": "EMPTY",
            "building_imcoords": "277.051764, 285.529556, 269.801764, 313.029556, 258.198236, 309.970444, 265.448236, 282.470444, 272.698236, 254.970444, 284.301764, 258.02955",
            "road_imcoords": "EMPTY",
            "image_id": "BLD00093_PS3_K3A_NIA0276.png",
            "ingest_time": "2023-03-02T14:34:14.313313Z",
            "type_id": "1",
            "type_name": "건물"
         }
      },
      {
         "type": "Feature",
         "geometry": {
            "type": "Polygon",
            "coordinates": [
               [
                  31.389995,
                  30.014563,
                  0.0
               ],
               [
                  31.389987,
                  30.014542,
                  0.0
               ],
               [
                  31.389938,
                  30.014556,
                  0.0
               ],
               [
                  31.389947,
                  30.014577,
                  0.0
               ]
            ]
         },
         "properties": {
            "object_imcoords": "EMPTY",
            "building_imcoords": "277.743457, 178.247691, 276.243457, 182.497691, 267.756543, 179.502309, 269.256543, 175.252309, 270.756543, 171.002309, 279.243457, 173.99769",
            "road_imcoords": "EMPTY",
            "image_id": "BLD00093_PS3_K3A_NIA0276.png",
            "ingest_time": "2023-03-02T14:34:14.313313Z",
            "type_id": "1",
            "type_name": "건물"
         }
      },
      {
         "type": "Feature",
         "geometry": {
            "type": "Polygon",
            "coordinates": [
               [
                  31.389929,
                  30.014362,
                  0.0
               ],
               [
                  31.389922,
                  30.014341,
                  0.0
               ],
               [
                  31.389872,
                  30.014353,
                  0.0
               ],
               [
                  31.389879,
                  30.014374,
                  0.0
               ]
            ]
         },
         "properties": {
            "object_imcoords": "EMPTY",
            "building_imcoords": "265.480727, 218.498600, 264.224391, 222.806072, 255.584385, 220.286092, 256.837450, 215.989834, 258.093824, 211.682334, 266.733813, 214.20237",
            "road_imcoords": "EMPTY",
            "image_id": "BLD00093_PS3_K3A_NIA0276.png",
            "ingest_time": "2023-03-02T14:34:14.313313Z",
            "type_id": "1",
            "type_name": "건물"
         }
      }
   ]
}