{
   "type": "FeatureCollection",
   "features": [
      {
         "type": "Feature",
         "geometry": {
            "type": "Polygon",
            "coordinates": [
               [
                  31.423426,
                  30.015852,
                  0.0
               ],
               [
                  31.429264,
                  30.015922,
                  0.0
               ],
               [
                  31.429184,
                  30.021003,
                  0.0
               ],
               [
                  31.423346,
                  30.020933,
                  0.0
               ]
            ]
         },
         "properties": {
            "object_imcoords": "EMPTY",
            "building_imcoords": "33.967271, 0.000000, 29.653967, 81.413618, 36.123923, 119.694193, 55.533792, 124.546661, 131.555780, 77.639477, 135.329921, 26.958152, 93.275205, 0.00000",
            "road_imcoords": "EMPTY",
            "image_id": "BLD00074_PS3_K3A_NIA0276.png",
            "ingest_time": "2023-03-02T14:34:14.313313Z",
            "type_id": "1",
            "type_name": "건물"
         }
      },
      {
         "type": "Feature",
         "geometry": {
            "type": "Polygon",
            "coordinates": [
               [
                  31.423426,
                  30.015852,
                  0.0
               ],
               [
                  31.429264,
                  30.015922,
                  0.0
               ],
               [
                  31.429184,
                  30.021003,
                  0.0
               ],
               [
                  31.423346,
                  30.020933,
                  0.0
               ]
            ]
         },
         "properties": {
            "object_imcoords": "EMPTY",
            "building_imcoords": "163.231237, 0.000000, 162.044100, 119.900763, 245.143639, 122.275035, 246.924343, 83.693107, 247.517911, 0.00000",
            "road_imcoords": "EMPTY",
            "image_id": "BLD00074_PS3_K3A_NIA0276.png",
            "ingest_time": "2023-03-02T14:34:14.313313Z",
            "type_id": "1",
            "type_name": "건물"
         }
      },
      {
         "type": "Feature",
         "geometry": {
            "type": "Polygon",
            "coordinates": [
               [
                  31.424943,
                  30.020922,
                  0.0
               ],
               [
                  31.424944,
                  30.020305,
                  0.0
               ],
               [
                  31.425126,
                  30.020294,
                  0.0
               ],
               [
                  31.425134,
                  30.020439,
                  0.0
               ]
            ]
         },
         "properties": {
            "object_imcoords": "EMPTY",
            "building_imcoords": "280.164159, 5.935681, 278.528125, 130.265876, 310.436133, 132.959262, 312.216838, 103.874423, 331.211018, 103.280855, 333.585291, 135.927102, 366.825106, 134.739966, 365.637970, 7.716386, 332.991723, 8.903522, 331.804586, 43.330474, 310.436133, 42.736906, 309.842565, 6.52924",
            "road_imcoords": "EMPTY",
            "image_id": "BLD00074_PS3_K3A_NIA0276.png",
            "ingest_time": "2023-03-02T14:34:14.313313Z",
            "type_id": "1",
            "type_name": "건물"
         }
      },
      {
         "type": "Feature",
         "geometry": {
            "type": "Polygon",
            "coordinates": [
               [
                  31.428221,
                  30.020806,
                  0.0
               ],
               [
                  31.428204,
                  30.020802,
                  0.0
               ],
               [
                  31.428203,
                  30.020471,
                  0.0
               ],
               [
                  31.428383,
                  30.020485,
                  0.0
               ]
            ]
         },
         "properties": {
            "object_imcoords": "EMPTY",
            "building_imcoords": "854.503418, 37.348779, 851.671081, 38.101075, 850.550461, 104.777955, 882.115965, 102.348567, 882.488126, 93.011447, 899.486090, 91.330000, 898.738665, 103.843933, 928.806218, 103.095474, 929.611730, 97.542232, 932.355709, 10.645889, 917.787651, 6.723719, 912.744862, 14.007748, 889.772155, 8.404649, 872.402548, 14.568058, 866.799448, 3.922169, 854.289135, 15.315483, 857.276248, 25.02683",
            "road_imcoords": "EMPTY",
            "image_id": "BLD00074_PS3_K3A_NIA0276.png",
            "ingest_time": "2023-03-02T14:34:14.313313Z",
            "type_id": "1",
            "type_name": "건물"
         }
      },
      {
         "type": "Feature",
         "geometry": {
            "type": "Polygon",
            "coordinates": [
               [
                  31.423366,
                  30.019628,
                  0.0
               ],
               [
                  31.423469,
                  30.019623,
                  0.0
               ],
               [
                  31.423472,
                  30.019496,
                  0.0
               ],
               [
                  31.423469,
                  30.019322,
                  0.0
               ]
            ]
         },
         "properties": {
            "object_imcoords": "EMPTY",
            "building_imcoords": "0.000000, 262.930252, 17.930379, 264.272194, 18.250905, 289.931279, 17.117585, 324.829765, 16.838060, 328.721991, 24.038512, 330.352206, 22.252654, 337.991082, 17.012466, 338.012518, 13.799914, 336.605799, 0.582367, 336.84011",
            "road_imcoords": "EMPTY",
            "image_id": "BLD00074_PS3_K3A_NIA0276.png",
            "ingest_time": "2023-03-02T14:34:14.313313Z",
            "type_id": "1",
            "type_name": "건물"
         }
      },
      {
         "type": "Feature",
         "geometry": {
            "type": "Polygon",
            "coordinates": [
               [
                  31.424088,
                  30.019602,
                  0.0
               ],
               [
                  31.424003,
                  30.01959,
                  0.0
               ],
               [
                  31.423847,
                  30.019625,
                  0.0
               ],
               [
                  31.423777,
                  30.019607,
                  0.0
               ]
            ]
         },
         "properties": {
            "object_imcoords": "EMPTY",
            "building_imcoords": "126.575252, 269.929990, 111.593201, 272.172776, 84.298582, 264.812733, 71.975736, 268.121829, 72.024959, 273.448684, 56.445551, 282.364616, 45.792363, 275.827548, 37.953207, 277.639007, 38.390385, 305.674303, 34.789155, 304.789554, 33.586618, 337.638718, 66.499003, 343.313776, 78.767697, 339.353054, 86.614542, 345.256053, 95.760049, 348.398328, 104.849041, 346.788477, 113.940749, 343.588593, 122.047041, 333.609077, 121.561789, 305.381077, 127.574472, 303.271256, 127.996504, 274.78969",
            "road_imcoords": "EMPTY",
            "image_id": "BLD00074_PS3_K3A_NIA0276.png",
            "ingest_time": "2023-03-02T14:34:14.313313Z",
            "type_id": "1",
            "type_name": "건물"
         }
      },
      {
         "type": "Feature",
         "geometry": {
            "type": "Polygon",
            "coordinates": [
               [
                  31.423426,
                  30.015852,
                  0.0
               ],
               [
                  31.429264,
                  30.015922,
                  0.0
               ],
               [
                  31.429184,
                  30.021003,
                  0.0
               ],
               [
                  31.423346,
                  30.020933,
                  0.0
               ]
            ]
         },
         "properties": {
            "object_imcoords": "EMPTY",
            "building_imcoords": "239.657590, 276.958383, 238.258811, 350.627447, 315.657955, 352.492487, 317.522994, 359.020126, 331.977051, 358.553866, 329.179492, 323.118113, 313.326655, 294.676259, 289.081140, 276.958383, 240.123850, 271.36326",
            "road_imcoords": "EMPTY",
            "image_id": "BLD00074_PS3_K3A_NIA0276.png",
            "ingest_time": "2023-03-02T14:34:14.313313Z",
            "type_id": "1",
            "type_name": "건물"
         }
      },
      {
         "type": "Feature",
         "geometry": {
            "type": "Polygon",
            "coordinates": [
               [
                  31.423426,
                  30.015852,
                  0.0
               ],
               [
                  31.429264,
                  30.015922,
                  0.0
               ],
               [
                  31.429184,
                  30.021003,
                  0.0
               ],
               [
                  31.423346,
                  30.020933,
                  0.0
               ]
            ]
         },
         "properties": {
            "object_imcoords": "EMPTY",
            "building_imcoords": "362.804232, 306.245397, 361.884576, 356.826469, 377.058897, 356.366641, 375.679414, 307.16505",
            "road_imcoords": "EMPTY",
            "image_id": "BLD00074_PS3_K3A_NIA0276.png",
            "ingest_time": "2023-03-02T14:34:14.313313Z",
            "type_id": "1",
            "type_name": "건물"
         }
      },
      {
         "type": "Feature",
         "geometry": {
            "type": "Polygon",
            "coordinates": [
               [
                  31.423426,
                  30.015852,
                  0.0
               ],
               [
                  31.429264,
                  30.015922,
                  0.0
               ],
               [
                  31.429184,
                  30.021003,
                  0.0
               ],
               [
                  31.423346,
                  30.020933,
                  0.0
               ]
            ]
         },
         "properties": {
            "object_imcoords": "EMPTY",
            "building_imcoords": "569.745907, 403.141508, 474.616852, 401.598875, 471.531586, 392.857286, 473.588430, 350.177764, 490.557397, 333.208798, 557.919052, 333.723009, 574.888018, 355.319875, 576.944863, 396.97097",
            "road_imcoords": "EMPTY",
            "image_id": "BLD00074_PS3_K3A_NIA0276.png",
            "ingest_time": "2023-03-02T14:34:14.313313Z",
            "type_id": "1",
            "type_name": "건물"
         }
      },
      {
         "type": "Feature",
         "geometry": {
            "type": "Polygon",
            "coordinates": [
               [
                  31.423426,
                  30.015852,
                  0.0
               ],
               [
                  31.429264,
                  30.015922,
                  0.0
               ],
               [
                  31.429184,
                  30.021003,
                  0.0
               ],
               [
                  31.423346,
                  30.020933,
                  0.0
               ]
            ]
         },
         "properties": {
            "object_imcoords": "EMPTY",
            "building_imcoords": "732.750829, 449.934719, 796.513006, 451.477353, 795.998795, 385.658331, 789.828262, 372.288842, 729.665562, 370.746209, 724.523451, 390.286231, 724.009240, 419.082053, 726.066084, 448.90629",
            "road_imcoords": "EMPTY",
            "image_id": "BLD00074_PS3_K3A_NIA0276.png",
            "ingest_time": "2023-03-02T14:34:14.313313Z",
            "type_id": "1",
            "type_name": "건물"
         }
      },
      {
         "type": "Feature",
         "geometry": {
            "type": "Polygon",
            "coordinates": [
               [
                  31.423426,
                  30.015852,
                  0.0
               ],
               [
                  31.429264,
                  30.015922,
                  0.0
               ],
               [
                  31.429184,
                  30.021003,
                  0.0
               ],
               [
                  31.423346,
                  30.020933,
                  0.0
               ]
            ]
         },
         "properties": {
            "object_imcoords": "EMPTY",
            "building_imcoords": "610.368585, 338.350909, 606.254896, 426.795219, 631.965451, 427.309431, 634.536507, 415.996786, 663.332329, 414.454153, 665.389173, 429.366275, 691.613940, 426.795219, 689.042884, 355.83408",
            "road_imcoords": "EMPTY",
            "image_id": "BLD00074_PS3_K3A_NIA0276.png",
            "ingest_time": "2023-03-02T14:34:14.313313Z",
            "type_id": "1",
            "type_name": "건물"
         }
      },
      {
         "type": "Feature",
         "geometry": {
            "type": "Polygon",
            "coordinates": [
               [
                  31.423426,
                  30.015852,
                  0.0
               ],
               [
                  31.429264,
                  30.015922,
                  0.0
               ],
               [
                  31.429184,
                  30.021003,
                  0.0
               ],
               [
                  31.423346,
                  30.020933,
                  0.0
               ]
            ]
         },
         "properties": {
            "object_imcoords": "EMPTY",
            "building_imcoords": "484.104437, 497.139747, 533.099222, 545.685039, 551.528453, 525.008340, 556.023388, 528.154794, 572.205152, 511.074044, 571.306165, 504.781135, 589.285902, 484.553930, 540.740611, 437.357119, 527.255807, 450.392429, 520.962899, 449.043949, 499.869545, 460.368360, 499.510443, 478.68254",
            "road_imcoords": "EMPTY",
            "image_id": "BLD00074_PS3_K3A_NIA0276.png",
            "ingest_time": "2023-03-02T14:34:14.313313Z",
            "type_id": "1",
            "type_name": "건물"
         }
      },
      {
         "type": "Feature",
         "geometry": {
            "type": "Polygon",
            "coordinates": [
               [
                  31.423426,
                  30.015852,
                  0.0
               ],
               [
                  31.429264,
                  30.015922,
                  0.0
               ],
               [
                  31.429184,
                  30.021003,
                  0.0
               ],
               [
                  31.423346,
                  30.020933,
                  0.0
               ]
            ]
         },
         "properties": {
            "object_imcoords": "EMPTY",
            "building_imcoords": "387.580805, 390.458881, 386.141768, 503.663175, 369.832674, 534.362645, 348.726789, 550.671738, 347.287751, 556.907568, 317.558951, 557.954045, 276.009182, 545.489114, 247.604964, 513.626826, 242.489159, 475.769869, 241.977578, 380.104314, 266.021862, 375.500090, 298.763014, 382.150636, 375.500090, 382.66221",
            "road_imcoords": "EMPTY",
            "image_id": "BLD00074_PS3_K3A_NIA0276.png",
            "ingest_time": "2023-03-02T14:34:14.313313Z",
            "type_id": "1",
            "type_name": "건물"
         }
      },
      {
         "type": "Feature",
         "geometry": {
            "type": "Polygon",
            "coordinates": [
               [
                  31.423426,
                  30.015852,
                  0.0
               ],
               [
                  31.429264,
                  30.015922,
                  0.0
               ],
               [
                  31.429184,
                  30.021003,
                  0.0
               ],
               [
                  31.423346,
                  30.020933,
                  0.0
               ]
            ]
         },
         "properties": {
            "object_imcoords": "EMPTY",
            "building_imcoords": "183.638177, 462.524370, 199.639843, 462.143378, 202.687780, 452.999568, 207.259685, 456.047505, 205.735717, 477.002069, 242.691947, 478.145045, 240.619786, 405.543717, 230.047739, 397.086080, 203.829063, 388.628442, 186.490906, 408.926772, 183.107851, 425.84204",
            "road_imcoords": "EMPTY",
            "image_id": "BLD00074_PS3_K3A_NIA0276.png",
            "ingest_time": "2023-03-02T14:34:14.313313Z",
            "type_id": "1",
            "type_name": "건물"
         }
      },
      {
         "type": "Feature",
         "geometry": {
            "type": "Polygon",
            "coordinates": [
               [
                  31.423465,
                  30.019112,
                  0.0
               ],
               [
                  31.423809,
                  30.019096,
                  0.0
               ],
               [
                  31.423806,
                  30.018861,
                  0.0
               ],
               [
                  31.423764,
                  30.018821,
                  0.0
               ]
            ]
         },
         "properties": {
            "object_imcoords": "EMPTY",
            "building_imcoords": "15.828712, 367.264901, 76.129413, 371.252920, 75.075993, 418.587957, 67.506376, 426.511172, 69.507265, 435.269047, 69.282862, 440.649630, 67.767858, 441.360566, 66.392454, 449.523432, 53.041401, 450.143239, 52.534561, 441.200794, 51.714791, 440.162958, 39.463984, 439.043399, 38.427424, 450.354076, 23.681385, 450.792078, 11.417811, 422.88187",
            "road_imcoords": "EMPTY",
            "image_id": "BLD00074_PS3_K3A_NIA0276.png",
            "ingest_time": "2023-03-02T14:34:14.313313Z",
            "type_id": "1",
            "type_name": "건물"
         }
      },
      {
         "type": "Feature",
         "geometry": {
            "type": "Polygon",
            "coordinates": [
               [
                  31.423426,
                  30.015852,
                  0.0
               ],
               [
                  31.429264,
                  30.015922,
                  0.0
               ],
               [
                  31.429184,
                  30.021003,
                  0.0
               ],
               [
                  31.423346,
                  30.020933,
                  0.0
               ]
            ]
         },
         "properties": {
            "object_imcoords": "EMPTY",
            "building_imcoords": "77.810265, 375.096222, 129.401853, 379.325041, 131.093381, 433.876803, 87.113666, 431.762393, 75.695855, 410.61830",
            "road_imcoords": "EMPTY",
            "image_id": "BLD00074_PS3_K3A_NIA0276.png",
            "ingest_time": "2023-03-02T14:34:14.313313Z",
            "type_id": "1",
            "type_name": "건물"
         }
      },
      {
         "type": "Feature",
         "geometry": {
            "type": "Polygon",
            "coordinates": [
               [
                  31.423426,
                  30.015852,
                  0.0
               ],
               [
                  31.429264,
                  30.015922,
                  0.0
               ],
               [
                  31.429184,
                  30.021003,
                  0.0
               ],
               [
                  31.423346,
                  30.020933,
                  0.0
               ]
            ]
         },
         "properties": {
            "object_imcoords": "EMPTY",
            "building_imcoords": "128.556090, 375.519104, 187.336670, 376.787750, 184.799379, 418.230173, 182.262088, 431.339511, 167.038340, 428.379338, 163.232403, 416.961528, 155.197648, 416.538646, 144.625601, 428.379338, 131.093381, 428.80222",
            "road_imcoords": "EMPTY",
            "image_id": "BLD00074_PS3_K3A_NIA0276.png",
            "ingest_time": "2023-03-02T14:34:14.313313Z",
            "type_id": "1",
            "type_name": "건물"
         }
      },
      {
         "type": "Feature",
         "geometry": {
            "type": "Polygon",
            "coordinates": [
               [
                  31.428813,
                  30.018539,
                  0.0
               ],
               [
                  31.428805,
                  30.018234,
                  0.0
               ],
               [
                  31.429012,
                  30.01824,
                  0.0
               ],
               [
                  31.429023,
                  30.018265,
                  0.0
               ]
            ]
         },
         "properties": {
            "object_imcoords": "EMPTY",
            "building_imcoords": "952.072731, 495.515660, 949.857657, 556.913134, 986.277567, 556.280256, 988.104880, 551.247136, 995.943479, 551.260228, 1003.097207, 548.235623, 1012.583577, 543.219840, 1023.950704, 543.282053, 1024.316439, 479.657500, 988.887840, 480.127461, 985.710405, 484.405962, 986.340802, 478.123114, 971.454351, 477.829115, 968.627370, 480.226585, 954.172770, 480.40541",
            "road_imcoords": "EMPTY",
            "image_id": "BLD00074_PS3_K3A_NIA0276.png",
            "ingest_time": "2023-03-02T14:34:14.313313Z",
            "type_id": "1",
            "type_name": "건물"
         }
      },
      {
         "type": "Feature",
         "geometry": {
            "type": "Polygon",
            "coordinates": [
               [
                  31.423407,
                  30.017455,
                  0.0
               ],
               [
                  31.423726,
                  30.017459,
                  0.0
               ],
               [
                  31.423693,
                  30.017996,
                  0.0
               ],
               [
                  31.423686,
                  30.018016,
                  0.0
               ]
            ]
         },
         "properties": {
            "object_imcoords": "EMPTY",
            "building_imcoords": "1.096055, 700.926937, 56.994841, 700.926937, 52.796893, 592.663424, 51.686015, 588.621262, 50.028823, 582.581590, 21.003583, 583.544944, 19.626931, 597.386777, 9.430560, 598.592396, 7.941524, 590.650872, 0.000000, 597.59970",
            "road_imcoords": "EMPTY",
            "image_id": "BLD00074_PS3_K3A_NIA0276.png",
            "ingest_time": "2023-03-02T14:34:14.313313Z",
            "type_id": "1",
            "type_name": "건물"
         }
      },
      {
         "type": "Feature",
         "geometry": {
            "type": "Polygon",
            "coordinates": [
               [
                  31.423896,
                  30.017969,
                  0.0
               ],
               [
                  31.423907,
                  30.017471,
                  0.0
               ],
               [
                  31.424289,
                  30.017469,
                  0.0
               ],
               [
                  31.424287,
                  30.017847,
                  0.0
               ]
            ]
         },
         "properties": {
            "object_imcoords": "EMPTY",
            "building_imcoords": "88.349458, 598.592396, 88.845803, 698.854140, 155.852415, 700.343176, 156.561689, 624.047713, 145.185850, 625.239431, 137.856228, 631.662503, 133.020532, 637.307327, 117.633829, 634.329255, 107.706924, 608.02295",
            "road_imcoords": "EMPTY",
            "image_id": "BLD00074_PS3_K3A_NIA0276.png",
            "ingest_time": "2023-03-02T14:34:14.313313Z",
            "type_id": "1",
            "type_name": "건물"
         }
      },
      {
         "type": "Feature",
         "geometry": {
            "type": "Polygon",
            "coordinates": [
               [
                  31.423426,
                  30.015852,
                  0.0
               ],
               [
                  31.429264,
                  30.015922,
                  0.0
               ],
               [
                  31.429184,
                  30.021003,
                  0.0
               ],
               [
                  31.423346,
                  30.020933,
                  0.0
               ]
            ]
         },
         "properties": {
            "object_imcoords": "EMPTY",
            "building_imcoords": "199.034453, 630.854838, 195.063691, 648.723268, 240.727456, 664.109971, 245.194563, 648.22692",
            "road_imcoords": "EMPTY",
            "image_id": "BLD00074_PS3_K3A_NIA0276.png",
            "ingest_time": "2023-03-02T14:34:14.313313Z",
            "type_id": "1",
            "type_name": "건물"
         }
      },
      {
         "type": "Feature",
         "geometry": {
            "type": "Polygon",
            "coordinates": [
               [
                  31.423414,
                  30.016911,
                  0.0
               ],
               [
                  31.42359,
                  30.016814,
                  0.0
               ],
               [
                  31.423707,
                  30.01681,
                  0.0
               ],
               [
                  31.423704,
                  30.017144,
                  0.0
               ]
            ]
         },
         "properties": {
            "object_imcoords": "EMPTY",
            "building_imcoords": "0.835742, 810.647818, 31.442592, 830.514830, 51.925146, 831.724988, 52.376669, 764.428453, 52.425685, 754.563570, 58.747255, 754.590885, 57.794945, 732.370319, 47.861439, 720.179198, 0.000000, 719.72767",
            "road_imcoords": "EMPTY",
            "image_id": "BLD00074_PS3_K3A_NIA0276.png",
            "ingest_time": "2023-03-02T14:34:14.313313Z",
            "type_id": "1",
            "type_name": "건물"
         }
      },
      {
         "type": "Feature",
         "geometry": {
            "type": "Polygon",
            "coordinates": [
               [
                  31.42387,
                  30.017361,
                  0.0
               ],
               [
                  31.423887,
                  30.016874,
                  0.0
               ],
               [
                  31.423957,
                  30.016839,
                  0.0
               ],
               [
                  31.424001,
                  30.016885,
                  0.0
               ]
            ]
         },
         "properties": {
            "object_imcoords": "EMPTY",
            "building_imcoords": "82.074910, 720.981397, 83.682570, 819.101289, 95.940006, 826.489511, 103.677622, 817.329974, 136.202987, 818.989688, 142.938243, 826.419260, 155.347843, 820.797789, 156.286356, 726.878996, 127.781297, 719.015531, 112.054368, 720.48993",
            "road_imcoords": "EMPTY",
            "image_id": "BLD00074_PS3_K3A_NIA0276.png",
            "ingest_time": "2023-03-02T14:34:14.313313Z",
            "type_id": "1",
            "type_name": "건물"
         }
      },
      {
         "type": "Feature",
         "geometry": {
            "type": "Polygon",
            "coordinates": [
               [
                  31.423426,
                  30.015852,
                  0.0
               ],
               [
                  31.429264,
                  30.015922,
                  0.0
               ],
               [
                  31.429184,
                  30.021003,
                  0.0
               ],
               [
                  31.423346,
                  30.020933,
                  0.0
               ]
            ]
         },
         "properties": {
            "object_imcoords": "EMPTY",
            "building_imcoords": "187.740214, 742.605924, 185.774348, 825.172301, 217.228206, 840.899230, 257.528461, 829.595500, 258.019927, 742.114458, 229.494205, 737.210837, 226.350449, 726.600660, 217.312150, 726.600660, 216.526211, 737.21083",
            "road_imcoords": "EMPTY",
            "image_id": "BLD00074_PS3_K3A_NIA0276.png",
            "ingest_time": "2023-03-02T14:34:14.313313Z",
            "type_id": "1",
            "type_name": "건물"
         }
      },
      {
         "type": "Feature",
         "geometry": {
            "type": "Polygon",
            "coordinates": [
               [
                  31.423426,
                  30.015852,
                  0.0
               ],
               [
                  31.429264,
                  30.015922,
                  0.0
               ],
               [
                  31.429184,
                  30.021003,
                  0.0
               ],
               [
                  31.423346,
                  30.020933,
                  0.0
               ]
            ]
         },
         "properties": {
            "object_imcoords": "EMPTY",
            "building_imcoords": "286.154468, 729.034986, 284.818613, 817.940631, 301.453318, 826.055121, 314.030778, 810.637590, 318.088023, 839.849755, 330.259759, 839.038306, 357.849026, 817.129182, 364.746343, 791.568537, 363.529169, 745.721667, 353.791781, 727.869788, 323.362442, 725.84116",
            "road_imcoords": "EMPTY",
            "image_id": "BLD00074_PS3_K3A_NIA0276.png",
            "ingest_time": "2023-03-02T14:34:14.313313Z",
            "type_id": "1",
            "type_name": "건물"
         }
      },
      {
         "type": "Feature",
         "geometry": {
            "type": "Polygon",
            "coordinates": [
               [
                  31.426583,
                  30.017211,
                  0.0
               ],
               [
                  31.426429,
                  30.017478,
                  0.0
               ],
               [
                  31.426241,
                  30.017387,
                  0.0
               ],
               [
                  31.42617,
                  30.01727,
                  0.0
               ]
            ]
         },
         "properties": {
            "object_imcoords": "EMPTY",
            "building_imcoords": "557.406622, 757.738454, 531.101252, 703.536723, 497.993641, 721.470012, 485.118460, 744.921237, 489.432645, 797.023839, 502.379372, 822.667928, 525.017214, 836.392264, 554.823860, 842.295884, 562.123314, 850.682702, 564.444496, 846.723262, 564.668690, 801.939899, 555.931960, 783.546782, 558.677408, 771.839338, 559.150755, 759.63573",
            "road_imcoords": "EMPTY",
            "image_id": "BLD00074_PS3_K3A_NIA0276.png",
            "ingest_time": "2023-03-02T14:34:14.313313Z",
            "type_id": "1",
            "type_name": "건물"
         }
      },
      {
         "type": "Feature",
         "geometry": {
            "type": "Polygon",
            "coordinates": [
               [
                  31.426875,
                  30.016797,
                  0.0
               ],
               [
                  31.427217,
                  30.016814,
                  0.0
               ],
               [
                  31.427239,
                  30.016788,
                  0.0
               ],
               [
                  31.427286,
                  30.016783,
                  0.0
               ]
            ]
         },
         "properties": {
            "object_imcoords": "EMPTY",
            "building_imcoords": "607.432687, 841.944928, 667.429315, 839.345303, 671.326772, 844.618719, 679.485123, 845.774928, 693.880337, 844.703896, 696.179477, 684.223951, 606.972859, 681.92481",
            "road_imcoords": "EMPTY",
            "image_id": "BLD00074_PS3_K3A_NIA0276.png",
            "ingest_time": "2023-03-02T14:34:14.313313Z",
            "type_id": "1",
            "type_name": "건물"
         }
      },
      {
         "type": "Feature",
         "geometry": {
            "type": "Polygon",
            "coordinates": [
               [
                  31.429238,
                  30.017608,
                  0.0
               ],
               [
                  31.429022,
                  30.017609,
                  0.0
               ],
               [
                  31.429063,
                  30.017518,
                  0.0
               ],
               [
                  31.429035,
                  30.017491,
                  0.0
               ]
            ]
         },
         "properties": {
            "object_imcoords": "EMPTY",
            "building_imcoords": "1024.000000, 684.265751, 986.147700, 683.444304, 993.066593, 701.933149, 988.096974, 707.256179, 988.201319, 791.875371, 1002.291723, 799.581038, 984.058487, 825.322077, 1006.045625, 840.873955, 1024.000000, 841.41022",
            "road_imcoords": "EMPTY",
            "image_id": "BLD00074_PS3_K3A_NIA0276.png",
            "ingest_time": "2023-03-02T14:34:14.313313Z",
            "type_id": "1",
            "type_name": "건물"
         }
      },
      {
         "type": "Feature",
         "geometry": {
            "type": "Polygon",
            "coordinates": [
               [
                  31.428359,
                  30.017328,
                  0.0
               ],
               [
                  31.428312,
                  30.017292,
                  0.0
               ],
               [
                  31.428304,
                  30.017251,
                  0.0
               ],
               [
                  31.428303,
                  30.016828,
                  0.0
               ]
            ]
         },
         "properties": {
            "object_imcoords": "EMPTY",
            "building_imcoords": "869.223567, 738.452347, 860.843331, 745.570078, 859.329059, 753.909096, 857.877930, 839.070421, 938.583588, 840.991165, 941.723963, 834.722059, 948.179044, 833.933899, 949.147551, 791.099065, 937.154712, 790.670749, 932.871555, 743.984340, 883.682215, 742.73450",
            "road_imcoords": "EMPTY",
            "image_id": "BLD00074_PS3_K3A_NIA0276.png",
            "ingest_time": "2023-03-02T14:34:14.313313Z",
            "type_id": "1",
            "type_name": "건물"
         }
      },
      {
         "type": "Feature",
         "geometry": {
            "type": "Polygon",
            "coordinates": [
               [
                  31.423426,
                  30.015852,
                  0.0
               ],
               [
                  31.429264,
                  30.015922,
                  0.0
               ],
               [
                  31.429184,
                  30.021003,
                  0.0
               ],
               [
                  31.423346,
                  30.020933,
                  0.0
               ]
            ]
         },
         "properties": {
            "object_imcoords": "EMPTY",
            "building_imcoords": "950.004183, 689.159932, 949.575867, 759.403704, 965.851863, 760.688651, 966.708494, 688.30330",
            "road_imcoords": "EMPTY",
            "image_id": "BLD00074_PS3_K3A_NIA0276.png",
            "ingest_time": "2023-03-02T14:34:14.313313Z",
            "type_id": "1",
            "type_name": "건물"
         }
      },
      {
         "type": "Feature",
         "geometry": {
            "type": "Polygon",
            "coordinates": [
               [
                  31.423426,
                  30.015852,
                  0.0
               ],
               [
                  31.429264,
                  30.015922,
                  0.0
               ],
               [
                  31.429184,
                  30.021003,
                  0.0
               ],
               [
                  31.423346,
                  30.020933,
                  0.0
               ]
            ]
         },
         "properties": {
            "object_imcoords": "EMPTY",
            "building_imcoords": "986.778643, 999.092575, 998.426958, 999.758193, 998.426958, 1008.411227, 986.778643, 1008.41122",
            "road_imcoords": "EMPTY",
            "image_id": "BLD00074_PS3_K3A_NIA0276.png",
            "ingest_time": "2023-03-02T14:34:14.313313Z",
            "type_id": "1",
            "type_name": "건물"
         }
      },
      {
         "type": "Feature",
         "geometry": {
            "type": "Polygon",
            "coordinates": [
               [
                  31.423426,
                  30.015852,
                  0.0
               ],
               [
                  31.429264,
                  30.015922,
                  0.0
               ],
               [
                  31.429184,
                  30.021003,
                  0.0
               ],
               [
                  31.423346,
                  30.020933,
                  0.0
               ]
            ]
         },
         "properties": {
            "object_imcoords": "EMPTY",
            "building_imcoords": "998.759767, 999.425384, 1012.737744, 999.425384, 1012.072126, 1009.742463, 999.092575, 1009.74246",
            "road_imcoords": "EMPTY",
            "image_id": "BLD00074_PS3_K3A_NIA0276.png",
            "ingest_time": "2023-03-02T14:34:14.313313Z",
            "type_id": "1",
            "type_name": "건물"
         }
      },
      {
         "type": "Feature",
         "geometry": {
            "type": "Polygon",
            "coordinates": [
               [
                  31.423426,
                  30.015852,
                  0.0
               ],
               [
                  31.429264,
                  30.015922,
                  0.0
               ],
               [
                  31.429184,
                  30.021003,
                  0.0
               ],
               [
                  31.423346,
                  30.020933,
                  0.0
               ]
            ]
         },
         "properties": {
            "object_imcoords": "EMPTY",
            "building_imcoords": "44.764561, 849.105569, 44.409287, 857.276878, 55.067516, 857.276878, 55.422790, 850.52666",
            "road_imcoords": "EMPTY",
            "image_id": "BLD00074_PS3_K3A_NIA0276.png",
            "ingest_time": "2023-03-02T14:34:14.313313Z",
            "type_id": "1",
            "type_name": "건물"
         }
      },
      {
         "type": "Feature",
         "geometry": {
            "type": "Polygon",
            "coordinates": [
               [
                  31.423426,
                  30.015852,
                  0.0
               ],
               [
                  31.429264,
                  30.015922,
                  0.0
               ],
               [
                  31.429184,
                  30.021003,
                  0.0
               ],
               [
                  31.423346,
                  30.020933,
                  0.0
               ]
            ]
         },
         "properties": {
            "object_imcoords": "EMPTY",
            "building_imcoords": "174.794954, 846.263375, 175.505503, 856.921604, 186.519006, 857.632152, 187.229554, 845.55282",
            "road_imcoords": "EMPTY",
            "image_id": "BLD00074_PS3_K3A_NIA0276.png",
            "ingest_time": "2023-03-02T14:34:14.313313Z",
            "type_id": "1",
            "type_name": "건물"
         }
      },
      {
         "type": "Feature",
         "geometry": {
            "type": "Polygon",
            "coordinates": [
               [
                  31.423426,
                  30.015852,
                  0.0
               ],
               [
                  31.429264,
                  30.015922,
                  0.0
               ],
               [
                  31.429184,
                  30.021003,
                  0.0
               ],
               [
                  31.423346,
                  30.020933,
                  0.0
               ]
            ]
         },
         "properties": {
            "object_imcoords": "EMPTY",
            "building_imcoords": "257.218591, 851.237215, 256.508042, 860.119072, 267.166271, 860.474347, 267.166271, 852.30303",
            "road_imcoords": "EMPTY",
            "image_id": "BLD00074_PS3_K3A_NIA0276.png",
            "ingest_time": "2023-03-02T14:34:14.313313Z",
            "type_id": "1",
            "type_name": "건물"
         }
      },
      {
         "type": "Feature",
         "geometry": {
            "type": "Polygon",
            "coordinates": [
               [
                  31.423426,
                  30.015852,
                  0.0
               ],
               [
                  31.429264,
                  30.015922,
                  0.0
               ],
               [
                  31.429184,
                  30.021003,
                  0.0
               ],
               [
                  31.423346,
                  30.020933,
                  0.0
               ]
            ]
         },
         "properties": {
            "object_imcoords": "EMPTY",
            "building_imcoords": "162.715628, 728.667583, 162.360354, 740.036360, 170.176388, 740.391634, 170.886937, 728.31230",
            "road_imcoords": "EMPTY",
            "image_id": "BLD00074_PS3_K3A_NIA0276.png",
            "ingest_time": "2023-03-02T14:34:14.313313Z",
            "type_id": "1",
            "type_name": "건물"
         }
      },
      {
         "type": "Feature",
         "geometry": {
            "type": "Polygon",
            "coordinates": [
               [
                  31.423426,
                  30.015852,
                  0.0
               ],
               [
                  31.429264,
                  30.015922,
                  0.0
               ],
               [
                  31.429184,
                  30.021003,
                  0.0
               ],
               [
                  31.423346,
                  30.020933,
                  0.0
               ]
            ]
         },
         "properties": {
            "object_imcoords": "EMPTY",
            "building_imcoords": "576.696115, 860.291183, 577.092197, 873.757987, 588.578590, 872.965822, 589.766837, 861.47943",
            "road_imcoords": "EMPTY",
            "image_id": "BLD00074_PS3_K3A_NIA0276.png",
            "ingest_time": "2023-03-02T14:34:14.313313Z",
            "type_id": "1",
            "type_name": "건물"
         }
      },
      {
         "type": "Feature",
         "geometry": {
            "type": "Polygon",
            "coordinates": [
               [
                  31.423426,
                  30.015852,
                  0.0
               ],
               [
                  31.429264,
                  30.015922,
                  0.0
               ],
               [
                  31.429184,
                  30.021003,
                  0.0
               ],
               [
                  31.423346,
                  30.020933,
                  0.0
               ]
            ]
         },
         "properties": {
            "object_imcoords": "EMPTY",
            "building_imcoords": "906.111271, 679.878028, 906.700420, 691.071860, 924.080318, 691.071860, 924.374892, 678.99430",
            "road_imcoords": "EMPTY",
            "image_id": "BLD00074_PS3_K3A_NIA0276.png",
            "ingest_time": "2023-03-02T14:34:14.313313Z",
            "type_id": "1",
            "type_name": "건물"
         }
      },
      {
         "type": "Feature",
         "geometry": {
            "type": "Polygon",
            "coordinates": [
               [
                  31.428719,
                  30.018154,
                  0.0
               ],
               [
                  31.428725,
                  30.018102,
                  0.0
               ],
               [
                  31.428827,
                  30.018113,
                  0.0
               ],
               [
                  31.428826,
                  30.018164,
                  0.0
               ]
            ]
         },
         "properties": {
            "object_imcoords": "EMPTY",
            "building_imcoords": "934.593993, 572.815640, 935.406245, 583.449605, 953.370569, 581.449105, 953.370569, 571.15096",
            "road_imcoords": "EMPTY",
            "image_id": "BLD00074_PS3_K3A_NIA0276.png",
            "ingest_time": "2023-03-02T14:34:14.313313Z",
            "type_id": "1",
            "type_name": "건물"
         }
      },
      {
         "type": "Feature",
         "geometry": {
            "type": "Polygon",
            "coordinates": [
               [
                  31.423426,
                  30.015852,
                  0.0
               ],
               [
                  31.429264,
                  30.015922,
                  0.0
               ],
               [
                  31.429184,
                  30.021003,
                  0.0
               ],
               [
                  31.423346,
                  30.020933,
                  0.0
               ]
            ]
         },
         "properties": {
            "object_imcoords": "EMPTY",
            "building_imcoords": "705.940577, 362.732835, 705.072795, 408.725276, 715.486178, 409.593058, 715.920069, 363.16672",
            "road_imcoords": "EMPTY",
            "image_id": "BLD00074_PS3_K3A_NIA0276.png",
            "ingest_time": "2023-03-02T14:34:14.313313Z",
            "type_id": "1",
            "type_name": "건물"
         }
      },
      {
         "type": "Feature",
         "geometry": {
            "type": "Polygon",
            "coordinates": [
               [
                  31.423426,
                  30.015852,
                  0.0
               ],
               [
                  31.429264,
                  30.015922,
                  0.0
               ],
               [
                  31.429184,
                  30.021003,
                  0.0
               ],
               [
                  31.423346,
                  30.020933,
                  0.0
               ]
            ]
         },
         "properties": {
            "object_imcoords": "EMPTY",
            "building_imcoords": "610.543096, 434.901930, 591.738689, 433.301555, 591.738689, 452.906150, 610.143002, 452.90615",
            "road_imcoords": "EMPTY",
            "image_id": "BLD00074_PS3_K3A_NIA0276.png",
            "ingest_time": "2023-03-02T14:34:14.313313Z",
            "type_id": "1",
            "type_name": "건물"
         }
      },
      {
         "type": "Feature",
         "geometry": {
            "type": "Polygon",
            "coordinates": [
               [
                  31.423426,
                  30.015852,
                  0.0
               ],
               [
                  31.429264,
                  30.015922,
                  0.0
               ],
               [
                  31.429184,
                  30.021003,
                  0.0
               ],
               [
                  31.423346,
                  30.020933,
                  0.0
               ]
            ]
         },
         "properties": {
            "object_imcoords": "EMPTY",
            "building_imcoords": "541.182767, 434.864330, 549.677281, 437.330479, 556.527696, 443.632861, 571.872625, 429.658014, 559.815895, 417.327268, 552.965480, 424.999732, 546.389082, 423.903666, 541.182767, 424.45169",
            "road_imcoords": "EMPTY",
            "image_id": "BLD00074_PS3_K3A_NIA0276.png",
            "ingest_time": "2023-03-02T14:34:14.313313Z",
            "type_id": "1",
            "type_name": "건물"
         }
      },
      {
         "type": "Feature",
         "geometry": {
            "type": "Polygon",
            "coordinates": [
               [
                  31.427204,
                  30.020899,
                  0.0
               ],
               [
                  31.42708,
                  30.020729,
                  0.0
               ],
               [
                  31.427239,
                  30.020666,
                  0.0
               ],
               [
                  31.427257,
                  30.020648,
                  0.0
               ]
            ]
         },
         "properties": {
            "object_imcoords": "EMPTY",
            "building_imcoords": "676.419285, 16.069629, 654.370259, 50.077450, 682.024970, 63.157381, 685.014668, 66.894504, 693.610051, 57.551696, 701.831722, 62.409956, 707.811119, 55.683135, 707.063695, 35.876382, 699.963161, 31.018122, 702.205435, 26.533574, 689.499216, 19.433040, 686.883230, 22.04902",
            "road_imcoords": "EMPTY",
            "image_id": "BLD00074_PS3_K3A_NIA0276.png",
            "ingest_time": "2023-03-02T14:34:14.313313Z",
            "type_id": "1",
            "type_name": "건물"
         }
      },
      {
         "type": "Feature",
         "geometry": {
            "type": "Polygon",
            "coordinates": [
               [
                  31.426475,
                  30.020889,
                  0.0
               ],
               [
                  31.426407,
                  30.020862,
                  0.0
               ],
               [
                  31.426416,
                  30.020843,
                  0.0
               ],
               [
                  31.42638,
                  30.020811,
                  0.0
               ]
            ]
         },
         "properties": {
            "object_imcoords": "EMPTY",
            "building_imcoords": "548.609674, 16.443342, 536.650880, 21.675314, 538.145730, 25.412437, 531.792620, 31.765547, 530.297771, 54.935710, 535.529743, 61.288819, 547.114825, 56.430559, 553.467934, 65.399655, 557.578770, 58.299121, 582.991207, 46.714039, 564.305591, 13.827356, 551.225660, 20.92788",
            "road_imcoords": "EMPTY",
            "image_id": "BLD00074_PS3_K3A_NIA0276.png",
            "ingest_time": "2023-03-02T14:34:14.313313Z",
            "type_id": "1",
            "type_name": "건물"
         }
      },
      {
         "type": "Feature",
         "geometry": {
            "type": "Polygon",
            "coordinates": [
               [
                  31.426463,
                  30.020686,
                  0.0
               ],
               [
                  31.426313,
                  30.020627,
                  0.0
               ],
               [
                  31.426307,
                  30.02059,
                  0.0
               ],
               [
                  31.426306,
                  30.020492,
                  0.0
               ]
            ]
         },
         "properties": {
            "object_imcoords": "EMPTY",
            "building_imcoords": "545.993688, 57.177984, 519.460114, 68.763065, 518.338977, 76.237312, 517.965265, 96.044064, 549.730811, 155.838034, 552.720510, 133.789008, 564.679304, 129.304460, 560.942181, 122.951351, 572.153550, 116.971954, 575.516961, 122.577638, 609.898493, 102.023461, 580.271372, 47.953964, 570.174499, 52.556950, 559.821044, 57.925408, 558.699907, 62.783668, 551.599373, 66.52079",
            "road_imcoords": "EMPTY",
            "image_id": "BLD00074_PS3_K3A_NIA0276.png",
            "ingest_time": "2023-03-02T14:34:14.313313Z",
            "type_id": "1",
            "type_name": "건물"
         }
      },
      {
         "type": "Feature",
         "geometry": {
            "type": "Polygon",
            "coordinates": [
               [
                  31.427117,
                  30.020709,
                  0.0
               ],
               [
                  31.42696,
                  30.02052,
                  0.0
               ],
               [
                  31.426955,
                  30.020494,
                  0.0
               ],
               [
                  31.426992,
                  30.020473,
                  0.0
               ]
            ]
         },
         "properties": {
            "object_imcoords": "EMPTY",
            "building_imcoords": "660.723368, 54.188285, 632.694944, 91.933229, 631.698178, 97.055129, 638.135028, 101.511175, 645.313453, 89.796190, 647.491703, 91.381280, 642.819031, 100.821878, 650.915208, 104.425858, 653.511287, 100.274836, 658.107382, 102.770886, 649.511999, 116.224529, 662.218217, 123.325063, 665.207916, 118.840515, 674.924436, 122.951351, 672.308450, 128.183323, 685.762093, 137.899843, 686.509517, 162.191143, 718.648776, 92.306941, 718.648776, 81.095572, 716.406502, 72.873901, 696.373072, 59.184390, 693.869002, 57.704712, 687.256942, 66.520792, 685.724096, 66.123387, 685.014668, 66.894504, 684.050700, 65.689544, 677.166710, 63.904805, 677.914134, 61.28881",
            "road_imcoords": "EMPTY",
            "image_id": "BLD00074_PS3_K3A_NIA0276.png",
            "ingest_time": "2023-03-02T14:34:14.313313Z",
            "type_id": "1",
            "type_name": "건물"
         }
      },
      {
         "type": "Feature",
         "geometry": {
            "type": "Polygon",
            "coordinates": [
               [
                  31.426738,
                  30.020708,
                  0.0
               ],
               [
                  31.426728,
                  30.020658,
                  0.0
               ],
               [
                  31.426714,
                  30.020649,
                  0.0
               ],
               [
                  31.426744,
                  30.020602,
                  0.0
               ]
            ]
         },
         "properties": {
            "object_imcoords": "EMPTY",
            "building_imcoords": "594.202576, 53.440861, 592.334015, 63.531093, 589.798973, 65.341837, 595.032437, 74.892909, 605.787658, 76.237312, 605.787658, 84.458983, 603.919096, 88.196106, 610.272206, 102.023461, 622.604712, 104.265735, 630.826383, 97.538913, 630.826383, 87.074969, 631.200095, 76.611024, 643.906314, 76.237312, 648.017149, 69.510490, 642.411465, 63.904805, 642.037752, 53.44086",
            "road_imcoords": "EMPTY",
            "image_id": "BLD00074_PS3_K3A_NIA0276.png",
            "ingest_time": "2023-03-02T14:34:14.313313Z",
            "type_id": "1",
            "type_name": "건물"
         }
      },
      {
         "type": "Feature",
         "geometry": {
            "type": "Polygon",
            "coordinates": [
               [
                  31.4265,
                  30.020288,
                  0.0
               ],
               [
                  31.426504,
                  30.020177,
                  0.0
               ],
               [
                  31.426545,
                  30.020119,
                  0.0
               ],
               [
                  31.426613,
                  30.020155,
                  0.0
               ]
            ]
         },
         "properties": {
            "object_imcoords": "EMPTY",
            "building_imcoords": "551.359591, 137.450782, 551.720510, 159.827733, 558.821044, 171.786527, 570.779838, 164.685993, 574.516961, 171.039102, 571.153550, 190.098430, 587.223179, 191.219567, 589.839166, 205.794347, 639.169191, 206.915484, 641.037752, 195.330402, 658.228519, 193.088128, 658.228519, 185.613882, 654.117683, 174.028801, 664.581628, 165.807130, 675.045573, 172.160239, 686.805347, 164.942285, 685.539591, 139.216282, 670.561025, 129.183323, 661.317365, 124.176341, 661.218217, 124.325063, 649.419586, 117.731710, 643.653738, 114.608543, 651.185258, 105.554974, 643.424646, 102.221637, 641.930116, 105.177535, 638.967298, 103.110808, 629.303407, 98.966803, 628.784199, 99.391609, 626.089260, 103.770886, 623.499106, 103.715776, 621.604712, 105.265735, 611.699085, 103.464712, 608.524781, 103.397174, 606.282507, 115.355968, 598.434549, 117.598241, 599.555686, 110.871420, 575.264385, 123.203926, 563.421215, 129.865709, 563.679304, 130.304460, 560.565034, 131.472311, 551.477082, 136.58428",
            "road_imcoords": "EMPTY",
            "image_id": "BLD00074_PS3_K3A_NIA0276.png",
            "ingest_time": "2023-03-02T14:34:14.313313Z",
            "type_id": "1",
            "type_name": "건물"
         }
      },
      {
         "type": "Feature",
         "geometry": {
            "type": "Polygon",
            "coordinates": [
               [
                  31.426011,
                  30.020392,
                  0.0
               ],
               [
                  31.425997,
                  30.020255,
                  0.0
               ],
               [
                  31.426117,
                  30.020248,
                  0.0
               ],
               [
                  31.426129,
                  30.020388,
                  0.0
               ]
            ]
         },
         "properties": {
            "object_imcoords": "EMPTY",
            "building_imcoords": "465.826749, 115.339840, 462.983866, 142.956422, 484.102428, 144.580927, 486.539185, 116.55821",
            "road_imcoords": "EMPTY",
            "image_id": "BLD00074_PS3_K3A_NIA0276.png",
            "ingest_time": "2023-03-02T14:34:14.313313Z",
            "type_id": "1",
            "type_name": "건물"
         }
      },
      {
         "type": "Feature",
         "geometry": {
            "type": "Polygon",
            "coordinates": [
               [
                  31.428101,
                  30.020357,
                  0.0
               ],
               [
                  31.428103,
                  30.020326,
                  0.0
               ],
               [
                  31.428091,
                  30.020292,
                  0.0
               ],
               [
                  31.428168,
                  30.020295,
                  0.0
               ]
            ]
         },
         "properties": {
            "object_imcoords": "EMPTY",
            "building_imcoords": "832.257319, 127.435898, 832.631031, 133.789008, 830.388758, 140.515829, 843.842401, 140.142117, 844.589825, 132.667871, 843.468689, 124.81991",
            "road_imcoords": "EMPTY",
            "image_id": "BLD00074_PS3_K3A_NIA0276.png",
            "ingest_time": "2023-03-02T14:34:14.313313Z",
            "type_id": "1",
            "type_name": "건물"
         }
      },
      {
         "type": "Feature",
         "geometry": {
            "type": "Polygon",
            "coordinates": [
               [
                  31.428217,
                  30.020279,
                  0.0
               ],
               [
                  31.428209,
                  30.020105,
                  0.0
               ],
               [
                  31.4281,
                  30.020105,
                  0.0
               ],
               [
                  31.428089,
                  30.020027,
                  0.0
               ]
            ]
         },
         "properties": {
            "object_imcoords": "EMPTY",
            "building_imcoords": "852.437784, 143.505528, 850.569222, 178.634485, 831.509895, 178.260773, 829.267621, 193.956690, 829.267621, 197.693813, 847.205812, 196.572676, 851.690359, 208.157758, 833.378456, 211.521169, 854.680058, 253.003235, 871.870824, 241.044441, 886.819317, 241.418154, 886.071892, 248.518688, 886.445604, 257.487783, 879.345071, 267.951728, 926.432822, 276.173399, 929.422520, 247.397551, 930.169945, 142.01067",
            "road_imcoords": "EMPTY",
            "image_id": "BLD00074_PS3_K3A_NIA0276.png",
            "ingest_time": "2023-03-02T14:34:14.313313Z",
            "type_id": "1",
            "type_name": "건물"
         }
      },
      {
         "type": "Feature",
         "geometry": {
            "type": "Polygon",
            "coordinates": [
               [
                  31.428788,
                  30.020994,
                  0.0
               ],
               [
                  31.428811,
                  30.020473,
                  0.0
               ],
               [
                  31.428797,
                  30.02039,
                  0.0
               ],
               [
                  31.429008,
                  30.0204,
                  0.0
               ]
            ]
         },
         "properties": {
            "object_imcoords": "EMPTY",
            "building_imcoords": "954.461245, 0.747425, 957.077231, 105.760584, 954.461245, 122.577638, 991.458764, 121.082789, 996.690737, 126.314762, 1008.649531, 126.314762, 1017.244914, 119.587940, 1023.971735, 119.587940, 1023.971735, 82.216709, 1023.601390, 0.000000, 989.029634, 0.00000",
            "road_imcoords": "EMPTY",
            "image_id": "BLD00074_PS3_K3A_NIA0276.png",
            "ingest_time": "2023-03-02T14:34:14.313313Z",
            "type_id": "1",
            "type_name": "건물"
         }
      },
      {
         "type": "Feature",
         "geometry": {
            "type": "Polygon",
            "coordinates": [
               [
                  31.428723,
                  30.018645,
                  0.0
               ],
               [
                  31.428711,
                  30.018607,
                  0.0
               ],
               [
                  31.428716,
                  30.018505,
                  0.0
               ],
               [
                  31.428807,
                  30.018503,
                  0.0
               ]
            ]
         },
         "properties": {
            "object_imcoords": "EMPTY",
            "building_imcoords": "936.659880, 474.025844, 934.444805, 481.620384, 935.077684, 502.188929, 950.899641, 502.821807, 950.583202, 483.202580, 951.216080, 479.088871, 954.380472, 479.088871, 954.380472, 473.39296",
            "road_imcoords": "EMPTY",
            "image_id": "BLD00074_PS3_K3A_NIA0276.png",
            "ingest_time": "2023-03-02T14:34:14.313313Z",
            "type_id": "1",
            "type_name": "건물"
         }
      },
      {
         "type": "Feature",
         "geometry": {
            "type": "Polygon",
            "coordinates": [
               [
                  31.428711,
                  30.018502,
                  0.0
               ],
               [
                  31.428705,
                  30.018425,
                  0.0
               ],
               [
                  31.428781,
                  30.01843,
                  0.0
               ],
               [
                  31.428774,
                  30.018504,
                  0.0
               ]
            ]
         },
         "properties": {
            "object_imcoords": "EMPTY",
            "building_imcoords": "934.128366, 502.821807, 932.862610, 518.327325, 946.153054, 517.378008, 945.209407, 502.594198, 943.911610, 502.54228",
            "road_imcoords": "EMPTY",
            "image_id": "BLD00074_PS3_K3A_NIA0276.png",
            "ingest_time": "2023-03-02T14:34:14.313313Z",
            "type_id": "1",
            "type_name": "건물"
         }
      },
      {
         "type": "Feature",
         "geometry": {
            "type": "Polygon",
            "coordinates": [
               [
                  31.42818,
                  30.01674,
                  0.0
               ],
               [
                  31.428178,
                  30.016686,
                  0.0
               ],
               [
                  31.428234,
                  30.016689,
                  0.0
               ],
               [
                  31.428231,
                  30.016741,
                  0.0
               ]
            ]
         },
         "properties": {
            "object_imcoords": "EMPTY",
            "building_imcoords": "836.131779, 856.591433, 835.714235, 867.447576, 845.526518, 867.030032, 845.108974, 856.38266",
            "road_imcoords": "EMPTY",
            "image_id": "BLD00074_PS3_K3A_NIA0276.png",
            "ingest_time": "2023-03-02T14:34:14.313313Z",
            "type_id": "1",
            "type_name": "건물"
         }
      },
      {
         "type": "Feature",
         "geometry": {
            "type": "Polygon",
            "coordinates": [
               [
                  31.428498,
                  30.016747,
                  0.0
               ],
               [
                  31.428503,
                  30.016701,
                  0.0
               ],
               [
                  31.428621,
                  30.016698,
                  0.0
               ],
               [
                  31.428614,
                  30.016747,
                  0.0
               ]
            ]
         },
         "properties": {
            "object_imcoords": "EMPTY",
            "building_imcoords": "891.873898, 855.965117, 892.708986, 865.151085, 913.377412, 865.986172, 912.333552, 856.17388",
            "road_imcoords": "EMPTY",
            "image_id": "BLD00074_PS3_K3A_NIA0276.png",
            "ingest_time": "2023-03-02T14:34:14.313313Z",
            "type_id": "1",
            "type_name": "건물"
         }
      },
      {
         "type": "Feature",
         "geometry": {
            "type": "Polygon",
            "coordinates": [
               [
                  31.428703,
                  30.016741,
                  0.0
               ],
               [
                  31.428707,
                  30.01671,
                  0.0
               ],
               [
                  31.428767,
                  30.016709,
                  0.0
               ],
               [
                  31.428764,
                  30.016741,
                  0.0
               ]
            ]
         },
         "properties": {
            "object_imcoords": "EMPTY",
            "building_imcoords": "927.782678, 857.635293, 928.408994, 863.898453, 939.056365, 864.107225, 938.638821, 857.84406",
            "road_imcoords": "EMPTY",
            "image_id": "BLD00074_PS3_K3A_NIA0276.png",
            "ingest_time": "2023-03-02T14:34:14.313313Z",
            "type_id": "1",
            "type_name": "건물"
         }
      },
      {
         "type": "Feature",
         "geometry": {
            "type": "Polygon",
            "coordinates": [
               [
                  31.426694,
                  30.01761,
                  0.0
               ],
               [
                  31.426549,
                  30.017615,
                  0.0
               ],
               [
                  31.426546,
                  30.01757,
                  0.0
               ],
               [
                  31.426547,
                  30.017525,
                  0.0
               ]
            ]
         },
         "properties": {
            "object_imcoords": "EMPTY",
            "building_imcoords": "577.953840, 677.628772, 552.499220, 676.289055, 551.963333, 685.399129, 551.963333, 694.509204, 567.504048, 696.116864, 579.025613, 696.116864, 580.633273, 686.470903, 579.561500, 677.62877",
            "road_imcoords": "EMPTY",
            "image_id": "BLD00074_PS3_K3A_NIA0276.png",
            "ingest_time": "2023-03-02T14:34:14.313313Z",
            "type_id": "1",
            "type_name": "건물"
         }
      },
      {
         "type": "Feature",
         "geometry": {
            "type": "Polygon",
            "coordinates": [
               [
                  31.42663,
                  30.017516,
                  0.0
               ],
               [
                  31.426618,
                  30.017504,
                  0.0
               ],
               [
                  31.426627,
                  30.017381,
                  0.0
               ],
               [
                  31.426696,
                  30.017379,
                  0.0
               ]
            ]
         },
         "properties": {
            "object_imcoords": "EMPTY",
            "building_imcoords": "566.432275, 696.384807, 564.288728, 698.796298, 565.628445, 723.715031, 577.685896, 724.250917, 579.293557, 716.480560, 579.031993, 696.078586, 579.025613, 696.116864, 570.630054, 696.11686",
            "road_imcoords": "EMPTY",
            "image_id": "BLD00074_PS3_K3A_NIA0276.png",
            "ingest_time": "2023-03-02T14:34:14.313313Z",
            "type_id": "1",
            "type_name": "건물"
         }
      },
      {
         "type": "Feature",
         "geometry": {
            "type": "Polygon",
            "coordinates": [
               [
                  31.426527,
                  30.017559,
                  0.0
               ],
               [
                  31.426489,
                  30.017556,
                  0.0
               ],
               [
                  31.426498,
                  30.017516,
                  0.0
               ],
               [
                  31.426538,
                  30.017516,
                  0.0
               ]
            ]
         },
         "properties": {
            "object_imcoords": "EMPTY",
            "building_imcoords": "548.480069, 687.542676, 541.781485, 688.078563, 543.389146, 696.116864, 550.355673, 696.116864, 550.891560, 689.15033",
            "road_imcoords": "EMPTY",
            "image_id": "BLD00074_PS3_K3A_NIA0276.png",
            "ingest_time": "2023-03-02T14:34:14.313313Z",
            "type_id": "1",
            "type_name": "건물"
         }
      },
      {
         "type": "Feature",
         "geometry": {
            "type": "Polygon",
            "coordinates": [
               [
                  31.426713,
                  30.017661,
                  0.0
               ],
               [
                  31.426714,
                  30.017617,
                  0.0
               ],
               [
                  31.426709,
                  30.017596,
                  0.0
               ],
               [
                  31.426768,
                  30.017591,
                  0.0
               ]
            ]
         },
         "properties": {
            "object_imcoords": "EMPTY",
            "building_imcoords": "581.437103, 667.446924, 581.437103, 676.289055, 580.633273, 680.576149, 590.815121, 681.647922, 591.351008, 676.021111, 591.618951, 667.17898",
            "road_imcoords": "EMPTY",
            "image_id": "BLD00074_PS3_K3A_NIA0276.png",
            "ingest_time": "2023-03-02T14:34:14.313313Z",
            "type_id": "1",
            "type_name": "건물"
         }
      },
      {
         "type": "Feature",
         "geometry": {
            "type": "Polygon",
            "coordinates": [
               [
                  31.423425,
                  30.015911,
                  0.0
               ],
               [
                  31.423482,
                  30.015906,
                  0.0
               ],
               [
                  31.423492,
                  30.015902,
                  0.0
               ],
               [
                  31.423561,
                  30.01591,
                  0.0
               ]
            ]
         },
         "properties": {
            "object_imcoords": "EMPTY",
            "building_imcoords": "0.000000, 1012.153487, 9.900235, 1013.318220, 11.647336, 1014.191770, 23.877039, 1012.735853, 23.585855, 1018.559521, 21.256388, 1022.053722, 21.534428, 1024.000000, 0.866818, 1024.00000",
            "road_imcoords": "EMPTY",
            "image_id": "BLD00074_PS3_K3A_NIA0276.png",
            "ingest_time": "2023-03-02T14:34:14.313313Z",
            "type_id": "1",
            "type_name": "건물"
         }
      },
      {
         "type": "Feature",
         "geometry": {
            "type": "Polygon",
            "coordinates": [
               [
                  31.423595,
                  30.015858,
                  0.0
               ],
               [
                  31.423593,
                  30.015906,
                  0.0
               ],
               [
                  31.423644,
                  30.015911,
                  0.0
               ],
               [
                  31.423645,
                  30.015892,
                  0.0
               ]
            ]
         },
         "properties": {
            "object_imcoords": "EMPTY",
            "building_imcoords": "29.700706, 1023.218456, 29.409523, 1013.609404, 38.436208, 1012.735853, 38.436208, 1016.521238, 51.248278, 1016.521238, 51.539461, 1013.318220, 57.363129, 1013.609404, 55.907212, 1023.50963",
            "road_imcoords": "EMPTY",
            "image_id": "BLD00074_PS3_K3A_NIA0276.png",
            "ingest_time": "2023-03-02T14:34:14.313313Z",
            "type_id": "1",
            "type_name": "건물"
         }
      },
      {
         "type": "Feature",
         "geometry": {
            "type": "Polygon",
            "coordinates": [
               [
                  31.423803,
                  30.015857,
                  0.0
               ],
               [
                  31.423809,
                  30.015887,
                  0.0
               ],
               [
                  31.423892,
                  30.015918,
                  0.0
               ],
               [
                  31.423928,
                  30.015901,
                  0.0
               ]
            ]
         },
         "properties": {
            "object_imcoords": "EMPTY",
            "building_imcoords": "66.168302, 1024.000000, 67.263365, 1017.977155, 81.822534, 1011.862303, 88.228569, 1015.356504, 93.469870, 1016.230054, 94.052237, 1023.509639, 78.360689, 1024.00000",
            "road_imcoords": "EMPTY",
            "image_id": "BLD00074_PS3_K3A_NIA0276.png",
            "ingest_time": "2023-03-02T14:34:14.313313Z",
            "type_id": "1",
            "type_name": "건물"
         }
      },
      {
         "type": "Feature",
         "geometry": {
            "type": "Polygon",
            "coordinates": [
               [
                  31.424147,
                  30.019596,
                  0.0
               ],
               [
                  31.424138,
                  30.01931,
                  0.0
               ],
               [
                  31.424129,
                  30.019249,
                  0.0
               ],
               [
                  31.424151,
                  30.019205,
                  0.0
               ]
            ]
         },
         "properties": {
            "object_imcoords": "EMPTY",
            "building_imcoords": "136.778706, 271.315139, 134.536432, 328.866835, 132.667871, 341.199341, 136.404994, 350.168436, 146.495226, 349.794724, 148.363788, 345.683889, 154.343185, 346.431313, 163.685993, 346.805026, 167.423116, 345.310176, 178.634485, 346.057601, 182.371608, 343.815327, 184.613882, 320.271452, 188.724718, 316.908041, 189.472142, 304.575534, 193.209265, 296.727576, 192.461841, 289.627042, 184.987595, 285.889919, 179.008198, 290.374467, 176.018499, 290.000754, 174.897362, 275.799686, 171.533951, 275.799686, 171.160239, 271.31513",
            "road_imcoords": "EMPTY",
            "image_id": "BLD00074_PS3_K3A_NIA0276.png",
            "ingest_time": "2023-03-02T14:34:14.313313Z",
            "type_id": "1",
            "type_name": "건물"
         }
      },
      {
         "type": "Feature",
         "geometry": {
            "type": "Polygon",
            "coordinates": [
               [
                  31.424373,
                  30.019593,
                  0.0
               ],
               [
                  31.424376,
                  30.01951,
                  0.0
               ],
               [
                  31.424393,
                  30.01951,
                  0.0
               ],
               [
                  31.424421,
                  30.019529,
                  0.0
               ]
            ]
         },
         "properties": {
            "object_imcoords": "EMPTY",
            "building_imcoords": "176.392211, 272.436276, 176.765924, 289.253330, 179.755622, 289.253330, 184.613882, 285.516206, 195.451539, 291.121891, 195.077827, 300.464699, 191.340704, 301.212124, 192.088128, 315.413191, 190.219567, 316.534328, 189.472142, 321.018876, 184.613882, 322.513725, 184.613882, 331.109109, 183.866458, 339.330779, 192.088128, 341.573053, 202.925786, 341.199341, 209.652607, 338.209643, 212.642306, 332.977670, 221.237689, 331.109109, 225.348524, 279.536809, 205.168059, 276.920823, 196.946389, 278.789385, 191.340704, 280.657946, 183.866458, 271.31513",
            "road_imcoords": "EMPTY",
            "image_id": "BLD00074_PS3_K3A_NIA0276.png",
            "ingest_time": "2023-03-02T14:34:14.313313Z",
            "type_id": "1",
            "type_name": "건물"
         }
      },
      {
         "type": "Feature",
         "geometry": {
            "type": "Polygon",
            "coordinates": [
               [
                  31.424635,
                  30.0193,
                  0.0
               ],
               [
                  31.424582,
                  30.019284,
                  0.0
               ],
               [
                  31.424575,
                  30.019223,
                  0.0
               ],
               [
                  31.424607,
                  30.01921,
                  0.0
               ]
            ]
         },
         "properties": {
            "object_imcoords": "EMPTY",
            "building_imcoords": "221.611401, 332.230246, 212.268593, 335.219944, 210.773744, 347.552450, 216.379429, 350.168436, 224.227387, 346.805026, 223.106250, 338.58335",
            "road_imcoords": "EMPTY",
            "image_id": "BLD00074_PS3_K3A_NIA0276.png",
            "ingest_time": "2023-03-02T14:34:14.313313Z",
            "type_id": "1",
            "type_name": "건물"
         }
      },
      {
         "type": "Feature",
         "geometry": {
            "type": "Polygon",
            "coordinates": [
               [
                  31.423564,
                  30.019475,
                  0.0
               ],
               [
                  31.423479,
                  30.019469,
                  0.0
               ],
               [
                  31.423481,
                  30.019334,
                  0.0
               ],
               [
                  31.423472,
                  30.019303,
                  0.0
               ]
            ]
         },
         "properties": {
            "object_imcoords": "EMPTY",
            "building_imcoords": "34.175428, 294.288408, 19.302788, 295.237726, 19.302788, 322.451492, 17.720592, 328.780275, 33.876785, 329.712363, 34.175428, 321.55446",
            "road_imcoords": "EMPTY",
            "image_id": "BLD00074_PS3_K3A_NIA0276.png",
            "ingest_time": "2023-03-02T14:34:14.313313Z",
            "type_id": "1",
            "type_name": "건물"
         }
      },
      {
         "type": "Feature",
         "geometry": {
            "type": "Polygon",
            "coordinates": [
               [
                  31.424665,
                  30.019067,
                  0.0
               ],
               [
                  31.424666,
                  30.018999,
                  0.0
               ],
               [
                  31.424665,
                  30.018985,
                  0.0
               ],
               [
                  31.424688,
                  30.018978,
                  0.0
               ]
            ]
         },
         "properties": {
            "object_imcoords": "EMPTY",
            "building_imcoords": "226.249499, 379.120782, 226.249499, 392.806402, 226.001626, 395.780882, 230.047739, 397.086080, 231.572004, 398.305492, 234.111451, 399.212437, 235.276184, 395.427053, 236.732101, 379.70314",
            "road_imcoords": "EMPTY",
            "image_id": "BLD00074_PS3_K3A_NIA0276.png",
            "ingest_time": "2023-03-02T14:34:14.313313Z",
            "type_id": "1",
            "type_name": "건물"
         }
      }
   ]
}