{
   "type": "FeatureCollection",
   "features": [
      {
         "type": "Feature",
         "geometry": {
            "type": "Polygon",
            "coordinates": [
               [
                  31.316109,
                  30.038103,
                  0.0
               ],
               [
                  31.315974,
                  30.037989,
                  0.0
               ],
               [
                  31.315939,
                  30.038032,
                  0.0
               ],
               [
                  31.31608,
                  30.038159,
                  0.0
               ]
            ]
         },
         "properties": {
            "object_imcoords": "EMPTY",
            "building_imcoords": "34.893973, 14.539156, 10.904367, 37.074847, 4.906965, 28.351353, 29.987008, 3.089571, 36.529628, 8.541754, 41.268446, 5.528038, 67.970553, 28.896572, 91.414941, 51.068784, 109.952364, 67.425334, 102.501047, 75.603609, 98.866258, 73.604475, 79.238398, 92.505378, 82.327969, 98.502779, 62.881848, 111.406280, 53.249657, 101.228871, 32.531361, 81.419271, 7.451317, 62.700109, 3.998268, 52.340960, 27.630705, 27.622754, 56.198418, 48.152782, 63.106261, 41.853708, 40.472934, 18.89721",
            "road_imcoords": "EMPTY",
            "image_id": "BLD01104_PS3_K3A_NIA0277.png",
            "ingest_time": "2023-03-02T14:34:14.313313Z",
            "type_id": "1",
            "type_name": "건물"
         }
      },
      {
         "type": "Feature",
         "geometry": {
            "type": "Polygon",
            "coordinates": [
               [
                  31.315994,
                  30.033092,
                  0.0
               ],
               [
                  31.321833,
                  30.033167,
                  0.0
               ],
               [
                  31.321748,
                  30.038247,
                  0.0
               ],
               [
                  31.315908,
                  30.038173,
                  0.0
               ]
            ]
         },
         "properties": {
            "object_imcoords": "EMPTY",
            "building_imcoords": "0.000000, 127.995646, 24.728411, 97.868780, 45.277372, 115.457297, 35.177035, 127.995646, 81.325125, 169.964287, 64.259039, 189.816673, 8.707187, 142.101289, 0.174144, 134.96139",
            "road_imcoords": "EMPTY",
            "image_id": "BLD01104_PS3_K3A_NIA0277.png",
            "ingest_time": "2023-03-02T14:34:14.313313Z",
            "type_id": "1",
            "type_name": "건물"
         }
      },
      {
         "type": "Feature",
         "geometry": {
            "type": "Polygon",
            "coordinates": [
               [
                  31.315994,
                  30.033092,
                  0.0
               ],
               [
                  31.321833,
                  30.033167,
                  0.0
               ],
               [
                  31.321748,
                  30.038247,
                  0.0
               ],
               [
                  31.315908,
                  30.038173,
                  0.0
               ]
            ]
         },
         "properties": {
            "object_imcoords": "EMPTY",
            "building_imcoords": "90.615039, 159.035234, 109.639190, 184.734526, 132.501548, 166.711646, 114.979303, 140.177960, 100.627750, 147.18685",
            "road_imcoords": "EMPTY",
            "image_id": "BLD01104_PS3_K3A_NIA0277.png",
            "ingest_time": "2023-03-02T14:34:14.313313Z",
            "type_id": "1",
            "type_name": "건물"
         }
      },
      {
         "type": "Feature",
         "geometry": {
            "type": "Polygon",
            "coordinates": [
               [
                  31.316699,
                  30.035954,
                  0.0
               ],
               [
                  31.316775,
                  30.035808,
                  0.0
               ],
               [
                  31.316853,
                  30.035842,
                  0.0
               ],
               [
                  31.316868,
                  30.035819,
                  0.0
               ]
            ]
         },
         "properties": {
            "object_imcoords": "EMPTY",
            "building_imcoords": "132.032231, 449.009285, 144.927939, 478.779799, 158.693736, 472.040771, 161.174453, 476.784331, 173.727953, 471.977776, 171.843079, 466.280768, 184.010084, 459.485615, 168.093939, 427.549357, 134.475532, 444.82936",
            "road_imcoords": "EMPTY",
            "image_id": "BLD01104_PS3_K3A_NIA0277.png",
            "ingest_time": "2023-03-02T14:34:14.313313Z",
            "type_id": "1",
            "type_name": "건물"
         }
      },
      {
         "type": "Feature",
         "geometry": {
            "type": "Polygon",
            "coordinates": [
               [
                  31.31702,
                  30.036078,
                  0.0
               ],
               [
                  31.317024,
                  30.035995,
                  0.0
               ],
               [
                  31.317093,
                  30.035998,
                  0.0
               ],
               [
                  31.317093,
                  30.036012,
                  0.0
               ]
            ]
         },
         "properties": {
            "object_imcoords": "EMPTY",
            "building_imcoords": "188.645663, 424.871059, 189.063756, 441.628977, 201.291161, 441.177971, 201.247575, 438.374536, 221.633548, 437.065997, 221.898195, 433.118590, 232.739219, 432.766770, 234.652210, 446.336073, 247.496528, 447.687750, 244.230072, 419.636011, 212.925233, 419.438532, 208.603318, 421.912835, 194.550543, 422.73744",
            "road_imcoords": "EMPTY",
            "image_id": "BLD01104_PS3_K3A_NIA0277.png",
            "ingest_time": "2023-03-02T14:34:14.313313Z",
            "type_id": "1",
            "type_name": "건물"
         }
      },
      {
         "type": "Feature",
         "geometry": {
            "type": "Polygon",
            "coordinates": [
               [
                  31.315994,
                  30.033092,
                  0.0
               ],
               [
                  31.321833,
                  30.033167,
                  0.0
               ],
               [
                  31.321748,
                  30.038247,
                  0.0
               ],
               [
                  31.315908,
                  30.038173,
                  0.0
               ]
            ]
         },
         "properties": {
            "object_imcoords": "EMPTY",
            "building_imcoords": "261.471909, 386.677818, 267.994528, 400.148443, 273.666369, 398.588686, 285.010053, 400.857423, 296.070145, 395.752765, 297.488105, 393.625825, 300.607618, 395.043785, 311.384118, 393.342233, 311.384118, 387.528595, 296.353737, 361.579918, 285.151849, 370.796661, 272.248409, 376.610299, 265.016811, 381.00597",
            "road_imcoords": "EMPTY",
            "image_id": "BLD01104_PS3_K3A_NIA0277.png",
            "ingest_time": "2023-03-02T14:34:14.313313Z",
            "type_id": "1",
            "type_name": "건물"
         }
      },
      {
         "type": "Feature",
         "geometry": {
            "type": "Polygon",
            "coordinates": [
               [
                  31.317895,
                  30.035849,
                  0.0
               ],
               [
                  31.317962,
                  30.035805,
                  0.0
               ],
               [
                  31.317975,
                  30.035817,
                  0.0
               ],
               [
                  31.318086,
                  30.035749,
                  0.0
               ]
            ]
         },
         "properties": {
            "object_imcoords": "EMPTY",
            "building_imcoords": "341.501274, 473.347988, 353.081031, 482.489902, 355.315721, 480.052058, 374.615317, 494.069659, 395.277738, 471.085082, 373.413326, 450.247724, 368.582101, 445.024396, 367.504940, 439.827637, 357.347258, 450.594780, 350.033727, 459.736694, 342.517042, 467.45653",
            "road_imcoords": "EMPTY",
            "image_id": "BLD01104_PS3_K3A_NIA0277.png",
            "ingest_time": "2023-03-02T14:34:14.313313Z",
            "type_id": "1",
            "type_name": "건물"
         }
      },
      {
         "type": "Feature",
         "geometry": {
            "type": "Polygon",
            "coordinates": [
               [
                  31.317838,
                  30.036027,
                  0.0
               ],
               [
                  31.317834,
                  30.036,
                  0.0
               ],
               [
                  31.317839,
                  30.035973,
                  0.0
               ],
               [
                  31.317867,
                  30.035948,
                  0.0
               ]
            ]
         },
         "properties": {
            "object_imcoords": "EMPTY",
            "building_imcoords": "331.880700, 437.413384, 331.219390, 442.768366, 332.012556, 448.169258, 336.745120, 453.295808, 344.751732, 455.064160, 350.751453, 452.291834, 353.488394, 445.599031, 353.423198, 441.705109, 349.485351, 435.309494, 343.641076, 431.808174, 336.099218, 432.25039",
            "road_imcoords": "EMPTY",
            "image_id": "BLD01104_PS3_K3A_NIA0277.png",
            "ingest_time": "2023-03-02T14:34:14.313313Z",
            "type_id": "1",
            "type_name": "건물"
         }
      },
      {
         "type": "Feature",
         "geometry": {
            "type": "Polygon",
            "coordinates": [
               [
                  31.317579,
                  30.035921,
                  0.0
               ],
               [
                  31.317613,
                  30.035971,
                  0.0
               ],
               [
                  31.317713,
                  30.036028,
                  0.0
               ],
               [
                  31.317895,
                  30.035883,
                  0.0
               ]
            ]
         },
         "properties": {
            "object_imcoords": "EMPTY",
            "building_imcoords": "286.243483, 458.111465, 292.338092, 447.953783, 310.012459, 436.780332, 341.501274, 466.440764, 332.311301, 477.790716, 318.748066, 490.006587, 300.057931, 506.665185, 289.017741, 496.368144, 305.499411, 479.416372, 286.943817, 464.44678",
            "road_imcoords": "EMPTY",
            "image_id": "BLD01104_PS3_K3A_NIA0277.png",
            "ingest_time": "2023-03-02T14:34:14.313313Z",
            "type_id": "1",
            "type_name": "건물"
         }
      },
      {
         "type": "Feature",
         "geometry": {
            "type": "Polygon",
            "coordinates": [
               [
                  31.317661,
                  30.035667,
                  0.0
               ],
               [
                  31.317665,
                  30.035635,
                  0.0
               ],
               [
                  31.317862,
                  30.035501,
                  0.0
               ],
               [
                  31.317985,
                  30.035639,
                  0.0
               ]
            ]
         },
         "properties": {
            "object_imcoords": "EMPTY",
            "building_imcoords": "299.794178, 509.455826, 300.475639, 515.861267, 334.685718, 543.352107, 356.606201, 515.807065, 326.957609, 489.942087, 331.436636, 485.324762, 327.451579, 482.72656",
            "road_imcoords": "EMPTY",
            "image_id": "BLD01104_PS3_K3A_NIA0277.png",
            "ingest_time": "2023-03-02T14:34:14.313313Z",
            "type_id": "1",
            "type_name": "건물"
         }
      },
      {
         "type": "Feature",
         "geometry": {
            "type": "Polygon",
            "coordinates": [
               [
                  31.31766,
                  30.03562,
                  0.0
               ],
               [
                  31.317498,
                  30.035445,
                  0.0
               ],
               [
                  31.317536,
                  30.035419,
                  0.0
               ],
               [
                  31.317366,
                  30.035249,
                  0.0
               ]
            ]
         },
         "properties": {
            "object_imcoords": "EMPTY",
            "building_imcoords": "299.554942, 518.968702, 270.531352, 553.760331, 277.143250, 559.006900, 246.915265, 592.895097, 274.532768, 618.196293, 307.317417, 575.790063, 290.212383, 563.139464, 283.501688, 558.074437, 286.921070, 554.225895, 310.702789, 572.761046, 331.193194, 547.103495, 329.350932, 541.96340",
            "road_imcoords": "EMPTY",
            "image_id": "BLD01104_PS3_K3A_NIA0277.png",
            "ingest_time": "2023-03-02T14:34:14.313313Z",
            "type_id": "1",
            "type_name": "건물"
         }
      },
      {
         "type": "Feature",
         "geometry": {
            "type": "Polygon",
            "coordinates": [
               [
                  31.317769,
                  30.035209,
                  0.0
               ],
               [
                  31.317777,
                  30.035154,
                  0.0
               ],
               [
                  31.317723,
                  30.035146,
                  0.0
               ],
               [
                  31.31773,
                  30.035102,
                  0.0
               ]
            ]
         },
         "properties": {
            "object_imcoords": "EMPTY",
            "building_imcoords": "317.397230, 601.985046, 318.677771, 613.027635, 309.202598, 614.568323, 310.253877, 623.464996, 300.400955, 625.218317, 304.388689, 656.695517, 316.947021, 655.274805, 316.513580, 645.608252, 325.639378, 644.370604, 325.544347, 635.777436, 334.484378, 634.660229, 330.168194, 600.33090",
            "road_imcoords": "EMPTY",
            "image_id": "BLD01104_PS3_K3A_NIA0277.png",
            "ingest_time": "2023-03-02T14:34:14.313313Z",
            "type_id": "1",
            "type_name": "건물"
         }
      },
      {
         "type": "Feature",
         "geometry": {
            "type": "Polygon",
            "coordinates": [
               [
                  31.317876,
                  30.035257,
                  0.0
               ],
               [
                  31.317901,
                  30.035103,
                  0.0
               ],
               [
                  31.317974,
                  30.035108,
                  0.0
               ],
               [
                  31.317974,
                  30.035151,
                  0.0
               ]
            ]
         },
         "properties": {
            "object_imcoords": "EMPTY",
            "building_imcoords": "336.361832, 592.656577, 340.291953, 623.760187, 352.998771, 622.828883, 353.133002, 614.115739, 361.951274, 612.670082, 357.851880, 580.331664, 344.647337, 582.365919, 345.110019, 591.04579",
            "road_imcoords": "EMPTY",
            "image_id": "BLD01104_PS3_K3A_NIA0277.png",
            "ingest_time": "2023-03-02T14:34:14.313313Z",
            "type_id": "1",
            "type_name": "건물"
         }
      },
      {
         "type": "Feature",
         "geometry": {
            "type": "Polygon",
            "coordinates": [
               [
                  31.318251,
                  30.035206,
                  0.0
               ],
               [
                  31.318097,
                  30.035073,
                  0.0
               ],
               [
                  31.318099,
                  30.03502,
                  0.0
               ],
               [
                  31.318247,
                  30.034916,
                  0.0
               ]
            ]
         },
         "properties": {
            "object_imcoords": "EMPTY",
            "building_imcoords": "401.972279, 603.871535, 374.483782, 630.337537, 374.676781, 640.974948, 400.306578, 662.205685, 429.704928, 633.051488, 417.189051, 618.79299",
            "road_imcoords": "EMPTY",
            "image_id": "BLD01104_PS3_K3A_NIA0277.png",
            "ingest_time": "2023-03-02T14:34:14.313313Z",
            "type_id": "1",
            "type_name": "건물"
         }
      },
      {
         "type": "Feature",
         "geometry": {
            "type": "Polygon",
            "coordinates": [
               [
                  31.315994,
                  30.033092,
                  0.0
               ],
               [
                  31.321833,
                  30.033167,
                  0.0
               ],
               [
                  31.321748,
                  30.038247,
                  0.0
               ],
               [
                  31.315908,
                  30.038173,
                  0.0
               ]
            ]
         },
         "properties": {
            "object_imcoords": "EMPTY",
            "building_imcoords": "440.737842, 678.938814, 457.909447, 695.449972, 428.189362, 726.490949, 425.107280, 727.591693, 401.991658, 705.576816, 386.140947, 719.226039, 385.700649, 727.591693, 409.036419, 752.688653, 410.577461, 749.606570, 425.107280, 761.494604, 431.271445, 760.393860, 478.823580, 713.502171, 479.263878, 711.080535, 492.472804, 696.991013, 492.692953, 692.147740, 483.006407, 684.002236, 483.226555, 680.479856, 455.267661, 653.841854, 441.398289, 666.39033",
            "road_imcoords": "EMPTY",
            "image_id": "BLD01104_PS3_K3A_NIA0277.png",
            "ingest_time": "2023-03-02T14:34:14.313313Z",
            "type_id": "1",
            "type_name": "건물"
         }
      },
      {
         "type": "Feature",
         "geometry": {
            "type": "Polygon",
            "coordinates": [
               [
                  31.319365,
                  30.034226,
                  0.0
               ],
               [
                  31.319396,
                  30.034195,
                  0.0
               ],
               [
                  31.319395,
                  30.034179,
                  0.0
               ],
               [
                  31.319356,
                  30.034129,
                  0.0
               ]
            ]
         },
         "properties": {
            "object_imcoords": "EMPTY",
            "building_imcoords": "594.294580, 804.121799, 599.691371, 810.597948, 599.475499, 813.836022, 592.567607, 823.766117, 618.472202, 844.921536, 622.789635, 839.913995, 633.192267, 847.724469, 635.094317, 882.051455, 624.732479, 896.298982, 649.125973, 916.159172, 651.932304, 918.965503, 672.164745, 896.475759, 669.807155, 880.227595, 662.389331, 871.905489, 661.604034, 854.907724, 668.807630, 846.977421, 664.013530, 832.596231, 642.656299, 814.185614, 646.936674, 808.837935, 612.889229, 780.74894",
            "road_imcoords": "EMPTY",
            "image_id": "BLD01104_PS3_K3A_NIA0277.png",
            "ingest_time": "2023-03-02T14:34:14.313313Z",
            "type_id": "1",
            "type_name": "건물"
         }
      },
      {
         "type": "Feature",
         "geometry": {
            "type": "Polygon",
            "coordinates": [
               [
                  31.315994,
                  30.033092,
                  0.0
               ],
               [
                  31.321833,
                  30.033167,
                  0.0
               ],
               [
                  31.321748,
                  30.038247,
                  0.0
               ],
               [
                  31.315908,
                  30.038173,
                  0.0
               ]
            ]
         },
         "properties": {
            "object_imcoords": "EMPTY",
            "building_imcoords": "757.307066, 924.706395, 788.189271, 948.765182, 799.077033, 933.287443, 768.241734, 910.25646",
            "road_imcoords": "EMPTY",
            "image_id": "BLD01104_PS3_K3A_NIA0277.png",
            "ingest_time": "2023-03-02T14:34:14.313313Z",
            "type_id": "1",
            "type_name": "건물"
         }
      },
      {
         "type": "Feature",
         "geometry": {
            "type": "Polygon",
            "coordinates": [
               [
                  31.315994,
                  30.033092,
                  0.0
               ],
               [
                  31.321833,
                  30.033167,
                  0.0
               ],
               [
                  31.321748,
                  30.038247,
                  0.0
               ],
               [
                  31.315908,
                  30.038173,
                  0.0
               ]
            ]
         },
         "properties": {
            "object_imcoords": "EMPTY",
            "building_imcoords": "519.447223, 992.660924, 542.110715, 1008.978638, 559.561603, 986.088512, 536.444842, 970.45070",
            "road_imcoords": "EMPTY",
            "image_id": "BLD01104_PS3_K3A_NIA0277.png",
            "ingest_time": "2023-03-02T14:34:14.313313Z",
            "type_id": "1",
            "type_name": "건물"
         }
      },
      {
         "type": "Feature",
         "geometry": {
            "type": "Polygon",
            "coordinates": [
               [
                  31.315994,
                  30.033092,
                  0.0
               ],
               [
                  31.321833,
                  30.033167,
                  0.0
               ],
               [
                  31.321748,
                  30.038247,
                  0.0
               ],
               [
                  31.315908,
                  30.038173,
                  0.0
               ]
            ]
         },
         "properties": {
            "object_imcoords": "EMPTY",
            "building_imcoords": "417.995279, 1024.000000, 427.428177, 1017.573838, 425.069952, 1003.424492, 399.719040, 985.148253, 381.148022, 1008.730497, 382.091214, 1024.000000, 402.666820, 1024.00000",
            "road_imcoords": "EMPTY",
            "image_id": "BLD01104_PS3_K3A_NIA0277.png",
            "ingest_time": "2023-03-02T14:34:14.313313Z",
            "type_id": "1",
            "type_name": "건물"
         }
      },
      {
         "type": "Feature",
         "geometry": {
            "type": "Polygon",
            "coordinates": [
               [
                  31.315994,
                  30.033092,
                  0.0
               ],
               [
                  31.321833,
                  30.033167,
                  0.0
               ],
               [
                  31.321748,
                  30.038247,
                  0.0
               ],
               [
                  31.315908,
                  30.038173,
                  0.0
               ]
            ]
         },
         "properties": {
            "object_imcoords": "EMPTY",
            "building_imcoords": "370.536012, 959.797340, 389.991364, 972.178018, 406.793713, 952.133111, 417.700501, 937.983764, 397.066037, 923.53964",
            "road_imcoords": "EMPTY",
            "image_id": "BLD01104_PS3_K3A_NIA0277.png",
            "ingest_time": "2023-03-02T14:34:14.313313Z",
            "type_id": "1",
            "type_name": "건물"
         }
      },
      {
         "type": "Feature",
         "geometry": {
            "type": "Polygon",
            "coordinates": [
               [
                  31.315994,
                  30.033092,
                  0.0
               ],
               [
                  31.321833,
                  30.033167,
                  0.0
               ],
               [
                  31.321748,
                  30.038247,
                  0.0
               ],
               [
                  31.315908,
                  30.038173,
                  0.0
               ]
            ]
         },
         "properties": {
            "object_imcoords": "EMPTY",
            "building_imcoords": "415.342276, 904.968622, 436.271518, 917.054522, 463.980655, 875.196039, 440.103633, 862.81536",
            "road_imcoords": "EMPTY",
            "image_id": "BLD01104_PS3_K3A_NIA0277.png",
            "ingest_time": "2023-03-02T14:34:14.313313Z",
            "type_id": "1",
            "type_name": "건물"
         }
      },
      {
         "type": "Feature",
         "geometry": {
            "type": "Polygon",
            "coordinates": [
               [
                  31.315994,
                  30.033092,
                  0.0
               ],
               [
                  31.321833,
                  30.033167,
                  0.0
               ],
               [
                  31.321748,
                  30.038247,
                  0.0
               ],
               [
                  31.315908,
                  30.038173,
                  0.0
               ]
            ]
         },
         "properties": {
            "object_imcoords": "EMPTY",
            "building_imcoords": "324.550636, 924.718752, 355.797110, 949.480108, 427.722955, 855.740687, 418.290057, 840.412229, 397.655593, 827.736772, 341.942541, 900.841730, 323.961080, 920.88663",
            "road_imcoords": "EMPTY",
            "image_id": "BLD01104_PS3_K3A_NIA0277.png",
            "ingest_time": "2023-03-02T14:34:14.313313Z",
            "type_id": "1",
            "type_name": "건물"
         }
      },
      {
         "type": "Feature",
         "geometry": {
            "type": "Polygon",
            "coordinates": [
               [
                  31.317361,
                  30.03607,
                  0.0
               ],
               [
                  31.317422,
                  30.036074,
                  0.0
               ],
               [
                  31.31743,
                  30.036,
                  0.0
               ],
               [
                  31.317368,
                  30.035993,
                  0.0
               ]
            ]
         },
         "properties": {
            "object_imcoords": "EMPTY",
            "building_imcoords": "248.411049, 427.461424, 259.060969, 426.881547, 260.320200, 441.631865, 249.392630, 442.91742",
            "road_imcoords": "EMPTY",
            "image_id": "BLD01104_PS3_K3A_NIA0277.png",
            "ingest_time": "2023-03-02T14:34:14.313313Z",
            "type_id": "1",
            "type_name": "건물"
         }
      },
      {
         "type": "Feature",
         "geometry": {
            "type": "Polygon",
            "coordinates": [
               [
                  31.317937,
                  30.036241,
                  0.0
               ],
               [
                  31.317894,
                  30.036209,
                  0.0
               ],
               [
                  31.318008,
                  30.036109,
                  0.0
               ],
               [
                  31.318056,
                  30.036144,
                  0.0
               ]
            ]
         },
         "properties": {
            "object_imcoords": "EMPTY",
            "building_imcoords": "350.020191, 394.411216, 342.335425, 400.758170, 361.938877, 421.289069, 370.452224, 414.356772, 368.871174, 410.22171",
            "road_imcoords": "EMPTY",
            "image_id": "BLD01104_PS3_K3A_NIA0277.png",
            "ingest_time": "2023-03-02T14:34:14.313313Z",
            "type_id": "1",
            "type_name": "건물"
         }
      },
      {
         "type": "Feature",
         "geometry": {
            "type": "Polygon",
            "coordinates": [
               [
                  31.315994,
                  30.033092,
                  0.0
               ],
               [
                  31.321833,
                  30.033167,
                  0.0
               ],
               [
                  31.321748,
                  30.038247,
                  0.0
               ],
               [
                  31.315908,
                  30.038173,
                  0.0
               ]
            ]
         },
         "properties": {
            "object_imcoords": "EMPTY",
            "building_imcoords": "377.335921, 408.801227, 370.398688, 417.101131, 414.747427, 459.096166, 422.923451, 451.787296, 422.923451, 448.44255",
            "road_imcoords": "EMPTY",
            "image_id": "BLD01104_PS3_K3A_NIA0277.png",
            "ingest_time": "2023-03-02T14:34:14.313313Z",
            "type_id": "1",
            "type_name": "건물"
         }
      },
      {
         "type": "Feature",
         "geometry": {
            "type": "Polygon",
            "coordinates": [
               [
                  31.315994,
                  30.033092,
                  0.0
               ],
               [
                  31.321833,
                  30.033167,
                  0.0
               ],
               [
                  31.321748,
                  30.038247,
                  0.0
               ],
               [
                  31.315908,
                  30.038173,
                  0.0
               ]
            ]
         },
         "properties": {
            "object_imcoords": "EMPTY",
            "building_imcoords": "408.883617, 476.044488, 404.766476, 472.956632, 374.531218, 507.695014, 382.636840, 513.227423, 407.597011, 484.922075, 412.614777, 478.36038",
            "road_imcoords": "EMPTY",
            "image_id": "BLD01104_PS3_K3A_NIA0277.png",
            "ingest_time": "2023-03-02T14:34:14.313313Z",
            "type_id": "1",
            "type_name": "건물"
         }
      },
      {
         "type": "Feature",
         "geometry": {
            "type": "Polygon",
            "coordinates": [
               [
                  31.315994,
                  30.033092,
                  0.0
               ],
               [
                  31.321833,
                  30.033167,
                  0.0
               ],
               [
                  31.321748,
                  30.038247,
                  0.0
               ],
               [
                  31.315908,
                  30.038173,
                  0.0
               ]
            ]
         },
         "properties": {
            "object_imcoords": "EMPTY",
            "building_imcoords": "544.549105, 646.629947, 528.626616, 659.898688, 547.202853, 677.944175, 564.009924, 662.19860",
            "road_imcoords": "EMPTY",
            "image_id": "BLD01104_PS3_K3A_NIA0277.png",
            "ingest_time": "2023-03-02T14:34:14.313313Z",
            "type_id": "1",
            "type_name": "건물"
         }
      },
      {
         "type": "Feature",
         "geometry": {
            "type": "Polygon",
            "coordinates": [
               [
                  31.315994,
                  30.033092,
                  0.0
               ],
               [
                  31.321833,
                  30.033167,
                  0.0
               ],
               [
                  31.321748,
                  30.038247,
                  0.0
               ],
               [
                  31.315908,
                  30.038173,
                  0.0
               ]
            ]
         },
         "properties": {
            "object_imcoords": "EMPTY",
            "building_imcoords": "564.894507, 664.852351, 547.733602, 678.651841, 566.663672, 699.704909, 582.763077, 684.84392",
            "road_imcoords": "EMPTY",
            "image_id": "BLD01104_PS3_K3A_NIA0277.png",
            "ingest_time": "2023-03-02T14:34:14.313313Z",
            "type_id": "1",
            "type_name": "건물"
         }
      },
      {
         "type": "Feature",
         "geometry": {
            "type": "Polygon",
            "coordinates": [
               [
                  31.315994,
                  30.033092,
                  0.0
               ],
               [
                  31.321833,
                  30.033167,
                  0.0
               ],
               [
                  31.321748,
                  30.038247,
                  0.0
               ],
               [
                  31.315908,
                  30.038173,
                  0.0
               ]
            ]
         },
         "properties": {
            "object_imcoords": "EMPTY",
            "building_imcoords": "590.193572, 691.743665, 601.339313, 703.243240, 586.124491, 717.750396, 576.924831, 706.42773",
            "road_imcoords": "EMPTY",
            "image_id": "BLD01104_PS3_K3A_NIA0277.png",
            "ingest_time": "2023-03-02T14:34:14.313313Z",
            "type_id": "1",
            "type_name": "건물"
         }
      },
      {
         "type": "Feature",
         "geometry": {
            "type": "Polygon",
            "coordinates": [
               [
                  31.315994,
                  30.033092,
                  0.0
               ],
               [
                  31.321833,
                  30.033167,
                  0.0
               ],
               [
                  31.321748,
                  30.038247,
                  0.0
               ],
               [
                  31.315908,
                  30.038173,
                  0.0
               ]
            ]
         },
         "properties": {
            "object_imcoords": "EMPTY",
            "building_imcoords": "601.065883, 704.552279, 611.203326, 713.704138, 607.120190, 717.787274, 613.878485, 723.419187, 602.192266, 734.401417, 586.563708, 718.91365",
            "road_imcoords": "EMPTY",
            "image_id": "BLD01104_PS3_K3A_NIA0277.png",
            "ingest_time": "2023-03-02T14:34:14.313313Z",
            "type_id": "1",
            "type_name": "건물"
         }
      },
      {
         "type": "Feature",
         "geometry": {
            "type": "Polygon",
            "coordinates": [
               [
                  31.315994,
                  30.033092,
                  0.0
               ],
               [
                  31.321833,
                  30.033167,
                  0.0
               ],
               [
                  31.321748,
                  30.038247,
                  0.0
               ],
               [
                  31.315908,
                  30.038173,
                  0.0
               ]
            ]
         },
         "properties": {
            "object_imcoords": "EMPTY",
            "building_imcoords": "842.833850, 964.668933, 833.592251, 976.066905, 842.679823, 984.076291, 845.452303, 980.071598, 848.070756, 981.303812, 845.760356, 984.692398, 853.153636, 991.161517, 862.087181, 979.76354",
            "road_imcoords": "EMPTY",
            "image_id": "BLD01104_PS3_K3A_NIA0277.png",
            "ingest_time": "2023-03-02T14:34:14.313313Z",
            "type_id": "1",
            "type_name": "건물"
         }
      },
      {
         "type": "Feature",
         "geometry": {
            "type": "Polygon",
            "coordinates": [
               [
                  31.315994,
                  30.033092,
                  0.0
               ],
               [
                  31.321833,
                  30.033167,
                  0.0
               ],
               [
                  31.321748,
                  30.038247,
                  0.0
               ],
               [
                  31.315908,
                  30.038173,
                  0.0
               ]
            ]
         },
         "properties": {
            "object_imcoords": "EMPTY",
            "building_imcoords": "862.135099, 979.952137, 853.566587, 991.376819, 865.705312, 1000.088140, 874.559441, 986.949755, 862.991950, 978.38124",
            "road_imcoords": "EMPTY",
            "image_id": "BLD01104_PS3_K3A_NIA0277.png",
            "ingest_time": "2023-03-02T14:34:14.313313Z",
            "type_id": "1",
            "type_name": "건물"
         }
      },
      {
         "type": "Feature",
         "geometry": {
            "type": "Polygon",
            "coordinates": [
               [
                  31.315994,
                  30.033092,
                  0.0
               ],
               [
                  31.321833,
                  30.033167,
                  0.0
               ],
               [
                  31.321748,
                  30.038247,
                  0.0
               ],
               [
                  31.315908,
                  30.038173,
                  0.0
               ]
            ]
         },
         "properties": {
            "object_imcoords": "EMPTY",
            "building_imcoords": "874.559441, 986.806946, 864.705653, 1000.373757, 874.702250, 1007.371375, 877.415612, 1003.229927, 880.700208, 1005.800481, 878.843697, 1009.513503, 886.983783, 1015.083035, 895.695104, 1004.658013, 894.695444, 1001.37341",
            "road_imcoords": "EMPTY",
            "image_id": "BLD01104_PS3_K3A_NIA0277.png",
            "ingest_time": "2023-03-02T14:34:14.313313Z",
            "type_id": "1",
            "type_name": "건물"
         }
      },
      {
         "type": "Feature",
         "geometry": {
            "type": "Polygon",
            "coordinates": [
               [
                  31.315994,
                  30.033092,
                  0.0
               ],
               [
                  31.321833,
                  30.033167,
                  0.0
               ],
               [
                  31.321748,
                  30.038247,
                  0.0
               ],
               [
                  31.315908,
                  30.038173,
                  0.0
               ]
            ]
         },
         "properties": {
            "object_imcoords": "EMPTY",
            "building_imcoords": "748.981757, 946.964077, 736.463419, 959.097235, 724.522851, 971.808162, 724.522851, 976.430318, 714.700771, 991.837502, 728.759827, 1004.355840, 742.626293, 990.681964, 761.114914, 969.497085, 769.203686, 958.32687",
            "road_imcoords": "EMPTY",
            "image_id": "BLD01104_PS3_K3A_NIA0277.png",
            "ingest_time": "2023-03-02T14:34:14.313313Z",
            "type_id": "1",
            "type_name": "건물"
         }
      },
      {
         "type": "Feature",
         "geometry": {
            "type": "Polygon",
            "coordinates": [
               [
                  31.315994,
                  30.033092,
                  0.0
               ],
               [
                  31.321833,
                  30.033167,
                  0.0
               ],
               [
                  31.321748,
                  30.038247,
                  0.0
               ],
               [
                  31.315908,
                  30.038173,
                  0.0
               ]
            ]
         },
         "properties": {
            "object_imcoords": "EMPTY",
            "building_imcoords": "737.000593, 996.108353, 720.902182, 1016.193037, 730.867865, 1024.000000, 739.760321, 1024.000000, 753.099004, 1006.68730",
            "road_imcoords": "EMPTY",
            "image_id": "BLD01104_PS3_K3A_NIA0277.png",
            "ingest_time": "2023-03-02T14:34:14.313313Z",
            "type_id": "1",
            "type_name": "건물"
         }
      },
      {
         "type": "Feature",
         "geometry": {
            "type": "Polygon",
            "coordinates": [
               [
                  31.315994,
                  30.033092,
                  0.0
               ],
               [
                  31.321833,
                  30.033167,
                  0.0
               ],
               [
                  31.321748,
                  30.038247,
                  0.0
               ],
               [
                  31.315908,
                  30.038173,
                  0.0
               ]
            ]
         },
         "properties": {
            "object_imcoords": "EMPTY",
            "building_imcoords": "785.059740, 963.260588, 775.457044, 974.280075, 795.774333, 992.597704, 801.903813, 993.800309, 809.932297, 982.15113",
            "road_imcoords": "EMPTY",
            "image_id": "BLD01104_PS3_K3A_NIA0277.png",
            "ingest_time": "2023-03-02T14:34:14.313313Z",
            "type_id": "1",
            "type_name": "건물"
         }
      },
      {
         "type": "Feature",
         "geometry": {
            "type": "Polygon",
            "coordinates": [
               [
                  31.315994,
                  30.033092,
                  0.0
               ],
               [
                  31.321833,
                  30.033167,
                  0.0
               ],
               [
                  31.321748,
                  30.038247,
                  0.0
               ],
               [
                  31.315908,
                  30.038173,
                  0.0
               ]
            ]
         },
         "properties": {
            "object_imcoords": "EMPTY",
            "building_imcoords": "810.331625, 982.495135, 795.942855, 999.256190, 817.665816, 1016.906096, 813.083629, 1023.694521, 872.142928, 1023.69452",
            "road_imcoords": "EMPTY",
            "image_id": "BLD01104_PS3_K3A_NIA0277.png",
            "ingest_time": "2023-03-02T14:34:14.313313Z",
            "type_id": "1",
            "type_name": "건물"
         }
      },
      {
         "type": "Feature",
         "geometry": {
            "type": "Polygon",
            "coordinates": [
               [
                  31.315994,
                  30.033092,
                  0.0
               ],
               [
                  31.321833,
                  30.033167,
                  0.0
               ],
               [
                  31.321748,
                  30.038247,
                  0.0
               ],
               [
                  31.315908,
                  30.038173,
                  0.0
               ]
            ]
         },
         "properties": {
            "object_imcoords": "EMPTY",
            "building_imcoords": "93.363707, 945.957797, 28.474562, 897.496283, 3.266992, 933.208903, 65.975005, 980.221366, 65.656960, 988.077022, 82.685747, 970.325451, 90.351975, 957.457139, 97.301479, 950.07312",
            "road_imcoords": "EMPTY",
            "image_id": "BLD01104_PS3_K3A_NIA0277.png",
            "ingest_time": "2023-03-02T14:34:14.313313Z",
            "type_id": "1",
            "type_name": "건물"
         }
      },
      {
         "type": "Feature",
         "geometry": {
            "type": "Polygon",
            "coordinates": [
               [
                  31.315994,
                  30.033092,
                  0.0
               ],
               [
                  31.321833,
                  30.033167,
                  0.0
               ],
               [
                  31.321748,
                  30.038247,
                  0.0
               ],
               [
                  31.315908,
                  30.038173,
                  0.0
               ]
            ]
         },
         "properties": {
            "object_imcoords": "EMPTY",
            "building_imcoords": "131.981377, 899.084925, 13.415899, 814.536743, 0.000000, 829.321612, 0.000000, 879.425888, 29.022149, 898.591459, 93.388008, 946.271769, 103.220286, 935.827424, 76.114694, 913.102534, 91.994738, 895.032139, 120.743094, 916.11426",
            "road_imcoords": "EMPTY",
            "image_id": "BLD01104_PS3_K3A_NIA0277.png",
            "ingest_time": "2023-03-02T14:34:14.313313Z",
            "type_id": "1",
            "type_name": "건물"
         }
      },
      {
         "type": "Feature",
         "geometry": {
            "type": "Polygon",
            "coordinates": [
               [
                  31.315994,
                  30.033092,
                  0.0
               ],
               [
                  31.321833,
                  30.033167,
                  0.0
               ],
               [
                  31.321748,
                  30.038247,
                  0.0
               ],
               [
                  31.315908,
                  30.038173,
                  0.0
               ]
            ]
         },
         "properties": {
            "object_imcoords": "EMPTY",
            "building_imcoords": "1.084038, 931.622585, 65.042303, 979.753889, 64.608688, 988.643004, 47.914496, 1010.757387, 22.114383, 992.111927, 0.433615, 1018.345656, 0.433615, 989.727043, 8.021884, 981.705158, 0.000000, 975.85135",
            "road_imcoords": "EMPTY",
            "image_id": "BLD01104_PS3_K3A_NIA0277.png",
            "ingest_time": "2023-03-02T14:34:14.313313Z",
            "type_id": "1",
            "type_name": "건물"
         }
      },
      {
         "type": "Feature",
         "geometry": {
            "type": "Polygon",
            "coordinates": [
               [
                  31.315994,
                  30.033092,
                  0.0
               ],
               [
                  31.321833,
                  30.033167,
                  0.0
               ],
               [
                  31.321748,
                  30.038247,
                  0.0
               ],
               [
                  31.315908,
                  30.038173,
                  0.0
               ]
            ]
         },
         "properties": {
            "object_imcoords": "EMPTY",
            "building_imcoords": "164.987843, 969.630717, 152.545365, 986.162534, 193.296675, 1017.311141, 205.826736, 1000.69174",
            "road_imcoords": "EMPTY",
            "image_id": "BLD01104_PS3_K3A_NIA0277.png",
            "ingest_time": "2023-03-02T14:34:14.313313Z",
            "type_id": "1",
            "type_name": "건물"
         }
      },
      {
         "type": "Feature",
         "geometry": {
            "type": "Polygon",
            "coordinates": [
               [
                  31.315994,
                  30.033092,
                  0.0
               ],
               [
                  31.321833,
                  30.033167,
                  0.0
               ],
               [
                  31.321748,
                  30.038247,
                  0.0
               ],
               [
                  31.315908,
                  30.038173,
                  0.0
               ]
            ]
         },
         "properties": {
            "object_imcoords": "EMPTY",
            "building_imcoords": "180.221207, 951.230056, 169.379775, 964.465051, 210.211142, 995.862964, 219.785393, 980.09360",
            "road_imcoords": "EMPTY",
            "image_id": "BLD01104_PS3_K3A_NIA0277.png",
            "ingest_time": "2023-03-02T14:34:14.313313Z",
            "type_id": "1",
            "type_name": "건물"
         }
      },
      {
         "type": "Feature",
         "geometry": {
            "type": "Polygon",
            "coordinates": [
               [
                  31.315994,
                  30.033092,
                  0.0
               ],
               [
                  31.321833,
                  30.033167,
                  0.0
               ],
               [
                  31.321748,
                  30.038247,
                  0.0
               ],
               [
                  31.315908,
                  30.038173,
                  0.0
               ]
            ]
         },
         "properties": {
            "object_imcoords": "EMPTY",
            "building_imcoords": "247.504171, 987.058938, 238.394314, 979.723728, 233.188681, 985.284290, 228.101358, 981.025136, 202.546434, 1013.442030, 216.033755, 1024.000000, 224.552063, 1024.000000, 245.137974, 998.061752, 242.298538, 993.56597",
            "road_imcoords": "EMPTY",
            "image_id": "BLD01104_PS3_K3A_NIA0277.png",
            "ingest_time": "2023-03-02T14:34:14.313313Z",
            "type_id": "1",
            "type_name": "건물"
         }
      },
      {
         "type": "Feature",
         "geometry": {
            "type": "Polygon",
            "coordinates": [
               [
                  31.315994,
                  30.033092,
                  0.0
               ],
               [
                  31.321833,
                  30.033167,
                  0.0
               ],
               [
                  31.321748,
                  30.038247,
                  0.0
               ],
               [
                  31.315908,
                  30.038173,
                  0.0
               ]
            ]
         },
         "properties": {
            "object_imcoords": "EMPTY",
            "building_imcoords": "306.240681, 786.120711, 268.070913, 838.411087, 276.896293, 844.809487, 250.199519, 878.566565, 239.609063, 870.623723, 204.969447, 916.956968, 268.786371, 963.996401, 327.183842, 889.931509, 339.143565, 898.047035, 384.419658, 841.024785, 372.246369, 831.627860, 379.507629, 822.444502, 382.711126, 824.580167, 389.118121, 816.251074, 385.060358, 813.688276, 397.447213, 797.884357, 380.148329, 784.216103, 366.693641, 802.369253, 369.683571, 805.145617, 285.538379, 912.142422, 272.724391, 902.318364, 262.046067, 915.986619, 255.211940, 910.433890, 265.249564, 895.484237, 253.289841, 887.582277, 306.681461, 817.532473, 336.580767, 840.170519, 353.025386, 820.73597",
            "road_imcoords": "EMPTY",
            "image_id": "BLD01104_PS3_K3A_NIA0277.png",
            "ingest_time": "2023-03-02T14:34:14.313313Z",
            "type_id": "1",
            "type_name": "건물"
         }
      },
      {
         "type": "Feature",
         "geometry": {
            "type": "Polygon",
            "coordinates": [
               [
                  31.315994,
                  30.033092,
                  0.0
               ],
               [
                  31.321833,
                  30.033167,
                  0.0
               ],
               [
                  31.321748,
                  30.038247,
                  0.0
               ],
               [
                  31.315908,
                  30.038173,
                  0.0
               ]
            ]
         },
         "properties": {
            "object_imcoords": "EMPTY",
            "building_imcoords": "487.113174, 897.194497, 412.598704, 992.603227, 432.737750, 1009.973154, 508.259172, 912.80225",
            "road_imcoords": "EMPTY",
            "image_id": "BLD01104_PS3_K3A_NIA0277.png",
            "ingest_time": "2023-03-02T14:34:14.313313Z",
            "type_id": "1",
            "type_name": "건물"
         }
      },
      {
         "type": "Feature",
         "geometry": {
            "type": "Polygon",
            "coordinates": [
               [
                  31.315994,
                  30.033092,
                  0.0
               ],
               [
                  31.321833,
                  30.033167,
                  0.0
               ],
               [
                  31.321748,
                  30.038247,
                  0.0
               ],
               [
                  31.315908,
                  30.038173,
                  0.0
               ]
            ]
         },
         "properties": {
            "object_imcoords": "EMPTY",
            "building_imcoords": "193.635020, 634.605462, 179.327979, 649.304476, 182.071795, 652.244279, 176.780150, 657.731911, 176.780150, 670.667044, 183.639690, 675.566716, 186.775480, 672.430926, 223.229037, 697.517245, 225.188905, 695.165402, 229.108643, 695.165402, 236.360156, 689.089809, 236.360156, 677.134611, 228.716669, 673.214874, 211.077851, 659.299806, 214.801602, 656.947964, 214.801602, 649.50046",
            "road_imcoords": "EMPTY",
            "image_id": "BLD01104_PS3_K3A_NIA0277.png",
            "ingest_time": "2023-03-02T14:34:14.313313Z",
            "type_id": "1",
            "type_name": "건물"
         }
      },
      {
         "type": "Feature",
         "geometry": {
            "type": "Polygon",
            "coordinates": [
               [
                  31.315994,
                  30.033092,
                  0.0
               ],
               [
                  31.321833,
                  30.033167,
                  0.0
               ],
               [
                  31.321748,
                  30.038247,
                  0.0
               ],
               [
                  31.315908,
                  30.038173,
                  0.0
               ]
            ]
         },
         "properties": {
            "object_imcoords": "EMPTY",
            "building_imcoords": "131.075384, 594.128603, 122.297124, 605.101428, 121.898112, 623.056960, 163.195835, 657.571483, 182.946921, 639.216939, 182.747415, 624.253996, 163.594847, 610.288582, 158.407693, 615.87474",
            "road_imcoords": "EMPTY",
            "image_id": "BLD01104_PS3_K3A_NIA0277.png",
            "ingest_time": "2023-03-02T14:34:14.313313Z",
            "type_id": "1",
            "type_name": "건물"
         }
      },
      {
         "type": "Feature",
         "geometry": {
            "type": "Polygon",
            "coordinates": [
               [
                  31.315994,
                  30.033092,
                  0.0
               ],
               [
                  31.321833,
                  30.033167,
                  0.0
               ],
               [
                  31.321748,
                  30.038247,
                  0.0
               ],
               [
                  31.315908,
                  30.038173,
                  0.0
               ]
            ]
         },
         "properties": {
            "object_imcoords": "EMPTY",
            "building_imcoords": "74.956649, 667.575071, 31.777738, 634.099286, 48.030474, 612.267253, 92.179697, 648.16881",
            "road_imcoords": "EMPTY",
            "image_id": "BLD01104_PS3_K3A_NIA0277.png",
            "ingest_time": "2023-03-02T14:34:14.313313Z",
            "type_id": "1",
            "type_name": "건물"
         }
      },
      {
         "type": "Feature",
         "geometry": {
            "type": "Polygon",
            "coordinates": [
               [
                  31.315994,
                  30.033092,
                  0.0
               ],
               [
                  31.321833,
                  30.033167,
                  0.0
               ],
               [
                  31.321748,
                  30.038247,
                  0.0
               ],
               [
                  31.315908,
                  30.038173,
                  0.0
               ]
            ]
         },
         "properties": {
            "object_imcoords": "EMPTY",
            "building_imcoords": "0.000000, 691.734831, 40.485181, 723.309397, 25.569588, 743.261424, 0.000000, 722.72827",
            "road_imcoords": "EMPTY",
            "image_id": "BLD01104_PS3_K3A_NIA0277.png",
            "ingest_time": "2023-03-02T14:34:14.313313Z",
            "type_id": "1",
            "type_name": "건물"
         }
      },
      {
         "type": "Feature",
         "geometry": {
            "type": "Polygon",
            "coordinates": [
               [
                  31.315994,
                  30.033092,
                  0.0
               ],
               [
                  31.321833,
                  30.033167,
                  0.0
               ],
               [
                  31.321748,
                  30.038247,
                  0.0
               ],
               [
                  31.315908,
                  30.038173,
                  0.0
               ]
            ]
         },
         "properties": {
            "object_imcoords": "EMPTY",
            "building_imcoords": "0.000000, 722.340852, 24.988461, 743.261424, 9.879159, 761.470070, 0.000000, 753.14058",
            "road_imcoords": "EMPTY",
            "image_id": "BLD01104_PS3_K3A_NIA0277.png",
            "ingest_time": "2023-03-02T14:34:14.313313Z",
            "type_id": "1",
            "type_name": "건물"
         }
      },
      {
         "type": "Feature",
         "geometry": {
            "type": "Polygon",
            "coordinates": [
               [
                  31.315994,
                  30.033092,
                  0.0
               ],
               [
                  31.321833,
                  30.033167,
                  0.0
               ],
               [
                  31.321748,
                  30.038247,
                  0.0
               ],
               [
                  31.315908,
                  30.038173,
                  0.0
               ]
            ]
         },
         "properties": {
            "object_imcoords": "EMPTY",
            "building_imcoords": "240.671867, 691.049678, 230.676537, 702.220929, 253.998974, 720.839681, 265.562199, 708.492509, 261.838449, 706.140667, 270.657857, 697.321258, 253.709793, 683.467186, 244.321622, 693.04174",
            "road_imcoords": "EMPTY",
            "image_id": "BLD01104_PS3_K3A_NIA0277.png",
            "ingest_time": "2023-03-02T14:34:14.313313Z",
            "type_id": "1",
            "type_name": "건물"
         }
      },
      {
         "type": "Feature",
         "geometry": {
            "type": "Polygon",
            "coordinates": [
               [
                  31.315994,
                  30.033092,
                  0.0
               ],
               [
                  31.321833,
                  30.033167,
                  0.0
               ],
               [
                  31.321748,
                  30.038247,
                  0.0
               ],
               [
                  31.315908,
                  30.038173,
                  0.0
               ]
            ]
         },
         "properties": {
            "object_imcoords": "EMPTY",
            "building_imcoords": "494.374226, 792.828321, 493.523474, 777.444060, 481.488853, 777.655057, 481.877777, 814.991834, 492.962133, 814.408447, 492.573208, 808.574576, 495.295682, 807.79672",
            "road_imcoords": "EMPTY",
            "image_id": "BLD01104_PS3_K3A_NIA0277.png",
            "ingest_time": "2023-03-02T14:34:14.313313Z",
            "type_id": "1",
            "type_name": "건물"
         }
      },
      {
         "type": "Feature",
         "geometry": {
            "type": "Polygon",
            "coordinates": [
               [
                  31.315994,
                  30.033092,
                  0.0
               ],
               [
                  31.321833,
                  30.033167,
                  0.0
               ],
               [
                  31.321748,
                  30.038247,
                  0.0
               ],
               [
                  31.315908,
                  30.038173,
                  0.0
               ]
            ]
         },
         "properties": {
            "object_imcoords": "EMPTY",
            "building_imcoords": "498.275329, 932.347115, 472.221717, 970.497047, 475.943662, 973.288505, 462.451613, 990.502499, 460.125398, 1004.925034, 474.547933, 1016.556111, 497.344843, 989.572013, 501.532031, 988.176284, 528.050886, 954.21353",
            "road_imcoords": "EMPTY",
            "image_id": "BLD01104_PS3_K3A_NIA0277.png",
            "ingest_time": "2023-03-02T14:34:14.313313Z",
            "type_id": "1",
            "type_name": "건물"
         }
      },
      {
         "type": "Feature",
         "geometry": {
            "type": "Polygon",
            "coordinates": [
               [
                  31.317529,
                  30.034737,
                  0.0
               ],
               [
                  31.317477,
                  30.034689,
                  0.0
               ],
               [
                  31.317589,
                  30.034612,
                  0.0
               ],
               [
                  31.317639,
                  30.034662,
                  0.0
               ]
            ]
         },
         "properties": {
            "object_imcoords": "EMPTY",
            "building_imcoords": "273.961159, 696.541771, 264.732704, 706.045703, 284.153782, 721.747851, 292.969023, 711.96844",
            "road_imcoords": "EMPTY",
            "image_id": "BLD01104_PS3_K3A_NIA0277.png",
            "ingest_time": "2023-03-02T14:34:14.313313Z",
            "type_id": "1",
            "type_name": "건물"
         }
      },
      {
         "type": "Feature",
         "geometry": {
            "type": "Polygon",
            "coordinates": [
               [
                  31.317807,
                  30.034507,
                  0.0
               ],
               [
                  31.317771,
                  30.034474,
                  0.0
               ],
               [
                  31.317717,
                  30.034512,
                  0.0
               ],
               [
                  31.317677,
                  30.034549,
                  0.0
               ]
            ]
         },
         "properties": {
            "object_imcoords": "EMPTY",
            "building_imcoords": "322.069359, 743.517668, 315.630119, 750.171550, 306.185899, 742.337140, 299.424696, 734.824693, 307.473747, 726.453680, 321.532756, 739.54680",
            "road_imcoords": "EMPTY",
            "image_id": "BLD01104_PS3_K3A_NIA0277.png",
            "ingest_time": "2023-03-02T14:34:14.313313Z",
            "type_id": "1",
            "type_name": "건물"
         }
      },
      {
         "type": "Feature",
         "geometry": {
            "type": "Polygon",
            "coordinates": [
               [
                  31.318005,
                  30.034374,
                  0.0
               ],
               [
                  31.317964,
                  30.034334,
                  0.0
               ],
               [
                  31.317881,
                  30.034409,
                  0.0
               ],
               [
                  31.317897,
                  30.03444,
                  0.0
               ]
            ]
         },
         "properties": {
            "object_imcoords": "EMPTY",
            "building_imcoords": "356.362787, 770.927484, 349.069847, 778.786866, 334.625578, 763.422128, 337.672710, 757.293780, 334.827392, 753.761946, 339.347192, 749.676444, 352.114473, 761.227166, 351.902057, 765.75870",
            "road_imcoords": "EMPTY",
            "image_id": "BLD01104_PS3_K3A_NIA0277.png",
            "ingest_time": "2023-03-02T14:34:14.313313Z",
            "type_id": "1",
            "type_name": "건물"
         }
      },
      {
         "type": "Feature",
         "geometry": {
            "type": "Polygon",
            "coordinates": [
               [
                  31.315952,
                  30.03581,
                  0.0
               ],
               [
                  31.316031,
                  30.035752,
                  0.0
               ],
               [
                  31.315969,
                  30.035676,
                  0.0
               ],
               [
                  31.31595,
                  30.035696,
                  0.0
               ]
            ]
         },
         "properties": {
            "object_imcoords": "EMPTY",
            "building_imcoords": "0.598739, 476.147470, 14.369744, 488.122257, 3.143382, 503.240426, 0.000000, 499.140363, 0.000000, 491.21574",
            "road_imcoords": "EMPTY",
            "image_id": "BLD01104_PS3_K3A_NIA0277.png",
            "ingest_time": "2023-03-02T14:34:14.313313Z",
            "type_id": "1",
            "type_name": "건물"
         }
      },
      {
         "type": "Feature",
         "geometry": {
            "type": "Polygon",
            "coordinates": [
               [
                  31.31661,
                  30.035931,
                  0.0
               ],
               [
                  31.316552,
                  30.035901,
                  0.0
               ],
               [
                  31.316514,
                  30.035954,
                  0.0
               ],
               [
                  31.316572,
                  30.035986,
                  0.0
               ]
            ]
         },
         "properties": {
            "object_imcoords": "EMPTY",
            "building_imcoords": "116.424507, 453.419826, 106.020016, 459.337882, 99.659870, 448.686833, 109.915239, 442.37507",
            "road_imcoords": "EMPTY",
            "image_id": "BLD01104_PS3_K3A_NIA0277.png",
            "ingest_time": "2023-03-02T14:34:14.313313Z",
            "type_id": "1",
            "type_name": "건물"
         }
      },
      {
         "type": "Feature",
         "geometry": {
            "type": "Polygon",
            "coordinates": [
               [
                  31.316046,
                  30.035743,
                  0.0
               ],
               [
                  31.315995,
                  30.035672,
                  0.0
               ],
               [
                  31.316071,
                  30.035622,
                  0.0
               ],
               [
                  31.31613,
                  30.035691,
                  0.0
               ]
            ]
         },
         "properties": {
            "object_imcoords": "EMPTY",
            "building_imcoords": "16.917444, 489.955209, 7.808051, 504.107301, 20.984137, 514.355368, 31.557540, 500.69127",
            "road_imcoords": "EMPTY",
            "image_id": "BLD01104_PS3_K3A_NIA0277.png",
            "ingest_time": "2023-03-02T14:34:14.313313Z",
            "type_id": "1",
            "type_name": "건물"
         }
      },
      {
         "type": "Feature",
         "geometry": {
            "type": "Polygon",
            "coordinates": [
               [
                  31.31615,
                  30.035676,
                  0.0
               ],
               [
                  31.316092,
                  30.035605,
                  0.0
               ],
               [
                  31.316173,
                  30.035556,
                  0.0
               ],
               [
                  31.316232,
                  30.035626,
                  0.0
               ]
            ]
         },
         "properties": {
            "object_imcoords": "EMPTY",
            "building_imcoords": "34.973562, 503.781966, 24.562828, 517.934058, 38.552252, 527.856790, 49.125655, 514.03003",
            "road_imcoords": "EMPTY",
            "image_id": "BLD01104_PS3_K3A_NIA0277.png",
            "ingest_time": "2023-03-02T14:34:14.313313Z",
            "type_id": "1",
            "type_name": "건물"
         }
      },
      {
         "type": "Feature",
         "geometry": {
            "type": "Polygon",
            "coordinates": [
               [
                  31.31625,
                  30.035612,
                  0.0
               ],
               [
                  31.316195,
                  30.035541,
                  0.0
               ],
               [
                  31.316269,
                  30.035486,
                  0.0
               ],
               [
                  31.316331,
                  30.03556,
                  0.0
               ]
            ]
         },
         "properties": {
            "object_imcoords": "EMPTY",
            "building_imcoords": "52.216342, 516.795384, 42.456278, 530.947477, 55.307029, 542.334218, 66.368435, 527.53145",
            "road_imcoords": "EMPTY",
            "image_id": "BLD01104_PS3_K3A_NIA0277.png",
            "ingest_time": "2023-03-02T14:34:14.313313Z",
            "type_id": "1",
            "type_name": "건물"
         }
      },
      {
         "type": "Feature",
         "geometry": {
            "type": "Polygon",
            "coordinates": [
               [
                  31.316295,
                  30.035473,
                  0.0
               ],
               [
                  31.316353,
                  30.035539,
                  0.0
               ],
               [
                  31.316423,
                  30.035493,
                  0.0
               ],
               [
                  31.316374,
                  30.035424,
                  0.0
               ]
            ]
         },
         "properties": {
            "object_imcoords": "EMPTY",
            "building_imcoords": "59.830741, 545.007896, 70.094103, 531.828805, 82.223532, 541.392393, 73.476348, 555.03800",
            "road_imcoords": "EMPTY",
            "image_id": "BLD01104_PS3_K3A_NIA0277.png",
            "ingest_time": "2023-03-02T14:34:14.313313Z",
            "type_id": "1",
            "type_name": "건물"
         }
      },
      {
         "type": "Feature",
         "geometry": {
            "type": "Polygon",
            "coordinates": [
               [
                  31.315951,
                  30.035648,
                  0.0
               ],
               [
                  31.315967,
                  30.035664,
                  0.0
               ],
               [
                  31.316027,
                  30.035621,
                  0.0
               ],
               [
                  31.315991,
                  30.035573,
                  0.0
               ]
            ]
         },
         "properties": {
            "object_imcoords": "EMPTY",
            "building_imcoords": "0.000000, 508.837819, 2.799099, 505.587252, 13.295720, 514.451066, 6.764489, 524.131283, 0.000000, 520.41081",
            "road_imcoords": "EMPTY",
            "image_id": "BLD01104_PS3_K3A_NIA0277.png",
            "ingest_time": "2023-03-02T14:34:14.313313Z",
            "type_id": "1",
            "type_name": "건물"
         }
      },
      {
         "type": "Feature",
         "geometry": {
            "type": "Polygon",
            "coordinates": [
               [
                  31.316067,
                  30.035593,
                  0.0
               ],
               [
                  31.316021,
                  30.035545,
                  0.0
               ],
               [
                  31.316083,
                  30.035504,
                  0.0
               ],
               [
                  31.316128,
                  30.035555,
                  0.0
               ]
            ]
         },
         "properties": {
            "object_imcoords": "EMPTY",
            "building_imcoords": "20.176838, 520.165893, 11.896171, 529.729481, 22.742679, 538.126778, 30.790089, 528.09667",
            "road_imcoords": "EMPTY",
            "image_id": "BLD01104_PS3_K3A_NIA0277.png",
            "ingest_time": "2023-03-02T14:34:14.313313Z",
            "type_id": "1",
            "type_name": "건물"
         }
      },
      {
         "type": "Feature",
         "geometry": {
            "type": "Polygon",
            "coordinates": [
               [
                  31.316165,
                  30.035531,
                  0.0
               ],
               [
                  31.31612,
                  30.035479,
                  0.0
               ],
               [
                  31.316184,
                  30.03544,
                  0.0
               ],
               [
                  31.316229,
                  30.035491,
                  0.0
               ]
            ]
         },
         "properties": {
            "object_imcoords": "EMPTY",
            "building_imcoords": "37.088061, 532.995096, 29.040652, 543.258459, 40.120419, 551.422498, 48.167828, 541.15913",
            "road_imcoords": "EMPTY",
            "image_id": "BLD01104_PS3_K3A_NIA0277.png",
            "ingest_time": "2023-03-02T14:34:14.313313Z",
            "type_id": "1",
            "type_name": "건물"
         }
      },
      {
         "type": "Feature",
         "geometry": {
            "type": "Polygon",
            "coordinates": [
               [
                  31.316327,
                  30.035424,
                  0.0
               ],
               [
                  31.316282,
                  30.035377,
                  0.0
               ],
               [
                  31.316208,
                  30.035422,
                  0.0
               ],
               [
                  31.316254,
                  30.035469,
                  0.0
               ]
            ]
         },
         "properties": {
            "object_imcoords": "EMPTY",
            "building_imcoords": "65.195680, 555.038001, 57.264900, 564.251702, 44.435696, 555.038001, 52.483106, 545.707671, 52.483106, 545.70767",
            "road_imcoords": "EMPTY",
            "image_id": "BLD01104_PS3_K3A_NIA0277.png",
            "ingest_time": "2023-03-02T14:34:14.313313Z",
            "type_id": "1",
            "type_name": "건물"
         }
      },
      {
         "type": "Feature",
         "geometry": {
            "type": "Polygon",
            "coordinates": [
               [
                  31.31636,
                  30.035399,
                  0.0
               ],
               [
                  31.316319,
                  30.03535,
                  0.0
               ],
               [
                  31.316384,
                  30.035311,
                  0.0
               ],
               [
                  31.316422,
                  30.035359,
                  0.0
               ]
            ]
         },
         "properties": {
            "object_imcoords": "EMPTY",
            "building_imcoords": "70.952609, 560.132418, 63.558035, 569.896838, 74.843471, 577.864883, 81.652480, 568.21951",
            "road_imcoords": "EMPTY",
            "image_id": "BLD01104_PS3_K3A_NIA0277.png",
            "ingest_time": "2023-03-02T14:34:14.313313Z",
            "type_id": "1",
            "type_name": "건물"
         }
      },
      {
         "type": "Feature",
         "geometry": {
            "type": "Polygon",
            "coordinates": [
               [
                  31.316551,
                  30.035295,
                  0.0
               ],
               [
                  31.316512,
                  30.03525,
                  0.0
               ],
               [
                  31.316459,
                  30.035287,
                  0.0
               ],
               [
                  31.316502,
                  30.035333,
                  0.0
               ]
            ]
         },
         "properties": {
            "object_imcoords": "EMPTY",
            "building_imcoords": "104.191108, 581.580384, 97.166989, 590.444154, 87.885116, 582.918312, 95.661820, 573.72006",
            "road_imcoords": "EMPTY",
            "image_id": "BLD01104_PS3_K3A_NIA0277.png",
            "ingest_time": "2023-03-02T14:34:14.313313Z",
            "type_id": "1",
            "type_name": "건물"
         }
      },
      {
         "type": "Feature",
         "geometry": {
            "type": "Polygon",
            "coordinates": [
               [
                  31.315972,
                  30.034421,
                  0.0
               ],
               [
                  31.31602,
                  30.03439,
                  0.0
               ],
               [
                  31.315973,
                  30.034343,
                  0.0
               ]
            ]
         },
         "properties": {
            "object_imcoords": "EMPTY",
            "building_imcoords": "0.000000, 756.134030, 8.308505, 762.614664, 0.000000, 771.78266",
            "road_imcoords": "EMPTY",
            "image_id": "BLD01104_PS3_K3A_NIA0277.png",
            "ingest_time": "2023-03-02T14:34:14.313313Z",
            "type_id": "1",
            "type_name": "건물"
         }
      },
      {
         "type": "Feature",
         "geometry": {
            "type": "Polygon",
            "coordinates": [
               [
                  31.315973,
                  30.037596,
                  0.0
               ],
               [
                  31.315928,
                  30.03763,
                  0.0
               ],
               [
                  31.316015,
                  30.03772,
                  0.0
               ],
               [
                  31.316061,
                  30.037689,
                  0.0
               ]
            ]
         },
         "properties": {
            "object_imcoords": "EMPTY",
            "building_imcoords": "9.628974, 116.264572, 1.749437, 109.398118, 17.377739, 91.437233, 25.308520, 97.735206, 25.004945, 98.105475, 24.728411, 97.86878",
            "road_imcoords": "EMPTY",
            "image_id": "BLD01104_PS3_K3A_NIA0277.png",
            "ingest_time": "2023-03-02T14:34:14.313313Z",
            "type_id": "1",
            "type_name": "건물"
         }
      },
      {
         "type": "Feature",
         "geometry": {
            "type": "Polygon",
            "coordinates": [
               [
                  31.315915,
                  30.037803,
                  0.0
               ],
               [
                  31.316003,
                  30.03773,
                  0.0
               ],
               [
                  31.315918,
                  30.03765,
                  0.0
               ],
               [
                  31.315917,
                  30.037676,
                  0.0
               ]
            ]
         },
         "properties": {
            "object_imcoords": "EMPTY",
            "building_imcoords": "0.000000, 74.513147, 15.278415, 89.454538, 0.116629, 105.316099, 0.000000, 100.08722",
            "road_imcoords": "EMPTY",
            "image_id": "BLD01104_PS3_K3A_NIA0277.png",
            "ingest_time": "2023-03-02T14:34:14.313313Z",
            "type_id": "1",
            "type_name": "건물"
         }
      },
      {
         "type": "Feature",
         "geometry": {
            "type": "Polygon",
            "coordinates": [
               [
                  31.317508,
                  30.035504,
                  0.0
               ],
               [
                  31.317455,
                  30.03545,
                  0.0
               ],
               [
                  31.31741,
                  30.035487,
                  0.0
               ],
               [
                  31.31743,
                  30.035509,
                  0.0
               ]
            ]
         },
         "properties": {
            "object_imcoords": "EMPTY",
            "building_imcoords": "272.544595, 541.857435, 263.157118, 552.706895, 255.308573, 545.089189, 258.800943, 540.709429, 258.309487, 539.395146, 260.771184, 536.643056, 265.097583, 534.97440",
            "road_imcoords": "EMPTY",
            "image_id": "BLD01104_PS3_K3A_NIA0277.png",
            "ingest_time": "2023-03-02T14:34:14.313313Z",
            "type_id": "1",
            "type_name": "건물"
         }
      },
      {
         "type": "Feature",
         "geometry": {
            "type": "Polygon",
            "coordinates": [
               [
                  31.317527,
                  30.035951,
                  0.0
               ],
               [
                  31.317505,
                  30.035942,
                  0.0
               ],
               [
                  31.317498,
                  30.035922,
                  0.0
               ],
               [
                  31.317546,
                  30.035875,
                  0.0
               ]
            ]
         },
         "properties": {
            "object_imcoords": "EMPTY",
            "building_imcoords": "277.205745, 451.903630, 273.354294, 453.582468, 272.070477, 457.631430, 280.267155, 467.309436, 285.994955, 460.890350, 284.414872, 459.11275",
            "road_imcoords": "EMPTY",
            "image_id": "BLD01104_PS3_K3A_NIA0277.png",
            "ingest_time": "2023-03-02T14:34:14.313313Z",
            "type_id": "1",
            "type_name": "건물"
         }
      },
      {
         "type": "Feature",
         "geometry": {
            "type": "Polygon",
            "coordinates": [
               [
                  31.317502,
                  30.035876,
                  0.0
               ],
               [
                  31.317467,
                  30.035841,
                  0.0
               ],
               [
                  31.317536,
                  30.035779,
                  0.0
               ],
               [
                  31.317576,
                  30.035811,
                  0.0
               ]
            ]
         },
         "properties": {
            "object_imcoords": "EMPTY",
            "building_imcoords": "272.621541, 466.834572, 266.311926, 473.913653, 278.238637, 486.609829, 285.394664, 480.223268, 284.625199, 476.37594",
            "road_imcoords": "EMPTY",
            "image_id": "BLD01104_PS3_K3A_NIA0277.png",
            "ingest_time": "2023-03-02T14:34:14.313313Z",
            "type_id": "1",
            "type_name": "건물"
         }
      },
      {
         "type": "Feature",
         "geometry": {
            "type": "Polygon",
            "coordinates": [
               [
                  31.31665,
                  30.035726,
                  0.0
               ],
               [
                  31.316648,
                  30.035745,
                  0.0
               ],
               [
                  31.316629,
                  30.03575,
                  0.0
               ],
               [
                  31.316587,
                  30.035725,
                  0.0
               ]
            ]
         },
         "properties": {
            "object_imcoords": "EMPTY",
            "building_imcoords": "122.838474, 494.865954, 122.503992, 491.103033, 119.159173, 490.015967, 111.633330, 494.865954, 112.971258, 507.827128, 125.932431, 506.489200, 129.862593, 501.722833, 129.360870, 497.792671, 125.681570, 496.20388",
            "road_imcoords": "EMPTY",
            "image_id": "BLD01104_PS3_K3A_NIA0277.png",
            "ingest_time": "2023-03-02T14:34:14.313313Z",
            "type_id": "1",
            "type_name": "건물"
         }
      },
      {
         "type": "Feature",
         "geometry": {
            "type": "Polygon",
            "coordinates": [
               [
                  31.316834,
                  30.035482,
                  0.0
               ],
               [
                  31.316896,
                  30.035537,
                  0.0
               ],
               [
                  31.317098,
                  30.035385,
                  0.0
               ],
               [
                  31.317034,
                  30.035332,
                  0.0
               ]
            ]
         },
         "properties": {
            "object_imcoords": "EMPTY",
            "building_imcoords": "154.266716, 544.616604, 165.285767, 533.597552, 200.271255, 564.864110, 188.976727, 575.33220",
            "road_imcoords": "EMPTY",
            "image_id": "BLD01104_PS3_K3A_NIA0277.png",
            "ingest_time": "2023-03-02T14:34:14.313313Z",
            "type_id": "1",
            "type_name": "건물"
         }
      },
      {
         "type": "Feature",
         "geometry": {
            "type": "Polygon",
            "coordinates": [
               [
                  31.317177,
                  30.035339,
                  0.0
               ],
               [
                  31.317133,
                  30.035297,
                  0.0
               ],
               [
                  31.317309,
                  30.035166,
                  0.0
               ],
               [
                  31.317351,
                  30.035212,
                  0.0
               ]
            ]
         },
         "properties": {
            "object_imcoords": "EMPTY",
            "building_imcoords": "213.945450, 574.281300, 206.214009, 582.646466, 236.632794, 609.516392, 244.110745, 600.26401",
            "road_imcoords": "EMPTY",
            "image_id": "BLD01104_PS3_K3A_NIA0277.png",
            "ingest_time": "2023-03-02T14:34:14.313313Z",
            "type_id": "1",
            "type_name": "건물"
         }
      },
      {
         "type": "Feature",
         "geometry": {
            "type": "Polygon",
            "coordinates": [
               [
                  31.317568,
                  30.035011,
                  0.0
               ],
               [
                  31.317501,
                  30.035048,
                  0.0
               ],
               [
                  31.317436,
                  30.034974,
                  0.0
               ],
               [
                  31.317505,
                  30.034933,
                  0.0
               ]
            ]
         },
         "properties": {
            "object_imcoords": "EMPTY",
            "building_imcoords": "281.674495, 641.446516, 270.018830, 633.728613, 258.428196, 648.538867, 270.340792, 656.90988",
            "road_imcoords": "EMPTY",
            "image_id": "BLD01104_PS3_K3A_NIA0277.png",
            "ingest_time": "2023-03-02T14:34:14.313313Z",
            "type_id": "1",
            "type_name": "건물"
         }
      },
      {
         "type": "Feature",
         "geometry": {
            "type": "Polygon",
            "coordinates": [
               [
                  31.317886,
                  30.035846,
                  0.0
               ],
               [
                  31.31783,
                  30.035795,
                  0.0
               ],
               [
                  31.317841,
                  30.035787,
                  0.0
               ],
               [
                  31.318015,
                  30.035667,
                  0.0
               ]
            ]
         },
         "properties": {
            "object_imcoords": "EMPTY",
            "building_imcoords": "339.803171, 474.026057, 329.895240, 484.059404, 331.762271, 485.764950, 361.983534, 510.275108, 370.602190, 498.74131",
            "road_imcoords": "EMPTY",
            "image_id": "BLD01104_PS3_K3A_NIA0277.png",
            "ingest_time": "2023-03-02T14:34:14.313313Z",
            "type_id": "1",
            "type_name": "건물"
         }
      },
      {
         "type": "Feature",
         "geometry": {
            "type": "Polygon",
            "coordinates": [
               [
                  31.320161,
                  30.033488,
                  0.0
               ],
               [
                  31.320111,
                  30.033447,
                  0.0
               ],
               [
                  31.320072,
                  30.033486,
                  0.0
               ],
               [
                  31.320088,
                  30.033524,
                  0.0
               ]
            ]
         },
         "properties": {
            "object_imcoords": "EMPTY",
            "building_imcoords": "731.677010, 954.962436, 722.887800, 963.159114, 716.172449, 955.159946, 719.036349, 947.457043, 725.751700, 946.765757, 730.294438, 951.30849",
            "road_imcoords": "EMPTY",
            "image_id": "BLD01104_PS3_K3A_NIA0277.png",
            "ingest_time": "2023-03-02T14:34:14.313313Z",
            "type_id": "1",
            "type_name": "건물"
         }
      },
      {
         "type": "Feature",
         "geometry": {
            "type": "Polygon",
            "coordinates": [
               [
                  31.319868,
                  30.033343,
                  0.0
               ],
               [
                  31.319861,
                  30.033356,
                  0.0
               ],
               [
                  31.319848,
                  30.033362,
                  0.0
               ],
               [
                  31.31984,
                  30.033362,
                  0.0
               ]
            ]
         },
         "properties": {
            "object_imcoords": "EMPTY",
            "building_imcoords": "679.913898, 983.521535, 678.823419, 980.704463, 676.460714, 979.523110, 675.006741, 979.613984, 674.915868, 977.342151, 673.461895, 975.615559, 671.462683, 975.524686, 670.281330, 978.523504, 669.190851, 979.432237, 666.555526, 979.613984, 665.646793, 981.704069, 665.828540, 983.248915, 666.464653, 983.975901, 667.555132, 985.066380, 669.099978, 985.066380, 669.917837, 985.702493, 669.645218, 987.429086, 669.736091, 989.337425, 672.371416, 990.155284, 673.825388, 989.973538, 674.552375, 989.519171, 675.097614, 988.156072, 675.097614, 986.974719, 675.733727, 986.429480, 677.187700, 986.429480, 678.459926, 985.61162",
            "road_imcoords": "EMPTY",
            "image_id": "BLD01104_PS3_K3A_NIA0277.png",
            "ingest_time": "2023-03-02T14:34:14.313313Z",
            "type_id": "1",
            "type_name": "건물"
         }
      },
      {
         "type": "Feature",
         "geometry": {
            "type": "Polygon",
            "coordinates": [
               [
                  31.319335,
                  30.033589,
                  0.0
               ],
               [
                  31.319519,
                  30.033454,
                  0.0
               ],
               [
                  31.319612,
                  30.033508,
                  0.0
               ],
               [
                  31.319728,
                  30.033645,
                  0.0
               ]
            ]
         },
         "properties": {
            "object_imcoords": "EMPTY",
            "building_imcoords": "587.230512, 932.411439, 619.113388, 960.227622, 635.542829, 949.491551, 656.364298, 922.163372, 652.346851, 918.516766, 651.932304, 918.965503, 649.125973, 916.159172, 624.732479, 896.29898",
            "road_imcoords": "EMPTY",
            "image_id": "BLD01104_PS3_K3A_NIA0277.png",
            "ingest_time": "2023-03-02T14:34:14.313313Z",
            "type_id": "1",
            "type_name": "건물"
         }
      },
      {
         "type": "Feature",
         "geometry": {
            "type": "Polygon",
            "coordinates": [
               [
                  31.318873,
                  30.033129,
                  0.0
               ],
               [
                  31.318965,
                  30.033245,
                  0.0
               ],
               [
                  31.319031,
                  30.0332,
                  0.0
               ],
               [
                  31.318982,
                  30.03313,
                  0.0
               ]
            ]
         },
         "properties": {
            "object_imcoords": "EMPTY",
            "building_imcoords": "504.863497, 1023.943090, 521.384905, 1000.889962, 532.719360, 1010.111213, 523.967521, 1024.000000, 510.497633, 1024.00000",
            "road_imcoords": "EMPTY",
            "image_id": "BLD01104_PS3_K3A_NIA0277.png",
            "ingest_time": "2023-03-02T14:34:14.313313Z",
            "type_id": "1",
            "type_name": "건물"
         }
      },
      {
         "type": "Feature",
         "geometry": {
            "type": "Polygon",
            "coordinates": [
               [
                  31.319056,
                  30.033943,
                  0.0
               ],
               [
                  31.318967,
                  30.033861,
                  0.0
               ],
               [
                  31.319159,
                  30.033705,
                  0.0
               ],
               [
                  31.319254,
                  30.033794,
                  0.0
               ]
            ]
         },
         "properties": {
            "object_imcoords": "EMPTY",
            "building_imcoords": "539.345697, 860.372176, 523.435795, 876.812409, 556.669813, 908.632214, 573.640376, 890.95454",
            "road_imcoords": "EMPTY",
            "image_id": "BLD01104_PS3_K3A_NIA0277.png",
            "ingest_time": "2023-03-02T14:34:14.313313Z",
            "type_id": "1",
            "type_name": "건물"
         }
      },
      {
         "type": "Feature",
         "geometry": {
            "type": "Polygon",
            "coordinates": [
               [
                  31.31651,
                  30.033363,
                  0.0
               ],
               [
                  31.316475,
                  30.033342,
                  0.0
               ],
               [
                  31.31646,
                  30.033303,
                  0.0
               ],
               [
                  31.316582,
                  30.033227,
                  0.0
               ]
            ]
         },
         "properties": {
            "object_imcoords": "EMPTY",
            "building_imcoords": "91.158066, 970.706175, 85.020988, 974.897350, 82.326661, 982.680962, 103.432223, 998.397870, 105.527811, 994.955119, 109.596051, 990.849505, 112.370628, 986.26277",
            "road_imcoords": "EMPTY",
            "image_id": "BLD01104_PS3_K3A_NIA0277.png",
            "ingest_time": "2023-03-02T14:34:14.313313Z",
            "type_id": "1",
            "type_name": "건물"
         }
      }
   ]
}