{
   "type": "FeatureCollection",
   "features": [
      {
         "type": "Feature",
         "geometry": {
            "type": "Polygon",
            "coordinates": [
               [
                  31.335206,
                  29.949091,
                  0.0
               ],
               [
                  31.335195,
                  29.949073,
                  0.0
               ],
               [
                  31.335198,
                  29.949059,
                  0.0
               ],
               [
                  31.335251,
                  29.949031,
                  0.0
               ]
            ]
         },
         "properties": {
            "object_imcoords": "EMPTY",
            "building_imcoords": "717.716724, 946.184479, 715.842484, 949.702367, 716.213517, 952.661969, 725.398052, 958.328617, 728.900335, 953.338731, 727.412732, 950.52881",
            "road_imcoords": "EMPTY",
            "image_id": "BLD00386_PS3_K3A_NIA0276.png",
            "ingest_time": "2023-03-02T14:34:14.313313Z",
            "type_id": "1",
            "type_name": "건물"
         }
      },
      {
         "type": "Feature",
         "geometry": {
            "type": "Polygon",
            "coordinates": [
               [
                  31.335478,
                  29.948934,
                  0.0
               ],
               [
                  31.335432,
                  29.948948,
                  0.0
               ],
               [
                  31.335421,
                  29.94893,
                  0.0
               ],
               [
                  31.335404,
                  29.948849,
                  0.0
               ]
            ]
         },
         "properties": {
            "object_imcoords": "EMPTY",
            "building_imcoords": "764.978309, 978.529171, 756.940008, 975.581794, 755.064404, 979.065058, 751.849084, 995.409603, 761.227102, 997.55315",
            "road_imcoords": "EMPTY",
            "image_id": "BLD00386_PS3_K3A_NIA0276.png",
            "ingest_time": "2023-03-02T14:34:14.313313Z",
            "type_id": "1",
            "type_name": "건물"
         }
      }
   ]
}