{
   "type": "FeatureCollection",
   "features": [
      {
         "type": "Feature",
         "geometry": {
            "type": "Polygon",
            "coordinates": [
               [
                  31.307164,
                  30.072337,
                  0.0
               ],
               [
                  31.307593,
                  30.072474,
                  0.0
               ],
               [
                  31.307622,
                  30.072514,
                  0.0
               ],
               [
                  31.307646,
                  30.072549,
                  0.0
               ]
            ]
         },
         "properties": {
            "object_imcoords": "EMPTY",
            "building_imcoords": "616.806799, 260.674147, 692.357323, 234.160735, 697.526429, 226.259527, 701.779518, 219.299134, 705.735436, 216.321545, 768.605854, 176.744248, 832.707248, 204.579555, 846.424990, 234.882360, 875.511940, 225.212416, 895.296012, 279.784862, 877.280023, 314.305769, 897.591133, 279.222943, 908.669920, 303.842470, 890.205275, 345.695666, 900.053086, 381.393981, 901.284062, 394.319233, 865.585748, 407.244485, 849.583055, 457.099027, 815.731205, 468.793303, 829.271945, 415.861319, 815.460309, 467.565093, 760.954204, 490.654687, 724.945441, 474.430218, 715.429586, 460.660223, 687.977008, 448.740761, 673.416280, 422.282675, 657.642695, 373.876354, 647.633850, 330.17011",
            "road_imcoords": "EMPTY",
            "image_id": "BLD00931_PS3_K3A_NIA0277.png",
            "ingest_time": "2023-03-02T14:34:14.313313Z",
            "type_id": "1",
            "type_name": "건물"
         }
      },
      {
         "type": "Feature",
         "geometry": {
            "type": "Polygon",
            "coordinates": [
               [
                  31.303711,
                  30.068505,
                  0.0
               ],
               [
                  31.309552,
                  30.06858,
                  0.0
               ],
               [
                  31.309465,
                  30.07366,
                  0.0
               ],
               [
                  31.303624,
                  30.073585,
                  0.0
               ]
            ]
         },
         "properties": {
            "object_imcoords": "EMPTY",
            "building_imcoords": "717.857064, 0.000000, 714.476262, 15.777078, 750.538155, 99.170207, 761.807497, 95.225937, 778.148042, 134.105166, 802.377127, 123.962758, 816.463804, 125.653160, 825.479277, 109.876081, 844.637158, 104.804878, 834.494751, 65.925649, 839.002487, 60.854445, 816.463804, 0.00000",
            "road_imcoords": "EMPTY",
            "image_id": "BLD00931_PS3_K3A_NIA0277.png",
            "ingest_time": "2023-03-02T14:34:14.313313Z",
            "type_id": "1",
            "type_name": "건물"
         }
      },
      {
         "type": "Feature",
         "geometry": {
            "type": "Polygon",
            "coordinates": [
               [
                  31.303711,
                  30.068505,
                  0.0
               ],
               [
                  31.309552,
                  30.06858,
                  0.0
               ],
               [
                  31.309465,
                  30.07366,
                  0.0
               ],
               [
                  31.303624,
                  30.073585,
                  0.0
               ]
            ]
         },
         "properties": {
            "object_imcoords": "EMPTY",
            "building_imcoords": "949.278241, 0.000000, 946.372287, 28.575212, 956.543126, 40.199028, 1017.083830, 17.920048, 1016.115179, 0.00000",
            "road_imcoords": "EMPTY",
            "image_id": "BLD00931_PS3_K3A_NIA0277.png",
            "ingest_time": "2023-03-02T14:34:14.313313Z",
            "type_id": "1",
            "type_name": "건물"
         }
      },
      {
         "type": "Feature",
         "geometry": {
            "type": "Polygon",
            "coordinates": [
               [
                  31.303711,
                  30.068505,
                  0.0
               ],
               [
                  31.309552,
                  30.06858,
                  0.0
               ],
               [
                  31.309465,
                  30.07366,
                  0.0
               ],
               [
                  31.303624,
                  30.073585,
                  0.0
               ]
            ]
         },
         "properties": {
            "object_imcoords": "EMPTY",
            "building_imcoords": "849.991486, 0.000000, 857.256371, 13.561118, 859.677999, 13.561118, 872.270466, 46.979586, 900.361352, 36.808748, 899.392701, 15.014095, 893.096468, 0.00000",
            "road_imcoords": "EMPTY",
            "image_id": "BLD00931_PS3_K3A_NIA0277.png",
            "ingest_time": "2023-03-02T14:34:14.313313Z",
            "type_id": "1",
            "type_name": "건물"
         }
      },
      {
         "type": "Feature",
         "geometry": {
            "type": "Polygon",
            "coordinates": [
               [
                  31.303711,
                  30.068505,
                  0.0
               ],
               [
                  31.309552,
                  30.06858,
                  0.0
               ],
               [
                  31.309465,
                  30.07366,
                  0.0
               ],
               [
                  31.303624,
                  30.073585,
                  0.0
               ]
            ]
         },
         "properties": {
            "object_imcoords": "EMPTY",
            "building_imcoords": "298.384975, 231.017338, 301.365843, 242.642727, 331.472619, 234.594381, 327.895576, 222.96899",
            "road_imcoords": "EMPTY",
            "image_id": "BLD00931_PS3_K3A_NIA0277.png",
            "ingest_time": "2023-03-02T14:34:14.313313Z",
            "type_id": "1",
            "type_name": "건물"
         }
      },
      {
         "type": "Feature",
         "geometry": {
            "type": "Polygon",
            "coordinates": [
               [
                  31.303711,
                  30.068505,
                  0.0
               ],
               [
                  31.309552,
                  30.06858,
                  0.0
               ],
               [
                  31.309465,
                  30.07366,
                  0.0
               ],
               [
                  31.303624,
                  30.073585,
                  0.0
               ]
            ]
         },
         "properties": {
            "object_imcoords": "EMPTY",
            "building_imcoords": "335.443404, 219.487605, 338.424273, 231.112994, 368.531049, 223.064648, 364.954006, 211.43925",
            "road_imcoords": "EMPTY",
            "image_id": "BLD00931_PS3_K3A_NIA0277.png",
            "ingest_time": "2023-03-02T14:34:14.313313Z",
            "type_id": "1",
            "type_name": "건물"
         }
      },
      {
         "type": "Feature",
         "geometry": {
            "type": "Polygon",
            "coordinates": [
               [
                  31.303711,
                  30.068505,
                  0.0
               ],
               [
                  31.309552,
                  30.06858,
                  0.0
               ],
               [
                  31.309465,
                  30.07366,
                  0.0
               ],
               [
                  31.303624,
                  30.073585,
                  0.0
               ]
            ]
         },
         "properties": {
            "object_imcoords": "EMPTY",
            "building_imcoords": "197.333520, 206.276126, 205.679952, 233.103946, 234.892467, 224.459426, 225.651774, 197.333520, 213.728298, 200.314389, 219.391949, 213.132125, 210.449343, 214.920646, 207.170387, 202.99717",
            "road_imcoords": "EMPTY",
            "image_id": "BLD00931_PS3_K3A_NIA0277.png",
            "ingest_time": "2023-03-02T14:34:14.313313Z",
            "type_id": "1",
            "type_name": "건물"
         }
      },
      {
         "type": "Feature",
         "geometry": {
            "type": "Polygon",
            "coordinates": [
               [
                  31.303711,
                  30.068505,
                  0.0
               ],
               [
                  31.309552,
                  30.06858,
                  0.0
               ],
               [
                  31.309465,
                  30.07366,
                  0.0
               ],
               [
                  31.303624,
                  30.073585,
                  0.0
               ]
            ]
         },
         "properties": {
            "object_imcoords": "EMPTY",
            "building_imcoords": "446.993557, 161.257169, 436.525987, 164.652057, 445.579021, 191.245345, 456.612406, 188.41627",
            "road_imcoords": "EMPTY",
            "image_id": "BLD00931_PS3_K3A_NIA0277.png",
            "ingest_time": "2023-03-02T14:34:14.313313Z",
            "type_id": "1",
            "type_name": "건물"
         }
      },
      {
         "type": "Feature",
         "geometry": {
            "type": "Polygon",
            "coordinates": [
               [
                  31.303711,
                  30.068505,
                  0.0
               ],
               [
                  31.309552,
                  30.06858,
                  0.0
               ],
               [
                  31.309465,
                  30.07366,
                  0.0
               ],
               [
                  31.303624,
                  30.073585,
                  0.0
               ]
            ]
         },
         "properties": {
            "object_imcoords": "EMPTY",
            "building_imcoords": "553.762224, 224.915156, 561.611249, 243.861077, 570.001586, 240.883861, 563.505841, 220.04334",
            "road_imcoords": "EMPTY",
            "image_id": "BLD00931_PS3_K3A_NIA0277.png",
            "ingest_time": "2023-03-02T14:34:14.313313Z",
            "type_id": "1",
            "type_name": "건물"
         }
      },
      {
         "type": "Feature",
         "geometry": {
            "type": "Polygon",
            "coordinates": [
               [
                  31.303711,
                  30.068505,
                  0.0
               ],
               [
                  31.309552,
                  30.06858,
                  0.0
               ],
               [
                  31.309465,
                  30.07366,
                  0.0
               ],
               [
                  31.303624,
                  30.073585,
                  0.0
               ]
            ]
         },
         "properties": {
            "object_imcoords": "EMPTY",
            "building_imcoords": "659.056040, 60.216782, 691.131311, 48.718100, 693.249489, 54.164844, 675.698869, 61.729767, 679.330032, 74.741433, 664.805381, 78.97779",
            "road_imcoords": "EMPTY",
            "image_id": "BLD00931_PS3_K3A_NIA0277.png",
            "ingest_time": "2023-03-02T14:34:14.313313Z",
            "type_id": "1",
            "type_name": "건물"
         }
      },
      {
         "type": "Feature",
         "geometry": {
            "type": "Polygon",
            "coordinates": [
               [
                  31.303711,
                  30.068505,
                  0.0
               ],
               [
                  31.309552,
                  30.06858,
                  0.0
               ],
               [
                  31.309465,
                  30.07366,
                  0.0
               ],
               [
                  31.303624,
                  30.073585,
                  0.0
               ]
            ]
         },
         "properties": {
            "object_imcoords": "EMPTY",
            "building_imcoords": "527.426390, 39.640193, 533.780925, 58.098604, 574.934102, 45.086938, 566.158792, 24.81294",
            "road_imcoords": "EMPTY",
            "image_id": "BLD00931_PS3_K3A_NIA0277.png",
            "ingest_time": "2023-03-02T14:34:14.313313Z",
            "type_id": "1",
            "type_name": "건물"
         }
      },
      {
         "type": "Feature",
         "geometry": {
            "type": "Polygon",
            "coordinates": [
               [
                  31.303711,
                  30.068505,
                  0.0
               ],
               [
                  31.309552,
                  30.06858,
                  0.0
               ],
               [
                  31.309465,
                  30.07366,
                  0.0
               ],
               [
                  31.303624,
                  30.073585,
                  0.0
               ]
            ]
         },
         "properties": {
            "object_imcoords": "EMPTY",
            "building_imcoords": "467.209607, 0.000000, 481.431662, 39.337596, 511.388754, 30.864883, 498.982282, 0.00000",
            "road_imcoords": "EMPTY",
            "image_id": "BLD00931_PS3_K3A_NIA0277.png",
            "ingest_time": "2023-03-02T14:34:14.313313Z",
            "type_id": "1",
            "type_name": "건물"
         }
      },
      {
         "type": "Feature",
         "geometry": {
            "type": "Polygon",
            "coordinates": [
               [
                  31.303711,
                  30.068505,
                  0.0
               ],
               [
                  31.309552,
                  30.06858,
                  0.0
               ],
               [
                  31.309465,
                  30.07366,
                  0.0
               ],
               [
                  31.303624,
                  30.073585,
                  0.0
               ]
            ]
         },
         "properties": {
            "object_imcoords": "EMPTY",
            "building_imcoords": "902.004946, 36.555719, 912.109779, 65.087013, 922.214612, 61.520601, 910.623774, 30.01729",
            "road_imcoords": "EMPTY",
            "image_id": "BLD00931_PS3_K3A_NIA0277.png",
            "ingest_time": "2023-03-02T14:34:14.313313Z",
            "type_id": "1",
            "type_name": "건물"
         }
      },
      {
         "type": "Feature",
         "geometry": {
            "type": "Polygon",
            "coordinates": [
               [
                  31.303711,
                  30.068505,
                  0.0
               ],
               [
                  31.309552,
                  30.06858,
                  0.0
               ],
               [
                  31.309465,
                  30.07366,
                  0.0
               ],
               [
                  31.303624,
                  30.073585,
                  0.0
               ]
            ]
         },
         "properties": {
            "object_imcoords": "EMPTY",
            "building_imcoords": "916.270592, 23.776078, 928.455832, 57.359787, 943.315881, 52.901773, 929.050234, 18.42646",
            "road_imcoords": "EMPTY",
            "image_id": "BLD00931_PS3_K3A_NIA0277.png",
            "ingest_time": "2023-03-02T14:34:14.313313Z",
            "type_id": "1",
            "type_name": "건물"
         }
      },
      {
         "type": "Feature",
         "geometry": {
            "type": "Polygon",
            "coordinates": [
               [
                  31.303711,
                  30.068505,
                  0.0
               ],
               [
                  31.309552,
                  30.06858,
                  0.0
               ],
               [
                  31.309465,
                  30.07366,
                  0.0
               ],
               [
                  31.303624,
                  30.073585,
                  0.0
               ]
            ]
         },
         "properties": {
            "object_imcoords": "EMPTY",
            "building_imcoords": "611.427474, 388.125777, 621.259994, 414.777080, 626.693755, 414.000829, 638.596278, 446.603394, 646.100043, 442.722136, 647.135046, 444.533390, 660.072571, 438.582128, 658.778819, 435.735872, 664.988831, 432.372116, 654.897561, 401.580804, 657.485066, 397.440796, 646.617544, 372.85949",
            "road_imcoords": "EMPTY",
            "image_id": "BLD00931_PS3_K3A_NIA0277.png",
            "ingest_time": "2023-03-02T14:34:14.313313Z",
            "type_id": "1",
            "type_name": "건물"
         }
      },
      {
         "type": "Feature",
         "geometry": {
            "type": "Polygon",
            "coordinates": [
               [
                  31.303711,
                  30.068505,
                  0.0
               ],
               [
                  31.309552,
                  30.06858,
                  0.0
               ],
               [
                  31.309465,
                  30.07366,
                  0.0
               ],
               [
                  31.303624,
                  30.073585,
                  0.0
               ]
            ]
         },
         "properties": {
            "object_imcoords": "EMPTY",
            "building_imcoords": "11.240685, 940.250281, 15.869203, 955.458267, 31.077189, 949.176708, 26.779280, 933.30750",
            "road_imcoords": "EMPTY",
            "image_id": "BLD00931_PS3_K3A_NIA0277.png",
            "ingest_time": "2023-03-02T14:34:14.313313Z",
            "type_id": "1",
            "type_name": "건물"
         }
      },
      {
         "type": "Feature",
         "geometry": {
            "type": "Polygon",
            "coordinates": [
               [
                  31.303711,
                  30.068505,
                  0.0
               ],
               [
                  31.309552,
                  30.06858,
                  0.0
               ],
               [
                  31.309465,
                  30.07366,
                  0.0
               ],
               [
                  31.303624,
                  30.073585,
                  0.0
               ]
            ]
         },
         "properties": {
            "object_imcoords": "EMPTY",
            "building_imcoords": "382.556753, 578.880562, 408.219516, 542.896799, 399.958158, 506.956753, 381.515535, 441.382982, 287.253240, 395.891179, 182.745043, 441.382982, 161.023731, 492.612490, 155.695863, 490.153474, 127.007338, 498.760031, 138.482748, 541.382982, 117.171272, 593.432162, 148.318813, 670.891179, 161.843404, 701.628884, 179.784129, 703.671755, 207.211742, 716.661035, 242.268427, 734.760788, 257.607488, 733.958898, 276.595352, 728.778443, 289.611877, 718.103920, 310.076576, 711.115771, 323.280613, 701.593149, 332.677454, 682.106933, 348.648727, 656.725745, 361.826230, 623.55644",
            "road_imcoords": "EMPTY",
            "image_id": "BLD00931_PS3_K3A_NIA0277.png",
            "ingest_time": "2023-03-02T14:34:14.313313Z",
            "type_id": "1",
            "type_name": "건물"
         }
      },
      {
         "type": "Feature",
         "geometry": {
            "type": "Polygon",
            "coordinates": [
               [
                  31.30653,
                  30.071164,
                  0.0
               ],
               [
                  31.306704,
                  30.071184,
                  0.0
               ],
               [
                  31.306871,
                  30.071154,
                  0.0
               ],
               [
                  31.306964,
                  30.071068,
                  0.0
               ]
            ]
         },
         "properties": {
            "object_imcoords": "EMPTY",
            "building_imcoords": "502.075257, 495.507412, 532.725200, 491.858609, 561.915621, 498.426454, 577.970353, 515.940707, 586.727480, 529.076397, 603.511973, 524.697834, 601.322691, 506.453820, 604.241733, 494.047891, 604.971494, 488.209806, 615.917902, 484.561003, 626.134550, 491.128848, 634.891676, 503.534778, 642.919042, 529.076397, 659.703535, 503.534778, 705.678449, 519.589510, 694.002281, 544.401368, 725.381984, 530.535918, 746.545040, 543.671608, 741.436716, 575.051311, 726.111745, 587.457241, 739.247434, 607.160775, 762.599772, 604.241733, 788.141391, 610.079818, 807.115165, 634.891676, 810.034208, 671.379704, 793.979475, 695.461802, 781.573546, 699.110604, 789.600912, 711.516534, 815.142531, 716.624857, 804.925884, 757.491448, 785.222349, 772.086659, 806.385405, 784.492588, 788.141391, 828.278221, 775.005701, 826.088940, 762.599772, 869.874572, 757.491448, 877.901938, 729.760547, 872.793615, 721.003421, 856.009122, 689.714879, 866.237002, 692.945453, 876.122812, 712.104414, 915.917790, 644.244393, 937.445630, 627.710177, 890.878468, 598.403649, 901.254276, 589.646522, 940.661345, 558.266819, 931.904219, 549.509692, 907.822121, 533.454960, 926.795895, 486.750285, 909.281642, 491.858609, 890.307868, 488.209806, 881.550741, 464.127708, 887.388826, 442.234892, 876.442417, 451.721779, 843.603193, 461.938426, 835.575827, 453.911060, 825.359179, 429.828962, 837.765108, 394.800456, 823.899658, 383.124287, 802.736602, 380.205245, 778.654504, 385.313569, 756.031927, 405.017104, 740.706956, 401.368301, 735.598632, 378.745724, 727.571266, 373.637400, 699.110604, 385.313569, 675.028506, 386.773090, 653.865450, 401.368301, 621.755986, 414.503991, 613.728620, 428.369441, 618.836944, 424.720639, 594.754846, 437.856328, 561.185861, 455.370582, 572.862030, 470.695553, 586.727480, 469.965792, 558.996579, 478.722919, 522.50855",
            "road_imcoords": "EMPTY",
            "image_id": "BLD00931_PS3_K3A_NIA0277.png",
            "ingest_time": "2023-03-02T14:34:14.313313Z",
            "type_id": "1",
            "type_name": "건물"
         }
      },
      {
         "type": "Feature",
         "geometry": {
            "type": "Polygon",
            "coordinates": [
               [
                  31.303711,
                  30.068505,
                  0.0
               ],
               [
                  31.309552,
                  30.06858,
                  0.0
               ],
               [
                  31.309465,
                  30.07366,
                  0.0
               ],
               [
                  31.303624,
                  30.073585,
                  0.0
               ]
            ]
         },
         "properties": {
            "object_imcoords": "EMPTY",
            "building_imcoords": "123.737353, 239.505182, 126.673494, 250.620571, 146.177856, 248.313603, 148.904272, 240.973252, 152.469586, 238.456560, 152.050137, 232.164830, 147.436202, 226.711998, 143.241715, 227.550895, 134.433294, 232.584279, 127.931840, 234.471798, 122.059558, 236.988490, 121.430385, 240.55380",
            "road_imcoords": "EMPTY",
            "image_id": "BLD00931_PS3_K3A_NIA0277.png",
            "ingest_time": "2023-03-02T14:34:14.313313Z",
            "type_id": "1",
            "type_name": "건물"
         }
      },
      {
         "type": "Feature",
         "geometry": {
            "type": "Polygon",
            "coordinates": [
               [
                  31.303711,
                  30.068505,
                  0.0
               ],
               [
                  31.309552,
                  30.06858,
                  0.0
               ],
               [
                  31.309465,
                  30.07366,
                  0.0
               ],
               [
                  31.303624,
                  30.073585,
                  0.0
               ]
            ]
         },
         "properties": {
            "object_imcoords": "EMPTY",
            "building_imcoords": "166.311391, 237.407938, 166.311391, 244.328841, 173.022570, 246.216360, 185.815754, 242.231598, 185.396305, 237.827387, 186.025478, 230.696760, 184.557408, 229.64813",
            "road_imcoords": "EMPTY",
            "image_id": "BLD00931_PS3_K3A_NIA0277.png",
            "ingest_time": "2023-03-02T14:34:14.313313Z",
            "type_id": "1",
            "type_name": "건물"
         }
      },
      {
         "type": "Feature",
         "geometry": {
            "type": "Polygon",
            "coordinates": [
               [
                  31.307276,
                  30.073587,
                  0.0
               ],
               [
                  31.307213,
                  30.073573,
                  0.0
               ],
               [
                  31.307194,
                  30.073548,
                  0.0
               ],
               [
                  31.307235,
                  30.073487,
                  0.0
               ]
            ]
         },
         "properties": {
            "object_imcoords": "EMPTY",
            "building_imcoords": "640.156397, 9.176735, 629.081027, 11.708248, 625.600197, 16.771275, 632.561858, 29.112402, 645.535863, 24.682254, 646.801620, 21.20142",
            "road_imcoords": "EMPTY",
            "image_id": "BLD00931_PS3_K3A_NIA0277.png",
            "ingest_time": "2023-03-02T14:34:14.313313Z",
            "type_id": "1",
            "type_name": "건물"
         }
      },
      {
         "type": "Feature",
         "geometry": {
            "type": "Polygon",
            "coordinates": [
               [
                  31.306546,
                  30.073621,
                  0.0
               ],
               [
                  31.306575,
                  30.073553,
                  0.0
               ],
               [
                  31.306805,
                  30.073623,
                  0.0
               ],
               [
                  31.306806,
                  30.073623,
                  0.0
               ]
            ]
         },
         "properties": {
            "object_imcoords": "EMPTY",
            "building_imcoords": "512.314981, 0.316439, 517.061569, 14.239762, 557.565780, 0.632878, 557.882219, 0.63287",
            "road_imcoords": "EMPTY",
            "image_id": "BLD00931_PS3_K3A_NIA0277.png",
            "ingest_time": "2023-03-02T14:34:14.313313Z",
            "type_id": "1",
            "type_name": "건물"
         }
      },
      {
         "type": "Feature",
         "geometry": {
            "type": "Polygon",
            "coordinates": [
               [
                  31.308516,
                  30.073281,
                  0.0
               ],
               [
                  31.308635,
                  30.073318,
                  0.0
               ],
               [
                  31.308511,
                  30.073587,
                  0.0
               ],
               [
                  31.308504,
                  30.073598,
                  0.0
               ]
            ]
         },
         "properties": {
            "object_imcoords": "EMPTY",
            "building_imcoords": "856.548619, 73.995038, 877.476509, 66.894504, 856.548619, 12.332506, 855.359021, 10.019398, 849.991486, 0.000000, 830.388758, 0.00000",
            "road_imcoords": "EMPTY",
            "image_id": "BLD00931_PS3_K3A_NIA0277.png",
            "ingest_time": "2023-03-02T14:34:14.313313Z",
            "type_id": "1",
            "type_name": "건물"
         }
      },
      {
         "type": "Feature",
         "geometry": {
            "type": "Polygon",
            "coordinates": [
               [
                  31.309353,
                  30.073446,
                  0.0
               ],
               [
                  31.308919,
                  30.073292,
                  0.0
               ],
               [
                  31.309003,
                  30.073228,
                  0.0
               ],
               [
                  31.309417,
                  30.073372,
                  0.0
               ]
            ]
         },
         "properties": {
            "object_imcoords": "EMPTY",
            "building_imcoords": "1003.791270, 42.976916, 927.180246, 72.873901, 941.755027, 85.953832, 1014.628928, 57.92540",
            "road_imcoords": "EMPTY",
            "image_id": "BLD00931_PS3_K3A_NIA0277.png",
            "ingest_time": "2023-03-02T14:34:14.313313Z",
            "type_id": "1",
            "type_name": "건물"
         }
      },
      {
         "type": "Feature",
         "geometry": {
            "type": "Polygon",
            "coordinates": [
               [
                  31.308587,
                  30.073254,
                  0.0
               ],
               [
                  31.308553,
                  30.073241,
                  0.0
               ],
               [
                  31.308626,
                  30.073082,
                  0.0
               ],
               [
                  31.308807,
                  30.073135,
                  0.0
               ]
            ]
         },
         "properties": {
            "object_imcoords": "EMPTY",
            "building_imcoords": "868.881126, 79.600722, 862.901729, 82.216709, 875.234235, 114.355968, 906.999782, 104.265735, 904.010083, 95.296640, 898.404398, 88.943530, 895.414700, 91.559516, 881.213632, 80.348147, 875.607947, 83.71155",
            "road_imcoords": "EMPTY",
            "image_id": "BLD00931_PS3_K3A_NIA0277.png",
            "ingest_time": "2023-03-02T14:34:14.313313Z",
            "type_id": "1",
            "type_name": "건물"
         }
      },
      {
         "type": "Feature",
         "geometry": {
            "type": "Polygon",
            "coordinates": [
               [
                  31.309463,
                  30.073486,
                  0.0
               ],
               [
                  31.309387,
                  30.073453,
                  0.0
               ],
               [
                  31.309441,
                  30.07337,
                  0.0
               ],
               [
                  31.30947,
                  30.073377,
                  0.0
               ]
            ]
         },
         "properties": {
            "object_imcoords": "EMPTY",
            "building_imcoords": "1023.059227, 35.076316, 1009.647695, 41.610140, 1018.932602, 58.460527, 1024.000000, 57.109221, 1024.000000, 55.14613",
            "road_imcoords": "EMPTY",
            "image_id": "BLD00931_PS3_K3A_NIA0277.png",
            "ingest_time": "2023-03-02T14:34:14.313313Z",
            "type_id": "1",
            "type_name": "건물"
         }
      },
      {
         "type": "Feature",
         "geometry": {
            "type": "Polygon",
            "coordinates": [
               [
                  31.308732,
                  30.073426,
                  0.0
               ],
               [
                  31.30872,
                  30.07342,
                  0.0
               ],
               [
                  31.308714,
                  30.073436,
                  0.0
               ],
               [
                  31.308667,
                  30.073425,
                  0.0
               ]
            ]
         },
         "properties": {
            "object_imcoords": "EMPTY",
            "building_imcoords": "894.789953, 45.392880, 892.726640, 46.424536, 891.694984, 43.329567, 883.441733, 45.392880, 883.785618, 50.895047, 878.971222, 52.614475, 886.536702, 69.464862, 902.699318, 63.96269",
            "road_imcoords": "EMPTY",
            "image_id": "BLD00931_PS3_K3A_NIA0277.png",
            "ingest_time": "2023-03-02T14:34:14.313313Z",
            "type_id": "1",
            "type_name": "건물"
         }
      },
      {
         "type": "Feature",
         "geometry": {
            "type": "Polygon",
            "coordinates": [
               [
                  31.308423,
                  30.073341,
                  0.0
               ],
               [
                  31.308411,
                  30.073335,
                  0.0
               ],
               [
                  31.308422,
                  30.073315,
                  0.0
               ],
               [
                  31.308396,
                  30.0733,
                  0.0
               ]
            ]
         },
         "properties": {
            "object_imcoords": "EMPTY",
            "building_imcoords": "840.478990, 61.662532, 838.236716, 62.783668, 840.105278, 66.894504, 835.620730, 69.884202, 842.347552, 81.095572, 838.984141, 82.590421, 846.832099, 102.397174, 846.084675, 105.386872, 865.517715, 98.660050, 855.427483, 72.873901, 827.913867, 0.000000, 824.284790, 0.000000, 817.308827, 0.74742",
            "road_imcoords": "EMPTY",
            "image_id": "BLD00931_PS3_K3A_NIA0277.png",
            "ingest_time": "2023-03-02T14:34:14.313313Z",
            "type_id": "1",
            "type_name": "건물"
         }
      },
      {
         "type": "Feature",
         "geometry": {
            "type": "Polygon",
            "coordinates": [
               [
                  31.307395,
                  30.073634,
                  0.0
               ],
               [
                  31.307428,
                  30.073584,
                  0.0
               ],
               [
                  31.307426,
                  30.073551,
                  0.0
               ],
               [
                  31.307598,
                  30.073607,
                  0.0
               ]
            ]
         },
         "properties": {
            "object_imcoords": "EMPTY",
            "building_imcoords": "661.135740, 0.000000, 666.702765, 10.090232, 666.329053, 16.817054, 696.599750, 5.979397, 696.285045, 0.00000",
            "road_imcoords": "EMPTY",
            "image_id": "BLD00931_PS3_K3A_NIA0277.png",
            "ingest_time": "2023-03-02T14:34:14.313313Z",
            "type_id": "1",
            "type_name": "건물"
         }
      },
      {
         "type": "Feature",
         "geometry": {
            "type": "Polygon",
            "coordinates": [
               [
                  31.308754,
                  30.072765,
                  0.0
               ],
               [
                  31.308665,
                  30.07256,
                  0.0
               ],
               [
                  31.308668,
                  30.072528,
                  0.0
               ],
               [
                  31.308747,
                  30.072502,
                  0.0
               ]
            ]
         },
         "properties": {
            "object_imcoords": "EMPTY",
            "building_imcoords": "896.726646, 178.695527, 880.481598, 219.714273, 880.887724, 226.212292, 894.696015, 231.491933, 915.408451, 183.162915, 915.814577, 176.25877",
            "road_imcoords": "EMPTY",
            "image_id": "BLD00931_PS3_K3A_NIA0277.png",
            "ingest_time": "2023-03-02T14:34:14.313313Z",
            "type_id": "1",
            "type_name": "건물"
         }
      },
      {
         "type": "Feature",
         "geometry": {
            "type": "Polygon",
            "coordinates": [
               [
                  31.304514,
                  30.073045,
                  0.0
               ],
               [
                  31.304455,
                  30.073026,
                  0.0
               ],
               [
                  31.304465,
                  30.072979,
                  0.0
               ],
               [
                  31.304531,
                  30.073006,
                  0.0
               ]
            ]
         },
         "properties": {
            "object_imcoords": "EMPTY",
            "building_imcoords": "154.422304, 111.070141, 143.979813, 114.867411, 145.562008, 124.360585, 157.270257, 118.98112",
            "road_imcoords": "EMPTY",
            "image_id": "BLD00931_PS3_K3A_NIA0277.png",
            "ingest_time": "2023-03-02T14:34:14.313313Z",
            "type_id": "1",
            "type_name": "건물"
         }
      },
      {
         "type": "Feature",
         "geometry": {
            "type": "Polygon",
            "coordinates": [
               [
                  31.305375,
                  30.072967,
                  0.0
               ],
               [
                  31.305414,
                  30.072905,
                  0.0
               ],
               [
                  31.305464,
                  30.072924,
                  0.0
               ],
               [
                  31.305423,
                  30.072993,
                  0.0
               ]
            ]
         },
         "properties": {
            "object_imcoords": "EMPTY",
            "building_imcoords": "305.047339, 129.107173, 311.692561, 141.764739, 320.552857, 137.967469, 313.591196, 124.04414",
            "road_imcoords": "EMPTY",
            "image_id": "BLD00931_PS3_K3A_NIA0277.png",
            "ingest_time": "2023-03-02T14:34:14.313313Z",
            "type_id": "1",
            "type_name": "건물"
         }
      },
      {
         "type": "Feature",
         "geometry": {
            "type": "Polygon",
            "coordinates": [
               [
                  31.304995,
                  30.073212,
                  0.0
               ],
               [
                  31.304949,
                  30.07318,
                  0.0
               ],
               [
                  31.304986,
                  30.073147,
                  0.0
               ],
               [
                  31.305026,
                  30.073179,
                  0.0
               ]
            ]
         },
         "properties": {
            "object_imcoords": "EMPTY",
            "building_imcoords": "239.227996, 78.793348, 231.000578, 85.122131, 237.329361, 91.767353, 244.607462, 85.43857",
            "road_imcoords": "EMPTY",
            "image_id": "BLD00931_PS3_K3A_NIA0277.png",
            "ingest_time": "2023-03-02T14:34:14.313313Z",
            "type_id": "1",
            "type_name": "건물"
         }
      },
      {
         "type": "Feature",
         "geometry": {
            "type": "Polygon",
            "coordinates": [
               [
                  31.305008,
                  30.073603,
                  0.0
               ],
               [
                  31.304965,
                  30.073584,
                  0.0
               ],
               [
                  31.304988,
                  30.073551,
                  0.0
               ],
               [
                  31.305058,
                  30.073582,
                  0.0
               ]
            ]
         },
         "properties": {
            "object_imcoords": "EMPTY",
            "building_imcoords": "242.708827, 0.000000, 235.114287, 3.797270, 238.911557, 10.442492, 251.252684, 4.430148, 245.780148, 0.00000",
            "road_imcoords": "EMPTY",
            "image_id": "BLD00931_PS3_K3A_NIA0277.png",
            "ingest_time": "2023-03-02T14:34:14.313313Z",
            "type_id": "1",
            "type_name": "건물"
         }
      },
      {
         "type": "Feature",
         "geometry": {
            "type": "Polygon",
            "coordinates": [
               [
                  31.305049,
                  30.073569,
                  0.0
               ],
               [
                  31.304999,
                  30.073545,
                  0.0
               ],
               [
                  31.30505,
                  30.073483,
                  0.0
               ],
               [
                  31.305115,
                  30.073488,
                  0.0
               ]
            ]
         },
         "properties": {
            "object_imcoords": "EMPTY",
            "building_imcoords": "249.670488, 6.961661, 240.810192, 11.708248, 249.670488, 24.365814, 261.062298, 23.416497, 256.632149, 16.77127",
            "road_imcoords": "EMPTY",
            "image_id": "BLD00931_PS3_K3A_NIA0277.png",
            "ingest_time": "2023-03-02T14:34:14.313313Z",
            "type_id": "1",
            "type_name": "건물"
         }
      },
      {
         "type": "Feature",
         "geometry": {
            "type": "Polygon",
            "coordinates": [
               [
                  31.304105,
                  30.073406,
                  0.0
               ],
               [
                  31.304053,
                  30.073388,
                  0.0
               ],
               [
                  31.304085,
                  30.073332,
                  0.0
               ],
               [
                  31.304144,
                  30.073356,
                  0.0
               ]
            ]
         },
         "properties": {
            "object_imcoords": "EMPTY",
            "building_imcoords": "83.856374, 37.339820, 74.679639, 40.820650, 80.059105, 52.212460, 90.501596, 47.46587",
            "road_imcoords": "EMPTY",
            "image_id": "BLD00931_PS3_K3A_NIA0277.png",
            "ingest_time": "2023-03-02T14:34:14.313313Z",
            "type_id": "1",
            "type_name": "건물"
         }
      },
      {
         "type": "Feature",
         "geometry": {
            "type": "Polygon",
            "coordinates": [
               [
                  31.304269,
                  30.072364,
                  0.0
               ],
               [
                  31.304167,
                  30.072327,
                  0.0
               ],
               [
                  31.304192,
                  30.072251,
                  0.0
               ],
               [
                  31.304312,
                  30.072286,
                  0.0
               ]
            ]
         },
         "properties": {
            "object_imcoords": "EMPTY",
            "building_imcoords": "109.487945, 247.771853, 91.450914, 255.049954, 95.564623, 270.239033, 116.766046, 263.59381",
            "road_imcoords": "EMPTY",
            "image_id": "BLD00931_PS3_K3A_NIA0277.png",
            "ingest_time": "2023-03-02T14:34:14.313313Z",
            "type_id": "1",
            "type_name": "건물"
         }
      },
      {
         "type": "Feature",
         "geometry": {
            "type": "Polygon",
            "coordinates": [
               [
                  31.304152,
                  30.073014,
                  0.0
               ],
               [
                  31.304084,
                  30.072969,
                  0.0
               ],
               [
                  31.304079,
                  30.072952,
                  0.0
               ],
               [
                  31.30409,
                  30.072927,
                  0.0
               ]
            ]
         },
         "properties": {
            "object_imcoords": "EMPTY",
            "building_imcoords": "90.818036, 116.449607, 78.793348, 125.309903, 77.844031, 128.790733, 79.742665, 133.853760, 88.919401, 129.423612, 89.868718, 127.841416, 97.146819, 122.14551",
            "road_imcoords": "EMPTY",
            "image_id": "BLD00931_PS3_K3A_NIA0277.png",
            "ingest_time": "2023-03-02T14:34:14.313313Z",
            "type_id": "1",
            "type_name": "건물"
         }
      },
      {
         "type": "Feature",
         "geometry": {
            "type": "Polygon",
            "coordinates": [
               [
                  31.305201,
                  30.072902,
                  0.0
               ],
               [
                  31.305167,
                  30.072887,
                  0.0
               ],
               [
                  31.305199,
                  30.072808,
                  0.0
               ],
               [
                  31.305249,
                  30.072832,
                  0.0
               ]
            ]
         },
         "properties": {
            "object_imcoords": "EMPTY",
            "building_imcoords": "274.352742, 141.764739, 268.340398, 144.612691, 273.719863, 160.751087, 282.580160, 156.00450",
            "road_imcoords": "EMPTY",
            "image_id": "BLD00931_PS3_K3A_NIA0277.png",
            "ingest_time": "2023-03-02T14:34:14.313313Z",
            "type_id": "1",
            "type_name": "건물"
         }
      },
      {
         "type": "Feature",
         "geometry": {
            "type": "Polygon",
            "coordinates": [
               [
                  31.304502,
                  30.072717,
                  0.0
               ],
               [
                  31.304437,
                  30.072732,
                  0.0
               ],
               [
                  31.304426,
                  30.072697,
                  0.0
               ],
               [
                  31.304506,
                  30.072683,
                  0.0
               ]
            ]
         },
         "properties": {
            "object_imcoords": "EMPTY",
            "building_imcoords": "151.257913, 177.205923, 139.866104, 174.041532, 137.967469, 181.003193, 151.890791, 184.16758",
            "road_imcoords": "EMPTY",
            "image_id": "BLD00931_PS3_K3A_NIA0277.png",
            "ingest_time": "2023-03-02T14:34:14.313313Z",
            "type_id": "1",
            "type_name": "건물"
         }
      },
      {
         "type": "Feature",
         "geometry": {
            "type": "Polygon",
            "coordinates": [
               [
                  31.304803,
                  30.073127,
                  0.0
               ],
               [
                  31.304753,
                  30.073105,
                  0.0
               ],
               [
                  31.304769,
                  30.073061,
                  0.0
               ],
               [
                  31.304826,
                  30.073073,
                  0.0
               ]
            ]
         },
         "properties": {
            "object_imcoords": "EMPTY",
            "building_imcoords": "205.228447, 95.331924, 196.401417, 99.745439, 199.049526, 108.572469, 209.200610, 106.36571",
            "road_imcoords": "EMPTY",
            "image_id": "BLD00931_PS3_K3A_NIA0277.png",
            "ingest_time": "2023-03-02T14:34:14.313313Z",
            "type_id": "1",
            "type_name": "건물"
         }
      }
   ]
}