{
   "type": "FeatureCollection",
   "features": [
      {
         "type": "Feature",
         "geometry": {
            "type": "Polygon",
            "coordinates": [
               [
                  31.443629,
                  29.950389,
                  0.0
               ],
               [
                  31.443573,
                  29.950411,
                  0.0
               ],
               [
                  31.443571,
                  29.950425,
                  0.0
               ],
               [
                  31.443561,
                  29.950429,
                  0.0
               ]
            ]
         },
         "properties": {
            "object_imcoords": "EMPTY",
            "building_imcoords": "291.741678, 951.723241, 281.932476, 947.131804, 281.733245, 944.266036, 279.951734, 943.507452, 277.724243, 945.162037, 266.804340, 940.050709, 261.911304, 949.139496, 260.994020, 956.141555, 262.089432, 956.617194, 288.240649, 967.972328, 291.899919, 959.56839",
            "road_imcoords": "EMPTY",
            "image_id": "BLD00405_PS3_K3A_NIA0276.png",
            "ingest_time": "2023-03-02T14:34:14.313313Z",
            "type_id": "1",
            "type_name": "건물"
         }
      },
      {
         "type": "Feature",
         "geometry": {
            "type": "Polygon",
            "coordinates": [
               [
                  31.443705,
                  29.950609,
                  0.0
               ],
               [
                  31.443705,
                  29.950626,
                  0.0
               ],
               [
                  31.443604,
                  29.950654,
                  0.0
               ],
               [
                  31.443606,
                  29.950651,
                  0.0
               ]
            ]
         },
         "properties": {
            "object_imcoords": "EMPTY",
            "building_imcoords": "305.639855, 907.462771, 305.691340, 904.199882, 288.166461, 898.189295, 288.404635, 898.803519, 285.731091, 905.950397, 303.656504, 913.47907",
            "road_imcoords": "EMPTY",
            "image_id": "BLD00405_PS3_K3A_NIA0276.png",
            "ingest_time": "2023-03-02T14:34:14.313313Z",
            "type_id": "1",
            "type_name": "건물"
         }
      }
   ]
}