{
   "type": "FeatureCollection",
   "features": [
      {
         "type": "Feature",
         "geometry": {
            "type": "Polygon",
            "coordinates": [
               [
                  31.356304,
                  29.918114,
                  0.0
               ],
               [
                  31.356297,
                  29.91824,
                  0.0
               ],
               [
                  31.356225,
                  29.918238,
                  0.0
               ],
               [
                  31.356228,
                  29.918107,
                  0.0
               ]
            ]
         },
         "properties": {
            "object_imcoords": "EMPTY",
            "building_imcoords": "234.807182, 73.710583, 233.849901, 48.274278, 221.268503, 48.547787, 221.405258, 74.941372, 223.593327, 74.667863, 223.866835, 79.727773, 232.619112, 79.180756, 232.755867, 73.98409",
            "road_imcoords": "EMPTY",
            "image_id": "BLD00552_PS3_K3A_NIA0276.png",
            "ingest_time": "2023-03-02T14:34:14.313313Z",
            "type_id": "1",
            "type_name": "건물"
         }
      },
      {
         "type": "Feature",
         "geometry": {
            "type": "Polygon",
            "coordinates": [
               [
                  31.356291,
                  29.917835,
                  0.0
               ],
               [
                  31.356358,
                  29.917835,
                  0.0
               ],
               [
                  31.356349,
                  29.917709,
                  0.0
               ],
               [
                  31.356278,
                  29.917713,
                  0.0
               ]
            ]
         },
         "properties": {
            "object_imcoords": "EMPTY",
            "building_imcoords": "231.679615, 129.863041, 243.431479, 129.961796, 241.456376, 155.341873, 229.060954, 154.45439",
            "road_imcoords": "EMPTY",
            "image_id": "BLD00552_PS3_K3A_NIA0276.png",
            "ingest_time": "2023-03-02T14:34:14.313313Z",
            "type_id": "1",
            "type_name": "건물"
         }
      },
      {
         "type": "Feature",
         "geometry": {
            "type": "Polygon",
            "coordinates": [
               [
                  31.355846,
                  29.9171,
                  0.0
               ],
               [
                  31.355846,
                  29.9171,
                  0.0
               ],
               [
                  31.355822,
                  29.917178,
                  0.0
               ],
               [
                  31.355876,
                  29.917191,
                  0.0
               ]
            ]
         },
         "properties": {
            "object_imcoords": "EMPTY",
            "building_imcoords": "151.460197, 276.937683, 151.513987, 276.892910, 147.531104, 261.094566, 156.910229, 258.559667, 161.473047, 274.40278",
            "road_imcoords": "EMPTY",
            "image_id": "BLD00552_PS3_K3A_NIA0276.png",
            "ingest_time": "2023-03-02T14:34:14.313313Z",
            "type_id": "1",
            "type_name": "건물"
         }
      },
      {
         "type": "Feature",
         "geometry": {
            "type": "Polygon",
            "coordinates": [
               [
                  31.356206,
                  29.916314,
                  0.0
               ],
               [
                  31.356162,
                  29.916367,
                  0.0
               ],
               [
                  31.356312,
                  29.916455,
                  0.0
               ],
               [
                  31.356362,
                  29.916406,
                  0.0
               ]
            ]
         },
         "properties": {
            "object_imcoords": "EMPTY",
            "building_imcoords": "212.327775, 436.189688, 204.790675, 425.412121, 231.348717, 408.065172, 240.017423, 418.06102",
            "road_imcoords": "EMPTY",
            "image_id": "BLD00552_PS3_K3A_NIA0276.png",
            "ingest_time": "2023-03-02T14:34:14.313313Z",
            "type_id": "1",
            "type_name": "건물"
         }
      }
   ]
}