{
   "type": "FeatureCollection",
   "features": [
      {
         "type": "Feature",
         "geometry": {
            "type": "Polygon",
            "coordinates": [
               [
                  31.370485,
                  29.983423,
                  0.0
               ],
               [
                  31.370423,
                  29.983454,
                  0.0
               ],
               [
                  31.370331,
                  29.983333,
                  0.0
               ],
               [
                  31.370349,
                  29.983272,
                  0.0
               ]
            ]
         },
         "properties": {
            "object_imcoords": "EMPTY",
            "building_imcoords": "863.025770, 260.855361, 852.227102, 254.471371, 835.768184, 278.589395, 838.659206, 290.941943, 860.998922, 301.191931, 876.505313, 272.018890, 865.687287, 266.615731, 867.330718, 263.91968",
            "road_imcoords": "EMPTY",
            "image_id": "BLD00241_PS3_K3A_NIA0276.png",
            "ingest_time": "2023-03-02T14:34:14.313313Z",
            "type_id": "1",
            "type_name": "건물"
         }
      },
      {
         "type": "Feature",
         "geometry": {
            "type": "Polygon",
            "coordinates": [
               [
                  31.371301,
                  29.983301,
                  0.0
               ],
               [
                  31.37114,
                  29.983324,
                  0.0
               ],
               [
                  31.371081,
                  29.983105,
                  0.0
               ],
               [
                  31.37109,
                  29.983096,
                  0.0
               ]
            ]
         },
         "properties": {
            "object_imcoords": "EMPTY",
            "building_imcoords": "1005.724705, 287.477875, 977.653761, 282.331535, 966.659307, 326.309349, 968.193328, 328.281661, 972.416591, 328.654614, 973.362318, 325.049714, 977.627446, 325.256872, 978.782289, 324.032194, 996.756465, 328.069185, 999.367191, 324.81118",
            "road_imcoords": "EMPTY",
            "image_id": "BLD00241_PS3_K3A_NIA0276.png",
            "ingest_time": "2023-03-02T14:34:14.313313Z",
            "type_id": "1",
            "type_name": "건물"
         }
      },
      {
         "type": "Feature",
         "geometry": {
            "type": "Polygon",
            "coordinates": [
               [
                  31.37109,
                  29.983321,
                  0.0
               ],
               [
                  31.37109,
                  29.983393,
                  0.0
               ],
               [
                  31.371004,
                  29.983403,
                  0.0
               ],
               [
                  31.370999,
                  29.983383,
                  0.0
               ]
            ]
         },
         "properties": {
            "object_imcoords": "EMPTY",
            "building_imcoords": "968.863271, 282.786110, 969.024718, 268.339917, 953.944278, 266.206128, 953.008580, 270.182845, 942.768920, 268.818487, 941.688121, 273.174077, 932.407835, 271.700267, 922.598390, 316.567622, 928.225662, 316.803849, 930.367929, 310.610239, 945.146726, 312.850995, 947.968128, 318.021029, 954.029685, 318.823764, 962.664901, 310.52483",
            "road_imcoords": "EMPTY",
            "image_id": "BLD00241_PS3_K3A_NIA0276.png",
            "ingest_time": "2023-03-02T14:34:14.313313Z",
            "type_id": "1",
            "type_name": "건물"
         }
      },
      {
         "type": "Feature",
         "geometry": {
            "type": "Polygon",
            "coordinates": [
               [
                  31.370819,
                  29.983371,
                  0.0
               ],
               [
                  31.370744,
                  29.983382,
                  0.0
               ],
               [
                  31.370737,
                  29.983394,
                  0.0
               ],
               [
                  31.370707,
                  29.983408,
                  0.0
               ]
            ]
         },
         "properties": {
            "object_imcoords": "EMPTY",
            "building_imcoords": "921.479870, 272.134858, 908.328993, 269.795612, 907.128422, 267.374316, 901.935459, 264.496168, 895.314932, 263.559855, 891.811761, 273.881025, 888.663543, 295.291200, 884.897549, 294.287653, 882.648396, 305.841581, 883.127362, 308.074069, 890.029111, 307.809462, 891.510606, 305.883184, 907.592104, 309.448336, 907.956554, 313.746726, 917.249074, 313.73311",
            "road_imcoords": "EMPTY",
            "image_id": "BLD00241_PS3_K3A_NIA0276.png",
            "ingest_time": "2023-03-02T14:34:14.313313Z",
            "type_id": "1",
            "type_name": "건물"
         }
      },
      {
         "type": "Feature",
         "geometry": {
            "type": "Polygon",
            "coordinates": [
               [
                  31.370346,
                  29.983569,
                  0.0
               ],
               [
                  31.370265,
                  29.983475,
                  0.0
               ],
               [
                  31.370206,
                  29.983504,
                  0.0
               ],
               [
                  31.370082,
                  29.98341,
                  0.0
               ]
            ]
         },
         "properties": {
            "object_imcoords": "EMPTY",
            "building_imcoords": "839.087329, 231.117447, 824.584007, 249.831410, 814.291327, 243.749372, 792.302421, 262.463335, 790.197100, 276.966657, 797.214836, 280.475525, 803.268405, 278.162445, 814.291327, 279.539827, 813.589554, 285.855789, 824.817932, 293.107450, 839.789102, 268.311449, 836.514159, 255.913448, 846.020900, 240.027055, 846.806839, 234.62631",
            "road_imcoords": "EMPTY",
            "image_id": "BLD00241_PS3_K3A_NIA0276.png",
            "ingest_time": "2023-03-02T14:34:14.313313Z",
            "type_id": "1",
            "type_name": "건물"
         }
      },
      {
         "type": "Feature",
         "geometry": {
            "type": "Polygon",
            "coordinates": [
               [
                  31.369708,
                  29.983253,
                  0.0
               ],
               [
                  31.369689,
                  29.983197,
                  0.0
               ],
               [
                  31.36969,
                  29.983171,
                  0.0
               ],
               [
                  31.369953,
                  29.983147,
                  0.0
               ]
            ]
         },
         "properties": {
            "object_imcoords": "EMPTY",
            "building_imcoords": "726.139403, 293.108078, 722.714025, 304.359379, 722.868091, 309.543917, 768.914297, 315.046463, 770.525114, 311.241265, 771.372567, 299.82659",
            "road_imcoords": "EMPTY",
            "image_id": "BLD00241_PS3_K3A_NIA0276.png",
            "ingest_time": "2023-03-02T14:34:14.313313Z",
            "type_id": "1",
            "type_name": "건물"
         }
      },
      {
         "type": "Feature",
         "geometry": {
            "type": "Polygon",
            "coordinates": [
               [
                  31.36944,
                  29.984307,
                  0.0
               ],
               [
                  31.369441,
                  29.984321,
                  0.0
               ],
               [
                  31.369438,
                  29.984331,
                  0.0
               ],
               [
                  31.369393,
                  29.984335,
                  0.0
               ]
            ]
         },
         "properties": {
            "object_imcoords": "EMPTY",
            "building_imcoords": "682.214622, 80.110193, 682.475264, 77.250796, 681.998968, 75.227298, 674.112809, 74.318891, 673.691862, 78.241243, 654.934119, 73.781414, 642.526931, 128.042184, 678.619751, 133.895507, 691.141834, 84.525108, 690.659092, 82.31832",
            "road_imcoords": "EMPTY",
            "image_id": "BLD00241_PS3_K3A_NIA0276.png",
            "ingest_time": "2023-03-02T14:34:14.313313Z",
            "type_id": "1",
            "type_name": "건물"
         }
      },
      {
         "type": "Feature",
         "geometry": {
            "type": "Polygon",
            "coordinates": [
               [
                  31.369456,
                  29.984424,
                  0.0
               ],
               [
                  31.36944,
                  29.984332,
                  0.0
               ],
               [
                  31.369444,
                  29.984321,
                  0.0
               ],
               [
                  31.369491,
                  29.984314,
                  0.0
               ]
            ]
         },
         "properties": {
            "object_imcoords": "EMPTY",
            "building_imcoords": "685.373088, 56.576779, 682.271007, 75.079624, 682.977390, 77.214276, 691.185101, 78.795119, 692.486543, 77.033260, 695.795126, 58.72735",
            "road_imcoords": "EMPTY",
            "image_id": "BLD00241_PS3_K3A_NIA0276.png",
            "ingest_time": "2023-03-02T14:34:14.313313Z",
            "type_id": "1",
            "type_name": "건물"
         }
      },
      {
         "type": "Feature",
         "geometry": {
            "type": "Polygon",
            "coordinates": [
               [
                  31.368478,
                  29.984543,
                  0.0
               ],
               [
                  31.368418,
                  29.984591,
                  0.0
               ],
               [
                  31.368333,
                  29.984522,
                  0.0
               ],
               [
                  31.368333,
                  29.98449,
                  0.0
               ]
            ]
         },
         "properties": {
            "object_imcoords": "EMPTY",
            "building_imcoords": "514.205517, 30.134586, 503.664170, 20.336107, 488.658887, 33.959325, 488.461449, 40.474777, 498.282021, 46.739490, 501.567385, 44.241902, 508.797557, 49.359484, 517.680288, 40.354346, 515.454468, 37.484124, 513.162923, 34.04814",
            "road_imcoords": "EMPTY",
            "image_id": "BLD00241_PS3_K3A_NIA0276.png",
            "ingest_time": "2023-03-02T14:34:14.313313Z",
            "type_id": "1",
            "type_name": "건물"
         }
      },
      {
         "type": "Feature",
         "geometry": {
            "type": "Polygon",
            "coordinates": [
               [
                  31.368237,
                  29.984689,
                  0.0
               ],
               [
                  31.368221,
                  29.984654,
                  0.0
               ],
               [
                  31.368226,
                  29.984635,
                  0.0
               ],
               [
                  31.368276,
                  29.984623,
                  0.0
               ]
            ]
         },
         "properties": {
            "object_imcoords": "EMPTY",
            "building_imcoords": "472.271539, 0.000000, 469.309970, 7.107766, 470.273573, 10.939810, 478.972025, 13.588447, 482.923671, 6.051805, 481.221631, 2.13783",
            "road_imcoords": "EMPTY",
            "image_id": "BLD00241_PS3_K3A_NIA0276.png",
            "ingest_time": "2023-03-02T14:34:14.313313Z",
            "type_id": "1",
            "type_name": "건물"
         }
      },
      {
         "type": "Feature",
         "geometry": {
            "type": "Polygon",
            "coordinates": [
               [
                  31.36823,
                  29.984186,
                  0.0
               ],
               [
                  31.368186,
                  29.984126,
                  0.0
               ],
               [
                  31.368183,
                  29.984107,
                  0.0
               ],
               [
                  31.3683,
                  29.984071,
                  0.0
               ]
            ]
         },
         "properties": {
            "object_imcoords": "EMPTY",
            "building_imcoords": "469.658892, 101.471915, 461.726605, 113.480859, 461.203831, 117.265729, 481.494244, 124.777063, 483.063936, 130.254950, 491.225581, 134.257795, 496.264619, 119.380410, 487.694064, 114.235840, 488.785565, 106.76796",
            "road_imcoords": "EMPTY",
            "image_id": "BLD00241_PS3_K3A_NIA0276.png",
            "ingest_time": "2023-03-02T14:34:14.313313Z",
            "type_id": "1",
            "type_name": "건물"
         }
      },
      {
         "type": "Feature",
         "geometry": {
            "type": "Polygon",
            "coordinates": [
               [
                  31.367749,
                  29.984333,
                  0.0
               ],
               [
                  31.367788,
                  29.984324,
                  0.0
               ],
               [
                  31.367776,
                  29.984283,
                  0.0
               ],
               [
                  31.367732,
                  29.984298,
                  0.0
               ]
            ]
         },
         "properties": {
            "object_imcoords": "EMPTY",
            "building_imcoords": "385.647443, 70.548357, 392.408164, 72.534151, 390.264828, 80.687018, 382.647519, 77.71129",
            "road_imcoords": "EMPTY",
            "image_id": "BLD00241_PS3_K3A_NIA0276.png",
            "ingest_time": "2023-03-02T14:34:14.313313Z",
            "type_id": "1",
            "type_name": "건물"
         }
      },
      {
         "type": "Feature",
         "geometry": {
            "type": "Polygon",
            "coordinates": [
               [
                  31.369365,
                  29.984412,
                  0.0
               ],
               [
                  31.369348,
                  29.984351,
                  0.0
               ],
               [
                  31.36935,
                  29.984337,
                  0.0
               ],
               [
                  31.36939,
                  29.984333,
                  0.0
               ]
            ]
         },
         "properties": {
            "object_imcoords": "EMPTY",
            "building_imcoords": "669.276568, 58.689863, 666.271365, 71.064232, 666.448141, 73.715882, 673.519209, 74.776542, 674.226316, 72.831998, 676.701190, 73.185552, 678.822510, 61.695067, 677.938626, 59.75052",
            "road_imcoords": "EMPTY",
            "image_id": "BLD00241_PS3_K3A_NIA0276.png",
            "ingest_time": "2023-03-02T14:34:14.313313Z",
            "type_id": "1",
            "type_name": "건물"
         }
      },
      {
         "type": "Feature",
         "geometry": {
            "type": "Polygon",
            "coordinates": [
               [
                  31.369355,
                  29.984384,
                  0.0
               ],
               [
                  31.36935,
                  29.984362,
                  0.0
               ],
               [
                  31.369347,
                  29.984338,
                  0.0
               ],
               [
                  31.369295,
                  29.984345,
                  0.0
               ]
            ]
         },
         "properties": {
            "object_imcoords": "EMPTY",
            "building_imcoords": "667.531225, 64.439004, 666.576542, 68.697078, 665.919413, 73.607359, 656.832085, 72.153386, 656.922958, 69.154568, 657.286451, 65.428763, 648.017376, 64.338284, 649.925715, 52.433884, 658.376930, 52.979124, 658.013437, 58.613267, 659.830903, 58.976760, 666.737272, 59.52200",
            "road_imcoords": "EMPTY",
            "image_id": "BLD00241_PS3_K3A_NIA0276.png",
            "ingest_time": "2023-03-02T14:34:14.313313Z",
            "type_id": "1",
            "type_name": "건물"
         }
      },
      {
         "type": "Feature",
         "geometry": {
            "type": "Polygon",
            "coordinates": [
               [
                  31.36964,
                  29.983345,
                  0.0
               ],
               [
                  31.369703,
                  29.983353,
                  0.0
               ],
               [
                  31.369709,
                  29.983313,
                  0.0
               ],
               [
                  31.369653,
                  29.983301,
                  0.0
               ]
            ]
         },
         "properties": {
            "object_imcoords": "EMPTY",
            "building_imcoords": "714.593975, 274.420593, 725.598309, 273.045051, 726.629965, 280.954416, 716.657287, 283.36161",
            "road_imcoords": "EMPTY",
            "image_id": "BLD00241_PS3_K3A_NIA0276.png",
            "ingest_time": "2023-03-02T14:34:14.313313Z",
            "type_id": "1",
            "type_name": "건물"
         }
      },
      {
         "type": "Feature",
         "geometry": {
            "type": "Polygon",
            "coordinates": [
               [
                  31.369948,
                  29.984623,
                  0.0
               ],
               [
                  31.369942,
                  29.98459,
                  0.0
               ],
               [
                  31.369941,
                  29.984576,
                  0.0
               ],
               [
                  31.369975,
                  29.984573,
                  0.0
               ]
            ]
         },
         "properties": {
            "object_imcoords": "EMPTY",
            "building_imcoords": "772.279779, 17.674065, 771.127122, 24.397894, 770.935013, 27.087425, 776.821056, 27.790498, 778.811498, 20.939924, 778.619389, 18.63461",
            "road_imcoords": "EMPTY",
            "image_id": "BLD00241_PS3_K3A_NIA0276.png",
            "ingest_time": "2023-03-02T14:34:14.313313Z",
            "type_id": "1",
            "type_name": "건물"
         }
      }
   ]
}