{
   "type": "FeatureCollection",
   "features": [
      {
         "type": "Feature",
         "geometry": {
            "type": "Polygon",
            "coordinates": [
               [
                  121.598479,
                  31.304373,
                  0.0
               ],
               [
                  121.604395,
                  31.304437,
                  0.0
               ],
               [
                  121.60432,
                  31.309517,
                  0.0
               ],
               [
                  121.598403,
                  31.309453,
                  0.0
               ]
            ]
         },
         "properties": {
            "object_imcoords": "EMPTY",
            "building_imcoords": "1024.000000, 976.682179, 1007.007944, 980.051709, 995.455272, 993.048465, 988.475532, 981.736473, 979.811028, 976.922860, 964.888826, 982.699196, 951.892070, 986.550087, 936.729187, 1012.784281, 937.210549, 1023.614911, 1024.000000, 1024.00000",
            "road_imcoords": "EMPTY",
            "image_id": "BLD01187_PS3_K3A_NIA0373.png",
            "ingest_time": "2023-03-02T14:34:14.313313Z",
            "type_id": "1",
            "type_name": "건물"
         }
      },
      {
         "type": "Feature",
         "geometry": {
            "type": "Polygon",
            "coordinates": [
               [
                  121.598479,
                  31.304373,
                  0.0
               ],
               [
                  121.604395,
                  31.304437,
                  0.0
               ],
               [
                  121.60432,
                  31.309517,
                  0.0
               ],
               [
                  121.598403,
                  31.309453,
                  0.0
               ]
            ]
         },
         "properties": {
            "object_imcoords": "EMPTY",
            "building_imcoords": "852.009590, 1024.000000, 880.409909, 998.824801, 905.200019, 1024.00000",
            "road_imcoords": "EMPTY",
            "image_id": "BLD01187_PS3_K3A_NIA0373.png",
            "ingest_time": "2023-03-02T14:34:14.313313Z",
            "type_id": "1",
            "type_name": "건물"
         }
      },
      {
         "type": "Feature",
         "geometry": {
            "type": "Polygon",
            "coordinates": [
               [
                  121.598479,
                  31.304373,
                  0.0
               ],
               [
                  121.604395,
                  31.304437,
                  0.0
               ],
               [
                  121.60432,
                  31.309517,
                  0.0
               ],
               [
                  121.598403,
                  31.309453,
                  0.0
               ]
            ]
         },
         "properties": {
            "object_imcoords": "EMPTY",
            "building_imcoords": "1024.000000, 878.725145, 1009.414751, 881.372632, 991.363700, 871.986086, 972.349927, 880.169229, 947.319137, 912.661120, 947.078456, 946.597095, 979.329667, 944.912330, 1002.435012, 948.522540, 1024.000000, 944.43096",
            "road_imcoords": "EMPTY",
            "image_id": "BLD01187_PS3_K3A_NIA0373.png",
            "ingest_time": "2023-03-02T14:34:14.313313Z",
            "type_id": "1",
            "type_name": "건물"
         }
      },
      {
         "type": "Feature",
         "geometry": {
            "type": "Polygon",
            "coordinates": [
               [
                  121.598479,
                  31.304373,
                  0.0
               ],
               [
                  121.604395,
                  31.304437,
                  0.0
               ],
               [
                  121.60432,
                  31.309517,
                  0.0
               ],
               [
                  121.598403,
                  31.309453,
                  0.0
               ]
            ]
         },
         "properties": {
            "object_imcoords": "EMPTY",
            "building_imcoords": "934.248862, 869.150858, 922.474029, 871.169401, 917.259460, 868.982647, 907.839594, 873.692580, 900.606483, 877.225029, 892.364100, 880.589267, 886.308472, 880.084632, 879.748208, 882.439598, 873.692580, 881.598539, 850.815762, 892.364100, 848.965431, 897.242245, 843.078015, 896.737609, 825.079342, 903.129661, 821.715104, 909.353501, 809.099212, 916.081977, 792.278023, 951.574687, 797.829015, 962.676672, 797.893134, 974.075041, 802.875372, 983.366735, 818.014443, 978.488590, 859.730992, 957.462103, 883.112446, 949.556144, 888.158803, 953.256806, 919.782639, 941.650185, 938.790583, 896.90582",
            "road_imcoords": "EMPTY",
            "image_id": "BLD01187_PS3_K3A_NIA0373.png",
            "ingest_time": "2023-03-02T14:34:14.313313Z",
            "type_id": "1",
            "type_name": "건물"
         }
      },
      {
         "type": "Feature",
         "geometry": {
            "type": "Polygon",
            "coordinates": [
               [
                  121.598479,
                  31.304373,
                  0.0
               ],
               [
                  121.604395,
                  31.304437,
                  0.0
               ],
               [
                  121.60432,
                  31.309517,
                  0.0
               ],
               [
                  121.598403,
                  31.309453,
                  0.0
               ]
            ]
         },
         "properties": {
            "object_imcoords": "EMPTY",
            "building_imcoords": "981.799454, 406.464974, 964.688092, 405.062403, 964.688092, 396.085951, 763.559461, 394.683381, 763.839975, 402.537776, 748.411698, 401.696234, 745.326043, 409.550630, 745.606557, 497.351552, 786.281106, 497.351552, 784.036993, 542.233813, 977.030714, 540.831242, 980.116370, 532.97684",
            "road_imcoords": "EMPTY",
            "image_id": "BLD01187_PS3_K3A_NIA0373.png",
            "ingest_time": "2023-03-02T14:34:14.313313Z",
            "type_id": "1",
            "type_name": "건물"
         }
      },
      {
         "type": "Feature",
         "geometry": {
            "type": "Polygon",
            "coordinates": [
               [
                  121.598479,
                  31.304373,
                  0.0
               ],
               [
                  121.604395,
                  31.304437,
                  0.0
               ],
               [
                  121.60432,
                  31.309517,
                  0.0
               ],
               [
                  121.598403,
                  31.309453,
                  0.0
               ]
            ]
         },
         "properties": {
            "object_imcoords": "EMPTY",
            "building_imcoords": "984.604975, 158.056434, 750.768060, 155.891277, 742.648722, 160.492235, 744.272590, 332.080897, 762.947066, 333.163476, 762.405777, 345.613126, 966.742433, 345.613126, 967.554367, 335.328632, 982.169174, 334.516699, 983.251752, 329.37445",
            "road_imcoords": "EMPTY",
            "image_id": "BLD01187_PS3_K3A_NIA0373.png",
            "ingest_time": "2023-03-02T14:34:14.313313Z",
            "type_id": "1",
            "type_name": "건물"
         }
      },
      {
         "type": "Feature",
         "geometry": {
            "type": "Polygon",
            "coordinates": [
               [
                  121.598479,
                  31.304373,
                  0.0
               ],
               [
                  121.604395,
                  31.304437,
                  0.0
               ],
               [
                  121.60432,
                  31.309517,
                  0.0
               ],
               [
                  121.598403,
                  31.309453,
                  0.0
               ]
            ]
         },
         "properties": {
            "object_imcoords": "EMPTY",
            "building_imcoords": "730.074985, 181.457266, 684.710668, 181.010327, 684.040259, 166.484807, 652.754524, 166.708276, 653.424933, 180.563388, 524.259539, 179.669510, 520.460557, 196.429725, 523.365661, 275.537942, 564.930995, 276.878759, 564.707526, 316.209398, 724.041307, 316.879807, 729.628045, 308.61143",
            "road_imcoords": "EMPTY",
            "image_id": "BLD01187_PS3_K3A_NIA0373.png",
            "ingest_time": "2023-03-02T14:34:14.313313Z",
            "type_id": "1",
            "type_name": "건물"
         }
      },
      {
         "type": "Feature",
         "geometry": {
            "type": "Polygon",
            "coordinates": [
               [
                  121.598479,
                  31.304373,
                  0.0
               ],
               [
                  121.604395,
                  31.304437,
                  0.0
               ],
               [
                  121.60432,
                  31.309517,
                  0.0
               ],
               [
                  121.598403,
                  31.309453,
                  0.0
               ]
            ]
         },
         "properties": {
            "object_imcoords": "EMPTY",
            "building_imcoords": "757.010823, 0.000000, 741.279894, 0.321039, 742.564051, 76.086329, 761.184334, 76.728408, 934.545591, 77.691526, 951.560678, 51.045259, 948.671323, 0.00000",
            "road_imcoords": "EMPTY",
            "image_id": "BLD01187_PS3_K3A_NIA0373.png",
            "ingest_time": "2023-03-02T14:34:14.313313Z",
            "type_id": "1",
            "type_name": "건물"
         }
      },
      {
         "type": "Feature",
         "geometry": {
            "type": "Polygon",
            "coordinates": [
               [
                  121.598479,
                  31.304373,
                  0.0
               ],
               [
                  121.604395,
                  31.304437,
                  0.0
               ],
               [
                  121.60432,
                  31.309517,
                  0.0
               ],
               [
                  121.598403,
                  31.309453,
                  0.0
               ]
            ]
         },
         "properties": {
            "object_imcoords": "EMPTY",
            "building_imcoords": "464.543961, 0.000000, 463.901882, 73.196975, 651.067832, 76.407369, 660.377974, 47.513826, 660.377974, 0.00000",
            "road_imcoords": "EMPTY",
            "image_id": "BLD01187_PS3_K3A_NIA0373.png",
            "ingest_time": "2023-03-02T14:34:14.313313Z",
            "type_id": "1",
            "type_name": "건물"
         }
      },
      {
         "type": "Feature",
         "geometry": {
            "type": "Polygon",
            "coordinates": [
               [
                  121.598479,
                  31.304373,
                  0.0
               ],
               [
                  121.604395,
                  31.304437,
                  0.0
               ],
               [
                  121.60432,
                  31.309517,
                  0.0
               ],
               [
                  121.598403,
                  31.309453,
                  0.0
               ]
            ]
         },
         "properties": {
            "object_imcoords": "EMPTY",
            "building_imcoords": "689.914251, 1022.327481, 691.075723, 1014.197178, 703.387324, 1010.248174, 708.033211, 1010.015879, 711.982215, 1003.047049, 705.710267, 994.452157, 726.849054, 975.404020, 735.443945, 977.726963, 744.038837, 972.616487, 747.058663, 967.041423, 758.441087, 966.809128, 772.146454, 951.477701, 787.245588, 949.154757, 793.982124, 955.658999, 798.163423, 963.092419, 797.466540, 995.613629, 764.945329, 1024.00000",
            "road_imcoords": "EMPTY",
            "image_id": "BLD01187_PS3_K3A_NIA0373.png",
            "ingest_time": "2023-03-02T14:34:14.313313Z",
            "type_id": "1",
            "type_name": "건물"
         }
      },
      {
         "type": "Feature",
         "geometry": {
            "type": "Polygon",
            "coordinates": [
               [
                  121.598479,
                  31.304373,
                  0.0
               ],
               [
                  121.604395,
                  31.304437,
                  0.0
               ],
               [
                  121.60432,
                  31.309517,
                  0.0
               ],
               [
                  121.598403,
                  31.309453,
                  0.0
               ]
            ]
         },
         "properties": {
            "object_imcoords": "EMPTY",
            "building_imcoords": "180.149144, 472.813942, 142.919700, 473.848093, 140.437737, 471.159300, 130.303055, 471.159300, 132.164527, 509.422895, 140.024076, 509.216065, 178.908163, 508.38900",
            "road_imcoords": "EMPTY",
            "image_id": "BLD01187_PS3_K3A_NIA0373.png",
            "ingest_time": "2023-03-02T14:34:14.313313Z",
            "type_id": "1",
            "type_name": "건물"
         }
      },
      {
         "type": "Feature",
         "geometry": {
            "type": "Polygon",
            "coordinates": [
               [
                  121.598479,
                  31.304373,
                  0.0
               ],
               [
                  121.604395,
                  31.304437,
                  0.0
               ],
               [
                  121.60432,
                  31.309517,
                  0.0
               ],
               [
                  121.598403,
                  31.309453,
                  0.0
               ]
            ]
         },
         "properties": {
            "object_imcoords": "EMPTY",
            "building_imcoords": "129.475734, 491.635494, 121.202524, 490.601343, 120.168373, 513.352670, 131.337206, 514.38682",
            "road_imcoords": "EMPTY",
            "image_id": "BLD01187_PS3_K3A_NIA0373.png",
            "ingest_time": "2023-03-02T14:34:14.313313Z",
            "type_id": "1",
            "type_name": "건물"
         }
      },
      {
         "type": "Feature",
         "geometry": {
            "type": "Polygon",
            "coordinates": [
               [
                  121.598479,
                  31.304373,
                  0.0
               ],
               [
                  121.604395,
                  31.304437,
                  0.0
               ],
               [
                  121.60432,
                  31.309517,
                  0.0
               ],
               [
                  121.598403,
                  31.309453,
                  0.0
               ]
            ]
         },
         "properties": {
            "object_imcoords": "EMPTY",
            "building_imcoords": "513.212279, 186.277049, 498.428386, 186.277049, 498.217188, 247.947002, 511.100295, 248.36939",
            "road_imcoords": "EMPTY",
            "image_id": "BLD01187_PS3_K3A_NIA0373.png",
            "ingest_time": "2023-03-02T14:34:14.313313Z",
            "type_id": "1",
            "type_name": "건물"
         }
      }
   ]
}