{
   "type": "FeatureCollection",
   "features": [
      {
         "type": "Feature",
         "geometry": {
            "type": "Polygon",
            "coordinates": [
               [
                  121.645257,
                  31.298093,
                  0.0
               ],
               [
                  121.645293,
                  31.298057,
                  0.0
               ],
               [
                  121.645291,
                  31.298046,
                  0.0
               ],
               [
                  121.645246,
                  31.298026,
                  0.0
               ]
            ]
         },
         "properties": {
            "object_imcoords": "EMPTY",
            "building_imcoords": "911.165486, 342.656829, 917.239398, 350.024918, 916.895485, 352.341856, 909.034173, 356.315606, 908.328047, 358.374639, 907.072178, 358.832481, 904.748054, 359.090773, 893.593898, 365.425495, 891.272712, 364.284081, 887.520301, 356.328969, 900.822194, 346.71941",
            "road_imcoords": "EMPTY",
            "image_id": "BLD01237_PS3_K3A_NIA0373.png",
            "ingest_time": "2023-03-02T14:34:14.313313Z",
            "type_id": "1",
            "type_name": "건물"
         }
      },
      {
         "type": "Feature",
         "geometry": {
            "type": "Polygon",
            "coordinates": [
               [
                  121.64438,
                  31.299461,
                  0.0
               ],
               [
                  121.644327,
                  31.299439,
                  0.0
               ],
               [
                  121.644358,
                  31.299384,
                  0.0
               ],
               [
                  121.644408,
                  31.299398,
                  0.0
               ]
            ]
         },
         "properties": {
            "object_imcoords": "EMPTY",
            "building_imcoords": "762.848538, 65.265191, 753.519253, 69.483223, 758.778940, 80.556246, 767.491829, 77.88500",
            "road_imcoords": "EMPTY",
            "image_id": "BLD01237_PS3_K3A_NIA0373.png",
            "ingest_time": "2023-03-02T14:34:14.313313Z",
            "type_id": "1",
            "type_name": "건물"
         }
      },
      {
         "type": "Feature",
         "geometry": {
            "type": "Polygon",
            "coordinates": [
               [
                  121.644481,
                  31.299497,
                  0.0
               ],
               [
                  121.644537,
                  31.299512,
                  0.0
               ],
               [
                  121.644558,
                  31.299453,
                  0.0
               ],
               [
                  121.64454,
                  31.299415,
                  0.0
               ]
            ]
         },
         "properties": {
            "object_imcoords": "EMPTY",
            "building_imcoords": "780.317110, 58.235048, 790.077174, 55.307029, 793.655864, 67.181773, 790.402509, 74.827157, 785.034474, 77.267173, 783.570465, 74.501821, 779.991775, 76.291166, 778.853100, 72.549808, 781.943787, 70.597796, 778.690433, 61.32573",
            "road_imcoords": "EMPTY",
            "image_id": "BLD01237_PS3_K3A_NIA0373.png",
            "ingest_time": "2023-03-02T14:34:14.313313Z",
            "type_id": "1",
            "type_name": "건물"
         }
      },
      {
         "type": "Feature",
         "geometry": {
            "type": "Polygon",
            "coordinates": [
               [
                  121.644858,
                  31.299721,
                  0.0
               ],
               [
                  121.64484,
                  31.299716,
                  0.0
               ],
               [
                  121.644823,
                  31.299758,
                  0.0
               ],
               [
                  121.644878,
                  31.299774,
                  0.0
               ]
            ]
         },
         "properties": {
            "object_imcoords": "EMPTY",
            "building_imcoords": "846.233840, 13.827415, 843.016303, 14.858674, 840.269341, 6.288131, 849.739915, 3.252698, 852.957451, 2.221438, 855.704414, 10.79198",
            "road_imcoords": "EMPTY",
            "image_id": "BLD01237_PS3_K3A_NIA0373.png",
            "ingest_time": "2023-03-02T14:34:14.313313Z",
            "type_id": "1",
            "type_name": "건물"
         }
      },
      {
         "type": "Feature",
         "geometry": {
            "type": "Polygon",
            "coordinates": [
               [
                  121.643976,
                  31.299372,
                  0.0
               ],
               [
                  121.64382,
                  31.299329,
                  0.0
               ],
               [
                  121.643799,
                  31.299386,
                  0.0
               ],
               [
                  121.643959,
                  31.29943,
                  0.0
               ]
            ]
         },
         "properties": {
            "object_imcoords": "EMPTY",
            "building_imcoords": "692.589910, 82.304893, 665.611453, 90.588744, 662.089109, 79.117341, 689.788630, 70.612084, 716.767152, 62.328231, 720.289489, 73.79963",
            "road_imcoords": "EMPTY",
            "image_id": "BLD01237_PS3_K3A_NIA0373.png",
            "ingest_time": "2023-03-02T14:34:14.313313Z",
            "type_id": "1",
            "type_name": "건물"
         }
      },
      {
         "type": "Feature",
         "geometry": {
            "type": "Polygon",
            "coordinates": [
               [
                  121.640946,
                  31.29688,
                  0.0
               ],
               [
                  121.640982,
                  31.296908,
                  0.0
               ],
               [
                  121.641082,
                  31.296911,
                  0.0
               ],
               [
                  121.641086,
                  31.296897,
                  0.0
               ]
            ]
         },
         "properties": {
            "object_imcoords": "EMPTY",
            "building_imcoords": "162.108680, 578.082845, 168.395443, 572.394821, 185.758884, 572.095451, 186.357623, 574.939463, 195.787768, 573.292930, 195.937453, 578.232529, 184.262036, 580.328117, 163.455843, 582.72307",
            "road_imcoords": "EMPTY",
            "image_id": "BLD01237_PS3_K3A_NIA0373.png",
            "ingest_time": "2023-03-02T14:34:14.313313Z",
            "type_id": "1",
            "type_name": "건물"
         }
      },
      {
         "type": "Feature",
         "geometry": {
            "type": "Polygon",
            "coordinates": [
               [
                  121.640926,
                  31.297033,
                  0.0
               ],
               [
                  121.640908,
                  31.29699,
                  0.0
               ],
               [
                  121.640912,
                  31.29692,
                  0.0
               ],
               [
                  121.640961,
                  31.296924,
                  0.0
               ]
            ]
         },
         "properties": {
            "object_imcoords": "EMPTY",
            "building_imcoords": "158.965298, 547.247768, 155.821916, 555.779804, 156.420656, 569.850179, 164.803007, 569.101754, 165.252061, 567.155851, 189.950060, 567.006167, 190.099744, 549.193671, 185.459514, 549.193671, 185.459514, 548.145877, 175.580315, 548.295562, 173.933782, 546.19997",
            "road_imcoords": "EMPTY",
            "image_id": "BLD01237_PS3_K3A_NIA0373.png",
            "ingest_time": "2023-03-02T14:34:14.313313Z",
            "type_id": "1",
            "type_name": "건물"
         }
      },
      {
         "type": "Feature",
         "geometry": {
            "type": "Polygon",
            "coordinates": [
               [
                  121.645271,
                  31.297283,
                  0.0
               ],
               [
                  121.645401,
                  31.297332,
                  0.0
               ],
               [
                  121.645414,
                  31.297312,
                  0.0
               ],
               [
                  121.645413,
                  31.297285,
                  0.0
               ]
            ]
         },
         "properties": {
            "object_imcoords": "EMPTY",
            "building_imcoords": "911.637418, 506.111679, 934.264835, 496.388960, 936.386155, 500.454824, 936.209378, 505.934902, 915.198943, 515.998724, 913.842698, 509.895620, 912.191732, 507.66375",
            "road_imcoords": "EMPTY",
            "image_id": "BLD01237_PS3_K3A_NIA0373.png",
            "ingest_time": "2023-03-02T14:34:14.313313Z",
            "type_id": "1",
            "type_name": "건물"
         }
      },
      {
         "type": "Feature",
         "geometry": {
            "type": "Polygon",
            "coordinates": [
               [
                  121.645537,
                  31.297797,
                  0.0
               ],
               [
                  121.645585,
                  31.297816,
                  0.0
               ],
               [
                  121.645594,
                  31.297807,
                  0.0
               ],
               [
                  121.6456,
                  31.297793,
                  0.0
               ]
            ]
         },
         "properties": {
            "object_imcoords": "EMPTY",
            "building_imcoords": "958.926280, 403.090640, 967.222334, 399.186614, 968.849011, 401.138627, 969.825018, 403.903978, 968.523676, 406.343994, 962.016967, 409.59734",
            "road_imcoords": "EMPTY",
            "image_id": "BLD01237_PS3_K3A_NIA0373.png",
            "ingest_time": "2023-03-02T14:34:14.313313Z",
            "type_id": "1",
            "type_name": "건물"
         }
      }
   ]
}