{
   "type": "FeatureCollection",
   "features": [
      {
         "type": "Feature",
         "geometry": {
            "type": "Polygon",
            "coordinates": [
               [
                  31.316252,
                  30.017851,
                  0.0
               ],
               [
                  31.32209,
                  30.017925,
                  0.0
               ],
               [
                  31.322004,
                  30.023006,
                  0.0
               ],
               [
                  31.316166,
                  30.022931,
                  0.0
               ]
            ]
         },
         "properties": {
            "object_imcoords": "EMPTY",
            "building_imcoords": "995.985127, 724.378196, 1014.687762, 748.942852, 1024.000000, 737.497955, 1007.430023, 715.16645",
            "road_imcoords": "EMPTY",
            "image_id": "BLD01140_PS3_K3A_NIA0277.png",
            "ingest_time": "2023-03-02T14:34:14.313313Z",
            "type_id": "1",
            "type_name": "건물"
         }
      },
      {
         "type": "Feature",
         "geometry": {
            "type": "Polygon",
            "coordinates": [
               [
                  31.316252,
                  30.017851,
                  0.0
               ],
               [
                  31.32209,
                  30.017925,
                  0.0
               ],
               [
                  31.322004,
                  30.023006,
                  0.0
               ],
               [
                  31.316166,
                  30.022931,
                  0.0
               ]
            ]
         },
         "properties": {
            "object_imcoords": "EMPTY",
            "building_imcoords": "1021.945502, 748.663708, 999.055709, 760.946036, 1004.917729, 775.740658, 1022.503789, 796.95558",
            "road_imcoords": "EMPTY",
            "image_id": "BLD01140_PS3_K3A_NIA0277.png",
            "ingest_time": "2023-03-02T14:34:14.313313Z",
            "type_id": "1",
            "type_name": "건물"
         }
      },
      {
         "type": "Feature",
         "geometry": {
            "type": "Polygon",
            "coordinates": [
               [
                  31.316286,
                  30.01898,
                  0.0
               ],
               [
                  31.316333,
                  30.018993,
                  0.0
               ],
               [
                  31.316355,
                  30.018937,
                  0.0
               ],
               [
                  31.316315,
                  30.018923,
                  0.0
               ]
            ]
         },
         "properties": {
            "object_imcoords": "EMPTY",
            "building_imcoords": "9.224062, 796.580539, 17.502066, 793.978880, 21.286297, 805.331572, 14.190865, 808.16974",
            "road_imcoords": "EMPTY",
            "image_id": "BLD01140_PS3_K3A_NIA0277.png",
            "ingest_time": "2023-03-02T14:34:14.313313Z",
            "type_id": "1",
            "type_name": "건물"
         }
      },
      {
         "type": "Feature",
         "geometry": {
            "type": "Polygon",
            "coordinates": [
               [
                  31.316755,
                  30.019027,
                  0.0
               ],
               [
                  31.316806,
                  30.019043,
                  0.0
               ],
               [
                  31.316818,
                  30.019011,
                  0.0
               ],
               [
                  31.316765,
                  30.018994,
                  0.0
               ]
            ]
         },
         "properties": {
            "object_imcoords": "EMPTY",
            "building_imcoords": "91.767592, 788.302534, 100.755139, 785.227847, 102.647255, 791.613736, 93.423193, 794.92493",
            "road_imcoords": "EMPTY",
            "image_id": "BLD01140_PS3_K3A_NIA0277.png",
            "ingest_time": "2023-03-02T14:34:14.313313Z",
            "type_id": "1",
            "type_name": "건물"
         }
      },
      {
         "type": "Feature",
         "geometry": {
            "type": "Polygon",
            "coordinates": [
               [
                  31.316711,
                  30.019016,
                  0.0
               ],
               [
                  31.316751,
                  30.019024,
                  0.0
               ],
               [
                  31.316784,
                  30.018954,
                  0.0
               ],
               [
                  31.31675,
                  30.01894,
                  0.0
               ]
            ]
         },
         "properties": {
            "object_imcoords": "EMPTY",
            "building_imcoords": "83.962616, 790.431164, 91.058048, 788.775563, 96.497880, 802.966428, 90.585020, 805.804601, 86.327760, 795.634481, 83.726102, 796.34402",
            "road_imcoords": "EMPTY",
            "image_id": "BLD01140_PS3_K3A_NIA0277.png",
            "ingest_time": "2023-03-02T14:34:14.313313Z",
            "type_id": "1",
            "type_name": "건물"
         }
      },
      {
         "type": "Feature",
         "geometry": {
            "type": "Polygon",
            "coordinates": [
               [
                  31.317706,
                  30.018043,
                  0.0
               ],
               [
                  31.317718,
                  30.017982,
                  0.0
               ],
               [
                  31.317782,
                  30.017987,
                  0.0
               ],
               [
                  31.317776,
                  30.018045,
                  0.0
               ]
            ]
         },
         "properties": {
            "object_imcoords": "EMPTY",
            "building_imcoords": "255.579433, 989.078439, 257.534685, 1001.368597, 268.707557, 1000.530632, 267.869591, 988.79911",
            "road_imcoords": "EMPTY",
            "image_id": "BLD01140_PS3_K3A_NIA0277.png",
            "ingest_time": "2023-03-02T14:34:14.313313Z",
            "type_id": "1",
            "type_name": "건물"
         }
      }
   ]
}