{
   "type": "FeatureCollection",
   "features": [
      {
         "type": "Feature",
         "geometry": {
            "type": "Polygon",
            "coordinates": [
               [
                  31.353873,
                  29.984511,
                  0.0
               ],
               [
                  31.359709,
                  29.984584,
                  0.0
               ],
               [
                  31.359626,
                  29.989664,
                  0.0
               ],
               [
                  31.353789,
                  29.989591,
                  0.0
               ]
            ]
         },
         "properties": {
            "object_imcoords": "EMPTY",
            "building_imcoords": "999.769988, 0.225605, 999.882791, 7.670581, 980.480733, 12.069885, 978.450285, 0.22560",
            "road_imcoords": "EMPTY",
            "image_id": "BLD00213_PS3_K3A_NIA0276.png",
            "ingest_time": "2023-03-02T14:34:14.313313Z",
            "type_id": "1",
            "type_name": "건물"
         }
      },
      {
         "type": "Feature",
         "geometry": {
            "type": "Polygon",
            "coordinates": [
               [
                  31.353873,
                  29.984511,
                  0.0
               ],
               [
                  31.359709,
                  29.984584,
                  0.0
               ],
               [
                  31.359626,
                  29.989664,
                  0.0
               ],
               [
                  31.353789,
                  29.989591,
                  0.0
               ]
            ]
         },
         "properties": {
            "object_imcoords": "EMPTY",
            "building_imcoords": "1004.872698, 0.840687, 1004.788630, 6.893630, 1013.363633, 6.641424, 1013.447702, 4.287502, 1022.022705, 4.119364, 1021.938636, 0.00000",
            "road_imcoords": "EMPTY",
            "image_id": "BLD00213_PS3_K3A_NIA0276.png",
            "ingest_time": "2023-03-02T14:34:14.313313Z",
            "type_id": "1",
            "type_name": "건물"
         }
      },
      {
         "type": "Feature",
         "geometry": {
            "type": "Polygon",
            "coordinates": [
               [
                  31.359384,
                  29.989478,
                  0.0
               ],
               [
                  31.359421,
                  29.989482,
                  0.0
               ],
               [
                  31.359421,
                  29.989517,
                  0.0
               ],
               [
                  31.359449,
                  29.989522,
                  0.0
               ]
            ]
         },
         "properties": {
            "object_imcoords": "EMPTY",
            "building_imcoords": "981.065879, 36.959568, 987.564615, 36.130153, 987.635420, 29.103710, 992.515824, 28.254047, 992.911981, 22.503861, 990.858619, 22.746933, 990.390209, 21.306933, 981.735197, 22.050355, 980.149267, 24.744802, 979.192810, 29.508665, 981.035571, 29.81339",
            "road_imcoords": "EMPTY",
            "image_id": "BLD00213_PS3_K3A_NIA0276.png",
            "ingest_time": "2023-03-02T14:34:14.313313Z",
            "type_id": "1",
            "type_name": "건물"
         }
      },
      {
         "type": "Feature",
         "geometry": {
            "type": "Polygon",
            "coordinates": [
               [
                  31.353873,
                  29.984511,
                  0.0
               ],
               [
                  31.359709,
                  29.984584,
                  0.0
               ],
               [
                  31.359626,
                  29.989664,
                  0.0
               ],
               [
                  31.353789,
                  29.989591,
                  0.0
               ]
            ]
         },
         "properties": {
            "object_imcoords": "EMPTY",
            "building_imcoords": "941.102548, 0.499107, 941.782843, 9.008960, 945.109228, 17.879321, 951.484800, 17.463523, 951.346201, 11.642349, 949.405809, 0.00000",
            "road_imcoords": "EMPTY",
            "image_id": "BLD00213_PS3_K3A_NIA0276.png",
            "ingest_time": "2023-03-02T14:34:14.313313Z",
            "type_id": "1",
            "type_name": "건물"
         }
      },
      {
         "type": "Feature",
         "geometry": {
            "type": "Polygon",
            "coordinates": [
               [
                  31.353873,
                  29.984511,
                  0.0
               ],
               [
                  31.359709,
                  29.984584,
                  0.0
               ],
               [
                  31.359626,
                  29.989664,
                  0.0
               ],
               [
                  31.353789,
                  29.989591,
                  0.0
               ]
            ]
         },
         "properties": {
            "object_imcoords": "EMPTY",
            "building_imcoords": "949.296083, 0.059719, 950.550186, 6.270514, 951.087659, 10.032822, 966.495207, 6.270514, 966.495207, 0.00000",
            "road_imcoords": "EMPTY",
            "image_id": "BLD00213_PS3_K3A_NIA0276.png",
            "ingest_time": "2023-03-02T14:34:14.313313Z",
            "type_id": "1",
            "type_name": "건물"
         }
      },
      {
         "type": "Feature",
         "geometry": {
            "type": "Polygon",
            "coordinates": [
               [
                  31.353873,
                  29.984511,
                  0.0
               ],
               [
                  31.359709,
                  29.984584,
                  0.0
               ],
               [
                  31.359626,
                  29.989664,
                  0.0
               ],
               [
                  31.353789,
                  29.989591,
                  0.0
               ]
            ]
         },
         "properties": {
            "object_imcoords": "EMPTY",
            "building_imcoords": "955.212217, 51.630180, 958.876990, 61.223261, 971.056969, 56.803976, 971.649800, 51.684073, 968.967381, 44.727771, 966.146711, 44.459135, 956.610159, 47.68275",
            "road_imcoords": "EMPTY",
            "image_id": "BLD00213_PS3_K3A_NIA0276.png",
            "ingest_time": "2023-03-02T14:34:14.313313Z",
            "type_id": "1",
            "type_name": "건물"
         }
      },
      {
         "type": "Feature",
         "geometry": {
            "type": "Polygon",
            "coordinates": [
               [
                  31.353873,
                  29.984511,
                  0.0
               ],
               [
                  31.359709,
                  29.984584,
                  0.0
               ],
               [
                  31.359626,
                  29.989664,
                  0.0
               ],
               [
                  31.353789,
                  29.989591,
                  0.0
               ]
            ]
         },
         "properties": {
            "object_imcoords": "EMPTY",
            "building_imcoords": "939.954773, 69.442215, 955.401300, 63.397921, 954.998347, 57.353628, 950.028595, 49.160252, 945.999066, 49.160252, 935.925244, 54.532958, 935.253656, 61.24883",
            "road_imcoords": "EMPTY",
            "image_id": "BLD00213_PS3_K3A_NIA0276.png",
            "ingest_time": "2023-03-02T14:34:14.313313Z",
            "type_id": "1",
            "type_name": "건물"
         }
      },
      {
         "type": "Feature",
         "geometry": {
            "type": "Polygon",
            "coordinates": [
               [
                  31.353873,
                  29.984511,
                  0.0
               ],
               [
                  31.359709,
                  29.984584,
                  0.0
               ],
               [
                  31.359626,
                  29.989664,
                  0.0
               ],
               [
                  31.353789,
                  29.989591,
                  0.0
               ]
            ]
         },
         "properties": {
            "object_imcoords": "EMPTY",
            "building_imcoords": "895.764273, 73.337426, 895.764273, 78.575813, 900.599707, 88.381000, 923.433704, 78.575813, 924.642563, 73.740379, 921.553257, 64.472462, 917.926681, 62.86065",
            "road_imcoords": "EMPTY",
            "image_id": "BLD00213_PS3_K3A_NIA0276.png",
            "ingest_time": "2023-03-02T14:34:14.313313Z",
            "type_id": "1",
            "type_name": "건물"
         }
      },
      {
         "type": "Feature",
         "geometry": {
            "type": "Polygon",
            "coordinates": [
               [
                  31.353873,
                  29.984511,
                  0.0
               ],
               [
                  31.359709,
                  29.984584,
                  0.0
               ],
               [
                  31.359626,
                  29.989664,
                  0.0
               ],
               [
                  31.353789,
                  29.989591,
                  0.0
               ]
            ]
         },
         "properties": {
            "object_imcoords": "EMPTY",
            "building_imcoords": "857.483748, 108.260010, 880.452063, 98.857775, 880.452063, 93.619388, 877.497075, 86.769189, 873.198911, 84.485789, 853.857172, 91.335988, 852.648313, 95.231199, 849.290373, 96.977329, 849.290373, 102.081399, 853.454219, 110.67772",
            "road_imcoords": "EMPTY",
            "image_id": "BLD00213_PS3_K3A_NIA0276.png",
            "ingest_time": "2023-03-02T14:34:14.313313Z",
            "type_id": "1",
            "type_name": "건물"
         }
      },
      {
         "type": "Feature",
         "geometry": {
            "type": "Polygon",
            "coordinates": [
               [
                  31.353873,
                  29.984511,
                  0.0
               ],
               [
                  31.359709,
                  29.984584,
                  0.0
               ],
               [
                  31.359626,
                  29.989664,
                  0.0
               ],
               [
                  31.353789,
                  29.989591,
                  0.0
               ]
            ]
         },
         "properties": {
            "object_imcoords": "EMPTY",
            "building_imcoords": "799.416187, 127.732804, 803.905662, 126.574230, 805.643523, 129.905130, 819.401592, 125.126012, 825.049641, 120.926180, 826.353037, 116.436706, 830.697690, 113.829914, 830.842512, 108.761152, 822.877314, 95.582370, 814.622473, 99.058093, 810.857107, 99.202915, 797.388682, 104.850964, 797.243861, 107.747399, 793.912960, 112.67133",
            "road_imcoords": "EMPTY",
            "image_id": "BLD00213_PS3_K3A_NIA0276.png",
            "ingest_time": "2023-03-02T14:34:14.313313Z",
            "type_id": "1",
            "type_name": "건물"
         }
      },
      {
         "type": "Feature",
         "geometry": {
            "type": "Polygon",
            "coordinates": [
               [
                  31.353873,
                  29.984511,
                  0.0
               ],
               [
                  31.359709,
                  29.984584,
                  0.0
               ],
               [
                  31.359626,
                  29.989664,
                  0.0
               ],
               [
                  31.353789,
                  29.989591,
                  0.0
               ]
            ]
         },
         "properties": {
            "object_imcoords": "EMPTY",
            "building_imcoords": "937.302213, 0.711425, 939.169703, 5.602471, 939.792200, 10.671372, 914.625547, 20.542392, 909.912357, 19.742039, 906.888802, 8.270314, 908.222723, 5.335686, 914.180906, 0.80035",
            "road_imcoords": "EMPTY",
            "image_id": "BLD00213_PS3_K3A_NIA0276.png",
            "ingest_time": "2023-03-02T14:34:14.313313Z",
            "type_id": "1",
            "type_name": "건물"
         }
      },
      {
         "type": "Feature",
         "geometry": {
            "type": "Polygon",
            "coordinates": [
               [
                  31.353873,
                  29.984511,
                  0.0
               ],
               [
                  31.359709,
                  29.984584,
                  0.0
               ],
               [
                  31.359626,
                  29.989664,
                  0.0
               ],
               [
                  31.353789,
                  29.989591,
                  0.0
               ]
            ]
         },
         "properties": {
            "object_imcoords": "EMPTY",
            "building_imcoords": "872.918266, 0.266784, 878.253952, 9.515307, 878.609665, 14.939921, 868.205077, 19.475255, 863.402959, 17.518836, 855.666214, 0.00000",
            "road_imcoords": "EMPTY",
            "image_id": "BLD00213_PS3_K3A_NIA0276.png",
            "ingest_time": "2023-03-02T14:34:14.313313Z",
            "type_id": "1",
            "type_name": "건물"
         }
      },
      {
         "type": "Feature",
         "geometry": {
            "type": "Polygon",
            "coordinates": [
               [
                  31.353873,
                  29.984511,
                  0.0
               ],
               [
                  31.359709,
                  29.984584,
                  0.0
               ],
               [
                  31.359626,
                  29.989664,
                  0.0
               ],
               [
                  31.353789,
                  29.989591,
                  0.0
               ]
            ]
         },
         "properties": {
            "object_imcoords": "EMPTY",
            "building_imcoords": "833.167404, 0.355712, 845.528410, 26.500575, 846.239835, 33.614823, 835.301678, 38.239085, 830.766345, 34.415176, 821.251038, 6.758536, 821.784606, 1.689634, 828.875913, 0.00000",
            "road_imcoords": "EMPTY",
            "image_id": "BLD00213_PS3_K3A_NIA0276.png",
            "ingest_time": "2023-03-02T14:34:14.313313Z",
            "type_id": "1",
            "type_name": "건물"
         }
      },
      {
         "type": "Feature",
         "geometry": {
            "type": "Polygon",
            "coordinates": [
               [
                  31.359033,
                  29.988751,
                  0.0
               ],
               [
                  31.359051,
                  29.988734,
                  0.0
               ],
               [
                  31.359052,
                  29.988706,
                  0.0
               ],
               [
                  31.35902,
                  29.988689,
                  0.0
               ]
            ]
         },
         "properties": {
            "object_imcoords": "EMPTY",
            "building_imcoords": "917.341452, 182.556504, 920.464915, 186.070400, 920.562523, 191.634068, 914.998855, 194.952748, 911.094526, 194.855139, 911.094526, 190.755594, 908.263888, 190.267553, 908.459104, 183.434978, 910.606485, 183.434978, 911.777784, 182.36128",
            "road_imcoords": "EMPTY",
            "image_id": "BLD00213_PS3_K3A_NIA0276.png",
            "ingest_time": "2023-03-02T14:34:14.313313Z",
            "type_id": "1",
            "type_name": "건물"
         }
      },
      {
         "type": "Feature",
         "geometry": {
            "type": "Polygon",
            "coordinates": [
               [
                  31.353873,
                  29.984511,
                  0.0
               ],
               [
                  31.359709,
                  29.984584,
                  0.0
               ],
               [
                  31.359626,
                  29.989664,
                  0.0
               ],
               [
                  31.353789,
                  29.989591,
                  0.0
               ]
            ]
         },
         "properties": {
            "object_imcoords": "EMPTY",
            "building_imcoords": "850.831724, 367.868501, 850.986943, 373.766814, 856.341991, 391.151317, 918.041454, 365.928266, 917.808626, 356.382311, 911.987922, 342.80066",
            "road_imcoords": "EMPTY",
            "image_id": "BLD00213_PS3_K3A_NIA0276.png",
            "ingest_time": "2023-03-02T14:34:14.313313Z",
            "type_id": "1",
            "type_name": "건물"
         }
      },
      {
         "type": "Feature",
         "geometry": {
            "type": "Polygon",
            "coordinates": [
               [
                  31.353873,
                  29.984511,
                  0.0
               ],
               [
                  31.359709,
                  29.984584,
                  0.0
               ],
               [
                  31.359626,
                  29.989664,
                  0.0
               ],
               [
                  31.353789,
                  29.989591,
                  0.0
               ]
            ]
         },
         "properties": {
            "object_imcoords": "EMPTY",
            "building_imcoords": "925.216350, 374.415885, 932.864135, 394.322057, 936.154951, 397.448332, 939.034415, 403.947694, 938.376252, 411.022949, 947.425997, 432.660066, 946.767834, 440.804836, 927.927911, 449.936851, 921.017196, 449.607769, 918.726087, 443.557271, 918.850542, 438.703530, 914.992440, 436.338887, 913.498982, 428.996048, 908.520785, 423.893397, 907.400691, 408.087624, 905.533868, 395.766589, 902.795860, 387.552565, 902.920315, 378.840722, 919.223907, 372.61797",
            "road_imcoords": "EMPTY",
            "image_id": "BLD00213_PS3_K3A_NIA0276.png",
            "ingest_time": "2023-03-02T14:34:14.313313Z",
            "type_id": "1",
            "type_name": "건물"
         }
      },
      {
         "type": "Feature",
         "geometry": {
            "type": "Polygon",
            "coordinates": [
               [
                  31.353873,
                  29.984511,
                  0.0
               ],
               [
                  31.359709,
                  29.984584,
                  0.0
               ],
               [
                  31.359626,
                  29.989664,
                  0.0
               ],
               [
                  31.353789,
                  29.989591,
                  0.0
               ]
            ]
         },
         "properties": {
            "object_imcoords": "EMPTY",
            "building_imcoords": "928.998714, 454.470911, 940.280715, 450.824204, 954.867544, 486.607520, 954.525665, 489.114632, 942.331987, 494.242814, 935.540366, 479.394148, 931.008278, 479.729858, 928.490452, 475.449553, 928.490452, 472.344234, 930.756495, 468.903205, 930.001147, 465.881813, 925.888698, 464.538972, 925.385132, 460.006885, 928.406524, 458.32833",
            "road_imcoords": "EMPTY",
            "image_id": "BLD00213_PS3_K3A_NIA0276.png",
            "ingest_time": "2023-03-02T14:34:14.313313Z",
            "type_id": "1",
            "type_name": "건물"
         }
      },
      {
         "type": "Feature",
         "geometry": {
            "type": "Polygon",
            "coordinates": [
               [
                  31.353873,
                  29.984511,
                  0.0
               ],
               [
                  31.359709,
                  29.984584,
                  0.0
               ],
               [
                  31.359626,
                  29.989664,
                  0.0
               ],
               [
                  31.353789,
                  29.989591,
                  0.0
               ]
            ]
         },
         "properties": {
            "object_imcoords": "EMPTY",
            "building_imcoords": "953.161256, 474.193367, 956.647414, 472.147143, 962.331369, 472.374502, 965.665955, 480.332038, 965.969099, 485.333918, 956.344270, 488.592718, 955.055907, 486.243350, 952.024465, 478.13424",
            "road_imcoords": "EMPTY",
            "image_id": "BLD00213_PS3_K3A_NIA0276.png",
            "ingest_time": "2023-03-02T14:34:14.313313Z",
            "type_id": "1",
            "type_name": "건물"
         }
      },
      {
         "type": "Feature",
         "geometry": {
            "type": "Polygon",
            "coordinates": [
               [
                  31.353873,
                  29.984511,
                  0.0
               ],
               [
                  31.359709,
                  29.984584,
                  0.0
               ],
               [
                  31.359626,
                  29.989664,
                  0.0
               ],
               [
                  31.353789,
                  29.989591,
                  0.0
               ]
            ]
         },
         "properties": {
            "object_imcoords": "EMPTY",
            "building_imcoords": "836.811667, 516.993767, 898.810264, 492.487946, 899.036124, 483.679402, 877.692345, 431.957439, 814.564447, 454.204659, 815.242028, 461.99683",
            "road_imcoords": "EMPTY",
            "image_id": "BLD00213_PS3_K3A_NIA0276.png",
            "ingest_time": "2023-03-02T14:34:14.313313Z",
            "type_id": "1",
            "type_name": "건물"
         }
      },
      {
         "type": "Feature",
         "geometry": {
            "type": "Polygon",
            "coordinates": [
               [
                  31.353873,
                  29.984511,
                  0.0
               ],
               [
                  31.359709,
                  29.984584,
                  0.0
               ],
               [
                  31.359626,
                  29.989664,
                  0.0
               ],
               [
                  31.353789,
                  29.989591,
                  0.0
               ]
            ]
         },
         "properties": {
            "object_imcoords": "EMPTY",
            "building_imcoords": "888.163099, 499.225742, 888.163099, 502.641754, 891.335110, 508.579108, 901.908481, 504.675094, 902.803150, 499.957745, 898.736470, 494.91506",
            "road_imcoords": "EMPTY",
            "image_id": "BLD00213_PS3_K3A_NIA0276.png",
            "ingest_time": "2023-03-02T14:34:14.313313Z",
            "type_id": "1",
            "type_name": "건물"
         }
      },
      {
         "type": "Feature",
         "geometry": {
            "type": "Polygon",
            "coordinates": [
               [
                  31.353873,
                  29.984511,
                  0.0
               ],
               [
                  31.359709,
                  29.984584,
                  0.0
               ],
               [
                  31.359626,
                  29.989664,
                  0.0
               ],
               [
                  31.353789,
                  29.989591,
                  0.0
               ]
            ]
         },
         "properties": {
            "object_imcoords": "EMPTY",
            "building_imcoords": "780.311867, 408.088455, 808.806149, 396.852539, 820.940938, 424.627723, 821.030825, 428.942314, 792.266881, 440.178230, 780.671416, 412.49293",
            "road_imcoords": "EMPTY",
            "image_id": "BLD00213_PS3_K3A_NIA0276.png",
            "ingest_time": "2023-03-02T14:34:14.313313Z",
            "type_id": "1",
            "type_name": "건물"
         }
      },
      {
         "type": "Feature",
         "geometry": {
            "type": "Polygon",
            "coordinates": [
               [
                  31.353873,
                  29.984511,
                  0.0
               ],
               [
                  31.359709,
                  29.984584,
                  0.0
               ],
               [
                  31.359626,
                  29.989664,
                  0.0
               ],
               [
                  31.353789,
                  29.989591,
                  0.0
               ]
            ]
         },
         "properties": {
            "object_imcoords": "EMPTY",
            "building_imcoords": "808.079688, 385.508619, 808.473969, 390.831418, 817.542441, 410.348346, 820.795262, 412.516894, 818.232433, 414.586871, 821.485255, 420.402521, 826.216631, 424.641046, 832.327993, 424.345335, 837.453651, 421.585365, 837.059369, 417.543981, 839.819339, 415.079723, 839.523628, 407.489806, 838.833636, 396.252787, 833.510837, 381.762946, 834.102259, 378.214414, 831.736571, 373.87731",
            "road_imcoords": "EMPTY",
            "image_id": "BLD00213_PS3_K3A_NIA0276.png",
            "ingest_time": "2023-03-02T14:34:14.313313Z",
            "type_id": "1",
            "type_name": "건물"
         }
      },
      {
         "type": "Feature",
         "geometry": {
            "type": "Polygon",
            "coordinates": [
               [
                  31.353873,
                  29.984511,
                  0.0
               ],
               [
                  31.359709,
                  29.984584,
                  0.0
               ],
               [
                  31.359626,
                  29.989664,
                  0.0
               ],
               [
                  31.353789,
                  29.989591,
                  0.0
               ]
            ]
         },
         "properties": {
            "object_imcoords": "EMPTY",
            "building_imcoords": "735.631706, 796.587849, 746.442482, 797.086808, 746.608801, 805.070150, 745.111925, 805.402789, 745.195084, 808.147063, 736.130665, 807.648104, 734.966427, 804.072232, 734.966427, 799.41528",
            "road_imcoords": "EMPTY",
            "image_id": "BLD00213_PS3_K3A_NIA0276.png",
            "ingest_time": "2023-03-02T14:34:14.313313Z",
            "type_id": "1",
            "type_name": "건물"
         }
      },
      {
         "type": "Feature",
         "geometry": {
            "type": "Polygon",
            "coordinates": [
               [
                  31.353873,
                  29.984511,
                  0.0
               ],
               [
                  31.359709,
                  29.984584,
                  0.0
               ],
               [
                  31.359626,
                  29.989664,
                  0.0
               ],
               [
                  31.353789,
                  29.989591,
                  0.0
               ]
            ]
         },
         "properties": {
            "object_imcoords": "EMPTY",
            "building_imcoords": "702.866182, 826.372028, 735.449383, 719.002624, 735.449383, 709.227664, 728.622426, 707.210609, 725.829581, 703.641973, 716.830411, 702.711024, 716.054620, 704.417763, 712.641142, 703.641973, 711.865352, 711.399878, 705.348712, 709.693138, 703.785436, 712.453898, 703.785436, 715.890046, 701.989268, 718.935722, 701.911174, 726.510865, 704.019719, 728.307032, 701.804547, 740.588019, 688.847342, 777.520461, 684.616418, 776.815307, 681.707657, 778.666336, 680.473638, 782.368395, 683.558687, 787.568906, 681.762016, 795.813453, 680.579665, 805.090364, 675.668359, 805.908915, 675.395509, 815.458676, 675.807760, 820.288206, 679.847200, 820.570028, 680.129021, 817.282111, 686.610914, 817.845754, 686.610914, 820.851849, 696.662545, 821.791254, 695.911021, 829.588313, 701.547449, 830.15195",
            "road_imcoords": "EMPTY",
            "image_id": "BLD00213_PS3_K3A_NIA0276.png",
            "ingest_time": "2023-03-02T14:34:14.313313Z",
            "type_id": "1",
            "type_name": "건물"
         }
      },
      {
         "type": "Feature",
         "geometry": {
            "type": "Polygon",
            "coordinates": [
               [
                  31.353873,
                  29.984511,
                  0.0
               ],
               [
                  31.359709,
                  29.984584,
                  0.0
               ],
               [
                  31.359626,
                  29.989664,
                  0.0
               ],
               [
                  31.353789,
                  29.989591,
                  0.0
               ]
            ]
         },
         "properties": {
            "object_imcoords": "EMPTY",
            "building_imcoords": "660.281961, 822.560441, 661.763436, 815.608905, 666.891618, 814.355349, 675.324629, 817.660178, 676.008387, 819.825410, 679.883013, 820.737087, 680.224892, 817.432259, 687.062469, 817.318299, 686.948509, 820.851047, 696.862995, 821.420845, 696.521116, 829.967815, 702.105137, 830.423654, 703.016813, 835.437876, 728.657725, 842.959210, 731.962554, 849.682827, 736.520938, 856.178525, 738.230332, 865.409253, 740.965363, 868.372203, 740.965363, 877.375012, 748.030858, 883.756750, 748.372737, 891.619963, 752.817162, 894.582912, 756.235950, 908.372025, 758.287223, 927.061400, 752.475283, 928.428915, 744.177709, 921.341865, 694.757072, 901.264732, 689.903260, 911.744554, 684.056622, 909.648590, 682.803606, 911.046714, 679.410680, 909.487801, 679.135577, 905.544670, 675.926052, 907.195283, 667.782774, 903.298832, 669.407022, 894.852739, 662.043762, 889.871710, 651.137646, 888.865917, 650.511810, 882.071126, 653.551584, 870.627268, 655.833637, 866.692274, 661.306043, 867.547337, 664.042245, 859.766260, 661.049524, 855.490943, 669.771170, 827.35935",
            "road_imcoords": "EMPTY",
            "image_id": "BLD00213_PS3_K3A_NIA0276.png",
            "ingest_time": "2023-03-02T14:34:14.313313Z",
            "type_id": "1",
            "type_name": "건물"
         }
      },
      {
         "type": "Feature",
         "geometry": {
            "type": "Polygon",
            "coordinates": [
               [
                  31.359243,
                  29.985591,
                  0.0
               ],
               [
                  31.359299,
                  29.985593,
                  0.0
               ],
               [
                  31.359298,
                  29.985554,
                  0.0
               ],
               [
                  31.359256,
                  29.985546,
                  0.0
               ]
            ]
         },
         "properties": {
            "object_imcoords": "EMPTY",
            "building_imcoords": "945.174462, 819.767964, 954.967277, 819.541976, 954.726748, 827.408242, 947.238403, 828.849899, 947.042361, 824.174613, 945.750337, 824.375884, 946.416082, 829.697203, 928.842534, 833.417422, 928.602006, 823.685090, 944.044522, 822.17850",
            "road_imcoords": "EMPTY",
            "image_id": "BLD00213_PS3_K3A_NIA0276.png",
            "ingest_time": "2023-03-02T14:34:14.313313Z",
            "type_id": "1",
            "type_name": "건물"
         }
      },
      {
         "type": "Feature",
         "geometry": {
            "type": "Polygon",
            "coordinates": [
               [
                  31.353873,
                  29.984511,
                  0.0
               ],
               [
                  31.359709,
                  29.984584,
                  0.0
               ],
               [
                  31.359626,
                  29.989664,
                  0.0
               ],
               [
                  31.353789,
                  29.989591,
                  0.0
               ]
            ]
         },
         "properties": {
            "object_imcoords": "EMPTY",
            "building_imcoords": "834.474200, 1000.626670, 834.348374, 1005.030559, 845.609750, 1009.560275, 849.007036, 1003.080265, 848.818298, 998.173074, 840.325082, 994.587049, 835.669541, 994.64996",
            "road_imcoords": "EMPTY",
            "image_id": "BLD00213_PS3_K3A_NIA0276.png",
            "ingest_time": "2023-03-02T14:34:14.313313Z",
            "type_id": "1",
            "type_name": "건물"
         }
      },
      {
         "type": "Feature",
         "geometry": {
            "type": "Polygon",
            "coordinates": [
               [
                  31.353873,
                  29.984511,
                  0.0
               ],
               [
                  31.359709,
                  29.984584,
                  0.0
               ],
               [
                  31.359626,
                  29.989664,
                  0.0
               ],
               [
                  31.353789,
                  29.989591,
                  0.0
               ]
            ]
         },
         "properties": {
            "object_imcoords": "EMPTY",
            "building_imcoords": "738.881632, 1023.697631, 762.840513, 977.829827, 768.606019, 978.982929, 807.427093, 992.179531, 809.220806, 997.560670, 808.580194, 1011.782252, 803.199055, 1024.00000",
            "road_imcoords": "EMPTY",
            "image_id": "BLD00213_PS3_K3A_NIA0276.png",
            "ingest_time": "2023-03-02T14:34:14.313313Z",
            "type_id": "1",
            "type_name": "건물"
         }
      },
      {
         "type": "Feature",
         "geometry": {
            "type": "Polygon",
            "coordinates": [
               [
                  31.353873,
                  29.984511,
                  0.0
               ],
               [
                  31.359709,
                  29.984584,
                  0.0
               ],
               [
                  31.359626,
                  29.989664,
                  0.0
               ],
               [
                  31.353789,
                  29.989591,
                  0.0
               ]
            ]
         },
         "properties": {
            "object_imcoords": "EMPTY",
            "building_imcoords": "804.683501, 1024.000000, 818.132251, 1002.237478, 822.513283, 999.996020, 853.078622, 1012.833463, 858.172845, 1017.418264, 859.497343, 1024.00000",
            "road_imcoords": "EMPTY",
            "image_id": "BLD00213_PS3_K3A_NIA0276.png",
            "ingest_time": "2023-03-02T14:34:14.313313Z",
            "type_id": "1",
            "type_name": "건물"
         }
      },
      {
         "type": "Feature",
         "geometry": {
            "type": "Polygon",
            "coordinates": [
               [
                  31.353873,
                  29.984511,
                  0.0
               ],
               [
                  31.359709,
                  29.984584,
                  0.0
               ],
               [
                  31.359626,
                  29.989664,
                  0.0
               ],
               [
                  31.353789,
                  29.989591,
                  0.0
               ]
            ]
         },
         "properties": {
            "object_imcoords": "EMPTY",
            "building_imcoords": "699.681897, 952.921684, 707.988967, 953.299278, 756.069285, 973.689360, 762.127113, 977.068427, 739.284768, 1024.000000, 728.550583, 1024.000000, 724.600403, 1024.000000, 684.153995, 1008.927487, 677.627611, 1007.124144, 697.206764, 955.51418",
            "road_imcoords": "EMPTY",
            "image_id": "BLD00213_PS3_K3A_NIA0276.png",
            "ingest_time": "2023-03-02T14:34:14.313313Z",
            "type_id": "1",
            "type_name": "건물"
         }
      },
      {
         "type": "Feature",
         "geometry": {
            "type": "Polygon",
            "coordinates": [
               [
                  31.353873,
                  29.984511,
                  0.0
               ],
               [
                  31.359709,
                  29.984584,
                  0.0
               ],
               [
                  31.359626,
                  29.989664,
                  0.0
               ],
               [
                  31.353789,
                  29.989591,
                  0.0
               ]
            ]
         },
         "properties": {
            "object_imcoords": "EMPTY",
            "building_imcoords": "674.172998, 1024.000000, 681.123235, 1010.181011, 719.109875, 1024.00000",
            "road_imcoords": "EMPTY",
            "image_id": "BLD00213_PS3_K3A_NIA0276.png",
            "ingest_time": "2023-03-02T14:34:14.313313Z",
            "type_id": "1",
            "type_name": "건물"
         }
      },
      {
         "type": "Feature",
         "geometry": {
            "type": "Polygon",
            "coordinates": [
               [
                  31.356169,
                  29.984539,
                  0.0
               ],
               [
                  31.356209,
                  29.984579,
                  0.0
               ],
               [
                  31.356329,
                  29.984696,
                  0.0
               ],
               [
                  31.356349,
                  29.984693,
                  0.0
               ]
            ]
         },
         "properties": {
            "object_imcoords": "EMPTY",
            "building_imcoords": "402.771882, 1024.000000, 410.034146, 1016.066891, 431.328521, 992.805467, 434.821060, 993.421797, 449.612988, 1006.878343, 448.893936, 1010.268160, 434.821060, 1024.00000",
            "road_imcoords": "EMPTY",
            "image_id": "BLD00213_PS3_K3A_NIA0276.png",
            "ingest_time": "2023-03-02T14:34:14.313313Z",
            "type_id": "1",
            "type_name": "건물"
         }
      },
      {
         "type": "Feature",
         "geometry": {
            "type": "Polygon",
            "coordinates": [
               [
                  31.353873,
                  29.984511,
                  0.0
               ],
               [
                  31.359709,
                  29.984584,
                  0.0
               ],
               [
                  31.359626,
                  29.989664,
                  0.0
               ],
               [
                  31.353789,
                  29.989591,
                  0.0
               ]
            ]
         },
         "properties": {
            "object_imcoords": "EMPTY",
            "building_imcoords": "432.253016, 989.004763, 443.449684, 975.753660, 448.585771, 975.856382, 462.145038, 987.155772, 463.788586, 990.237424, 463.994029, 993.627241, 450.742927, 1006.056569, 433.896564, 991.88097",
            "road_imcoords": "EMPTY",
            "image_id": "BLD00213_PS3_K3A_NIA0276.png",
            "ingest_time": "2023-03-02T14:34:14.313313Z",
            "type_id": "1",
            "type_name": "건물"
         }
      },
      {
         "type": "Feature",
         "geometry": {
            "type": "Polygon",
            "coordinates": [
               [
                  31.353873,
                  29.984511,
                  0.0
               ],
               [
                  31.359709,
                  29.984584,
                  0.0
               ],
               [
                  31.359626,
                  29.989664,
                  0.0
               ],
               [
                  31.353789,
                  29.989591,
                  0.0
               ]
            ]
         },
         "properties": {
            "object_imcoords": "EMPTY",
            "building_imcoords": "278.533993, 1024.000000, 278.255830, 1019.189633, 298.839900, 997.492910, 315.993292, 996.843863, 320.536623, 994.154953, 334.166615, 1002.221683, 334.166615, 1005.188756, 352.154496, 1016.315280, 351.876333, 1024.00000",
            "road_imcoords": "EMPTY",
            "image_id": "BLD00213_PS3_K3A_NIA0276.png",
            "ingest_time": "2023-03-02T14:34:14.313313Z",
            "type_id": "1",
            "type_name": "건물"
         }
      },
      {
         "type": "Feature",
         "geometry": {
            "type": "Polygon",
            "coordinates": [
               [
                  31.353873,
                  29.984511,
                  0.0
               ],
               [
                  31.359709,
                  29.984584,
                  0.0
               ],
               [
                  31.359626,
                  29.989664,
                  0.0
               ],
               [
                  31.353789,
                  29.989591,
                  0.0
               ]
            ]
         },
         "properties": {
            "object_imcoords": "EMPTY",
            "building_imcoords": "492.742978, 969.815684, 506.904260, 978.521390, 510.850847, 978.753542, 513.288445, 976.083792, 516.074271, 918.045750, 518.511868, 915.608153, 517.815412, 900.286109, 505.279195, 891.812555, 498.662858, 891.928631, 497.153869, 894.01800",
            "road_imcoords": "EMPTY",
            "image_id": "BLD00213_PS3_K3A_NIA0276.png",
            "ingest_time": "2023-03-02T14:34:14.313313Z",
            "type_id": "1",
            "type_name": "건물"
         }
      },
      {
         "type": "Feature",
         "geometry": {
            "type": "Polygon",
            "coordinates": [
               [
                  31.353873,
                  29.984511,
                  0.0
               ],
               [
                  31.359709,
                  29.984584,
                  0.0
               ],
               [
                  31.359626,
                  29.989664,
                  0.0
               ],
               [
                  31.353789,
                  29.989591,
                  0.0
               ]
            ]
         },
         "properties": {
            "object_imcoords": "EMPTY",
            "building_imcoords": "454.979241, 926.546713, 460.195128, 929.111903, 465.582028, 931.677093, 466.779116, 933.985765, 471.139940, 934.242284, 492.687538, 896.191962, 493.200576, 890.719556, 490.891905, 886.871771, 481.657220, 883.109492, 476.184814, 883.622530, 455.235760, 920.30475",
            "road_imcoords": "EMPTY",
            "image_id": "BLD00213_PS3_K3A_NIA0276.png",
            "ingest_time": "2023-03-02T14:34:14.313313Z",
            "type_id": "1",
            "type_name": "건물"
         }
      },
      {
         "type": "Feature",
         "geometry": {
            "type": "Polygon",
            "coordinates": [
               [
                  31.353873,
                  29.984511,
                  0.0
               ],
               [
                  31.359709,
                  29.984584,
                  0.0
               ],
               [
                  31.359626,
                  29.989664,
                  0.0
               ],
               [
                  31.353789,
                  29.989591,
                  0.0
               ]
            ]
         },
         "properties": {
            "object_imcoords": "EMPTY",
            "building_imcoords": "502.343100, 867.376892, 502.343100, 877.249340, 503.741697, 879.717453, 506.538890, 880.622427, 506.785702, 882.925998, 516.658150, 883.419621, 516.658150, 880.128805, 521.265293, 880.869238, 534.428558, 855.859035, 534.428558, 850.429188, 531.795905, 845.986586, 520.442589, 842.284418, 515.753176, 842.284418, 512.791441, 843.76528",
            "road_imcoords": "EMPTY",
            "image_id": "BLD00213_PS3_K3A_NIA0276.png",
            "ingest_time": "2023-03-02T14:34:14.313313Z",
            "type_id": "1",
            "type_name": "건물"
         }
      },
      {
         "type": "Feature",
         "geometry": {
            "type": "Polygon",
            "coordinates": [
               [
                  31.353873,
                  29.984511,
                  0.0
               ],
               [
                  31.359709,
                  29.984584,
                  0.0
               ],
               [
                  31.359626,
                  29.989664,
                  0.0
               ],
               [
                  31.353789,
                  29.989591,
                  0.0
               ]
            ]
         },
         "properties": {
            "object_imcoords": "EMPTY",
            "building_imcoords": "522.005727, 836.772301, 522.005727, 842.942581, 532.371798, 845.904316, 533.359043, 847.631994, 540.022946, 848.207887, 550.718099, 828.874342, 555.901134, 817.603296, 555.736593, 811.762097, 553.515292, 808.800363, 538.953430, 806.74360",
            "road_imcoords": "EMPTY",
            "image_id": "BLD00213_PS3_K3A_NIA0276.png",
            "ingest_time": "2023-03-02T14:34:14.313313Z",
            "type_id": "1",
            "type_name": "건물"
         }
      },
      {
         "type": "Feature",
         "geometry": {
            "type": "Polygon",
            "coordinates": [
               [
                  31.353873,
                  29.984511,
                  0.0
               ],
               [
                  31.359709,
                  29.984584,
                  0.0
               ],
               [
                  31.359626,
                  29.989664,
                  0.0
               ],
               [
                  31.353789,
                  29.989591,
                  0.0
               ]
            ]
         },
         "properties": {
            "object_imcoords": "EMPTY",
            "building_imcoords": "538.135477, 371.952118, 496.628713, 372.708752, 504.125722, 479.002079, 548.092096, 476.641467, 542.141760, 379.829806, 538.076389, 380.01542",
            "road_imcoords": "EMPTY",
            "image_id": "BLD00213_PS3_K3A_NIA0276.png",
            "ingest_time": "2023-03-02T14:34:14.313313Z",
            "type_id": "1",
            "type_name": "건물"
         }
      },
      {
         "type": "Feature",
         "geometry": {
            "type": "Polygon",
            "coordinates": [
               [
                  31.353873,
                  29.984511,
                  0.0
               ],
               [
                  31.359709,
                  29.984584,
                  0.0
               ],
               [
                  31.359626,
                  29.989664,
                  0.0
               ],
               [
                  31.353789,
                  29.989591,
                  0.0
               ]
            ]
         },
         "properties": {
            "object_imcoords": "EMPTY",
            "building_imcoords": "297.516371, 431.927320, 309.598254, 434.947791, 309.598254, 423.944647, 301.184085, 419.413941, 295.574640, 421.57142",
            "road_imcoords": "EMPTY",
            "image_id": "BLD00213_PS3_K3A_NIA0276.png",
            "ingest_time": "2023-03-02T14:34:14.313313Z",
            "type_id": "1",
            "type_name": "건물"
         }
      },
      {
         "type": "Feature",
         "geometry": {
            "type": "Polygon",
            "coordinates": [
               [
                  31.353873,
                  29.984511,
                  0.0
               ],
               [
                  31.359709,
                  29.984584,
                  0.0
               ],
               [
                  31.359626,
                  29.989664,
                  0.0
               ],
               [
                  31.353789,
                  29.989591,
                  0.0
               ]
            ]
         },
         "properties": {
            "object_imcoords": "EMPTY",
            "building_imcoords": "833.354957, 359.937882, 902.801203, 330.750329, 906.072222, 336.663325, 905.820605, 341.821470, 836.877592, 370.379981, 832.222681, 362.95728",
            "road_imcoords": "EMPTY",
            "image_id": "BLD00213_PS3_K3A_NIA0276.png",
            "ingest_time": "2023-03-02T14:34:14.313313Z",
            "type_id": "1",
            "type_name": "건물"
         }
      },
      {
         "type": "Feature",
         "geometry": {
            "type": "Polygon",
            "coordinates": [
               [
                  31.353873,
                  29.984511,
                  0.0
               ],
               [
                  31.359709,
                  29.984584,
                  0.0
               ],
               [
                  31.359626,
                  29.989664,
                  0.0
               ],
               [
                  31.353789,
                  29.989591,
                  0.0
               ]
            ]
         },
         "properties": {
            "object_imcoords": "EMPTY",
            "building_imcoords": "789.761731, 312.841536, 802.946624, 345.337634, 800.815732, 348.933514, 802.946624, 352.396213, 806.009780, 352.928936, 811.470190, 364.382478, 811.470190, 375.702840, 804.411612, 378.366455, 800.549371, 376.768286, 780.439080, 384.226407, 778.441369, 388.887733, 773.513682, 391.551347, 767.254188, 388.488191, 765.656019, 384.093227, 765.922381, 376.368744, 764.324212, 372.639684, 761.926959, 374.104672, 754.868380, 357.323900, 758.464260, 355.193008, 754.868380, 347.734887, 749.274789, 346.003538, 747.809801, 339.211320, 749.008428, 331.220477, 752.337946, 326.159609, 756.866091, 324.960982, 761.127874, 326.958693, 768.585995, 322.43054",
            "road_imcoords": "EMPTY",
            "image_id": "BLD00213_PS3_K3A_NIA0276.png",
            "ingest_time": "2023-03-02T14:34:14.313313Z",
            "type_id": "1",
            "type_name": "건물"
         }
      },
      {
         "type": "Feature",
         "geometry": {
            "type": "Polygon",
            "coordinates": [
               [
                  31.353873,
                  29.984511,
                  0.0
               ],
               [
                  31.359709,
                  29.984584,
                  0.0
               ],
               [
                  31.359626,
                  29.989664,
                  0.0
               ],
               [
                  31.353789,
                  29.989591,
                  0.0
               ]
            ]
         },
         "properties": {
            "object_imcoords": "EMPTY",
            "building_imcoords": "792.558527, 317.369681, 812.002913, 309.911560, 807.474768, 299.789824, 792.292165, 306.981584, 790.693996, 312.57517",
            "road_imcoords": "EMPTY",
            "image_id": "BLD00213_PS3_K3A_NIA0276.png",
            "ingest_time": "2023-03-02T14:34:14.313313Z",
            "type_id": "1",
            "type_name": "건물"
         }
      },
      {
         "type": "Feature",
         "geometry": {
            "type": "Polygon",
            "coordinates": [
               [
                  31.353873,
                  29.984511,
                  0.0
               ],
               [
                  31.359709,
                  29.984584,
                  0.0
               ],
               [
                  31.359626,
                  29.989664,
                  0.0
               ],
               [
                  31.353789,
                  29.989591,
                  0.0
               ]
            ]
         },
         "properties": {
            "object_imcoords": "EMPTY",
            "building_imcoords": "792.158984, 317.369681, 812.935178, 309.911560, 892.843617, 276.216835, 910.290292, 318.834669, 910.823015, 327.624597, 910.823015, 331.620019, 905.495786, 334.017272, 902.299449, 330.421392, 832.912288, 359.854334, 831.447300, 364.382478, 820.526480, 370.242431, 811.603371, 370.242431, 810.937467, 364.915201, 805.876600, 352.795755, 802.547081, 344.80491",
            "road_imcoords": "EMPTY",
            "image_id": "BLD00213_PS3_K3A_NIA0276.png",
            "ingest_time": "2023-03-02T14:34:14.313313Z",
            "type_id": "1",
            "type_name": "건물"
         }
      },
      {
         "type": "Feature",
         "geometry": {
            "type": "Polygon",
            "coordinates": [
               [
                  31.353873,
                  29.984511,
                  0.0
               ],
               [
                  31.359709,
                  29.984584,
                  0.0
               ],
               [
                  31.359626,
                  29.989664,
                  0.0
               ],
               [
                  31.353789,
                  29.989591,
                  0.0
               ]
            ]
         },
         "properties": {
            "object_imcoords": "EMPTY",
            "building_imcoords": "906.197615, 307.536616, 922.499699, 301.808857, 931.421785, 322.076313, 931.201487, 326.261983, 911.815225, 332.760787, 911.594926, 327.363475, 910.934031, 318.33123",
            "road_imcoords": "EMPTY",
            "image_id": "BLD00213_PS3_K3A_NIA0276.png",
            "ingest_time": "2023-03-02T14:34:14.313313Z",
            "type_id": "1",
            "type_name": "건물"
         }
      },
      {
         "type": "Feature",
         "geometry": {
            "type": "Polygon",
            "coordinates": [
               [
                  31.353873,
                  29.984511,
                  0.0
               ],
               [
                  31.359709,
                  29.984584,
                  0.0
               ],
               [
                  31.359626,
                  29.989664,
                  0.0
               ],
               [
                  31.353789,
                  29.989591,
                  0.0
               ]
            ]
         },
         "properties": {
            "object_imcoords": "EMPTY",
            "building_imcoords": "901.130751, 295.970948, 931.421785, 285.506772, 935.937903, 293.327367, 936.158202, 298.173932, 923.931639, 303.020498, 922.499699, 301.698707, 905.867167, 307.42646",
            "road_imcoords": "EMPTY",
            "image_id": "BLD00213_PS3_K3A_NIA0276.png",
            "ingest_time": "2023-03-02T14:34:14.313313Z",
            "type_id": "1",
            "type_name": "건물"
         }
      },
      {
         "type": "Feature",
         "geometry": {
            "type": "Polygon",
            "coordinates": [
               [
                  31.353873,
                  29.984511,
                  0.0
               ],
               [
                  31.359709,
                  29.984584,
                  0.0
               ],
               [
                  31.359626,
                  29.989664,
                  0.0
               ],
               [
                  31.353789,
                  29.989591,
                  0.0
               ]
            ]
         },
         "properties": {
            "object_imcoords": "EMPTY",
            "building_imcoords": "898.266871, 287.819906, 906.968659, 284.956026, 910.162986, 292.776621, 901.240900, 295.97094",
            "road_imcoords": "EMPTY",
            "image_id": "BLD00213_PS3_K3A_NIA0276.png",
            "ingest_time": "2023-03-02T14:34:14.313313Z",
            "type_id": "1",
            "type_name": "건물"
         }
      },
      {
         "type": "Feature",
         "geometry": {
            "type": "Polygon",
            "coordinates": [
               [
                  31.353873,
                  29.984511,
                  0.0
               ],
               [
                  31.359709,
                  29.984584,
                  0.0
               ],
               [
                  31.359626,
                  29.989664,
                  0.0
               ],
               [
                  31.353789,
                  29.989591,
                  0.0
               ]
            ]
         },
         "properties": {
            "object_imcoords": "EMPTY",
            "building_imcoords": "892.869559, 276.033940, 903.774332, 272.288866, 907.739704, 282.642893, 897.275528, 286.71841",
            "road_imcoords": "EMPTY",
            "image_id": "BLD00213_PS3_K3A_NIA0276.png",
            "ingest_time": "2023-03-02T14:34:14.313313Z",
            "type_id": "1",
            "type_name": "건물"
         }
      },
      {
         "type": "Feature",
         "geometry": {
            "type": "Polygon",
            "coordinates": [
               [
                  31.353873,
                  29.984511,
                  0.0
               ],
               [
                  31.359709,
                  29.984584,
                  0.0
               ],
               [
                  31.359626,
                  29.989664,
                  0.0
               ],
               [
                  31.353789,
                  29.989591,
                  0.0
               ]
            ]
         },
         "properties": {
            "object_imcoords": "EMPTY",
            "building_imcoords": "905.536719, 273.390359, 917.983581, 268.653942, 923.160594, 279.668864, 922.609848, 288.811249, 910.823882, 292.996919, 907.629554, 285.286474, 908.510748, 282.20229",
            "road_imcoords": "EMPTY",
            "image_id": "BLD00213_PS3_K3A_NIA0276.png",
            "ingest_time": "2023-03-02T14:34:14.313313Z",
            "type_id": "1",
            "type_name": "건물"
         }
      },
      {
         "type": "Feature",
         "geometry": {
            "type": "Polygon",
            "coordinates": [
               [
                  31.353873,
                  29.984511,
                  0.0
               ],
               [
                  31.359709,
                  29.984584,
                  0.0
               ],
               [
                  31.359626,
                  29.989664,
                  0.0
               ],
               [
                  31.353789,
                  29.989591,
                  0.0
               ]
            ]
         },
         "properties": {
            "object_imcoords": "EMPTY",
            "building_imcoords": "503.928832, 479.009275, 548.230268, 476.759592, 567.612146, 474.856015, 573.322878, 553.248790, 572.630668, 560.863099, 510.504827, 563.45888",
            "road_imcoords": "EMPTY",
            "image_id": "BLD00213_PS3_K3A_NIA0276.png",
            "ingest_time": "2023-03-02T14:34:14.313313Z",
            "type_id": "1",
            "type_name": "건물"
         }
      },
      {
         "type": "Feature",
         "geometry": {
            "type": "Polygon",
            "coordinates": [
               [
                  31.353873,
                  29.984511,
                  0.0
               ],
               [
                  31.359709,
                  29.984584,
                  0.0
               ],
               [
                  31.359626,
                  29.989664,
                  0.0
               ],
               [
                  31.353789,
                  29.989591,
                  0.0
               ]
            ]
         },
         "properties": {
            "object_imcoords": "EMPTY",
            "building_imcoords": "568.179551, 475.374527, 575.036483, 475.374527, 575.627598, 472.537176, 599.272190, 472.182507, 604.001108, 559.431052, 573.381361, 560.495059, 573.263138, 552.81056",
            "road_imcoords": "EMPTY",
            "image_id": "BLD00213_PS3_K3A_NIA0276.png",
            "ingest_time": "2023-03-02T14:34:14.313313Z",
            "type_id": "1",
            "type_name": "건물"
         }
      },
      {
         "type": "Feature",
         "geometry": {
            "type": "Polygon",
            "coordinates": [
               [
                  31.353873,
                  29.984511,
                  0.0
               ],
               [
                  31.359709,
                  29.984584,
                  0.0
               ],
               [
                  31.359626,
                  29.989664,
                  0.0
               ],
               [
                  31.353789,
                  29.989591,
                  0.0
               ]
            ]
         },
         "properties": {
            "object_imcoords": "EMPTY",
            "building_imcoords": "552.420774, 371.857341, 592.693175, 371.459916, 598.654551, 463.662520, 600.376726, 468.431620, 599.714351, 471.611020, 575.868850, 472.273395, 574.411625, 475.982695, 566.463124, 475.320320, 559.441949, 475.452795, 557.719774, 456.243920, 551.890874, 448.692844, 551.228499, 436.372669, 555.202749, 433.060794, 555.202749, 428.556643, 550.698599, 424.317443, 551.096024, 416.368943, 554.407899, 410.804993, 553.348099, 408.817868, 548.843949, 406.565792, 549.506324, 400.869367, 553.083149, 401.00184",
            "road_imcoords": "EMPTY",
            "image_id": "BLD00213_PS3_K3A_NIA0276.png",
            "ingest_time": "2023-03-02T14:34:14.313313Z",
            "type_id": "1",
            "type_name": "건물"
         }
      },
      {
         "type": "Feature",
         "geometry": {
            "type": "Polygon",
            "coordinates": [
               [
                  31.356932,
                  29.98569,
                  0.0
               ],
               [
                  31.356891,
                  29.985641,
                  0.0
               ],
               [
                  31.356918,
                  29.985633,
                  0.0
               ],
               [
                  31.356929,
                  29.985642,
                  0.0
               ]
            ]
         },
         "properties": {
            "object_imcoords": "EMPTY",
            "building_imcoords": "539.937389, 793.976383, 532.746028, 803.927219, 537.345154, 805.432388, 539.268425, 803.759979, 545.372720, 806.101352, 548.717538, 797.73930",
            "road_imcoords": "EMPTY",
            "image_id": "BLD00213_PS3_K3A_NIA0276.png",
            "ingest_time": "2023-03-02T14:34:14.313313Z",
            "type_id": "1",
            "type_name": "건물"
         }
      },
      {
         "type": "Feature",
         "geometry": {
            "type": "Polygon",
            "coordinates": [
               [
                  31.359037,
                  29.985624,
                  0.0
               ],
               [
                  31.359075,
                  29.985633,
                  0.0
               ],
               [
                  31.359108,
                  29.985545,
                  0.0
               ],
               [
                  31.359066,
                  29.985533,
                  0.0
               ]
            ]
         },
         "properties": {
            "object_imcoords": "EMPTY",
            "building_imcoords": "909.041284, 812.656244, 915.756636, 810.977407, 921.286925, 828.753336, 913.979043, 831.02470",
            "road_imcoords": "EMPTY",
            "image_id": "BLD00213_PS3_K3A_NIA0276.png",
            "ingest_time": "2023-03-02T14:34:14.313313Z",
            "type_id": "1",
            "type_name": "건물"
         }
      },
      {
         "type": "Feature",
         "geometry": {
            "type": "Polygon",
            "coordinates": [
               [
                  31.359074,
                  29.985633,
                  0.0
               ],
               [
                  31.35914,
                  29.985646,
                  0.0
               ],
               [
                  31.359154,
                  29.985596,
                  0.0
               ],
               [
                  31.359094,
                  29.985584,
                  0.0
               ]
            ]
         },
         "properties": {
            "object_imcoords": "EMPTY",
            "building_imcoords": "915.657880, 810.977407, 927.212235, 808.409772, 929.483603, 818.581554, 919.015556, 820.852923, 916.820153, 814.395855, 915.756636, 810.977407, 915.665617, 811.00016",
            "road_imcoords": "EMPTY",
            "image_id": "BLD00213_PS3_K3A_NIA0276.png",
            "ingest_time": "2023-03-02T14:34:14.313313Z",
            "type_id": "1",
            "type_name": "건물"
         }
      },
      {
         "type": "Feature",
         "geometry": {
            "type": "Polygon",
            "coordinates": [
               [
                  31.359147,
                  29.985644,
                  0.0
               ],
               [
                  31.359164,
                  29.9856,
                  0.0
               ],
               [
                  31.359247,
                  29.985618,
                  0.0
               ],
               [
                  31.35924,
                  29.985665,
                  0.0
               ]
            ]
         },
         "properties": {
            "object_imcoords": "EMPTY",
            "building_imcoords": "928.397297, 808.903548, 931.261196, 817.890268, 945.975716, 814.335082, 944.889409, 804.85458",
            "road_imcoords": "EMPTY",
            "image_id": "BLD00213_PS3_K3A_NIA0276.png",
            "ingest_time": "2023-03-02T14:34:14.313313Z",
            "type_id": "1",
            "type_name": "건물"
         }
      },
      {
         "type": "Feature",
         "geometry": {
            "type": "Polygon",
            "coordinates": [
               [
                  31.356281,
                  29.984653,
                  0.0
               ],
               [
                  31.356264,
                  29.984664,
                  0.0
               ],
               [
                  31.356283,
                  29.984685,
                  0.0
               ],
               [
                  31.356248,
                  29.984717,
                  0.0
               ]
            ]
         },
         "properties": {
            "object_imcoords": "EMPTY",
            "building_imcoords": "422.833383, 1001.423571, 419.925438, 999.151739, 423.287749, 994.880695, 417.199239, 988.337819, 398.202356, 1010.651829, 403.512368, 1017.188378, 406.657938, 1013.782338, 409.384137, 1016.14504",
            "road_imcoords": "EMPTY",
            "image_id": "BLD00213_PS3_K3A_NIA0276.png",
            "ingest_time": "2023-03-02T14:34:14.313313Z",
            "type_id": "1",
            "type_name": "건물"
         }
      },
      {
         "type": "Feature",
         "geometry": {
            "type": "Polygon",
            "coordinates": [
               [
                  31.357412,
                  29.984555,
                  0.0
               ],
               [
                  31.357403,
                  29.984591,
                  0.0
               ],
               [
                  31.35747,
                  29.984756,
                  0.0
               ],
               [
                  31.357607,
                  29.984713,
                  0.0
               ]
            ]
         },
         "properties": {
            "object_imcoords": "EMPTY",
            "building_imcoords": "620.859507, 1024.000000, 619.546151, 1016.645208, 631.652759, 983.557637, 655.633544, 992.678771, 660.041164, 991.990081, 665.275214, 993.367462, 667.616762, 996.948654, 669.407358, 1003.422346, 671.611168, 1006.452585, 667.802427, 1024.00000",
            "road_imcoords": "EMPTY",
            "image_id": "BLD00213_PS3_K3A_NIA0276.png",
            "ingest_time": "2023-03-02T14:34:14.313313Z",
            "type_id": "1",
            "type_name": "건물"
         }
      }
   ]
}