{
   "type": "FeatureCollection",
   "features": [
      {
         "type": "Feature",
         "geometry": {
            "type": "Polygon",
            "coordinates": [
               [
                  31.359561,
                  29.997031,
                  0.0
               ],
               [
                  31.359547,
                  29.996988,
                  0.0
               ],
               [
                  31.359623,
                  29.996862,
                  0.0
               ],
               [
                  31.360184,
                  29.997107,
                  0.0
               ]
            ]
         },
         "properties": {
            "object_imcoords": "EMPTY",
            "building_imcoords": "9.898224, 563.242517, 7.341855, 571.965476, 20.277505, 597.487163, 119.380874, 549.552061, 119.681453, 544.661038, 105.548178, 519.90795",
            "road_imcoords": "EMPTY",
            "image_id": "BLD00164_PS3_K3A_NIA0276.png",
            "ingest_time": "2023-03-02T14:34:14.313313Z",
            "type_id": "1",
            "type_name": "건물"
         }
      },
      {
         "type": "Feature",
         "geometry": {
            "type": "Polygon",
            "coordinates": [
               [
                  31.36106,
                  29.997161,
                  0.0
               ],
               [
                  31.361176,
                  29.996885,
                  0.0
               ],
               [
                  31.361281,
                  29.996917,
                  0.0
               ],
               [
                  31.361153,
                  29.997197,
                  0.0
               ]
            ]
         },
         "properties": {
            "object_imcoords": "EMPTY",
            "building_imcoords": "273.222010, 540.873120, 292.817446, 596.778306, 311.314155, 590.690408, 289.703309, 533.90251",
            "road_imcoords": "EMPTY",
            "image_id": "BLD00164_PS3_K3A_NIA0276.png",
            "ingest_time": "2023-03-02T14:34:14.313313Z",
            "type_id": "1",
            "type_name": "건물"
         }
      },
      {
         "type": "Feature",
         "geometry": {
            "type": "Polygon",
            "coordinates": [
               [
                  31.361456,
                  29.997732,
                  0.0
               ],
               [
                  31.36148,
                  29.997664,
                  0.0
               ],
               [
                  31.361773,
                  29.997781,
                  0.0
               ],
               [
                  31.361744,
                  29.997841,
                  0.0
               ]
            ]
         },
         "properties": {
            "object_imcoords": "EMPTY",
            "building_imcoords": "344.265425, 426.815859, 348.256604, 440.576721, 400.059957, 417.844584, 395.127155, 405.67233",
            "road_imcoords": "EMPTY",
            "image_id": "BLD00164_PS3_K3A_NIA0276.png",
            "ingest_time": "2023-03-02T14:34:14.313313Z",
            "type_id": "1",
            "type_name": "건물"
         }
      },
      {
         "type": "Feature",
         "geometry": {
            "type": "Polygon",
            "coordinates": [
               [
                  31.361777,
                  29.997754,
                  0.0
               ],
               [
                  31.361909,
                  29.99749,
                  0.0
               ],
               [
                  31.361986,
                  29.997522,
                  0.0
               ],
               [
                  31.361859,
                  29.997774,
                  0.0
               ]
            ]
         },
         "properties": {
            "object_imcoords": "EMPTY",
            "building_imcoords": "400.732840, 423.233835, 423.061015, 476.803136, 436.666778, 470.569684, 415.131820, 419.46126",
            "road_imcoords": "EMPTY",
            "image_id": "BLD00164_PS3_K3A_NIA0276.png",
            "ingest_time": "2023-03-02T14:34:14.313313Z",
            "type_id": "1",
            "type_name": "건물"
         }
      },
      {
         "type": "Feature",
         "geometry": {
            "type": "Polygon",
            "coordinates": [
               [
                  31.359542,
                  29.994745,
                  0.0
               ],
               [
                  31.365379,
                  29.994817,
                  0.0
               ],
               [
                  31.365296,
                  29.999898,
                  0.0
               ],
               [
                  31.359459,
                  29.999825,
                  0.0
               ]
            ]
         },
         "properties": {
            "object_imcoords": "EMPTY",
            "building_imcoords": "0.000000, 442.928302, 28.498113, 430.852830, 8.211321, 383.033962, 14.007547, 380.135849, 7.245283, 364.679245, 0.000000, 367.57735",
            "road_imcoords": "EMPTY",
            "image_id": "BLD00164_PS3_K3A_NIA0276.png",
            "ingest_time": "2023-03-02T14:34:14.313313Z",
            "type_id": "1",
            "type_name": "건물"
         }
      },
      {
         "type": "Feature",
         "geometry": {
            "type": "Polygon",
            "coordinates": [
               [
                  31.362154,
                  29.995795,
                  0.0
               ],
               [
                  31.362391,
                  29.995335,
                  0.0
               ],
               [
                  31.36259,
                  29.995409,
                  0.0
               ],
               [
                  31.362596,
                  29.995487,
                  0.0
               ]
            ]
         },
         "properties": {
            "object_imcoords": "EMPTY",
            "building_imcoords": "461.252137, 818.853755, 501.425104, 912.216966, 536.500964, 897.798378, 537.871391, 882.019808, 497.480462, 790.452504, 476.757938, 794.035363, 461.926908, 806.96805",
            "road_imcoords": "EMPTY",
            "image_id": "BLD00164_PS3_K3A_NIA0276.png",
            "ingest_time": "2023-03-02T14:34:14.313313Z",
            "type_id": "1",
            "type_name": "건물"
         }
      },
      {
         "type": "Feature",
         "geometry": {
            "type": "Polygon",
            "coordinates": [
               [
                  31.360836,
                  29.995374,
                  0.0
               ],
               [
                  31.360841,
                  29.995324,
                  0.0
               ],
               [
                  31.36089,
                  29.995236,
                  0.0
               ],
               [
                  31.361188,
                  29.995349,
                  0.0
               ]
            ]
         },
         "properties": {
            "object_imcoords": "EMPTY",
            "building_imcoords": "228.767950, 900.403923, 229.588028, 910.587251, 237.913238, 928.358806, 290.418268, 906.268895, 290.501364, 897.341569, 282.248809, 878.988782, 263.356117, 883.805273, 254.349298, 870.517149, 239.210248, 876.825273, 247.517489, 892.15135",
            "road_imcoords": "EMPTY",
            "image_id": "BLD00164_PS3_K3A_NIA0276.png",
            "ingest_time": "2023-03-02T14:34:14.313313Z",
            "type_id": "1",
            "type_name": "건물"
         }
      },
      {
         "type": "Feature",
         "geometry": {
            "type": "Polygon",
            "coordinates": [
               [
                  31.359542,
                  29.994745,
                  0.0
               ],
               [
                  31.365379,
                  29.994817,
                  0.0
               ],
               [
                  31.365296,
                  29.999898,
                  0.0
               ],
               [
                  31.359459,
                  29.999825,
                  0.0
               ]
            ]
         },
         "properties": {
            "object_imcoords": "EMPTY",
            "building_imcoords": "474.960941, 954.395198, 484.960118, 988.602911, 504.169065, 983.340186, 493.643615, 949.65874",
            "road_imcoords": "EMPTY",
            "image_id": "BLD00164_PS3_K3A_NIA0276.png",
            "ingest_time": "2023-03-02T14:34:14.313313Z",
            "type_id": "1",
            "type_name": "건물"
         }
      },
      {
         "type": "Feature",
         "geometry": {
            "type": "Polygon",
            "coordinates": [
               [
                  31.362924,
                  29.994908,
                  0.0
               ],
               [
                  31.362951,
                  29.994834,
                  0.0
               ],
               [
                  31.363113,
                  29.994879,
                  0.0
               ],
               [
                  31.363085,
                  29.99495,
                  0.0
               ]
            ]
         },
         "properties": {
            "object_imcoords": "EMPTY",
            "building_imcoords": "593.737059, 999.578086, 598.278550, 1014.551733, 626.773814, 1005.791689, 621.969186, 991.42923",
            "road_imcoords": "EMPTY",
            "image_id": "BLD00164_PS3_K3A_NIA0276.png",
            "ingest_time": "2023-03-02T14:34:14.313313Z",
            "type_id": "1",
            "type_name": "건물"
         }
      },
      {
         "type": "Feature",
         "geometry": {
            "type": "Polygon",
            "coordinates": [
               [
                  31.359542,
                  29.994745,
                  0.0
               ],
               [
                  31.365379,
                  29.994817,
                  0.0
               ],
               [
                  31.365296,
                  29.999898,
                  0.0
               ],
               [
                  31.359459,
                  29.999825,
                  0.0
               ]
            ]
         },
         "properties": {
            "object_imcoords": "EMPTY",
            "building_imcoords": "786.223019, 1024.000000, 846.567443, 1000.420790, 857.539157, 1023.36164",
            "road_imcoords": "EMPTY",
            "image_id": "BLD00164_PS3_K3A_NIA0276.png",
            "ingest_time": "2023-03-02T14:34:14.313313Z",
            "type_id": "1",
            "type_name": "건물"
         }
      },
      {
         "type": "Feature",
         "geometry": {
            "type": "Polygon",
            "coordinates": [
               [
                  31.364147,
                  29.996591,
                  0.0
               ],
               [
                  31.364137,
                  29.99653,
                  0.0
               ],
               [
                  31.364359,
                  29.996051,
                  0.0
               ],
               [
                  31.364595,
                  29.996136,
                  0.0
               ]
            ]
         },
         "properties": {
            "object_imcoords": "EMPTY",
            "building_imcoords": "813.078309, 663.565665, 811.159781, 675.732225, 848.599684, 772.808111, 890.294553, 756.377100, 847.645162, 651.175923, 829.457081, 655.00349",
            "road_imcoords": "EMPTY",
            "image_id": "BLD00164_PS3_K3A_NIA0276.png",
            "ingest_time": "2023-03-02T14:34:14.313313Z",
            "type_id": "1",
            "type_name": "건물"
         }
      },
      {
         "type": "Feature",
         "geometry": {
            "type": "Polygon",
            "coordinates": [
               [
                  31.364597,
                  29.99649,
                  0.0
               ],
               [
                  31.364636,
                  29.996395,
                  0.0
               ],
               [
                  31.364826,
                  29.99647,
                  0.0
               ],
               [
                  31.364846,
                  29.996469,
                  0.0
               ]
            ]
         },
         "properties": {
            "object_imcoords": "EMPTY",
            "building_imcoords": "891.688225, 684.948684, 898.329594, 704.196792, 931.806245, 689.489605, 935.294606, 689.836284, 927.848417, 669.62519",
            "road_imcoords": "EMPTY",
            "image_id": "BLD00164_PS3_K3A_NIA0276.png",
            "ingest_time": "2023-03-02T14:34:14.313313Z",
            "type_id": "1",
            "type_name": "건물"
         }
      },
      {
         "type": "Feature",
         "geometry": {
            "type": "Polygon",
            "coordinates": [
               [
                  31.36378,
                  29.99732,
                  0.0
               ],
               [
                  31.363841,
                  29.997232,
                  0.0
               ],
               [
                  31.364408,
                  29.997484,
                  0.0
               ],
               [
                  31.364357,
                  29.99758,
                  0.0
               ]
            ]
         },
         "properties": {
            "object_imcoords": "EMPTY",
            "building_imcoords": "750.687981, 515.591652, 761.216175, 533.613532, 861.336127, 484.277747, 852.778701, 464.76472",
            "road_imcoords": "EMPTY",
            "image_id": "BLD00164_PS3_K3A_NIA0276.png",
            "ingest_time": "2023-03-02T14:34:14.313313Z",
            "type_id": "1",
            "type_name": "건물"
         }
      },
      {
         "type": "Feature",
         "geometry": {
            "type": "Polygon",
            "coordinates": [
               [
                  31.36371,
                  29.99764,
                  0.0
               ],
               [
                  31.363731,
                  29.997597,
                  0.0
               ],
               [
                  31.363903,
                  29.997655,
                  0.0
               ],
               [
                  31.363885,
                  29.997706,
                  0.0
               ]
            ]
         },
         "properties": {
            "object_imcoords": "EMPTY",
            "building_imcoords": "739.452191, 451.114743, 743.015810, 459.819340, 773.276824, 448.388345, 770.346574, 438.09060",
            "road_imcoords": "EMPTY",
            "image_id": "BLD00164_PS3_K3A_NIA0276.png",
            "ingest_time": "2023-03-02T14:34:14.313313Z",
            "type_id": "1",
            "type_name": "건물"
         }
      },
      {
         "type": "Feature",
         "geometry": {
            "type": "Polygon",
            "coordinates": [
               [
                  31.364118,
                  29.998106,
                  0.0
               ],
               [
                  31.364245,
                  29.997825,
                  0.0
               ],
               [
                  31.364351,
                  29.997856,
                  0.0
               ],
               [
                  31.364216,
                  29.998139,
                  0.0
               ]
            ]
         },
         "properties": {
            "object_imcoords": "EMPTY",
            "building_imcoords": "812.310369, 358.037266, 833.838884, 415.011448, 852.393474, 409.107273, 829.515711, 351.71204",
            "road_imcoords": "EMPTY",
            "image_id": "BLD00164_PS3_K3A_NIA0276.png",
            "ingest_time": "2023-03-02T14:34:14.313313Z",
            "type_id": "1",
            "type_name": "건물"
         }
      },
      {
         "type": "Feature",
         "geometry": {
            "type": "Polygon",
            "coordinates": [
               [
                  31.364054,
                  29.998538,
                  0.0
               ],
               [
                  31.364163,
                  29.998277,
                  0.0
               ],
               [
                  31.364234,
                  29.998298,
                  0.0
               ],
               [
                  31.36413,
                  29.998555,
                  0.0
               ]
            ]
         },
         "properties": {
            "object_imcoords": "EMPTY",
            "building_imcoords": "802.412821, 270.843114, 820.703469, 323.789862, 833.279710, 319.783205, 815.758231, 267.60562",
            "road_imcoords": "EMPTY",
            "image_id": "BLD00164_PS3_K3A_NIA0276.png",
            "ingest_time": "2023-03-02T14:34:14.313313Z",
            "type_id": "1",
            "type_name": "건물"
         }
      },
      {
         "type": "Feature",
         "geometry": {
            "type": "Polygon",
            "coordinates": [
               [
                  31.363501,
                  29.99807,
                  0.0
               ],
               [
                  31.363531,
                  29.997997,
                  0.0
               ],
               [
                  31.363697,
                  29.998054,
                  0.0
               ],
               [
                  31.36367,
                  29.998125,
                  0.0
               ]
            ]
         },
         "properties": {
            "object_imcoords": "EMPTY",
            "building_imcoords": "703.980917, 363.795258, 709.108711, 378.592027, 738.232960, 367.545525, 733.713523, 353.12246",
            "road_imcoords": "EMPTY",
            "image_id": "BLD00164_PS3_K3A_NIA0276.png",
            "ingest_time": "2023-03-02T14:34:14.313313Z",
            "type_id": "1",
            "type_name": "건물"
         }
      },
      {
         "type": "Feature",
         "geometry": {
            "type": "Polygon",
            "coordinates": [
               [
                  31.363023,
                  29.998233,
                  0.0
               ],
               [
                  31.363121,
                  29.998031,
                  0.0
               ],
               [
                  31.363192,
                  29.998051,
                  0.0
               ],
               [
                  31.363101,
                  29.998253,
                  0.0
               ]
            ]
         },
         "properties": {
            "object_imcoords": "EMPTY",
            "building_imcoords": "620.654260, 329.791004, 637.224013, 370.774413, 649.661186, 366.937168, 634.329893, 325.90166",
            "road_imcoords": "EMPTY",
            "image_id": "BLD00164_PS3_K3A_NIA0276.png",
            "ingest_time": "2023-03-02T14:34:14.313313Z",
            "type_id": "1",
            "type_name": "건물"
         }
      },
      {
         "type": "Feature",
         "geometry": {
            "type": "Polygon",
            "coordinates": [
               [
                  31.363684,
                  29.998767,
                  0.0
               ],
               [
                  31.363674,
                  29.998746,
                  0.0
               ],
               [
                  31.363734,
                  29.998611,
                  0.0
               ],
               [
                  31.363818,
                  29.998635,
                  0.0
               ]
            ]
         },
         "properties": {
            "object_imcoords": "EMPTY",
            "building_imcoords": "738.024115, 223.749841, 736.206361, 227.999042, 746.328709, 255.407643, 761.264545, 250.866461, 749.083761, 219.83875",
            "road_imcoords": "EMPTY",
            "image_id": "BLD00164_PS3_K3A_NIA0276.png",
            "ingest_time": "2023-03-02T14:34:14.313313Z",
            "type_id": "1",
            "type_name": "건물"
         }
      },
      {
         "type": "Feature",
         "geometry": {
            "type": "Polygon",
            "coordinates": [
               [
                  31.36351,
                  29.999101,
                  0.0
               ],
               [
                  31.363505,
                  29.999078,
                  0.0
               ],
               [
                  31.363572,
                  29.998932,
                  0.0
               ],
               [
                  31.363658,
                  29.998962,
                  0.0
               ]
            ]
         },
         "properties": {
            "object_imcoords": "EMPTY",
            "building_imcoords": "708.574186, 156.141335, 707.554258, 160.807870, 718.916753, 190.241167, 734.013402, 184.439781, 722.432375, 153.46871",
            "road_imcoords": "EMPTY",
            "image_id": "BLD00164_PS3_K3A_NIA0276.png",
            "ingest_time": "2023-03-02T14:34:14.313313Z",
            "type_id": "1",
            "type_name": "건물"
         }
      },
      {
         "type": "Feature",
         "geometry": {
            "type": "Polygon",
            "coordinates": [
               [
                  31.363936,
                  29.998589,
                  0.0
               ],
               [
                  31.363961,
                  29.998527,
                  0.0
               ],
               [
                  31.364032,
                  29.998553,
                  0.0
               ],
               [
                  31.364011,
                  29.998614,
                  0.0
               ]
            ]
         },
         "properties": {
            "object_imcoords": "EMPTY",
            "building_imcoords": "781.762578, 260.331136, 785.930047, 272.959466, 798.580120, 267.927249, 795.086242, 255.57704",
            "road_imcoords": "EMPTY",
            "image_id": "BLD00164_PS3_K3A_NIA0276.png",
            "ingest_time": "2023-03-02T14:34:14.313313Z",
            "type_id": "1",
            "type_name": "건물"
         }
      },
      {
         "type": "Feature",
         "geometry": {
            "type": "Polygon",
            "coordinates": [
               [
                  31.363012,
                  29.998738,
                  0.0
               ],
               [
                  31.363151,
                  29.998474,
                  0.0
               ],
               [
                  31.363227,
                  29.998498,
                  0.0
               ],
               [
                  31.363088,
                  29.998766,
                  0.0
               ]
            ]
         },
         "properties": {
            "object_imcoords": "EMPTY",
            "building_imcoords": "620.206714, 227.930454, 643.677245, 281.507305, 657.074744, 276.944379, 633.538979, 222.54627",
            "road_imcoords": "EMPTY",
            "image_id": "BLD00164_PS3_K3A_NIA0276.png",
            "ingest_time": "2023-03-02T14:34:14.313313Z",
            "type_id": "1",
            "type_name": "건물"
         }
      },
      {
         "type": "Feature",
         "geometry": {
            "type": "Polygon",
            "coordinates": [
               [
                  31.359542,
                  29.994745,
                  0.0
               ],
               [
                  31.365379,
                  29.994817,
                  0.0
               ],
               [
                  31.365296,
                  29.999898,
                  0.0
               ],
               [
                  31.359459,
                  29.999825,
                  0.0
               ]
            ]
         },
         "properties": {
            "object_imcoords": "EMPTY",
            "building_imcoords": "486.627674, 372.021473, 495.601314, 386.379297, 525.855300, 363.304222, 513.035814, 347.66445",
            "road_imcoords": "EMPTY",
            "image_id": "BLD00164_PS3_K3A_NIA0276.png",
            "ingest_time": "2023-03-02T14:34:14.313313Z",
            "type_id": "1",
            "type_name": "건물"
         }
      },
      {
         "type": "Feature",
         "geometry": {
            "type": "Polygon",
            "coordinates": [
               [
                  31.359542,
                  29.994745,
                  0.0
               ],
               [
                  31.365379,
                  29.994817,
                  0.0
               ],
               [
                  31.365296,
                  29.999898,
                  0.0
               ],
               [
                  31.359459,
                  29.999825,
                  0.0
               ]
            ]
         },
         "properties": {
            "object_imcoords": "EMPTY",
            "building_imcoords": "520.471116, 384.584569, 530.726705, 410.479929, 549.699543, 402.275459, 538.674786, 375.61092",
            "road_imcoords": "EMPTY",
            "image_id": "BLD00164_PS3_K3A_NIA0276.png",
            "ingest_time": "2023-03-02T14:34:14.313313Z",
            "type_id": "1",
            "type_name": "건물"
         }
      },
      {
         "type": "Feature",
         "geometry": {
            "type": "Polygon",
            "coordinates": [
               [
                  31.359542,
                  29.994745,
                  0.0
               ],
               [
                  31.365379,
                  29.994817,
                  0.0
               ],
               [
                  31.365296,
                  29.999898,
                  0.0
               ],
               [
                  31.359459,
                  29.999825,
                  0.0
               ]
            ]
         },
         "properties": {
            "object_imcoords": "EMPTY",
            "building_imcoords": "522.565456, 218.705857, 528.501106, 236.741100, 545.851466, 230.120568, 539.230934, 212.31361",
            "road_imcoords": "EMPTY",
            "image_id": "BLD00164_PS3_K3A_NIA0276.png",
            "ingest_time": "2023-03-02T14:34:14.313313Z",
            "type_id": "1",
            "type_name": "건물"
         }
      },
      {
         "type": "Feature",
         "geometry": {
            "type": "Polygon",
            "coordinates": [
               [
                  31.363425,
                  29.999586,
                  0.0
               ],
               [
                  31.363554,
                  29.999319,
                  0.0
               ],
               [
                  31.363626,
                  29.999346,
                  0.0
               ],
               [
                  31.363495,
                  29.999616,
                  0.0
               ]
            ]
         },
         "properties": {
            "object_imcoords": "EMPTY",
            "building_imcoords": "694.935836, 58.102764, 716.905040, 112.282937, 729.558967, 107.087675, 707.334504, 52.27852",
            "road_imcoords": "EMPTY",
            "image_id": "BLD00164_PS3_K3A_NIA0276.png",
            "ingest_time": "2023-03-02T14:34:14.313313Z",
            "type_id": "1",
            "type_name": "건물"
         }
      },
      {
         "type": "Feature",
         "geometry": {
            "type": "Polygon",
            "coordinates": [
               [
                  31.362864,
                  29.999659,
                  0.0
               ],
               [
                  31.362903,
                  29.999544,
                  0.0
               ],
               [
                  31.362994,
                  29.999571,
                  0.0
               ],
               [
                  31.362942,
                  29.999684,
                  0.0
               ]
            ]
         },
         "properties": {
            "object_imcoords": "EMPTY",
            "building_imcoords": "596.831983, 42.027587, 603.266835, 65.285041, 619.323657, 60.041117, 610.655709, 37.11788",
            "road_imcoords": "EMPTY",
            "image_id": "BLD00164_PS3_K3A_NIA0276.png",
            "ingest_time": "2023-03-02T14:34:14.313313Z",
            "type_id": "1",
            "type_name": "건물"
         }
      },
      {
         "type": "Feature",
         "geometry": {
            "type": "Polygon",
            "coordinates": [
               [
                  31.362923,
                  29.999548,
                  0.0
               ],
               [
                  31.362997,
                  29.9994,
                  0.0
               ],
               [
                  31.363047,
                  29.99942,
                  0.0
               ],
               [
                  31.363053,
                  29.999426,
                  0.0
               ]
            ]
         },
         "properties": {
            "object_imcoords": "EMPTY",
            "building_imcoords": "606.797359, 64.577100, 619.360367, 94.643119, 628.314770, 90.652003, 629.319341, 89.526825, 618.545926, 60.28719",
            "road_imcoords": "EMPTY",
            "image_id": "BLD00164_PS3_K3A_NIA0276.png",
            "ingest_time": "2023-03-02T14:34:14.313313Z",
            "type_id": "1",
            "type_name": "건물"
         }
      },
      {
         "type": "Feature",
         "geometry": {
            "type": "Polygon",
            "coordinates": [
               [
                  31.359542,
                  29.994745,
                  0.0
               ],
               [
                  31.365379,
                  29.994817,
                  0.0
               ],
               [
                  31.365296,
                  29.999898,
                  0.0
               ],
               [
                  31.359459,
                  29.999825,
                  0.0
               ]
            ]
         },
         "properties": {
            "object_imcoords": "EMPTY",
            "building_imcoords": "599.548066, 1.239589, 606.159210, 20.040028, 664.833107, 5.578152, 662.973723, 0.00000",
            "road_imcoords": "EMPTY",
            "image_id": "BLD00164_PS3_K3A_NIA0276.png",
            "ingest_time": "2023-03-02T14:34:14.313313Z",
            "type_id": "1",
            "type_name": "건물"
         }
      },
      {
         "type": "Feature",
         "geometry": {
            "type": "Polygon",
            "coordinates": [
               [
                  31.362317,
                  29.999755,
                  0.0
               ],
               [
                  31.362287,
                  29.999725,
                  0.0
               ],
               [
                  31.362329,
                  29.99955,
                  0.0
               ],
               [
                  31.362828,
                  29.999662,
                  0.0
               ]
            ]
         },
         "properties": {
            "object_imcoords": "EMPTY",
            "building_imcoords": "501.161727, 21.368021, 495.893594, 27.298499, 502.653496, 62.599264, 590.597326, 41.447277, 582.175460, 4.87938",
            "road_imcoords": "EMPTY",
            "image_id": "BLD00164_PS3_K3A_NIA0276.png",
            "ingest_time": "2023-03-02T14:34:14.313313Z",
            "type_id": "1",
            "type_name": "건물"
         }
      },
      {
         "type": "Feature",
         "geometry": {
            "type": "Polygon",
            "coordinates": [
               [
                  31.359542,
                  29.994745,
                  0.0
               ],
               [
                  31.365379,
                  29.994817,
                  0.0
               ],
               [
                  31.365296,
                  29.999898,
                  0.0
               ],
               [
                  31.359459,
                  29.999825,
                  0.0
               ]
            ]
         },
         "properties": {
            "object_imcoords": "EMPTY",
            "building_imcoords": "3.781109, 315.722620, 24.199099, 365.633262, 38.189203, 359.961598, 17.393102, 305.51362",
            "road_imcoords": "EMPTY",
            "image_id": "BLD00164_PS3_K3A_NIA0276.png",
            "ingest_time": "2023-03-02T14:34:14.313313Z",
            "type_id": "1",
            "type_name": "건물"
         }
      },
      {
         "type": "Feature",
         "geometry": {
            "type": "Polygon",
            "coordinates": [
               [
                  31.359542,
                  29.994745,
                  0.0
               ],
               [
                  31.365379,
                  29.994817,
                  0.0
               ],
               [
                  31.365296,
                  29.999898,
                  0.0
               ],
               [
                  31.359459,
                  29.999825,
                  0.0
               ]
            ]
         },
         "properties": {
            "object_imcoords": "EMPTY",
            "building_imcoords": "44.617089, 408.737907, 50.666864, 419.703124, 63.144524, 413.653349, 57.850971, 401.17568",
            "road_imcoords": "EMPTY",
            "image_id": "BLD00164_PS3_K3A_NIA0276.png",
            "ingest_time": "2023-03-02T14:34:14.313313Z",
            "type_id": "1",
            "type_name": "건물"
         }
      },
      {
         "type": "Feature",
         "geometry": {
            "type": "Polygon",
            "coordinates": [
               [
                  31.359542,
                  29.994745,
                  0.0
               ],
               [
                  31.365379,
                  29.994817,
                  0.0
               ],
               [
                  31.365296,
                  29.999898,
                  0.0
               ],
               [
                  31.359459,
                  29.999825,
                  0.0
               ]
            ]
         },
         "properties": {
            "object_imcoords": "EMPTY",
            "building_imcoords": "384.221120, 80.739179, 388.684090, 96.156711, 445.079798, 82.767802, 441.022553, 64.51019",
            "road_imcoords": "EMPTY",
            "image_id": "BLD00164_PS3_K3A_NIA0276.png",
            "ingest_time": "2023-03-02T14:34:14.313313Z",
            "type_id": "1",
            "type_name": "건물"
         }
      },
      {
         "type": "Feature",
         "geometry": {
            "type": "Polygon",
            "coordinates": [
               [
                  31.359542,
                  29.994745,
                  0.0
               ],
               [
                  31.365379,
                  29.994817,
                  0.0
               ],
               [
                  31.365296,
                  29.999898,
                  0.0
               ],
               [
                  31.359459,
                  29.999825,
                  0.0
               ]
            ]
         },
         "properties": {
            "object_imcoords": "EMPTY",
            "building_imcoords": "462.525952, 60.452953, 465.771748, 72.624689, 499.852608, 63.293025, 495.389638, 49.49839",
            "road_imcoords": "EMPTY",
            "image_id": "BLD00164_PS3_K3A_NIA0276.png",
            "ingest_time": "2023-03-02T14:34:14.313313Z",
            "type_id": "1",
            "type_name": "건물"
         }
      },
      {
         "type": "Feature",
         "geometry": {
            "type": "Polygon",
            "coordinates": [
               [
                  31.359542,
                  29.994745,
                  0.0
               ],
               [
                  31.365379,
                  29.994817,
                  0.0
               ],
               [
                  31.365296,
                  29.999898,
                  0.0
               ],
               [
                  31.359459,
                  29.999825,
                  0.0
               ]
            ]
         },
         "properties": {
            "object_imcoords": "EMPTY",
            "building_imcoords": "217.468342, 0.000000, 228.422904, 19.474777, 253.172100, 10.143113, 249.520579, 0.00000",
            "road_imcoords": "EMPTY",
            "image_id": "BLD00164_PS3_K3A_NIA0276.png",
            "ingest_time": "2023-03-02T14:34:14.313313Z",
            "type_id": "1",
            "type_name": "건물"
         }
      },
      {
         "type": "Feature",
         "geometry": {
            "type": "Polygon",
            "coordinates": [
               [
                  31.359542,
                  29.994745,
                  0.0
               ],
               [
                  31.365379,
                  29.994817,
                  0.0
               ],
               [
                  31.365296,
                  29.999898,
                  0.0
               ],
               [
                  31.359459,
                  29.999825,
                  0.0
               ]
            ]
         },
         "properties": {
            "object_imcoords": "EMPTY",
            "building_imcoords": "250.332028, 56.801433, 269.401081, 50.309840, 282.384265, 86.825047, 267.778183, 92.91091",
            "road_imcoords": "EMPTY",
            "image_id": "BLD00164_PS3_K3A_NIA0276.png",
            "ingest_time": "2023-03-02T14:34:14.313313Z",
            "type_id": "1",
            "type_name": "건물"
         }
      },
      {
         "type": "Feature",
         "geometry": {
            "type": "Polygon",
            "coordinates": [
               [
                  31.359542,
                  29.994745,
                  0.0
               ],
               [
                  31.365379,
                  29.994817,
                  0.0
               ],
               [
                  31.365296,
                  29.999898,
                  0.0
               ],
               [
                  31.359459,
                  29.999825,
                  0.0
               ]
            ]
         },
         "properties": {
            "object_imcoords": "EMPTY",
            "building_imcoords": "337.157076, 17.851879, 344.054392, 40.166727, 355.820404, 36.515207, 353.791781, 23.126298, 378.540977, 14.200358, 375.700905, 3.65152",
            "road_imcoords": "EMPTY",
            "image_id": "BLD00164_PS3_K3A_NIA0276.png",
            "ingest_time": "2023-03-02T14:34:14.313313Z",
            "type_id": "1",
            "type_name": "건물"
         }
      },
      {
         "type": "Feature",
         "geometry": {
            "type": "Polygon",
            "coordinates": [
               [
                  31.359542,
                  29.994745,
                  0.0
               ],
               [
                  31.365379,
                  29.994817,
                  0.0
               ],
               [
                  31.365296,
                  29.999898,
                  0.0
               ],
               [
                  31.359459,
                  29.999825,
                  0.0
               ]
            ]
         },
         "properties": {
            "object_imcoords": "EMPTY",
            "building_imcoords": "249.187388, 249.559866, 254.774549, 266.321349, 290.532381, 250.677298, 283.455310, 235.40572",
            "road_imcoords": "EMPTY",
            "image_id": "BLD00164_PS3_K3A_NIA0276.png",
            "ingest_time": "2023-03-02T14:34:14.313313Z",
            "type_id": "1",
            "type_name": "건물"
         }
      },
      {
         "type": "Feature",
         "geometry": {
            "type": "Polygon",
            "coordinates": [
               [
                  31.359542,
                  29.994745,
                  0.0
               ],
               [
                  31.365379,
                  29.994817,
                  0.0
               ],
               [
                  31.365296,
                  29.999898,
                  0.0
               ],
               [
                  31.359459,
                  29.999825,
                  0.0
               ]
            ]
         },
         "properties": {
            "object_imcoords": "EMPTY",
            "building_imcoords": "800.428424, 970.919327, 786.718847, 971.973910, 778.282183, 980.059046, 781.797460, 994.823206, 805.701339, 984.27737",
            "road_imcoords": "EMPTY",
            "image_id": "BLD00164_PS3_K3A_NIA0276.png",
            "ingest_time": "2023-03-02T14:34:14.313313Z",
            "type_id": "1",
            "type_name": "건물"
         }
      },
      {
         "type": "Feature",
         "geometry": {
            "type": "Polygon",
            "coordinates": [
               [
                  31.359542,
                  29.994745,
                  0.0
               ],
               [
                  31.365379,
                  29.994817,
                  0.0
               ],
               [
                  31.365296,
                  29.999898,
                  0.0
               ],
               [
                  31.359459,
                  29.999825,
                  0.0
               ]
            ]
         },
         "properties": {
            "object_imcoords": "EMPTY",
            "building_imcoords": "448.158902, 532.547798, 454.981835, 543.679951, 469.705004, 537.216120, 464.318478, 525.00666",
            "road_imcoords": "EMPTY",
            "image_id": "BLD00164_PS3_K3A_NIA0276.png",
            "ingest_time": "2023-03-02T14:34:14.313313Z",
            "type_id": "1",
            "type_name": "건물"
         }
      },
      {
         "type": "Feature",
         "geometry": {
            "type": "Polygon",
            "coordinates": [
               [
                  31.359542,
                  29.994745,
                  0.0
               ],
               [
                  31.365379,
                  29.994817,
                  0.0
               ],
               [
                  31.365296,
                  29.999898,
                  0.0
               ],
               [
                  31.359459,
                  29.999825,
                  0.0
               ]
            ]
         },
         "properties": {
            "object_imcoords": "EMPTY",
            "building_imcoords": "315.650381, 436.667649, 323.191516, 449.595309, 335.041872, 444.567886, 328.218940, 429.12651",
            "road_imcoords": "EMPTY",
            "image_id": "BLD00164_PS3_K3A_NIA0276.png",
            "ingest_time": "2023-03-02T14:34:14.313313Z",
            "type_id": "1",
            "type_name": "건물"
         }
      },
      {
         "type": "Feature",
         "geometry": {
            "type": "Polygon",
            "coordinates": [
               [
                  31.359542,
                  29.994745,
                  0.0
               ],
               [
                  31.365379,
                  29.994817,
                  0.0
               ],
               [
                  31.365296,
                  29.999898,
                  0.0
               ],
               [
                  31.359459,
                  29.999825,
                  0.0
               ]
            ]
         },
         "properties": {
            "object_imcoords": "EMPTY",
            "building_imcoords": "73.354733, 258.144524, 89.388554, 289.811321, 104.620684, 281.794410, 90.591091, 250.12761",
            "road_imcoords": "EMPTY",
            "image_id": "BLD00164_PS3_K3A_NIA0276.png",
            "ingest_time": "2023-03-02T14:34:14.313313Z",
            "type_id": "1",
            "type_name": "건물"
         }
      },
      {
         "type": "Feature",
         "geometry": {
            "type": "Polygon",
            "coordinates": [
               [
                  31.359542,
                  29.994745,
                  0.0
               ],
               [
                  31.365379,
                  29.994817,
                  0.0
               ],
               [
                  31.365296,
                  29.999898,
                  0.0
               ],
               [
                  31.359459,
                  29.999825,
                  0.0
               ]
            ]
         },
         "properties": {
            "object_imcoords": "EMPTY",
            "building_imcoords": "0.426489, 66.532278, 10.662224, 61.840900, 15.353603, 73.782591, 1.279467, 79.75343",
            "road_imcoords": "EMPTY",
            "image_id": "BLD00164_PS3_K3A_NIA0276.png",
            "ingest_time": "2023-03-02T14:34:14.313313Z",
            "type_id": "1",
            "type_name": "건물"
         }
      },
      {
         "type": "Feature",
         "geometry": {
            "type": "Polygon",
            "coordinates": [
               [
                  31.359461,
                  29.999688,
                  0.0
               ],
               [
                  31.359518,
                  29.99956,
                  0.0
               ],
               [
                  31.359463,
                  29.999543,
                  0.0
               ]
            ]
         },
         "properties": {
            "object_imcoords": "EMPTY",
            "building_imcoords": "0.000000, 27.721783, 9.746309, 53.548800, 0.000000, 56.91183",
            "road_imcoords": "EMPTY",
            "image_id": "BLD00164_PS3_K3A_NIA0276.png",
            "ingest_time": "2023-03-02T14:34:14.313313Z",
            "type_id": "1",
            "type_name": "건물"
         }
      },
      {
         "type": "Feature",
         "geometry": {
            "type": "Polygon",
            "coordinates": [
               [
                  31.359542,
                  29.994745,
                  0.0
               ],
               [
                  31.365379,
                  29.994817,
                  0.0
               ],
               [
                  31.365296,
                  29.999898,
                  0.0
               ],
               [
                  31.359459,
                  29.999825,
                  0.0
               ]
            ]
         },
         "properties": {
            "object_imcoords": "EMPTY",
            "building_imcoords": "354.970973, 28.680761, 369.497592, 22.348645, 375.084753, 37.247741, 359.813179, 44.32481",
            "road_imcoords": "EMPTY",
            "image_id": "BLD00164_PS3_K3A_NIA0276.png",
            "ingest_time": "2023-03-02T14:34:14.313313Z",
            "type_id": "1",
            "type_name": "건물"
         }
      },
      {
         "type": "Feature",
         "geometry": {
            "type": "Polygon",
            "coordinates": [
               [
                  31.359542,
                  29.994745,
                  0.0
               ],
               [
                  31.365379,
                  29.994817,
                  0.0
               ],
               [
                  31.365296,
                  29.999898,
                  0.0
               ],
               [
                  31.359459,
                  29.999825,
                  0.0
               ]
            ]
         },
         "properties": {
            "object_imcoords": "EMPTY",
            "building_imcoords": "480.538277, 267.161002, 495.302437, 263.294198, 519.206317, 334.302781, 500.575352, 338.87264",
            "road_imcoords": "EMPTY",
            "image_id": "BLD00164_PS3_K3A_NIA0276.png",
            "ingest_time": "2023-03-02T14:34:14.313313Z",
            "type_id": "1",
            "type_name": "건물"
         }
      },
      {
         "type": "Feature",
         "geometry": {
            "type": "Polygon",
            "coordinates": [
               [
                  31.359542,
                  29.994745,
                  0.0
               ],
               [
                  31.365379,
                  29.994817,
                  0.0
               ],
               [
                  31.365296,
                  29.999898,
                  0.0
               ],
               [
                  31.359459,
                  29.999825,
                  0.0
               ]
            ]
         },
         "properties": {
            "object_imcoords": "EMPTY",
            "building_imcoords": "215.184467, 766.890899, 220.240197, 779.214239, 235.407384, 772.262612, 228.771739, 759.93927",
            "road_imcoords": "EMPTY",
            "image_id": "BLD00164_PS3_K3A_NIA0276.png",
            "ingest_time": "2023-03-02T14:34:14.313313Z",
            "type_id": "1",
            "type_name": "건물"
         }
      },
      {
         "type": "Feature",
         "geometry": {
            "type": "Polygon",
            "coordinates": [
               [
                  31.360381,
                  29.996114,
                  0.0
               ],
               [
                  31.360398,
                  29.996055,
                  0.0
               ],
               [
                  31.360446,
                  29.996078,
                  0.0
               ],
               [
                  31.360426,
                  29.996126,
                  0.0
               ]
            ]
         },
         "properties": {
            "object_imcoords": "EMPTY",
            "building_imcoords": "151.105151, 750.083675, 153.948999, 762.091032, 162.480542, 757.667269, 159.004728, 747.87178",
            "road_imcoords": "EMPTY",
            "image_id": "BLD00164_PS3_K3A_NIA0276.png",
            "ingest_time": "2023-03-02T14:34:14.313313Z",
            "type_id": "1",
            "type_name": "건물"
         }
      },
      {
         "type": "Feature",
         "geometry": {
            "type": "Polygon",
            "coordinates": [
               [
                  31.359542,
                  29.994745,
                  0.0
               ],
               [
                  31.365379,
                  29.994817,
                  0.0
               ],
               [
                  31.365296,
                  29.999898,
                  0.0
               ],
               [
                  31.359459,
                  29.999825,
                  0.0
               ]
            ]
         },
         "properties": {
            "object_imcoords": "EMPTY",
            "building_imcoords": "166.361892, 446.855778, 172.165213, 457.688646, 181.450528, 453.432876, 177.581647, 443.37378",
            "road_imcoords": "EMPTY",
            "image_id": "BLD00164_PS3_K3A_NIA0276.png",
            "ingest_time": "2023-03-02T14:34:14.313313Z",
            "type_id": "1",
            "type_name": "건물"
         }
      },
      {
         "type": "Feature",
         "geometry": {
            "type": "Polygon",
            "coordinates": [
               [
                  31.359542,
                  29.994745,
                  0.0
               ],
               [
                  31.365379,
                  29.994817,
                  0.0
               ],
               [
                  31.365296,
                  29.999898,
                  0.0
               ],
               [
                  31.359459,
                  29.999825,
                  0.0
               ]
            ]
         },
         "properties": {
            "object_imcoords": "EMPTY",
            "building_imcoords": "178.355423, 344.717315, 181.837416, 354.389518, 192.670284, 350.520637, 190.735843, 340.46154",
            "road_imcoords": "EMPTY",
            "image_id": "BLD00164_PS3_K3A_NIA0276.png",
            "ingest_time": "2023-03-02T14:34:14.313313Z",
            "type_id": "1",
            "type_name": "건물"
         }
      },
      {
         "type": "Feature",
         "geometry": {
            "type": "Polygon",
            "coordinates": [
               [
                  31.359542,
                  29.994745,
                  0.0
               ],
               [
                  31.365379,
                  29.994817,
                  0.0
               ],
               [
                  31.365296,
                  29.999898,
                  0.0
               ],
               [
                  31.359459,
                  29.999825,
                  0.0
               ]
            ]
         },
         "properties": {
            "object_imcoords": "EMPTY",
            "building_imcoords": "341.119549, 786.458937, 347.933923, 800.488530, 361.161826, 793.273311, 353.946606, 778.84287",
            "road_imcoords": "EMPTY",
            "image_id": "BLD00164_PS3_K3A_NIA0276.png",
            "ingest_time": "2023-03-02T14:34:14.313313Z",
            "type_id": "1",
            "type_name": "건물"
         }
      },
      {
         "type": "Feature",
         "geometry": {
            "type": "Polygon",
            "coordinates": [
               [
                  31.361563,
                  29.995902,
                  0.0
               ],
               [
                  31.361623,
                  29.995925,
                  0.0
               ],
               [
                  31.361636,
                  29.995856,
                  0.0
               ],
               [
                  31.361576,
                  29.995835,
                  0.0
               ]
            ]
         },
         "properties": {
            "object_imcoords": "EMPTY",
            "building_imcoords": "357.793038, 795.876700, 368.336540, 791.309589, 370.502790, 805.379689, 359.959289, 809.30713",
            "road_imcoords": "EMPTY",
            "image_id": "BLD00164_PS3_K3A_NIA0276.png",
            "ingest_time": "2023-03-02T14:34:14.313313Z",
            "type_id": "1",
            "type_name": "건물"
         }
      },
      {
         "type": "Feature",
         "geometry": {
            "type": "Polygon",
            "coordinates": [
               [
                  31.359542,
                  29.994745,
                  0.0
               ],
               [
                  31.365379,
                  29.994817,
                  0.0
               ],
               [
                  31.365296,
                  29.999898,
                  0.0
               ],
               [
                  31.359459,
                  29.999825,
                  0.0
               ]
            ]
         },
         "properties": {
            "object_imcoords": "EMPTY",
            "building_imcoords": "330.697565, 808.505441, 345.929695, 801.691067, 350.338996, 813.716433, 335.106866, 819.32827",
            "road_imcoords": "EMPTY",
            "image_id": "BLD00164_PS3_K3A_NIA0276.png",
            "ingest_time": "2023-03-02T14:34:14.313313Z",
            "type_id": "1",
            "type_name": "건물"
         }
      },
      {
         "type": "Feature",
         "geometry": {
            "type": "Polygon",
            "coordinates": [
               [
                  31.359542,
                  29.994745,
                  0.0
               ],
               [
                  31.365379,
                  29.994817,
                  0.0
               ],
               [
                  31.365296,
                  29.999898,
                  0.0
               ],
               [
                  31.359459,
                  29.999825,
                  0.0
               ]
            ]
         },
         "properties": {
            "object_imcoords": "EMPTY",
            "building_imcoords": "635.645672, 980.542944, 639.094645, 994.338835, 649.786460, 990.200067, 647.027282, 975.71438",
            "road_imcoords": "EMPTY",
            "image_id": "BLD00164_PS3_K3A_NIA0276.png",
            "ingest_time": "2023-03-02T14:34:14.313313Z",
            "type_id": "1",
            "type_name": "건물"
         }
      },
      {
         "type": "Feature",
         "geometry": {
            "type": "Polygon",
            "coordinates": [
               [
                  31.359542,
                  29.994745,
                  0.0
               ],
               [
                  31.365379,
                  29.994817,
                  0.0
               ],
               [
                  31.365296,
                  29.999898,
                  0.0
               ],
               [
                  31.359459,
                  29.999825,
                  0.0
               ]
            ]
         },
         "properties": {
            "object_imcoords": "EMPTY",
            "building_imcoords": "641.164028, 959.504210, 644.268104, 966.747053, 652.545638, 963.298080, 647.717076, 955.36544",
            "road_imcoords": "EMPTY",
            "image_id": "BLD00164_PS3_K3A_NIA0276.png",
            "ingest_time": "2023-03-02T14:34:14.313313Z",
            "type_id": "1",
            "type_name": "건물"
         }
      },
      {
         "type": "Feature",
         "geometry": {
            "type": "Polygon",
            "coordinates": [
               [
                  31.363068,
                  29.999327,
                  0.0
               ],
               [
                  31.363269,
                  29.999382,
                  0.0
               ],
               [
                  31.36329,
                  29.99934,
                  0.0
               ],
               [
                  31.363289,
                  29.999324,
                  0.0
               ]
            ]
         },
         "properties": {
            "object_imcoords": "EMPTY",
            "building_imcoords": "631.657771, 109.542912, 667.080615, 98.826758, 670.652667, 107.459216, 670.354996, 110.651060, 633.798027, 121.747422, 630.625665, 112.80430",
            "road_imcoords": "EMPTY",
            "image_id": "BLD00164_PS3_K3A_NIA0276.png",
            "ingest_time": "2023-03-02T14:34:14.313313Z",
            "type_id": "1",
            "type_name": "건물"
         }
      },
      {
         "type": "Feature",
         "geometry": {
            "type": "Polygon",
            "coordinates": [
               [
                  31.3631,
                  29.999263,
                  0.0
               ],
               [
                  31.363097,
                  29.999237,
                  0.0
               ],
               [
                  31.363213,
                  29.998953,
                  0.0
               ],
               [
                  31.363342,
                  29.998998,
                  0.0
               ]
            ]
         },
         "properties": {
            "object_imcoords": "EMPTY",
            "building_imcoords": "637.015849, 122.342763, 636.420507, 127.700841, 656.066790, 185.151335, 678.689783, 176.518878, 672.736364, 154.491227, 694.466343, 146.156440, 690.001279, 134.844944, 673.331705, 138.714666, 670.950338, 136.035627, 664.996919, 136.333298, 657.624692, 115.33775",
            "road_imcoords": "EMPTY",
            "image_id": "BLD00164_PS3_K3A_NIA0276.png",
            "ingest_time": "2023-03-02T14:34:14.313313Z",
            "type_id": "1",
            "type_name": "건물"
         }
      },
      {
         "type": "Feature",
         "geometry": {
            "type": "Polygon",
            "coordinates": [
               [
                  31.35963,
                  29.998011,
                  0.0
               ],
               [
                  31.359714,
                  29.997841,
                  0.0
               ],
               [
                  31.359798,
                  29.997869,
                  0.0
               ],
               [
                  31.359788,
                  29.997889,
                  0.0
               ]
            ]
         },
         "properties": {
            "object_imcoords": "EMPTY",
            "building_imcoords": "24.930557, 365.956995, 39.104079, 400.508096, 53.922467, 395.157011, 52.275980, 391.040792, 38.484351, 360.28347",
            "road_imcoords": "EMPTY",
            "image_id": "BLD00164_PS3_K3A_NIA0276.png",
            "ingest_time": "2023-03-02T14:34:14.313313Z",
            "type_id": "1",
            "type_name": "건물"
         }
      },
      {
         "type": "Feature",
         "geometry": {
            "type": "Polygon",
            "coordinates": [
               [
                  31.35999,
                  29.995102,
                  0.0
               ],
               [
                  31.35991,
                  29.995255,
                  0.0
               ],
               [
                  31.359983,
                  29.995283,
                  0.0
               ],
               [
                  31.360062,
                  29.99513,
                  0.0
               ]
            ]
         },
         "properties": {
            "object_imcoords": "EMPTY",
            "building_imcoords": "79.531886, 953.135826, 66.078242, 922.117698, 78.922139, 916.546852, 92.375783, 947.564980, 105.829427, 978.583107, 92.985530, 984.15395",
            "road_imcoords": "EMPTY",
            "image_id": "BLD00164_PS3_K3A_NIA0276.png",
            "ingest_time": "2023-03-02T14:34:14.313313Z",
            "type_id": "1",
            "type_name": "건물"
         }
      },
      {
         "type": "Feature",
         "geometry": {
            "type": "Polygon",
            "coordinates": [
               [
                  31.361919,
                  29.994852,
                  0.0
               ],
               [
                  31.361814,
                  29.994815,
                  0.0
               ],
               [
                  31.361784,
                  29.994879,
                  0.0
               ],
               [
                  31.361888,
                  29.994916,
                  0.0
               ]
            ]
         },
         "properties": {
            "object_imcoords": "EMPTY",
            "building_imcoords": "417.213577, 1008.430470, 398.643465, 1015.558375, 393.626616, 1002.488133, 412.054062, 995.414989, 430.624140, 988.287085, 435.640996, 1001.35732",
            "road_imcoords": "EMPTY",
            "image_id": "BLD00164_PS3_K3A_NIA0276.png",
            "ingest_time": "2023-03-02T14:34:14.313313Z",
            "type_id": "1",
            "type_name": "건물"
         }
      },
      {
         "type": "Feature",
         "geometry": {
            "type": "Polygon",
            "coordinates": [
               [
                  31.363778,
                  29.998909,
                  0.0
               ],
               [
                  31.363856,
                  29.998934,
                  0.0
               ],
               [
                  31.363872,
                  29.998888,
                  0.0
               ],
               [
                  31.363876,
                  29.998873,
                  0.0
               ]
            ]
         },
         "properties": {
            "object_imcoords": "EMPTY",
            "building_imcoords": "754.898871, 195.451539, 768.726226, 190.593279, 771.342212, 199.936087, 772.089637, 202.925786, 760.504555, 208.531470, 760.504555, 208.53147",
            "road_imcoords": "EMPTY",
            "image_id": "BLD00164_PS3_K3A_NIA0276.png",
            "ingest_time": "2023-03-02T14:34:14.313313Z",
            "type_id": "1",
            "type_name": "건물"
         }
      },
      {
         "type": "Feature",
         "geometry": {
            "type": "Polygon",
            "coordinates": [
               [
                  31.36401,
                  29.999018,
                  0.0
               ],
               [
                  31.364058,
                  29.998927,
                  0.0
               ],
               [
                  31.364057,
                  29.998901,
                  0.0
               ],
               [
                  31.364053,
                  29.998887,
                  0.0
               ]
            ]
         },
         "properties": {
            "object_imcoords": "EMPTY",
            "building_imcoords": "796.007225, 174.149937, 804.228896, 192.461841, 803.855183, 197.693813, 803.107759, 200.683512, 808.713444, 214.510867, 808.713444, 219.742840, 803.481471, 221.611401, 797.875786, 217.500566, 794.138663, 214.510867, 791.896389, 207.784046, 794.138663, 202.552073, 790.027828, 196.198964, 790.027828, 192.088128, 792.270102, 189.845855, 787.633040, 191.818998, 783.301006, 176.765924, 783.301006, 176.76592",
            "road_imcoords": "EMPTY",
            "image_id": "BLD00164_PS3_K3A_NIA0276.png",
            "ingest_time": "2023-03-02T14:34:14.313313Z",
            "type_id": "1",
            "type_name": "건물"
         }
      },
      {
         "type": "Feature",
         "geometry": {
            "type": "Polygon",
            "coordinates": [
               [
                  31.36362,
                  29.996576,
                  0.0
               ],
               [
                  31.363575,
                  29.996556,
                  0.0
               ],
               [
                  31.363603,
                  29.996493,
                  0.0
               ],
               [
                  31.363661,
                  29.996514,
                  0.0
               ]
            ]
         },
         "properties": {
            "object_imcoords": "EMPTY",
            "building_imcoords": "720.517676, 665.214785, 712.617263, 669.164991, 717.357511, 681.805652, 727.628048, 677.855446, 727.628048, 677.85544",
            "road_imcoords": "EMPTY",
            "image_id": "BLD00164_PS3_K3A_NIA0276.png",
            "ingest_time": "2023-03-02T14:34:14.313313Z",
            "type_id": "1",
            "type_name": "건물"
         }
      }
   ]
}