{
   "type": "FeatureCollection",
   "features": [
      {
         "type": "Feature",
         "geometry": {
            "type": "Polygon",
            "coordinates": [
               [
                  31.356951,
                  30.028529,
                  0.0
               ],
               [
                  31.362789,
                  30.028601,
                  0.0
               ],
               [
                  31.362706,
                  30.033682,
                  0.0
               ],
               [
                  31.356867,
                  30.033609,
                  0.0
               ]
            ]
         },
         "properties": {
            "object_imcoords": "EMPTY",
            "building_imcoords": "910.136643, 858.789018, 1012.510969, 868.416698, 1013.086286, 851.382622, 1017.706391, 851.125950, 1024.000000, 770.787463, 1021.115017, 769.816110, 1021.277460, 761.369088, 1005.520515, 760.231989, 1003.896087, 763.155958, 991.387997, 763.155958, 991.225554, 760.556874, 948.990444, 753.896722, 948.015787, 756.333363, 939.406323, 756.333363, 939.081437, 750.647867, 922.837164, 749.510768, 921.862507, 756.008477, 917.151668, 756.658248, 908.215011, 823.556516, 906.723962, 848.076002, 909.871733, 849.07003",
            "road_imcoords": "EMPTY",
            "image_id": "BLD01127_PS3_K3A_NIA0277.png",
            "ingest_time": "2023-03-02T14:34:14.313313Z",
            "type_id": "1",
            "type_name": "건물"
         }
      },
      {
         "type": "Feature",
         "geometry": {
            "type": "Polygon",
            "coordinates": [
               [
                  31.356951,
                  30.028529,
                  0.0
               ],
               [
                  31.362789,
                  30.028601,
                  0.0
               ],
               [
                  31.362706,
                  30.033682,
                  0.0
               ],
               [
                  31.356867,
                  30.033609,
                  0.0
               ]
            ]
         },
         "properties": {
            "object_imcoords": "EMPTY",
            "building_imcoords": "1007.825574, 717.558386, 1024.000000, 717.838027, 1024.000000, 565.713412, 1021.527975, 566.272694, 1019.850130, 599.270312, 1019.570489, 614.091277, 1012.859109, 616.887685, 1005.588447, 696.30568",
            "road_imcoords": "EMPTY",
            "image_id": "BLD01127_PS3_K3A_NIA0277.png",
            "ingest_time": "2023-03-02T14:34:14.313313Z",
            "type_id": "1",
            "type_name": "건물"
         }
      },
      {
         "type": "Feature",
         "geometry": {
            "type": "Polygon",
            "coordinates": [
               [
                  31.356951,
                  30.028529,
                  0.0
               ],
               [
                  31.362789,
                  30.028601,
                  0.0
               ],
               [
                  31.362706,
                  30.033682,
                  0.0
               ],
               [
                  31.356867,
                  30.033609,
                  0.0
               ]
            ]
         },
         "properties": {
            "object_imcoords": "EMPTY",
            "building_imcoords": "998.947627, 297.103516, 1024.000000, 300.040980, 1024.000000, 227.863290, 1007.340382, 226.184739, 1004.822556, 232.479305, 991.603967, 231.010573, 985.514829, 271.458379, 985.381956, 285.011367, 997.473348, 286.47296",
            "road_imcoords": "EMPTY",
            "image_id": "BLD01127_PS3_K3A_NIA0277.png",
            "ingest_time": "2023-03-02T14:34:14.313313Z",
            "type_id": "1",
            "type_name": "건물"
         }
      },
      {
         "type": "Feature",
         "geometry": {
            "type": "Polygon",
            "coordinates": [
               [
                  31.356951,
                  30.028529,
                  0.0
               ],
               [
                  31.362789,
                  30.028601,
                  0.0
               ],
               [
                  31.362706,
                  30.033682,
                  0.0
               ],
               [
                  31.356867,
                  30.033609,
                  0.0
               ]
            ]
         },
         "properties": {
            "object_imcoords": "EMPTY",
            "building_imcoords": "911.461551, 280.362395, 959.891222, 283.956785, 961.026293, 263.147160, 963.674790, 262.579625, 975.403852, 174.611667, 975.403852, 168.179601, 973.133711, 166.855352, 973.701246, 151.721080, 963.107255, 148.505047, 962.918077, 139.992019, 940.784204, 138.856949, 938.514063, 147.937512, 926.217466, 146.991620, 926.595823, 155.693827, 923.379790, 160.234108, 915.434297, 182.367982, 915.623476, 212.258169, 912.029086, 238.93232",
            "road_imcoords": "EMPTY",
            "image_id": "BLD01127_PS3_K3A_NIA0277.png",
            "ingest_time": "2023-03-02T14:34:14.313313Z",
            "type_id": "1",
            "type_name": "건물"
         }
      },
      {
         "type": "Feature",
         "geometry": {
            "type": "Polygon",
            "coordinates": [
               [
                  31.356951,
                  30.028529,
                  0.0
               ],
               [
                  31.362789,
                  30.028601,
                  0.0
               ],
               [
                  31.362706,
                  30.033682,
                  0.0
               ],
               [
                  31.356867,
                  30.033609,
                  0.0
               ]
            ]
         },
         "properties": {
            "object_imcoords": "EMPTY",
            "building_imcoords": "821.412631, 250.472207, 895.003030, 256.904273, 903.894415, 188.421690, 903.516058, 171.017277, 832.006621, 164.585212, 822.547701, 234.39204",
            "road_imcoords": "EMPTY",
            "image_id": "BLD01127_PS3_K3A_NIA0277.png",
            "ingest_time": "2023-03-02T14:34:14.313313Z",
            "type_id": "1",
            "type_name": "건물"
         }
      },
      {
         "type": "Feature",
         "geometry": {
            "type": "Polygon",
            "coordinates": [
               [
                  31.356951,
                  30.028529,
                  0.0
               ],
               [
                  31.362789,
                  30.028601,
                  0.0
               ],
               [
                  31.362706,
                  30.033682,
                  0.0
               ],
               [
                  31.356867,
                  30.033609,
                  0.0
               ]
            ]
         },
         "properties": {
            "object_imcoords": "EMPTY",
            "building_imcoords": "831.766533, 128.239052, 939.898417, 139.186288, 941.015482, 138.516049, 963.803606, 139.409701, 964.473845, 142.760896, 1024.000000, 148.961540, 1024.000000, 42.225054, 1010.860497, 41.003574, 1009.330512, 43.757545, 1005.505552, 47.429507, 1003.669571, 47.123510, 1003.057578, 44.675536, 1000.762601, 43.757545, 1000.609603, 33.812649, 996.478646, 29.681692, 991.582697, 25.550735, 990.205711, 24.173749, 976.129857, 23.561755, 974.140878, 24.632744, 968.632935, 26.621723, 963.583988, 29.834690, 960.677018, 32.282665, 959.759028, 34.424642, 956.087066, 35.648630, 951.344115, 41.003574, 949.967129, 44.675536, 949.661132, 49.724483, 944.153190, 51.254467, 938.798245, 51.254467, 935.585279, 47.888502, 933.596299, 42.227561, 934.667288, 37.637609, 934.055295, 31.211676, 931.454322, 26.162728, 928.394353, 22.031771, 925.181387, 18.053812, 921.509425, 15.605838, 914.012503, 16.217831, 907.586570, 21.572776, 903.302614, 28.916700, 870.518209, 26.716033, 870.474928, 20.172860, 865.992070, 17.291023, 861.028906, 13.768778, 856.706150, 14.088982, 852.383394, 16.970819, 848.220741, 20.012758, 843.897985, 22.094085, 841.816658, 21.613779, 839.255025, 21.613779, 835.732780, 21.933983, 834.131759, 23.054697, 828.528187, 23.695106, 825.646350, 25.776432, 821.483696, 26.737045, 815.720022, 25.936535, 810.276551, 24.015310, 807.234612, 22.254187, 802.911856, 25.456228, 799.869917, 32.020413, 798.909305, 40.505822, 798.108794, 45.148782, 798.108794, 50.432150, 798.108794, 55.555417, 792.345120, 57.796845, 788.502670, 61.319091, 787.542058, 65.641847, 786.261242, 72.366133, 784.820323, 91.098075, 790.744099, 90.777871, 795.707263, 92.378892, 795.533613, 107.724819, 804.156324, 112.095234, 813.487750, 111.740876, 814.314585, 108.315415, 814.314585, 95.794768, 829.433858, 96.149126, 829.197619, 109.260370, 829.551977, 113.748904, 830.851290, 114.69385",
            "road_imcoords": "EMPTY",
            "image_id": "BLD01127_PS3_K3A_NIA0277.png",
            "ingest_time": "2023-03-02T14:34:14.313313Z",
            "type_id": "1",
            "type_name": "건물"
         }
      },
      {
         "type": "Feature",
         "geometry": {
            "type": "Polygon",
            "coordinates": [
               [
                  31.356951,
                  30.028529,
                  0.0
               ],
               [
                  31.362789,
                  30.028601,
                  0.0
               ],
               [
                  31.362706,
                  30.033682,
                  0.0
               ],
               [
                  31.356867,
                  30.033609,
                  0.0
               ]
            ]
         },
         "properties": {
            "object_imcoords": "EMPTY",
            "building_imcoords": "799.105221, 0.923643, 799.874923, 16.779516, 801.414328, 18.318921, 803.877377, 18.472862, 804.493139, 23.091077, 806.494366, 22.167434, 810.342878, 24.168661, 815.884737, 26.477769, 820.810834, 26.939590, 825.582990, 26.323828, 828.046038, 23.398958, 834.357599, 23.398958, 835.589123, 22.321375, 837.898231, 22.167434, 841.592803, 21.859553, 844.209792, 22.321375, 848.058305, 19.550446, 853.138342, 16.933457, 856.832914, 14.162528, 861.143249, 13.854646, 866.013710, 17.444276, 870.637494, 20.176512, 870.427322, 25.851156, 903.739584, 27.952875, 907.207422, 21.332458, 914.248184, 16.393416, 921.604203, 15.657814, 925.177127, 17.864620, 928.855137, 22.593490, 931.272115, 26.586758, 934.214523, 31.525799, 960.537286, 31.580723, 963.743689, 29.529165, 968.157301, 26.691844, 974.147202, 25.010468, 976.879438, 23.749436, 990.435532, 23.749436, 991.696564, 25.640984, 996.215262, 30.159681, 1000.733960, 33.627519, 1001.469562, 37.725873, 1022.276590, 38.461475, 1024.000000, 31.946143, 1024.000000, 0.00000",
            "road_imcoords": "EMPTY",
            "image_id": "BLD01127_PS3_K3A_NIA0277.png",
            "ingest_time": "2023-03-02T14:34:14.313313Z",
            "type_id": "1",
            "type_name": "건물"
         }
      },
      {
         "type": "Feature",
         "geometry": {
            "type": "Polygon",
            "coordinates": [
               [
                  31.356951,
                  30.028529,
                  0.0
               ],
               [
                  31.362789,
                  30.028601,
                  0.0
               ],
               [
                  31.362706,
                  30.033682,
                  0.0
               ],
               [
                  31.356867,
                  30.033609,
                  0.0
               ]
            ]
         },
         "properties": {
            "object_imcoords": "EMPTY",
            "building_imcoords": "641.749286, 91.014534, 644.589456, 94.629295, 646.525936, 99.922339, 654.659149, 100.180536, 655.046445, 102.246114, 662.405067, 101.987917, 662.792363, 100.438734, 666.019829, 98.502254, 671.054675, 98.373156, 671.958366, 91.014534, 672.474760, 67.518583, 670.796478, 64.162019, 667.052618, 58.610778, 663.179659, 56.287002, 656.337432, 55.383312, 656.724727, 38.342293, 656.079234, 36.534912, 654.271853, 35.373024, 647.558725, 35.373024, 646.267738, 32.403756, 643.169371, 32.016460, 638.005426, 30.079981, 638.134525, 23.495951, 640.587399, 21.043077, 641.232892, 14.200849, 641.232892, 0.000000, 582.916919, 0.146498, 585.700388, 4.687947, 584.381903, 17.433303, 584.821398, 27.834686, 583.795909, 29.592666, 583.356414, 33.401623, 578.375471, 37.943072, 577.935976, 44.096002, 578.375471, 58.599338, 578.814966, 62.701292, 579.840454, 65.338262, 580.572946, 85.26203",
            "road_imcoords": "EMPTY",
            "image_id": "BLD01127_PS3_K3A_NIA0277.png",
            "ingest_time": "2023-03-02T14:34:14.313313Z",
            "type_id": "1",
            "type_name": "건물"
         }
      },
      {
         "type": "Feature",
         "geometry": {
            "type": "Polygon",
            "coordinates": [
               [
                  31.356951,
                  30.028529,
                  0.0
               ],
               [
                  31.362789,
                  30.028601,
                  0.0
               ],
               [
                  31.362706,
                  30.033682,
                  0.0
               ],
               [
                  31.356867,
                  30.033609,
                  0.0
               ]
            ]
         },
         "properties": {
            "object_imcoords": "EMPTY",
            "building_imcoords": "579.366478, 0.000000, 578.956307, 20.918719, 578.135965, 37.940814, 576.085110, 43.273036, 573.829170, 82.649448, 559.948470, 82.867343, 560.088212, 81.050689, 513.553937, 75.041759, 510.619343, 77.696868, 507.405264, 79.932749, 504.330928, 81.330175, 492.732295, 81.749402, 487.142592, 78.675066, 484.906711, 75.880214, 476.102929, 75.740472, 479.332815, 77.906450, 479.778844, 90.395270, 467.290024, 90.841300, 466.695318, 74.635569, 438.298119, 76.122333, 438.000767, 78.203803, 424.619888, 78.203803, 424.674020, 45.505835, 422.271538, 42.538063, 421.564926, 27.699204, 422.978150, 26.285979, 420.781499, 23.733103, 420.621140, 0.000000, 472.577392, 0.160359, 473.058468, 10.583681, 492.942960, 11.225116, 493.584395, 15.554804, 497.593365, 17.479110, 497.593365, 24.855614, 502.724847, 22.289874, 503.205923, 10.904399, 516.836421, 12.668345, 517.477857, 0.00000",
            "road_imcoords": "EMPTY",
            "image_id": "BLD01127_PS3_K3A_NIA0277.png",
            "ingest_time": "2023-03-02T14:34:14.313313Z",
            "type_id": "1",
            "type_name": "건물"
         }
      },
      {
         "type": "Feature",
         "geometry": {
            "type": "Polygon",
            "coordinates": [
               [
                  31.356951,
                  30.028529,
                  0.0
               ],
               [
                  31.362789,
                  30.028601,
                  0.0
               ],
               [
                  31.362706,
                  30.033682,
                  0.0
               ],
               [
                  31.356867,
                  30.033609,
                  0.0
               ]
            ]
         },
         "properties": {
            "object_imcoords": "EMPTY",
            "building_imcoords": "761.726675, 112.374132, 773.694101, 113.451200, 773.574427, 109.382275, 776.087587, 108.424881, 776.805632, 103.518236, 762.803744, 102.91986",
            "road_imcoords": "EMPTY",
            "image_id": "BLD01127_PS3_K3A_NIA0277.png",
            "ingest_time": "2023-03-02T14:34:14.313313Z",
            "type_id": "1",
            "type_name": "건물"
         }
      },
      {
         "type": "Feature",
         "geometry": {
            "type": "Polygon",
            "coordinates": [
               [
                  31.356951,
                  30.028529,
                  0.0
               ],
               [
                  31.362789,
                  30.028601,
                  0.0
               ],
               [
                  31.362706,
                  30.033682,
                  0.0
               ],
               [
                  31.356867,
                  30.033609,
                  0.0
               ]
            ]
         },
         "properties": {
            "object_imcoords": "EMPTY",
            "building_imcoords": "795.069052, 141.237657, 804.784763, 141.237657, 805.234564, 131.431985, 795.698774, 131.07214",
            "road_imcoords": "EMPTY",
            "image_id": "BLD01127_PS3_K3A_NIA0277.png",
            "ingest_time": "2023-03-02T14:34:14.313313Z",
            "type_id": "1",
            "type_name": "건물"
         }
      },
      {
         "type": "Feature",
         "geometry": {
            "type": "Polygon",
            "coordinates": [
               [
                  31.356951,
                  30.028529,
                  0.0
               ],
               [
                  31.362789,
                  30.028601,
                  0.0
               ],
               [
                  31.362706,
                  30.033682,
                  0.0
               ],
               [
                  31.356867,
                  30.033609,
                  0.0
               ]
            ]
         },
         "properties": {
            "object_imcoords": "EMPTY",
            "building_imcoords": "777.731514, 277.930450, 786.219446, 278.325237, 787.009022, 269.639911, 778.915876, 268.45554",
            "road_imcoords": "EMPTY",
            "image_id": "BLD01127_PS3_K3A_NIA0277.png",
            "ingest_time": "2023-03-02T14:34:14.313313Z",
            "type_id": "1",
            "type_name": "건물"
         }
      },
      {
         "type": "Feature",
         "geometry": {
            "type": "Polygon",
            "coordinates": [
               [
                  31.356951,
                  30.028529,
                  0.0
               ],
               [
                  31.362789,
                  30.028601,
                  0.0
               ],
               [
                  31.362706,
                  30.033682,
                  0.0
               ],
               [
                  31.356867,
                  30.033609,
                  0.0
               ]
            ]
         },
         "properties": {
            "object_imcoords": "EMPTY",
            "building_imcoords": "628.151730, 161.789013, 626.638111, 177.934278, 566.078745, 171.832050, 565.458860, 175.675335, 556.780474, 174.435566, 555.416727, 168.484672, 525.910214, 166.377064, 525.538283, 171.212165, 501.734709, 169.600465, 502.850501, 151.00392",
            "road_imcoords": "EMPTY",
            "image_id": "BLD01127_PS3_K3A_NIA0277.png",
            "ingest_time": "2023-03-02T14:34:14.313313Z",
            "type_id": "1",
            "type_name": "건물"
         }
      },
      {
         "type": "Feature",
         "geometry": {
            "type": "Polygon",
            "coordinates": [
               [
                  31.356951,
                  30.028529,
                  0.0
               ],
               [
                  31.362789,
                  30.028601,
                  0.0
               ],
               [
                  31.362706,
                  30.033682,
                  0.0
               ],
               [
                  31.356867,
                  30.033609,
                  0.0
               ]
            ]
         },
         "properties": {
            "object_imcoords": "EMPTY",
            "building_imcoords": "581.146167, 142.507490, 580.701526, 139.061564, 564.694439, 127.834371, 555.023491, 139.283884, 555.912774, 143.063335, 570.474776, 153.84588",
            "road_imcoords": "EMPTY",
            "image_id": "BLD01127_PS3_K3A_NIA0277.png",
            "ingest_time": "2023-03-02T14:34:14.313313Z",
            "type_id": "1",
            "type_name": "건물"
         }
      },
      {
         "type": "Feature",
         "geometry": {
            "type": "Polygon",
            "coordinates": [
               [
                  31.356951,
                  30.028529,
                  0.0
               ],
               [
                  31.362789,
                  30.028601,
                  0.0
               ],
               [
                  31.362706,
                  30.033682,
                  0.0
               ],
               [
                  31.356867,
                  30.033609,
                  0.0
               ]
            ]
         },
         "properties": {
            "object_imcoords": "EMPTY",
            "building_imcoords": "552.022163, 130.502219, 552.577964, 136.616037, 545.686024, 145.620023, 542.684695, 145.731183, 542.795856, 148.176710, 531.012862, 147.620909, 521.453074, 142.952175, 521.230753, 137.838800, 535.014633, 125.722325, 538.794084, 127.723211, 537.682481, 132.058463, 542.795856, 133.17006",
            "road_imcoords": "EMPTY",
            "image_id": "BLD01127_PS3_K3A_NIA0277.png",
            "ingest_time": "2023-03-02T14:34:14.313313Z",
            "type_id": "1",
            "type_name": "건물"
         }
      },
      {
         "type": "Feature",
         "geometry": {
            "type": "Polygon",
            "coordinates": [
               [
                  31.356951,
                  30.028529,
                  0.0
               ],
               [
                  31.362789,
                  30.028601,
                  0.0
               ],
               [
                  31.362706,
                  30.033682,
                  0.0
               ],
               [
                  31.356867,
                  30.033609,
                  0.0
               ]
            ]
         },
         "properties": {
            "object_imcoords": "EMPTY",
            "building_imcoords": "435.781299, 99.408996, 435.781299, 104.032671, 432.185108, 115.463421, 422.295582, 115.334986, 418.442520, 111.353488, 415.745377, 112.124101, 416.387554, 104.931719, 423.194630, 104.546412, 424.992725, 100.05117",
            "road_imcoords": "EMPTY",
            "image_id": "BLD01127_PS3_K3A_NIA0277.png",
            "ingest_time": "2023-03-02T14:34:14.313313Z",
            "type_id": "1",
            "type_name": "건물"
         }
      },
      {
         "type": "Feature",
         "geometry": {
            "type": "Polygon",
            "coordinates": [
               [
                  31.356951,
                  30.028529,
                  0.0
               ],
               [
                  31.362789,
                  30.028601,
                  0.0
               ],
               [
                  31.362706,
                  30.033682,
                  0.0
               ],
               [
                  31.356867,
                  30.033609,
                  0.0
               ]
            ]
         },
         "properties": {
            "object_imcoords": "EMPTY",
            "building_imcoords": "416.837127, 80.223148, 428.591435, 80.223148, 429.032221, 83.455583, 428.876283, 88.601582, 437.801521, 88.880496, 437.801521, 92.599345, 436.406953, 94.551741, 424.134750, 94.458769, 424.041779, 92.413402, 415.767339, 92.227460, 415.488426, 87.20701",
            "road_imcoords": "EMPTY",
            "image_id": "BLD01127_PS3_K3A_NIA0277.png",
            "ingest_time": "2023-03-02T14:34:14.313313Z",
            "type_id": "1",
            "type_name": "건물"
         }
      },
      {
         "type": "Feature",
         "geometry": {
            "type": "Polygon",
            "coordinates": [
               [
                  31.356951,
                  30.028529,
                  0.0
               ],
               [
                  31.362789,
                  30.028601,
                  0.0
               ],
               [
                  31.362706,
                  30.033682,
                  0.0
               ],
               [
                  31.356867,
                  30.033609,
                  0.0
               ]
            ]
         },
         "properties": {
            "object_imcoords": "EMPTY",
            "building_imcoords": "511.798222, 112.687948, 522.485622, 112.602449, 523.084117, 110.721466, 524.965099, 110.122972, 524.537603, 102.855540, 512.311217, 103.02653",
            "road_imcoords": "EMPTY",
            "image_id": "BLD01127_PS3_K3A_NIA0277.png",
            "ingest_time": "2023-03-02T14:34:14.313313Z",
            "type_id": "1",
            "type_name": "건물"
         }
      },
      {
         "type": "Feature",
         "geometry": {
            "type": "Polygon",
            "coordinates": [
               [
                  31.356951,
                  30.028529,
                  0.0
               ],
               [
                  31.362789,
                  30.028601,
                  0.0
               ],
               [
                  31.362706,
                  30.033682,
                  0.0
               ],
               [
                  31.356867,
                  30.033609,
                  0.0
               ]
            ]
         },
         "properties": {
            "object_imcoords": "EMPTY",
            "building_imcoords": "514.810071, 93.457828, 514.730869, 102.249200, 524.947869, 102.249200, 524.947869, 93.14102",
            "road_imcoords": "EMPTY",
            "image_id": "BLD01127_PS3_K3A_NIA0277.png",
            "ingest_time": "2023-03-02T14:34:14.313313Z",
            "type_id": "1",
            "type_name": "건물"
         }
      },
      {
         "type": "Feature",
         "geometry": {
            "type": "Polygon",
            "coordinates": [
               [
                  31.356951,
                  30.028529,
                  0.0
               ],
               [
                  31.362789,
                  30.028601,
                  0.0
               ],
               [
                  31.362706,
                  30.033682,
                  0.0
               ],
               [
                  31.356867,
                  30.033609,
                  0.0
               ]
            ]
         },
         "properties": {
            "object_imcoords": "EMPTY",
            "building_imcoords": "190.650869, 5.645997, 192.226496, 45.561881, 199.448120, 45.561881, 199.710725, 44.117557, 202.074165, 43.854952, 202.599374, 50.157460, 205.790895, 51.036142, 226.902620, 53.554054, 228.064733, 48.421387, 233.875300, 48.034016, 234.068985, 62.754118, 242.591149, 62.560432, 242.300621, 60.429891, 246.464860, 60.526734, 246.949074, 62.173061, 251.113314, 61.495162, 251.244664, 48.051458, 256.518604, 32.815630, 255.786112, 0.000000, 191.033843, 0.00000",
            "road_imcoords": "EMPTY",
            "image_id": "BLD01127_PS3_K3A_NIA0277.png",
            "ingest_time": "2023-03-02T14:34:14.313313Z",
            "type_id": "1",
            "type_name": "건물"
         }
      },
      {
         "type": "Feature",
         "geometry": {
            "type": "Polygon",
            "coordinates": [
               [
                  31.356951,
                  30.028529,
                  0.0
               ],
               [
                  31.362789,
                  30.028601,
                  0.0
               ],
               [
                  31.362706,
                  30.033682,
                  0.0
               ],
               [
                  31.356867,
                  30.033609,
                  0.0
               ]
            ]
         },
         "properties": {
            "object_imcoords": "EMPTY",
            "building_imcoords": "0.000000, 225.040398, 48.538125, 230.831879, 60.120441, 139.464346, 56.539600, 134.375782, 49.377917, 130.606476, 54.843412, 68.224450, 51.451036, 65.962866, 29.400592, 63.512817, 23.935097, 59.555045, 11.684851, 60.308906, 4.334703, 65.585936, 0.000000, 71.42836",
            "road_imcoords": "EMPTY",
            "image_id": "BLD01127_PS3_K3A_NIA0277.png",
            "ingest_time": "2023-03-02T14:34:14.313313Z",
            "type_id": "1",
            "type_name": "건물"
         }
      },
      {
         "type": "Feature",
         "geometry": {
            "type": "Polygon",
            "coordinates": [
               [
                  31.356951,
                  30.028529,
                  0.0
               ],
               [
                  31.362789,
                  30.028601,
                  0.0
               ],
               [
                  31.362706,
                  30.033682,
                  0.0
               ],
               [
                  31.356867,
                  30.033609,
                  0.0
               ]
            ]
         },
         "properties": {
            "object_imcoords": "EMPTY",
            "building_imcoords": "175.357558, 244.398858, 239.441105, 253.212641, 245.684201, 201.615286, 180.882368, 193.609122, 174.654383, 240.72518",
            "road_imcoords": "EMPTY",
            "image_id": "BLD01127_PS3_K3A_NIA0277.png",
            "ingest_time": "2023-03-02T14:34:14.313313Z",
            "type_id": "1",
            "type_name": "건물"
         }
      },
      {
         "type": "Feature",
         "geometry": {
            "type": "Polygon",
            "coordinates": [
               [
                  31.356951,
                  30.028529,
                  0.0
               ],
               [
                  31.362789,
                  30.028601,
                  0.0
               ],
               [
                  31.362706,
                  30.033682,
                  0.0
               ],
               [
                  31.356867,
                  30.033609,
                  0.0
               ]
            ]
         },
         "properties": {
            "object_imcoords": "EMPTY",
            "building_imcoords": "289.866169, 336.377646, 325.006884, 326.692445, 324.547185, 303.707517, 322.095459, 296.199107, 323.627788, 292.827984, 325.313349, 260.342619, 324.853651, 258.197359, 335.886416, 238.123855, 336.039649, 232.607472, 358.215977, 202.934083, 375.694645, 176.185450, 383.772306, 154.429603, 385.390750, 140.231506, 385.074162, 124.118612, 368.065316, 118.295763, 352.588797, 113.698778, 335.733183, 108.948559, 334.354088, 109.255025, 330.370033, 121.513653, 329.757102, 123.658913, 327.918308, 126.263872, 326.998911, 129.941460, 322.095459, 132.699652, 308.984476, 156.298705, 307.570719, 159.911640, 304.743204, 161.953734, 302.858195, 165.880837, 300.344849, 166.195005, 292.804811, 174.834632, 293.118979, 194.470148, 295.946493, 196.669326, 298.931092, 197.140578, 299.402344, 200.282261, 303.015279, 202.010186, 313.382831, 211.592318, 311.811990, 212.848991, 303.329447, 211.121065, 296.888998, 216.461926, 287.935203, 232.484506, 281.494754, 244.737068, 278.038903, 256.989630, 276.468062, 295.003988, 277.253482, 300.65901",
            "road_imcoords": "EMPTY",
            "image_id": "BLD01127_PS3_K3A_NIA0277.png",
            "ingest_time": "2023-03-02T14:34:14.313313Z",
            "type_id": "1",
            "type_name": "건물"
         }
      },
      {
         "type": "Feature",
         "geometry": {
            "type": "Polygon",
            "coordinates": [
               [
                  31.356951,
                  30.028529,
                  0.0
               ],
               [
                  31.362789,
                  30.028601,
                  0.0
               ],
               [
                  31.362706,
                  30.033682,
                  0.0
               ],
               [
                  31.356867,
                  30.033609,
                  0.0
               ]
            ]
         },
         "properties": {
            "object_imcoords": "EMPTY",
            "building_imcoords": "0.000000, 315.916019, 3.527325, 320.104717, 3.527325, 326.938909, 5.511445, 329.363945, 4.188698, 357.803000, 4.409156, 396.162657, 0.000000, 400.13089",
            "road_imcoords": "EMPTY",
            "image_id": "BLD01127_PS3_K3A_NIA0277.png",
            "ingest_time": "2023-03-02T14:34:14.313313Z",
            "type_id": "1",
            "type_name": "건물"
         }
      },
      {
         "type": "Feature",
         "geometry": {
            "type": "Polygon",
            "coordinates": [
               [
                  31.356951,
                  30.028529,
                  0.0
               ],
               [
                  31.362789,
                  30.028601,
                  0.0
               ],
               [
                  31.362706,
                  30.033682,
                  0.0
               ],
               [
                  31.356867,
                  30.033609,
                  0.0
               ]
            ]
         },
         "properties": {
            "object_imcoords": "EMPTY",
            "building_imcoords": "11.463805, 327.820740, 6.613734, 329.584403, 4.850071, 357.803000, 4.850071, 397.705861, 7.716023, 402.335475, 11.243348, 403.658222, 11.022890, 399.689981, 13.447925, 395.721741, 27.557224, 398.587692, 31.084549, 396.603572, 39.902861, 397.264945, 43.871101, 399.028608, 47.839341, 397.044488, 50.484835, 393.517163, 50.925751, 362.653072, 52.689413, 348.323315, 53.571244, 339.725461, 51.807582, 335.316305, 51.366666, 329.363945, 49.162088, 323.411584, 43.650643, 317.459224, 33.509585, 315.916019, 25.573104, 315.254646, 20.061659, 315.916019, 14.770672, 317.900140, 11.684263, 322.08883",
            "road_imcoords": "EMPTY",
            "image_id": "BLD01127_PS3_K3A_NIA0277.png",
            "ingest_time": "2023-03-02T14:34:14.313313Z",
            "type_id": "1",
            "type_name": "건물"
         }
      },
      {
         "type": "Feature",
         "geometry": {
            "type": "Polygon",
            "coordinates": [
               [
                  31.356951,
                  30.028529,
                  0.0
               ],
               [
                  31.362789,
                  30.028601,
                  0.0
               ],
               [
                  31.362706,
                  30.033682,
                  0.0
               ],
               [
                  31.356867,
                  30.033609,
                  0.0
               ]
            ]
         },
         "properties": {
            "object_imcoords": "EMPTY",
            "building_imcoords": "61.948640, 328.041198, 59.303147, 330.466234, 56.878111, 335.316305, 54.673533, 338.623172, 52.248497, 348.323315, 51.146208, 363.975819, 52.028039, 399.469523, 57.319027, 400.571812, 59.964520, 404.099137, 61.728182, 407.406004, 74.735192, 409.390124, 76.719312, 412.476533, 76.939770, 416.003858, 79.144348, 418.208436, 82.892131, 421.294845, 89.064949, 421.074387, 94.355936, 417.987978, 99.426465, 414.901569, 102.733332, 409.610582, 102.733332, 343.032328, 98.324176, 339.945919, 96.340056, 333.552643, 91.930900, 331.127607, 89.285407, 329.143487, 82.892131, 327.820740, 76.939770, 325.836620, 71.207868, 326.277536, 67.460085, 326.71845",
            "road_imcoords": "EMPTY",
            "image_id": "BLD01127_PS3_K3A_NIA0277.png",
            "ingest_time": "2023-03-02T14:34:14.313313Z",
            "type_id": "1",
            "type_name": "건물"
         }
      },
      {
         "type": "Feature",
         "geometry": {
            "type": "Polygon",
            "coordinates": [
               [
                  31.356951,
                  30.028529,
                  0.0
               ],
               [
                  31.362789,
                  30.028601,
                  0.0
               ],
               [
                  31.362706,
                  30.033682,
                  0.0
               ],
               [
                  31.356867,
                  30.033609,
                  0.0
               ]
            ]
         },
         "properties": {
            "object_imcoords": "EMPTY",
            "building_imcoords": "6.944422, 402.980740, 5.923184, 410.333658, 6.944422, 413.397374, 5.310441, 418.707814, 5.310441, 425.652236, 6.535927, 433.822145, 12.459111, 434.639136, 21.650258, 434.230640, 29.820166, 434.434888, 30.841405, 438.724090, 38.194323, 438.724090, 46.364231, 440.153824, 49.836442, 446.689751, 51.061929, 441.175063, 56.372369, 441.992053, 57.189360, 440.358072, 61.682810, 440.358072, 62.908296, 443.217540, 66.176259, 444.443026, 67.197498, 448.323733, 74.550416, 449.140723, 75.980150, 459.353109, 75.571654, 470.790981, 80.406737, 458.192982, 81.103502, 427.395948, 79.849324, 424.887592, 79.570618, 418.337997, 77.062263, 415.690288, 76.922909, 412.763873, 74.832613, 409.280045, 62.430187, 407.886514, 60.479244, 404.123981, 57.134770, 399.804035, 51.699999, 399.107269, 44.453638, 398.689210, 39.576279, 396.459560, 31.215094, 395.902148, 27.452560, 398.410504, 12.820485, 395.484089, 10.869542, 399.107269, 10.869542, 403.98462",
            "road_imcoords": "EMPTY",
            "image_id": "BLD01127_PS3_K3A_NIA0277.png",
            "ingest_time": "2023-03-02T14:34:14.313313Z",
            "type_id": "1",
            "type_name": "건물"
         }
      },
      {
         "type": "Feature",
         "geometry": {
            "type": "Polygon",
            "coordinates": [
               [
                  31.356951,
                  30.028529,
                  0.0
               ],
               [
                  31.362789,
                  30.028601,
                  0.0
               ],
               [
                  31.362706,
                  30.033682,
                  0.0
               ],
               [
                  31.356867,
                  30.033609,
                  0.0
               ]
            ]
         },
         "properties": {
            "object_imcoords": "EMPTY",
            "building_imcoords": "0.000000, 489.636761, 7.936481, 495.148206, 9.700143, 501.100567, 7.748804, 570.701164, 5.290987, 576.276675, 0.000000, 580.46537",
            "road_imcoords": "EMPTY",
            "image_id": "BLD01127_PS3_K3A_NIA0277.png",
            "ingest_time": "2023-03-02T14:34:14.313313Z",
            "type_id": "1",
            "type_name": "건물"
         }
      },
      {
         "type": "Feature",
         "geometry": {
            "type": "Polygon",
            "coordinates": [
               [
                  31.356951,
                  30.028529,
                  0.0
               ],
               [
                  31.362789,
                  30.028601,
                  0.0
               ],
               [
                  31.362706,
                  30.033682,
                  0.0
               ],
               [
                  31.356867,
                  30.033609,
                  0.0
               ]
            ]
         },
         "properties": {
            "object_imcoords": "EMPTY",
            "building_imcoords": "1.137099, 440.219805, 4.548397, 436.970951, 11.858319, 436.483622, 12.995419, 435.184081, 22.254654, 434.371867, 29.889463, 434.046981, 31.351447, 438.595378, 38.498928, 438.920263, 46.458622, 439.894920, 49.869919, 446.879957, 50.519690, 442.006675, 57.017399, 442.169118, 58.154498, 440.219805, 60.753582, 440.057363, 63.027780, 442.981332, 67.251291, 444.280874, 67.576177, 449.154156, 74.886100, 449.479041, 75.860756, 459.550491, 75.373428, 472.221024, 74.886100, 500.323616, 72.124573, 499.186517, 70.337703, 495.612777, 60.591139, 495.125449, 58.479384, 496.749876, 49.707476, 495.450334, 49.057705, 493.338579, 40.935569, 492.526365, 33.300760, 493.825907, 32.650989, 496.912319, 29.564577, 502.435372, 26.640608, 506.658883, 18.031143, 505.034456, 17.056487, 502.922700, 10.558778, 502.110486, 8.284579, 495.612777, 0.000000, 489.43995",
            "road_imcoords": "EMPTY",
            "image_id": "BLD01127_PS3_K3A_NIA0277.png",
            "ingest_time": "2023-03-02T14:34:14.313313Z",
            "type_id": "1",
            "type_name": "건물"
         }
      },
      {
         "type": "Feature",
         "geometry": {
            "type": "Polygon",
            "coordinates": [
               [
                  31.356951,
                  30.028529,
                  0.0
               ],
               [
                  31.362789,
                  30.028601,
                  0.0
               ],
               [
                  31.362706,
                  30.033682,
                  0.0
               ],
               [
                  31.356867,
                  30.033609,
                  0.0
               ]
            ]
         },
         "properties": {
            "object_imcoords": "EMPTY",
            "building_imcoords": "27.698279, 585.773918, 40.207179, 588.990493, 56.647447, 590.420081, 60.221419, 585.952617, 71.479429, 583.450837, 73.445113, 572.014128, 75.946893, 569.691047, 77.197783, 518.047160, 75.946893, 509.290930, 75.768194, 500.534700, 71.836826, 499.283810, 70.764634, 494.995044, 60.936213, 494.280250, 58.970529, 496.067235, 50.214299, 495.352441, 49.678203, 493.029360, 41.100672, 492.314565, 33.774030, 493.208058, 31.987044, 497.139427, 29.485264, 502.500384, 27.698279, 506.253054, 25.732594, 515.724078, 23.766910, 537.704003, 23.945609, 551.285094, 23.588211, 580.59166",
            "road_imcoords": "EMPTY",
            "image_id": "BLD01127_PS3_K3A_NIA0277.png",
            "ingest_time": "2023-03-02T14:34:14.313313Z",
            "type_id": "1",
            "type_name": "건물"
         }
      },
      {
         "type": "Feature",
         "geometry": {
            "type": "Polygon",
            "coordinates": [
               [
                  31.356951,
                  30.028529,
                  0.0
               ],
               [
                  31.362789,
                  30.028601,
                  0.0
               ],
               [
                  31.362706,
                  30.033682,
                  0.0
               ],
               [
                  31.356867,
                  30.033609,
                  0.0
               ]
            ]
         },
         "properties": {
            "object_imcoords": "EMPTY",
            "building_imcoords": "257.198701, 422.065048, 258.458596, 425.304779, 258.998552, 435.383945, 261.878313, 437.003811, 265.658000, 438.983647, 269.077717, 440.243542, 269.077717, 443.663259, 282.216629, 444.203214, 283.296540, 442.583349, 289.776003, 442.403363, 290.495943, 440.243542, 297.335377, 437.723751, 297.335377, 433.404109, 300.755094, 430.704332, 300.755094, 426.744660, 303.454870, 425.304779, 306.694602, 395.427254, 304.894751, 393.807388, 305.074736, 388.227850, 303.634855, 387.147939, 303.454870, 383.008282, 296.795422, 380.848461, 291.755839, 378.148685, 289.596018, 375.808878, 278.256957, 375.628893, 277.177046, 376.708804, 273.037389, 377.248759, 269.797657, 380.308506, 265.837985, 383.728223, 262.418268, 385.528073, 260.438432, 389.127775, 257.018716, 392.187522, 255.218865, 417.92539",
            "road_imcoords": "EMPTY",
            "image_id": "BLD01127_PS3_K3A_NIA0277.png",
            "ingest_time": "2023-03-02T14:34:14.313313Z",
            "type_id": "1",
            "type_name": "건물"
         }
      },
      {
         "type": "Feature",
         "geometry": {
            "type": "Polygon",
            "coordinates": [
               [
                  31.356951,
                  30.028529,
                  0.0
               ],
               [
                  31.362789,
                  30.028601,
                  0.0
               ],
               [
                  31.362706,
                  30.033682,
                  0.0
               ],
               [
                  31.356867,
                  30.033609,
                  0.0
               ]
            ]
         },
         "properties": {
            "object_imcoords": "EMPTY",
            "building_imcoords": "210.602805, 417.750926, 211.931529, 420.541248, 212.064402, 429.975190, 215.651957, 432.234022, 218.973768, 436.353067, 224.155793, 436.618812, 225.351645, 437.548919, 240.100485, 438.213281, 245.813999, 436.751684, 250.198790, 435.821577, 251.660386, 427.450614, 254.716452, 422.800079, 255.646559, 417.750926, 257.108156, 391.309312, 255.646559, 388.253247, 253.387728, 378.022069, 248.471448, 374.434514, 236.114312, 373.504407, 229.072073, 373.637279, 223.225686, 376.826217, 218.176533, 377.357707, 212.861636, 380.148028, 211.798657, 388.917609, 209.672698, 415.35922",
            "road_imcoords": "EMPTY",
            "image_id": "BLD01127_PS3_K3A_NIA0277.png",
            "ingest_time": "2023-03-02T14:34:14.313313Z",
            "type_id": "1",
            "type_name": "건물"
         }
      },
      {
         "type": "Feature",
         "geometry": {
            "type": "Polygon",
            "coordinates": [
               [
                  31.356951,
                  30.028529,
                  0.0
               ],
               [
                  31.362789,
                  30.028601,
                  0.0
               ],
               [
                  31.362706,
                  30.033682,
                  0.0
               ],
               [
                  31.356867,
                  30.033609,
                  0.0
               ]
            ]
         },
         "properties": {
            "object_imcoords": "EMPTY",
            "building_imcoords": "174.062886, 373.504407, 180.440763, 373.371534, 182.965339, 372.574300, 185.357043, 372.175682, 188.147364, 371.378448, 196.119710, 371.644193, 198.245669, 372.972917, 203.161949, 373.238662, 204.092056, 375.231748, 210.071315, 375.896110, 208.742591, 386.525905, 211.532912, 388.518991, 209.672698, 416.156457, 206.085142, 421.338482, 204.889290, 430.506680, 198.777158, 430.506680, 198.910031, 433.297001, 190.273323, 432.499766, 190.273323, 428.912211, 184.958425, 425.457528, 181.370870, 424.527421, 165.293306, 421.737099, 165.824795, 411.373050, 168.216499, 408.051239, 169.013734, 400.078893, 170.608203, 381.343880, 172.468417, 379.48366",
            "road_imcoords": "EMPTY",
            "image_id": "BLD01127_PS3_K3A_NIA0277.png",
            "ingest_time": "2023-03-02T14:34:14.313313Z",
            "type_id": "1",
            "type_name": "건물"
         }
      },
      {
         "type": "Feature",
         "geometry": {
            "type": "Polygon",
            "coordinates": [
               [
                  31.356951,
                  30.028529,
                  0.0
               ],
               [
                  31.362789,
                  30.028601,
                  0.0
               ],
               [
                  31.362706,
                  30.033682,
                  0.0
               ],
               [
                  31.356867,
                  30.033609,
                  0.0
               ]
            ]
         },
         "properties": {
            "object_imcoords": "EMPTY",
            "building_imcoords": "111.450668, 601.615079, 138.111417, 605.548632, 142.482031, 601.833609, 143.574685, 596.370341, 145.978523, 581.728783, 148.163830, 578.013761, 149.693545, 524.692264, 148.163830, 518.791935, 147.508238, 511.798952, 144.448807, 509.395114, 140.733785, 508.302460, 138.548478, 506.554214, 130.025780, 506.117153, 128.714595, 507.209807, 120.410428, 507.209807, 119.536305, 504.368907, 107.298585, 503.057723, 101.398255, 506.335684, 99.610895, 521.237190, 98.713499, 529.164184, 96.918709, 532.155502, 96.470011, 546.962527, 94.226522, 551.150372, 93.179561, 555.188652, 90.188243, 557.731272, 90.636940, 570.294808, 92.132600, 574.033956, 92.880429, 581.362686, 94.824786, 582.559213, 95.722181, 588.990547, 103.649174, 592.879261, 104.247438, 596.31927",
            "road_imcoords": "EMPTY",
            "image_id": "BLD01127_PS3_K3A_NIA0277.png",
            "ingest_time": "2023-03-02T14:34:14.313313Z",
            "type_id": "1",
            "type_name": "건물"
         }
      },
      {
         "type": "Feature",
         "geometry": {
            "type": "Polygon",
            "coordinates": [
               [
                  31.356951,
                  30.028529,
                  0.0
               ],
               [
                  31.362789,
                  30.028601,
                  0.0
               ],
               [
                  31.362706,
                  30.033682,
                  0.0
               ],
               [
                  31.356867,
                  30.033609,
                  0.0
               ]
            ]
         },
         "properties": {
            "object_imcoords": "EMPTY",
            "building_imcoords": "173.992221, 615.882514, 203.296174, 621.044005, 209.290165, 618.380010, 210.788662, 603.728033, 214.285157, 599.898539, 214.951156, 588.909557, 215.617155, 539.292636, 213.619158, 526.805156, 213.619158, 522.642663, 207.125668, 517.980670, 195.970186, 516.315673, 195.470687, 517.314671, 186.479701, 516.815172, 185.480703, 514.650676, 179.153713, 512.985678, 173.159723, 513.485178, 168.497730, 515.649674, 168.331230, 520.311667, 163.336238, 520.977666, 162.337240, 551.946616, 163.336238, 553.112114, 164.168737, 586.079061, 164.335237, 601.230537, 167.998231, 611.886520, 171.661225, 612.71901",
            "road_imcoords": "EMPTY",
            "image_id": "BLD01127_PS3_K3A_NIA0277.png",
            "ingest_time": "2023-03-02T14:34:14.313313Z",
            "type_id": "1",
            "type_name": "건물"
         }
      },
      {
         "type": "Feature",
         "geometry": {
            "type": "Polygon",
            "coordinates": [
               [
                  31.356951,
                  30.028529,
                  0.0
               ],
               [
                  31.362789,
                  30.028601,
                  0.0
               ],
               [
                  31.362706,
                  30.033682,
                  0.0
               ],
               [
                  31.356867,
                  30.033609,
                  0.0
               ]
            ]
         },
         "properties": {
            "object_imcoords": "EMPTY",
            "building_imcoords": "235.007360, 627.834317, 241.692914, 629.252465, 244.326617, 631.278391, 263.370317, 631.480983, 264.180687, 625.808392, 277.146611, 625.403207, 279.172536, 619.325430, 279.780314, 592.988398, 281.603647, 590.962473, 283.021795, 536.667669, 279.375129, 532.413225, 278.564758, 525.727671, 268.435131, 523.904338, 264.788465, 526.740634, 256.076985, 526.943227, 253.240689, 524.309523, 245.744765, 523.701746, 244.731802, 525.525079, 237.843656, 524.309523, 233.994397, 524.309523, 233.589212, 526.132856, 231.765879, 538.896187, 229.489525, 561.112976, 227.410816, 562.498782, 227.826558, 577.188329, 228.658041, 588.136199, 228.380880, 602.825746, 227.133655, 612.526390, 227.826558, 619.316841, 230.459590, 623.89000",
            "road_imcoords": "EMPTY",
            "image_id": "BLD01127_PS3_K3A_NIA0277.png",
            "ingest_time": "2023-03-02T14:34:14.313313Z",
            "type_id": "1",
            "type_name": "건물"
         }
      },
      {
         "type": "Feature",
         "geometry": {
            "type": "Polygon",
            "coordinates": [
               [
                  31.356951,
                  30.028529,
                  0.0
               ],
               [
                  31.362789,
                  30.028601,
                  0.0
               ],
               [
                  31.362706,
                  30.033682,
                  0.0
               ],
               [
                  31.356867,
                  30.033609,
                  0.0
               ]
            ]
         },
         "properties": {
            "object_imcoords": "EMPTY",
            "building_imcoords": "293.929519, 524.943431, 307.649001, 525.774915, 311.390678, 490.021112, 311.390678, 484.616467, 297.532615, 484.200725, 293.513777, 519.81594",
            "road_imcoords": "EMPTY",
            "image_id": "BLD01127_PS3_K3A_NIA0277.png",
            "ingest_time": "2023-03-02T14:34:14.313313Z",
            "type_id": "1",
            "type_name": "건물"
         }
      },
      {
         "type": "Feature",
         "geometry": {
            "type": "Polygon",
            "coordinates": [
               [
                  31.356951,
                  30.028529,
                  0.0
               ],
               [
                  31.362789,
                  30.028601,
                  0.0
               ],
               [
                  31.362706,
                  30.033682,
                  0.0
               ],
               [
                  31.356867,
                  30.033609,
                  0.0
               ]
            ]
         },
         "properties": {
            "object_imcoords": "EMPTY",
            "building_imcoords": "225.240503, 488.313230, 234.589006, 488.605370, 235.757569, 495.470678, 243.791439, 495.908889, 247.881409, 498.830296, 251.387098, 496.639240, 256.645631, 491.088567, 268.185190, 492.403200, 271.544808, 490.504285, 272.859442, 493.717833, 273.297653, 500.144929, 276.949412, 499.998859, 277.095482, 506.864166, 279.578678, 508.178799, 280.016889, 525.415102, 274.320145, 524.538680, 268.623401, 524.538680, 265.409853, 526.875806, 255.769209, 527.021876, 253.724224, 524.246539, 245.982494, 523.516188, 243.937509, 525.707243, 237.510413, 523.954399, 233.858654, 524.100469, 233.566513, 526.583665, 231.375458, 540.606420, 217.206633, 540.314280, 215.161647, 533.448972, 214.139155, 526.875806, 214.139155, 522.201554, 207.273848, 518.111584, 207.565988, 509.639503, 205.374933, 508.470940, 205.374933, 499.560648, 208.004200, 497.953874, 210.487396, 491.672848, 214.431296, 491.526778, 217.352703, 488.16715",
            "road_imcoords": "EMPTY",
            "image_id": "BLD01127_PS3_K3A_NIA0277.png",
            "ingest_time": "2023-03-02T14:34:14.313313Z",
            "type_id": "1",
            "type_name": "건물"
         }
      },
      {
         "type": "Feature",
         "geometry": {
            "type": "Polygon",
            "coordinates": [
               [
                  31.356951,
                  30.028529,
                  0.0
               ],
               [
                  31.362789,
                  30.028601,
                  0.0
               ],
               [
                  31.362706,
                  30.033682,
                  0.0
               ],
               [
                  31.356867,
                  30.033609,
                  0.0
               ]
            ]
         },
         "properties": {
            "object_imcoords": "EMPTY",
            "building_imcoords": "283.814719, 494.594255, 284.983282, 480.717571, 285.129352, 462.166634, 281.331523, 456.323820, 276.949412, 454.278835, 272.129090, 454.278835, 261.027742, 455.301327, 254.600646, 454.132764, 238.678976, 452.672061, 236.926132, 451.211357, 227.139417, 449.750653, 221.880884, 449.750653, 215.891999, 453.402412, 212.532381, 456.762031, 210.341325, 469.031941, 210.049185, 483.931119, 212.240240, 487.582878, 214.577366, 488.751441, 217.498773, 487.728948, 225.824784, 488.313230, 235.319358, 488.751441, 239.776207, 486.035548, 251.146626, 486.534251, 252.443253, 492.418941, 257.031317, 490.823093, 267.903034, 492.518682, 272.291616, 490.224650, 273.189281, 493.915049, 274.086946, 495.71037",
            "road_imcoords": "EMPTY",
            "image_id": "BLD01127_PS3_K3A_NIA0277.png",
            "ingest_time": "2023-03-02T14:34:14.313313Z",
            "type_id": "1",
            "type_name": "건물"
         }
      },
      {
         "type": "Feature",
         "geometry": {
            "type": "Polygon",
            "coordinates": [
               [
                  31.356951,
                  30.028529,
                  0.0
               ],
               [
                  31.362789,
                  30.028601,
                  0.0
               ],
               [
                  31.362706,
                  30.033682,
                  0.0
               ],
               [
                  31.356867,
                  30.033609,
                  0.0
               ]
            ]
         },
         "properties": {
            "object_imcoords": "EMPTY",
            "building_imcoords": "189.792701, 471.813314, 190.293033, 503.667800, 189.292369, 516.342884, 187.291040, 517.343548, 185.956820, 514.508332, 179.452501, 513.507668, 173.448514, 513.174113, 168.348187, 515.627854, 168.225126, 520.796439, 162.687356, 521.042562, 162.687356, 527.687885, 150.012018, 527.441762, 150.135079, 524.857470, 148.535279, 519.565824, 147.427725, 511.689885, 143.612818, 509.228654, 140.536279, 508.613346, 138.321171, 506.398239, 130.568294, 506.029054, 127.860940, 507.259669, 121.338679, 507.382731, 119.861940, 504.306192, 113.216617, 503.567823, 111.493756, 502.829454, 113.216617, 477.355715, 115.308663, 462.588330, 124.169094, 462.465269, 124.661340, 459.019546, 130.568294, 459.265669, 131.306664, 457.050561, 141.397710, 457.050561, 144.228125, 457.911992, 144.351187, 463.695884, 155.426726, 463.818946, 160.718372, 465.541807, 161.579803, 460.250161, 174.255141, 460.496284, 175.362695, 462.096084, 180.654341, 463.572823, 180.408218, 468.987530, 187.299664, 468.74140",
            "road_imcoords": "EMPTY",
            "image_id": "BLD01127_PS3_K3A_NIA0277.png",
            "ingest_time": "2023-03-02T14:34:14.313313Z",
            "type_id": "1",
            "type_name": "건물"
         }
      },
      {
         "type": "Feature",
         "geometry": {
            "type": "Polygon",
            "coordinates": [
               [
                  31.356951,
                  30.028529,
                  0.0
               ],
               [
                  31.362789,
                  30.028601,
                  0.0
               ],
               [
                  31.362706,
                  30.033682,
                  0.0
               ],
               [
                  31.356867,
                  30.033609,
                  0.0
               ]
            ]
         },
         "properties": {
            "object_imcoords": "EMPTY",
            "building_imcoords": "118.299739, 435.774372, 117.824002, 452.583718, 119.092632, 461.781285, 123.691416, 461.939864, 125.118624, 459.561183, 130.827459, 459.878340, 131.778931, 456.389608, 141.769392, 457.341081, 143.672337, 458.133974, 143.672337, 463.525651, 155.407163, 464.001388, 160.798840, 465.904332, 161.750313, 460.354077, 174.595191, 460.671234, 176.180978, 462.415600, 180.779761, 463.525651, 181.414076, 467.807277, 192.356009, 469.234486, 192.356009, 450.205037, 194.417533, 446.081990, 194.417533, 440.690313, 191.087379, 437.201581, 190.611643, 431.968482, 190.294486, 428.321172, 185.854281, 425.308175, 181.096919, 424.039546, 165.556203, 421.660865, 152.552746, 421.660865, 147.161069, 421.343707, 143.196600, 419.282183, 131.144616, 418.806447, 123.532837, 423.246652, 122.422786, 427.686857, 114.969585, 428.321172, 114.811006, 437.36016",
            "road_imcoords": "EMPTY",
            "image_id": "BLD01127_PS3_K3A_NIA0277.png",
            "ingest_time": "2023-03-02T14:34:14.313313Z",
            "type_id": "1",
            "type_name": "건물"
         }
      },
      {
         "type": "Feature",
         "geometry": {
            "type": "Polygon",
            "coordinates": [
               [
                  31.356951,
                  30.028529,
                  0.0
               ],
               [
                  31.362789,
                  30.028601,
                  0.0
               ],
               [
                  31.362706,
                  30.033682,
                  0.0
               ],
               [
                  31.356867,
                  30.033609,
                  0.0
               ]
            ]
         },
         "properties": {
            "object_imcoords": "EMPTY",
            "building_imcoords": "113.451434, 399.788407, 113.451434, 410.922898, 115.557959, 412.878957, 115.407493, 427.474168, 118.868213, 427.173236, 121.877535, 427.624634, 122.328933, 423.261117, 131.055966, 418.747135, 142.641855, 419.048067, 147.908169, 422.057389, 153.926812, 421.455524, 159.945456, 421.605990, 163.707108, 418.145270, 165.964100, 410.170567, 167.619227, 407.161246, 167.769693, 375.713832, 166.114566, 374.058705, 164.008041, 371.500782, 163.556642, 364.729808, 159.343592, 364.127943, 156.334270, 362.322350, 153.324948, 361.870952, 152.723084, 359.313028, 141.889525, 357.507435, 139.030669, 358.711164, 134.516686, 358.259766, 133.312958, 359.764427, 126.391517, 360.667223, 124.736390, 365.181206, 119.921476, 368.190528, 118.717747, 374.209171, 116.310289, 379.174552, 115.858891, 393.619297, 113.451434, 394.82302",
            "road_imcoords": "EMPTY",
            "image_id": "BLD01127_PS3_K3A_NIA0277.png",
            "ingest_time": "2023-03-02T14:34:14.313313Z",
            "type_id": "1",
            "type_name": "건물"
         }
      },
      {
         "type": "Feature",
         "geometry": {
            "type": "Polygon",
            "coordinates": [
               [
                  31.356951,
                  30.028529,
                  0.0
               ],
               [
                  31.362789,
                  30.028601,
                  0.0
               ],
               [
                  31.362706,
                  30.033682,
                  0.0
               ],
               [
                  31.356867,
                  30.033609,
                  0.0
               ]
            ]
         },
         "properties": {
            "object_imcoords": "EMPTY",
            "building_imcoords": "79.596563, 970.957693, 92.988045, 971.258625, 92.988045, 970.054897, 106.680459, 969.453032, 107.282324, 944.927059, 95.245036, 944.626127, 95.696435, 937.102822, 95.846901, 931.535577, 77.640504, 931.234645, 78.242368, 943.572864, 63.346225, 942.971000, 62.744360, 967.94837",
            "road_imcoords": "EMPTY",
            "image_id": "BLD01127_PS3_K3A_NIA0277.png",
            "ingest_time": "2023-03-02T14:34:14.313313Z",
            "type_id": "1",
            "type_name": "건물"
         }
      },
      {
         "type": "Feature",
         "geometry": {
            "type": "Polygon",
            "coordinates": [
               [
                  31.356951,
                  30.028529,
                  0.0
               ],
               [
                  31.362789,
                  30.028601,
                  0.0
               ],
               [
                  31.362706,
                  30.033682,
                  0.0
               ],
               [
                  31.356867,
                  30.033609,
                  0.0
               ]
            ]
         },
         "properties": {
            "object_imcoords": "EMPTY",
            "building_imcoords": "0.000000, 860.054022, 3.292800, 860.054022, 3.292800, 867.146207, 10.131692, 868.159376, 10.638277, 872.465345, 10.764923, 899.820914, 4.432615, 899.947561, 0.000000, 900.58079",
            "road_imcoords": "EMPTY",
            "image_id": "BLD01127_PS3_K3A_NIA0277.png",
            "ingest_time": "2023-03-02T14:34:14.313313Z",
            "type_id": "1",
            "type_name": "건물"
         }
      },
      {
         "type": "Feature",
         "geometry": {
            "type": "Polygon",
            "coordinates": [
               [
                  31.356951,
                  30.028529,
                  0.0
               ],
               [
                  31.362789,
                  30.028601,
                  0.0
               ],
               [
                  31.362706,
                  30.033682,
                  0.0
               ],
               [
                  31.356867,
                  30.033609,
                  0.0
               ]
            ]
         },
         "properties": {
            "object_imcoords": "EMPTY",
            "building_imcoords": "27.228923, 902.733776, 62.309907, 904.126884, 63.069784, 901.087376, 69.782030, 901.214022, 70.541907, 889.309284, 70.921845, 865.753099, 49.012061, 864.359992, 48.885415, 860.560607, 20.263384, 860.687253, 18.363692, 864.106699, 17.477169, 897.667930, 27.283378, 898.08128",
            "road_imcoords": "EMPTY",
            "image_id": "BLD01127_PS3_K3A_NIA0277.png",
            "ingest_time": "2023-03-02T14:34:14.313313Z",
            "type_id": "1",
            "type_name": "건물"
         }
      },
      {
         "type": "Feature",
         "geometry": {
            "type": "Polygon",
            "coordinates": [
               [
                  31.356951,
                  30.028529,
                  0.0
               ],
               [
                  31.362789,
                  30.028601,
                  0.0
               ],
               [
                  31.362706,
                  30.033682,
                  0.0
               ],
               [
                  31.356867,
                  30.033609,
                  0.0
               ]
            ]
         },
         "properties": {
            "object_imcoords": "EMPTY",
            "building_imcoords": "0.237755, 758.199751, 8.559169, 751.542619, 12.838754, 752.255884, 13.076509, 756.297713, 43.271356, 756.535468, 45.411148, 745.360997, 49.928488, 746.787525, 51.355016, 756.059959, 62.767242, 769.849732, 75.130486, 770.562996, 79.885581, 758.437506, 84.640675, 754.157921, 84.640675, 731.808979, 57.774393, 694.243736, 60.389695, 669.992756, 64.431525, 662.860115, 64.431525, 652.398908, 58.725412, 649.783606, 54.683582, 645.979531, 49.215224, 645.504021, 38.991771, 641.462191, 31.383621, 642.888720, 27.579546, 640.035663, 22.586697, 641.224437, 13.552018, 644.790757, 13.314263, 656.440738, 13.076509, 667.139699, 16.880584, 682.118246, 0.000000, 699.94984",
            "road_imcoords": "EMPTY",
            "image_id": "BLD01127_PS3_K3A_NIA0277.png",
            "ingest_time": "2023-03-02T14:34:14.313313Z",
            "type_id": "1",
            "type_name": "건물"
         }
      },
      {
         "type": "Feature",
         "geometry": {
            "type": "Polygon",
            "coordinates": [
               [
                  31.356951,
                  30.028529,
                  0.0
               ],
               [
                  31.362789,
                  30.028601,
                  0.0
               ],
               [
                  31.362706,
                  30.033682,
                  0.0
               ],
               [
                  31.356867,
                  30.033609,
                  0.0
               ]
            ]
         },
         "properties": {
            "object_imcoords": "EMPTY",
            "building_imcoords": "151.394879, 689.029678, 140.546931, 687.787462, 140.933588, 661.828989, 107.831065, 657.133108, 101.882526, 698.521456, 92.658267, 772.763577, 141.283479, 778.003122, 141.598142, 780.992416, 165.723369, 783.977827, 168.267588, 789.925353, 183.502096, 790.608239, 218.601160, 793.797345, 274.896246, 798.413663, 294.068446, 800.477955, 303.137804, 729.614129, 303.866024, 709.441985, 277.125047, 707.752687, 276.067226, 710.691370, 262.686812, 709.149088, 262.153106, 704.722727, 233.108619, 701.268275, 227.108174, 739.064203, 152.021901, 726.985467, 154.597140, 697.235482, 151.024016, 696.52085",
            "road_imcoords": "EMPTY",
            "image_id": "BLD01127_PS3_K3A_NIA0277.png",
            "ingest_time": "2023-03-02T14:34:14.313313Z",
            "type_id": "1",
            "type_name": "건물"
         }
      },
      {
         "type": "Feature",
         "geometry": {
            "type": "Polygon",
            "coordinates": [
               [
                  31.356951,
                  30.028529,
                  0.0
               ],
               [
                  31.362789,
                  30.028601,
                  0.0
               ],
               [
                  31.362706,
                  30.033682,
                  0.0
               ],
               [
                  31.356867,
                  30.033609,
                  0.0
               ]
            ]
         },
         "properties": {
            "object_imcoords": "EMPTY",
            "building_imcoords": "275.620640, 687.997920, 274.844244, 707.296911, 305.123695, 709.293358, 305.567350, 689.55071",
            "road_imcoords": "EMPTY",
            "image_id": "BLD01127_PS3_K3A_NIA0277.png",
            "ingest_time": "2023-03-02T14:34:14.313313Z",
            "type_id": "1",
            "type_name": "건물"
         }
      },
      {
         "type": "Feature",
         "geometry": {
            "type": "Polygon",
            "coordinates": [
               [
                  31.356951,
                  30.028529,
                  0.0
               ],
               [
                  31.362789,
                  30.028601,
                  0.0
               ],
               [
                  31.362706,
                  30.033682,
                  0.0
               ],
               [
                  31.356867,
                  30.033609,
                  0.0
               ]
            ]
         },
         "properties": {
            "object_imcoords": "EMPTY",
            "building_imcoords": "232.918851, 698.534726, 263.974698, 701.196655, 264.418353, 685.003249, 234.471643, 682.78497",
            "road_imcoords": "EMPTY",
            "image_id": "BLD01127_PS3_K3A_NIA0277.png",
            "ingest_time": "2023-03-02T14:34:14.313313Z",
            "type_id": "1",
            "type_name": "건물"
         }
      },
      {
         "type": "Feature",
         "geometry": {
            "type": "Polygon",
            "coordinates": [
               [
                  31.356951,
                  30.028529,
                  0.0
               ],
               [
                  31.362789,
                  30.028601,
                  0.0
               ],
               [
                  31.362706,
                  30.033682,
                  0.0
               ],
               [
                  31.356867,
                  30.033609,
                  0.0
               ]
            ]
         },
         "properties": {
            "object_imcoords": "EMPTY",
            "building_imcoords": "170.141675, 691.436246, 224.378493, 700.420259, 225.265803, 693.543607, 232.475196, 692.878125, 233.806161, 680.566700, 170.807157, 669.364412, 166.037867, 673.024566, 164.928729, 684.67050",
            "road_imcoords": "EMPTY",
            "image_id": "BLD01127_PS3_K3A_NIA0277.png",
            "ingest_time": "2023-03-02T14:34:14.313313Z",
            "type_id": "1",
            "type_name": "건물"
         }
      },
      {
         "type": "Feature",
         "geometry": {
            "type": "Polygon",
            "coordinates": [
               [
                  31.356951,
                  30.028529,
                  0.0
               ],
               [
                  31.362789,
                  30.028601,
                  0.0
               ],
               [
                  31.362706,
                  30.033682,
                  0.0
               ],
               [
                  31.356867,
                  30.033609,
                  0.0
               ]
            ]
         },
         "properties": {
            "object_imcoords": "EMPTY",
            "building_imcoords": "452.325556, 731.909300, 485.976558, 732.189725, 483.733158, 773.973053, 484.854858, 777.618578, 481.489758, 816.036806, 444.193230, 813.232556, 444.473655, 805.94150",
            "road_imcoords": "EMPTY",
            "image_id": "BLD01127_PS3_K3A_NIA0277.png",
            "ingest_time": "2023-03-02T14:34:14.313313Z",
            "type_id": "1",
            "type_name": "건물"
         }
      },
      {
         "type": "Feature",
         "geometry": {
            "type": "Polygon",
            "coordinates": [
               [
                  31.356951,
                  30.028529,
                  0.0
               ],
               [
                  31.362789,
                  30.028601,
                  0.0
               ],
               [
                  31.362706,
                  30.033682,
                  0.0
               ],
               [
                  31.356867,
                  30.033609,
                  0.0
               ]
            ]
         },
         "properties": {
            "object_imcoords": "EMPTY",
            "building_imcoords": "567.019389, 822.206156, 597.866141, 824.449556, 600.670391, 798.089605, 603.474641, 794.163654, 606.839741, 756.025852, 607.120167, 745.930551, 597.305291, 742.004601, 597.024866, 734.713550, 582.162340, 734.152700, 580.199365, 736.956950, 571.506189, 737.517800, 568.525614, 748.677064, 566.213863, 785.49995",
            "road_imcoords": "EMPTY",
            "image_id": "BLD01127_PS3_K3A_NIA0277.png",
            "ingest_time": "2023-03-02T14:34:14.313313Z",
            "type_id": "1",
            "type_name": "건물"
         }
      },
      {
         "type": "Feature",
         "geometry": {
            "type": "Polygon",
            "coordinates": [
               [
                  31.356951,
                  30.028529,
                  0.0
               ],
               [
                  31.362789,
                  30.028601,
                  0.0
               ],
               [
                  31.362706,
                  30.033682,
                  0.0
               ],
               [
                  31.356867,
                  30.033609,
                  0.0
               ]
            ]
         },
         "properties": {
            "object_imcoords": "EMPTY",
            "building_imcoords": "554.841209, 709.887530, 565.634650, 710.033388, 564.176077, 724.327404, 553.382636, 724.47326",
            "road_imcoords": "EMPTY",
            "image_id": "BLD01127_PS3_K3A_NIA0277.png",
            "ingest_time": "2023-03-02T14:34:14.313313Z",
            "type_id": "1",
            "type_name": "건물"
         }
      },
      {
         "type": "Feature",
         "geometry": {
            "type": "Polygon",
            "coordinates": [
               [
                  31.356951,
                  30.028529,
                  0.0
               ],
               [
                  31.362789,
                  30.028601,
                  0.0
               ],
               [
                  31.362706,
                  30.033682,
                  0.0
               ],
               [
                  31.356867,
                  30.033609,
                  0.0
               ]
            ]
         },
         "properties": {
            "object_imcoords": "EMPTY",
            "building_imcoords": "773.049124, 646.455143, 769.181265, 646.664217, 767.613214, 659.208624, 771.899220, 660.149455, 771.481073, 670.812201, 744.092450, 667.571563, 744.092450, 660.881212, 729.666381, 658.895014, 735.729511, 605.476745, 731.757115, 605.372208, 732.593409, 589.482625, 737.297562, 588.541794, 738.552003, 584.464862, 775.139859, 589.482625, 775.453469, 595.545755, 771.700081, 636.175137, 774.738270, 636.17513",
            "road_imcoords": "EMPTY",
            "image_id": "BLD01127_PS3_K3A_NIA0277.png",
            "ingest_time": "2023-03-02T14:34:14.313313Z",
            "type_id": "1",
            "type_name": "건물"
         }
      },
      {
         "type": "Feature",
         "geometry": {
            "type": "Polygon",
            "coordinates": [
               [
                  31.356946,
                  30.033553,
                  0.0
               ],
               [
                  31.356869,
                  30.03348,
                  0.0
               ],
               [
                  31.356867,
                  30.033609,
                  0.0
               ],
               [
                  31.357007,
                  30.033611,
                  0.0
               ]
            ]
         },
         "properties": {
            "object_imcoords": "EMPTY",
            "building_imcoords": "13.728827, 11.499351, 0.000000, 25.970277, 0.000000, 0.000000, 24.638468, 0.00000",
            "road_imcoords": "EMPTY",
            "image_id": "BLD01127_PS3_K3A_NIA0277.png",
            "ingest_time": "2023-03-02T14:34:14.313313Z",
            "type_id": "1",
            "type_name": "건물"
         }
      },
      {
         "type": "Feature",
         "geometry": {
            "type": "Polygon",
            "coordinates": [
               [
                  31.35712,
                  30.029007,
                  0.0
               ],
               [
                  31.357124,
                  30.029072,
                  0.0
               ],
               [
                  31.357221,
                  30.029067,
                  0.0
               ],
               [
                  31.357217,
                  30.028997,
                  0.0
               ]
            ]
         },
         "properties": {
            "object_imcoords": "EMPTY",
            "building_imcoords": "31.117351, 928.039652, 31.967017, 915.011404, 48.930978, 916.117746, 48.009160, 930.252340, 47.159490, 943.280590, 30.195528, 942.17424",
            "road_imcoords": "EMPTY",
            "image_id": "BLD01127_PS3_K3A_NIA0277.png",
            "ingest_time": "2023-03-02T14:34:14.313313Z",
            "type_id": "1",
            "type_name": "건물"
         }
      },
      {
         "type": "Feature",
         "geometry": {
            "type": "Polygon",
            "coordinates": [
               [
                  31.356942,
                  30.02908,
                  0.0
               ],
               [
                  31.357005,
                  30.029072,
                  0.0
               ],
               [
                  31.356995,
                  30.029012,
                  0.0
               ],
               [
                  31.356985,
                  30.028952,
                  0.0
               ]
            ]
         },
         "properties": {
            "object_imcoords": "EMPTY",
            "building_imcoords": "0.000000, 912.781307, 11.052387, 914.533516, 9.133273, 926.638679, 7.214160, 938.743843, 0.000000, 937.60013",
            "road_imcoords": "EMPTY",
            "image_id": "BLD01127_PS3_K3A_NIA0277.png",
            "ingest_time": "2023-03-02T14:34:14.313313Z",
            "type_id": "1",
            "type_name": "건물"
         }
      }
   ]
}