{
   "type": "FeatureCollection",
   "features": [
      {
         "type": "Feature",
         "geometry": {
            "type": "Polygon",
            "coordinates": [
               [
                  31.414853,
                  30.059729,
                  0.0
               ],
               [
                  31.420694,
                  30.059799,
                  0.0
               ],
               [
                  31.420613,
                  30.06488,
                  0.0
               ],
               [
                  31.414772,
                  30.06481,
                  0.0
               ]
            ]
         },
         "properties": {
            "object_imcoords": "EMPTY",
            "building_imcoords": "926.663130, 872.772082, 848.674460, 812.308956, 804.422461, 821.509867, 756.227216, 827.643807, 742.206781, 835.530302, 740.016088, 852.617707, 736.767669, 857.777947, 722.492998, 848.694065, 700.756568, 878.541104, 707.245054, 884.380742, 703.676387, 898.979838, 700.723698, 908.954699, 692.655134, 919.816227, 692.344805, 940.297965, 703.516662, 950.538834, 709.102591, 953.021468, 711.895555, 992.433297, 710.964567, 1006.708448, 714.998848, 1017.880305, 729.273999, 1024.000000, 815.235232, 1024.000000, 812.131938, 1012.294376, 759.996606, 974.744524, 759.686276, 961.710691, 791.339871, 950.538834, 813.683585, 915.471616, 814.614573, 895.300207, 823.303795, 884.128350, 836.027299, 881.335386, 900.265477, 928.505449, 910.196017, 922.919520, 925.712485, 916.712933, 930.367425, 897.472513, 926.022814, 884.43868",
            "road_imcoords": "EMPTY",
            "image_id": "BLD01000_PS3_K3A_NIA0277.png",
            "ingest_time": "2023-03-02T14:34:14.313313Z",
            "type_id": "1",
            "type_name": "건물"
         }
      },
      {
         "type": "Feature",
         "geometry": {
            "type": "Polygon",
            "coordinates": [
               [
                  31.414853,
                  30.059729,
                  0.0
               ],
               [
                  31.420694,
                  30.059799,
                  0.0
               ],
               [
                  31.420613,
                  30.06488,
                  0.0
               ],
               [
                  31.414772,
                  30.06481,
                  0.0
               ]
            ]
         },
         "properties": {
            "object_imcoords": "EMPTY",
            "building_imcoords": "667.368269, 920.947645, 678.268274, 927.528780, 677.651293, 932.053311, 648.447504, 974.008050, 636.519196, 961.05143",
            "road_imcoords": "EMPTY",
            "image_id": "BLD01000_PS3_K3A_NIA0277.png",
            "ingest_time": "2023-03-02T14:34:14.313313Z",
            "type_id": "1",
            "type_name": "건물"
         }
      },
      {
         "type": "Feature",
         "geometry": {
            "type": "Polygon",
            "coordinates": [
               [
                  31.414853,
                  30.059729,
                  0.0
               ],
               [
                  31.420694,
                  30.059799,
                  0.0
               ],
               [
                  31.420613,
                  30.06488,
                  0.0
               ],
               [
                  31.414772,
                  30.06481,
                  0.0
               ]
            ]
         },
         "properties": {
            "object_imcoords": "EMPTY",
            "building_imcoords": "931.918128, 805.788451, 910.055651, 830.774140, 910.055651, 841.104761, 942.729244, 862.246497, 961.468510, 837.741303, 960.507522, 828.611917, 948.014678, 814.67759",
            "road_imcoords": "EMPTY",
            "image_id": "BLD01000_PS3_K3A_NIA0277.png",
            "ingest_time": "2023-03-02T14:34:14.313313Z",
            "type_id": "1",
            "type_name": "건물"
         }
      },
      {
         "type": "Feature",
         "geometry": {
            "type": "Polygon",
            "coordinates": [
               [
                  31.420311,
                  30.061075,
                  0.0
               ],
               [
                  31.420472,
                  30.060964,
                  0.0
               ],
               [
                  31.420476,
                  30.060926,
                  0.0
               ],
               [
                  31.420463,
                  30.060866,
                  0.0
               ]
            ]
         },
         "properties": {
            "object_imcoords": "EMPTY",
            "building_imcoords": "960.507522, 765.907449, 988.376174, 788.730914, 988.856668, 796.418818, 986.454198, 808.431168, 978.673321, 817.063887, 968.369264, 824.007378, 940.929695, 804.541588, 941.623872, 793.23669",
            "road_imcoords": "EMPTY",
            "image_id": "BLD01000_PS3_K3A_NIA0277.png",
            "ingest_time": "2023-03-02T14:34:14.313313Z",
            "type_id": "1",
            "type_name": "건물"
         }
      },
      {
         "type": "Feature",
         "geometry": {
            "type": "Polygon",
            "coordinates": [
               [
                  31.420465,
                  30.061225,
                  0.0
               ],
               [
                  31.420336,
                  30.061089,
                  0.0
               ],
               [
                  31.420342,
                  30.061056,
                  0.0
               ],
               [
                  31.420472,
                  30.060965,
                  0.0
               ]
            ]
         },
         "properties": {
            "object_imcoords": "EMPTY",
            "building_imcoords": "987.895680, 736.228857, 964.831968, 763.264732, 965.792956, 769.991648, 988.376174, 788.490667, 997.025066, 792.815113, 1007.355688, 788.490667, 1017.446062, 775.757576, 1022.010755, 760.62201",
            "road_imcoords": "EMPTY",
            "image_id": "BLD01000_PS3_K3A_NIA0277.png",
            "ingest_time": "2023-03-02T14:34:14.313313Z",
            "type_id": "1",
            "type_name": "건물"
         }
      },
      {
         "type": "Feature",
         "geometry": {
            "type": "Polygon",
            "coordinates": [
               [
                  31.42063,
                  30.06139,
                  0.0
               ],
               [
                  31.42051,
                  30.061248,
                  0.0
               ],
               [
                  31.420511,
                  30.061224,
                  0.0
               ],
               [
                  31.420673,
                  30.061111,
                  0.0
               ]
            ]
         },
         "properties": {
            "object_imcoords": "EMPTY",
            "building_imcoords": "1017.163078, 703.298844, 995.807658, 731.677446, 995.823831, 736.357067, 1023.932731, 759.661026, 1024.000000, 702.00174",
            "road_imcoords": "EMPTY",
            "image_id": "BLD01000_PS3_K3A_NIA0277.png",
            "ingest_time": "2023-03-02T14:34:14.313313Z",
            "type_id": "1",
            "type_name": "건물"
         }
      },
      {
         "type": "Feature",
         "geometry": {
            "type": "Polygon",
            "coordinates": [
               [
                  31.414853,
                  30.059729,
                  0.0
               ],
               [
                  31.420694,
                  30.059799,
                  0.0
               ],
               [
                  31.420613,
                  30.06488,
                  0.0
               ],
               [
                  31.414772,
                  30.06481,
                  0.0
               ]
            ]
         },
         "properties": {
            "object_imcoords": "EMPTY",
            "building_imcoords": "876.740062, 762.725494, 858.412487, 783.610406, 856.281374, 788.085744, 857.133819, 796.183975, 885.690739, 816.429553, 905.936316, 789.151301, 905.296982, 781.47929",
            "road_imcoords": "EMPTY",
            "image_id": "BLD01000_PS3_K3A_NIA0277.png",
            "ingest_time": "2023-03-02T14:34:14.313313Z",
            "type_id": "1",
            "type_name": "건물"
         }
      },
      {
         "type": "Feature",
         "geometry": {
            "type": "Polygon",
            "coordinates": [
               [
                  31.419987,
                  30.061301,
                  0.0
               ],
               [
                  31.419841,
                  30.061127,
                  0.0
               ],
               [
                  31.419843,
                  30.061105,
                  0.0
               ],
               [
                  31.419993,
                  30.061008,
                  0.0
               ]
            ]
         },
         "properties": {
            "object_imcoords": "EMPTY",
            "building_imcoords": "904.231426, 719.726360, 878.205825, 754.414152, 878.468293, 758.889490, 904.444537, 778.708845, 929.378564, 746.742144, 928.952341, 739.283247, 920.640999, 732.889906, 920.427888, 728.201457, 910.663791, 723.32323",
            "road_imcoords": "EMPTY",
            "image_id": "BLD01000_PS3_K3A_NIA0277.png",
            "ingest_time": "2023-03-02T14:34:14.313313Z",
            "type_id": "1",
            "type_name": "건물"
         }
      },
      {
         "type": "Feature",
         "geometry": {
            "type": "Polygon",
            "coordinates": [
               [
                  31.420179,
                  30.06147,
                  0.0
               ],
               [
                  31.420311,
                  30.061398,
                  0.0
               ],
               [
                  31.420314,
                  30.06135,
                  0.0
               ],
               [
                  31.420291,
                  30.061317,
                  0.0
               ]
            ]
         },
         "properties": {
            "object_imcoords": "EMPTY",
            "building_imcoords": "938.340189, 686.173171, 961.379728, 700.990638, 961.710233, 710.569136, 957.512694, 717.177454, 953.884735, 721.033588, 959.197040, 725.984774, 950.269213, 737.307872, 940.034874, 739.920895, 915.641494, 718.851462, 915.914330, 705.673596, 932.793978, 683.67031",
            "road_imcoords": "EMPTY",
            "image_id": "BLD01000_PS3_K3A_NIA0277.png",
            "ingest_time": "2023-03-02T14:34:14.313313Z",
            "type_id": "1",
            "type_name": "건물"
         }
      },
      {
         "type": "Feature",
         "geometry": {
            "type": "Polygon",
            "coordinates": [
               [
                  31.420374,
                  30.06173,
                  0.0
               ],
               [
                  31.42031,
                  30.061662,
                  0.0
               ],
               [
                  31.420306,
                  30.06164,
                  0.0
               ],
               [
                  31.420212,
                  30.061544,
                  0.0
               ]
            ]
         },
         "properties": {
            "object_imcoords": "EMPTY",
            "building_imcoords": "973.262422, 634.108675, 961.888158, 647.719628, 961.206201, 652.027204, 944.388822, 671.200146, 964.378237, 688.524306, 978.267597, 673.496272, 982.888000, 666.642314, 986.810803, 668.534890, 997.027616, 659.428601, 995.694988, 651.432835, 990.602225, 647.050180, 988.765951, 642.66438",
            "road_imcoords": "EMPTY",
            "image_id": "BLD01000_PS3_K3A_NIA0277.png",
            "ingest_time": "2023-03-02T14:34:14.313313Z",
            "type_id": "1",
            "type_name": "건물"
         }
      },
      {
         "type": "Feature",
         "geometry": {
            "type": "Polygon",
            "coordinates": [
               [
                  31.420581,
                  30.061966,
                  0.0
               ],
               [
                  31.420533,
                  30.061897,
                  0.0
               ],
               [
                  31.42043,
                  30.061761,
                  0.0
               ],
               [
                  31.420557,
                  30.061681,
                  0.0
               ]
            ]
         },
         "properties": {
            "object_imcoords": "EMPTY",
            "building_imcoords": "1010.250662, 587.169522, 1001.660527, 600.940008, 983.225844, 628.036771, 1005.245486, 644.547592, 1020.570705, 618.117143, 1019.238077, 615.007678, 1024.000000, 605.901389, 1023.837332, 594.30502",
            "road_imcoords": "EMPTY",
            "image_id": "BLD01000_PS3_K3A_NIA0277.png",
            "ingest_time": "2023-03-02T14:34:14.313313Z",
            "type_id": "1",
            "type_name": "건물"
         }
      },
      {
         "type": "Feature",
         "geometry": {
            "type": "Polygon",
            "coordinates": [
               [
                  31.420526,
                  30.062495,
                  0.0
               ],
               [
                  31.420468,
                  30.06242,
                  0.0
               ],
               [
                  31.420505,
                  30.062384,
                  0.0
               ],
               [
                  31.420465,
                  30.062345,
                  0.0
               ]
            ]
         },
         "properties": {
            "object_imcoords": "EMPTY",
            "building_imcoords": "1002.105665, 480.404715, 991.675770, 495.309747, 998.155158, 502.744652, 990.865270, 510.460555, 983.534577, 505.084713, 973.271608, 524.388870, 997.462893, 541.982532, 1006.177326, 534.899035, 1010.510914, 535.763672, 1015.545268, 538.072830, 1024.000000, 530.497781, 1024.488003, 497.75260",
            "road_imcoords": "EMPTY",
            "image_id": "BLD01000_PS3_K3A_NIA0277.png",
            "ingest_time": "2023-03-02T14:34:14.313313Z",
            "type_id": "1",
            "type_name": "건물"
         }
      },
      {
         "type": "Feature",
         "geometry": {
            "type": "Polygon",
            "coordinates": [
               [
                  31.420333,
                  30.062229,
                  0.0
               ],
               [
                  31.420276,
                  30.062174,
                  0.0
               ],
               [
                  31.420278,
                  30.062143,
                  0.0
               ],
               [
                  31.420254,
                  30.062108,
                  0.0
               ]
            ]
         },
         "properties": {
            "object_imcoords": "EMPTY",
            "building_imcoords": "967.407054, 533.430058, 957.388441, 544.426097, 957.547560, 550.779363, 953.232253, 557.782591, 937.839927, 576.925500, 942.971412, 585.966687, 963.008638, 600.872429, 978.647449, 584.256192, 995.752398, 564.707679, 994.041903, 549.557581, 982.068439, 538.56154",
            "road_imcoords": "EMPTY",
            "image_id": "BLD01000_PS3_K3A_NIA0277.png",
            "ingest_time": "2023-03-02T14:34:14.313313Z",
            "type_id": "1",
            "type_name": "건물"
         }
      },
      {
         "type": "Feature",
         "geometry": {
            "type": "Polygon",
            "coordinates": [
               [
                  31.414853,
                  30.059729,
                  0.0
               ],
               [
                  31.420694,
                  30.059799,
                  0.0
               ],
               [
                  31.420613,
                  30.06488,
                  0.0
               ],
               [
                  31.414772,
                  30.06481,
                  0.0
               ]
            ]
         },
         "properties": {
            "object_imcoords": "EMPTY",
            "building_imcoords": "930.444121, 583.498855, 955.378148, 601.187097, 955.378148, 609.924662, 925.329448, 647.858481, 899.756087, 628.891571, 900.821644, 621.21956",
            "road_imcoords": "EMPTY",
            "image_id": "BLD01000_PS3_K3A_NIA0277.png",
            "ingest_time": "2023-03-02T14:34:14.313313Z",
            "type_id": "1",
            "type_name": "건물"
         }
      },
      {
         "type": "Feature",
         "geometry": {
            "type": "Polygon",
            "coordinates": [
               [
                  31.419917,
                  30.061735,
                  0.0
               ],
               [
                  31.420049,
                  30.061664,
                  0.0
               ],
               [
                  31.420067,
                  30.061629,
                  0.0
               ],
               [
                  31.420035,
                  30.061569,
                  0.0
               ]
            ]
         },
         "properties": {
            "object_imcoords": "EMPTY",
            "building_imcoords": "893.171608, 631.984883, 916.195781, 646.686625, 919.191791, 653.666409, 913.445358, 665.676824, 899.769822, 684.380131, 890.719835, 693.832340, 866.385426, 675.330144, 867.725211, 667.495717, 880.463183, 651.397956, 878.452075, 645.36463",
            "road_imcoords": "EMPTY",
            "image_id": "BLD01000_PS3_K3A_NIA0277.png",
            "ingest_time": "2023-03-02T14:34:14.313313Z",
            "type_id": "1",
            "type_name": "건물"
         }
      },
      {
         "type": "Feature",
         "geometry": {
            "type": "Polygon",
            "coordinates": [
               [
                  31.414853,
                  30.059729,
                  0.0
               ],
               [
                  31.420694,
                  30.059799,
                  0.0
               ],
               [
                  31.420613,
                  30.06488,
                  0.0
               ],
               [
                  31.414772,
                  30.06481,
                  0.0
               ]
            ]
         },
         "properties": {
            "object_imcoords": "EMPTY",
            "building_imcoords": "864.375501, 687.958022, 870.337921, 690.763867, 871.565478, 694.446538, 882.788856, 700.935053, 882.438126, 709.703318, 882.438126, 709.703318, 872.617669, 723.381810, 866.479884, 723.031079, 862.621848, 731.974709, 857.185524, 736.008111, 841.928744, 726.012289, 841.051918, 718.822312, 832.985115, 711.807701, 834.914133, 703.214802, 845.085319, 691.465328, 852.801392, 695.147999, 856.484063, 693.04361",
            "road_imcoords": "EMPTY",
            "image_id": "BLD01000_PS3_K3A_NIA0277.png",
            "ingest_time": "2023-03-02T14:34:14.313313Z",
            "type_id": "1",
            "type_name": "건물"
         }
      },
      {
         "type": "Feature",
         "geometry": {
            "type": "Polygon",
            "coordinates": [
               [
                  31.414853,
                  30.059729,
                  0.0
               ],
               [
                  31.420694,
                  30.059799,
                  0.0
               ],
               [
                  31.420613,
                  30.06488,
                  0.0
               ],
               [
                  31.414772,
                  30.06481,
                  0.0
               ]
            ]
         },
         "properties": {
            "object_imcoords": "EMPTY",
            "building_imcoords": "824.567581, 722.504984, 849.820182, 738.638590, 849.644817, 745.127106, 843.682397, 753.720005, 845.786780, 757.928772, 833.160480, 776.517492, 800.542536, 752.843178, 812.292011, 737.41103",
            "road_imcoords": "EMPTY",
            "image_id": "BLD01000_PS3_K3A_NIA0277.png",
            "ingest_time": "2023-03-02T14:34:14.313313Z",
            "type_id": "1",
            "type_name": "건물"
         }
      },
      {
         "type": "Feature",
         "geometry": {
            "type": "Polygon",
            "coordinates": [
               [
                  31.414853,
                  30.059729,
                  0.0
               ],
               [
                  31.420694,
                  30.059799,
                  0.0
               ],
               [
                  31.420613,
                  30.06488,
                  0.0
               ],
               [
                  31.414772,
                  30.06481,
                  0.0
               ]
            ]
         },
         "properties": {
            "object_imcoords": "EMPTY",
            "building_imcoords": "632.181210, 995.240207, 611.034303, 1024.000000, 661.786879, 1024.000000, 663.122473, 1016.60971",
            "road_imcoords": "EMPTY",
            "image_id": "BLD01000_PS3_K3A_NIA0277.png",
            "ingest_time": "2023-03-02T14:34:14.313313Z",
            "type_id": "1",
            "type_name": "건물"
         }
      },
      {
         "type": "Feature",
         "geometry": {
            "type": "Polygon",
            "coordinates": [
               [
                  31.414853,
                  30.059729,
                  0.0
               ],
               [
                  31.420694,
                  30.059799,
                  0.0
               ],
               [
                  31.420613,
                  30.06488,
                  0.0
               ],
               [
                  31.414772,
                  30.06481,
                  0.0
               ]
            ]
         },
         "properties": {
            "object_imcoords": "EMPTY",
            "building_imcoords": "668.025851, 898.761778, 656.136401, 913.270937, 665.809174, 920.727032, 677.900139, 926.974031, 677.497107, 922.137645, 683.945622, 909.44213",
            "road_imcoords": "EMPTY",
            "image_id": "BLD01000_PS3_K3A_NIA0277.png",
            "ingest_time": "2023-03-02T14:34:14.313313Z",
            "type_id": "1",
            "type_name": "건물"
         }
      },
      {
         "type": "Feature",
         "geometry": {
            "type": "Polygon",
            "coordinates": [
               [
                  31.414853,
                  30.059729,
                  0.0
               ],
               [
                  31.420694,
                  30.059799,
                  0.0
               ],
               [
                  31.420613,
                  30.06488,
                  0.0
               ],
               [
                  31.414772,
                  30.06481,
                  0.0
               ]
            ]
         },
         "properties": {
            "object_imcoords": "EMPTY",
            "building_imcoords": "632.855071, 760.308656, 645.055313, 770.172681, 639.604141, 777.960069, 637.008345, 788.862413, 627.923059, 795.871062, 621.173989, 806.254246, 612.867442, 816.377851, 605.339634, 817.935328, 599.109723, 825.463137, 590.284017, 818.714067, 596.773507, 808.330883, 596.513927, 797.688119, 607.156691, 792.236948, 614.165340, 784.709139, 614.684499, 777.440910, 620.135671, 768.096044, 627.144320, 768.61520",
            "road_imcoords": "EMPTY",
            "image_id": "BLD01000_PS3_K3A_NIA0277.png",
            "ingest_time": "2023-03-02T14:34:14.313313Z",
            "type_id": "1",
            "type_name": "건물"
         }
      },
      {
         "type": "Feature",
         "geometry": {
            "type": "Polygon",
            "coordinates": [
               [
                  31.419115,
                  30.061417,
                  0.0
               ],
               [
                  31.419074,
                  30.061371,
                  0.0
               ],
               [
                  31.418995,
                  30.061426,
                  0.0
               ],
               [
                  31.419037,
                  30.06147,
                  0.0
               ]
            ]
         },
         "properties": {
            "object_imcoords": "EMPTY",
            "building_imcoords": "751.774765, 694.200223, 744.336906, 703.290940, 730.700830, 692.134151, 738.138689, 683.31891",
            "road_imcoords": "EMPTY",
            "image_id": "BLD01000_PS3_K3A_NIA0277.png",
            "ingest_time": "2023-03-02T14:34:14.313313Z",
            "type_id": "1",
            "type_name": "건물"
         }
      },
      {
         "type": "Feature",
         "geometry": {
            "type": "Polygon",
            "coordinates": [
               [
                  31.420117,
                  30.06236,
                  0.0
               ],
               [
                  31.420067,
                  30.062296,
                  0.0
               ],
               [
                  31.420157,
                  30.062241,
                  0.0
               ],
               [
                  31.420208,
                  30.062314,
                  0.0
               ]
            ]
         },
         "properties": {
            "object_imcoords": "EMPTY",
            "building_imcoords": "929.906298, 506.618549, 921.091590, 519.340809, 936.630921, 530.699969, 945.899996, 516.16024",
            "road_imcoords": "EMPTY",
            "image_id": "BLD01000_PS3_K3A_NIA0277.png",
            "ingest_time": "2023-03-02T14:34:14.313313Z",
            "type_id": "1",
            "type_name": "건물"
         }
      },
      {
         "type": "Feature",
         "geometry": {
            "type": "Polygon",
            "coordinates": [
               [
                  31.420581,
                  30.062575,
                  0.0
               ],
               [
                  31.420531,
                  30.062607,
                  0.0
               ],
               [
                  31.420493,
                  30.062565,
                  0.0
               ],
               [
                  31.42055,
                  30.062531,
                  0.0
               ]
            ]
         },
         "properties": {
            "object_imcoords": "EMPTY",
            "building_imcoords": "1011.948531, 464.340782, 1003.168680, 457.755895, 996.442182, 466.181719, 1006.284111, 473.26224",
            "road_imcoords": "EMPTY",
            "image_id": "BLD01000_PS3_K3A_NIA0277.png",
            "ingest_time": "2023-03-02T14:34:14.313313Z",
            "type_id": "1",
            "type_name": "건물"
         }
      },
      {
         "type": "Feature",
         "geometry": {
            "type": "Polygon",
            "coordinates": [
               [
                  31.42065,
                  30.062585,
                  0.0
               ],
               [
                  31.420623,
                  30.062543,
                  0.0
               ],
               [
                  31.420631,
                  30.06249,
                  0.0
               ],
               [
                  31.420651,
                  30.06249,
                  0.0
               ]
            ]
         },
         "properties": {
            "object_imcoords": "EMPTY",
            "building_imcoords": "1024.000000, 462.493159, 1019.282767, 470.984178, 1020.423471, 481.630753, 1024.000000, 481.63075",
            "road_imcoords": "EMPTY",
            "image_id": "BLD01000_PS3_K3A_NIA0277.png",
            "ingest_time": "2023-03-02T14:34:14.313313Z",
            "type_id": "1",
            "type_name": "건물"
         }
      },
      {
         "type": "Feature",
         "geometry": {
            "type": "Polygon",
            "coordinates": [
               [
                  31.418033,
                  30.060232,
                  0.0
               ],
               [
                  31.418033,
                  30.060265,
                  0.0
               ],
               [
                  31.417975,
                  30.060297,
                  0.0
               ],
               [
                  31.417946,
                  30.060253,
                  0.0
               ]
            ]
         },
         "properties": {
            "object_imcoords": "EMPTY",
            "building_imcoords": "558.818778, 930.255650, 558.837905, 923.625145, 548.837955, 917.055207, 543.579242, 925.855503, 535.852153, 927.036030, 532.847174, 933.260629, 531.988609, 938.304701, 526.515254, 944.314659, 533.598419, 952.041748, 537.247322, 954.939407, 540.896225, 952.685672, 544.867090, 947.426959, 548.301352, 946.461073, 551.735614, 942.919491, 553.882027, 938.626663, 553.130782, 933.26062",
            "road_imcoords": "EMPTY",
            "image_id": "BLD01000_PS3_K3A_NIA0277.png",
            "ingest_time": "2023-03-02T14:34:14.313313Z",
            "type_id": "1",
            "type_name": "건물"
         }
      },
      {
         "type": "Feature",
         "geometry": {
            "type": "Polygon",
            "coordinates": [
               [
                  31.418679,
                  30.060186,
                  0.0
               ],
               [
                  31.418723,
                  30.06017,
                  0.0
               ],
               [
                  31.418721,
                  30.060152,
                  0.0
               ],
               [
                  31.41871,
                  30.060134,
                  0.0
               ]
            ]
         },
         "properties": {
            "object_imcoords": "EMPTY",
            "building_imcoords": "671.886644, 941.164707, 679.599980, 944.608161, 679.186766, 948.189352, 677.120694, 951.632806, 677.947123, 956.591379, 675.192360, 967.197215, 671.886644, 972.431265, 668.994143, 973.670908, 667.065810, 978.078528, 663.760094, 981.521982, 648.471161, 974.49733",
            "road_imcoords": "EMPTY",
            "image_id": "BLD01000_PS3_K3A_NIA0277.png",
            "ingest_time": "2023-03-02T14:34:14.313313Z",
            "type_id": "1",
            "type_name": "건물"
         }
      }
   ]
}