{
   "type": "FeatureCollection",
   "features": [
      {
         "type": "Feature",
         "geometry": {
            "type": "Polygon",
            "coordinates": [
               [
                  31.38532,
                  30.079696,
                  0.0
               ],
               [
                  31.391162,
                  30.079768,
                  0.0
               ],
               [
                  31.39108,
                  30.084848,
                  0.0
               ],
               [
                  31.385238,
                  30.084776,
                  0.0
               ]
            ]
         },
         "properties": {
            "object_imcoords": "EMPTY",
            "building_imcoords": "512.805523, 42.917200, 515.886758, 108.063310, 475.390528, 108.063310, 471.428940, 42.69711",
            "road_imcoords": "EMPTY",
            "image_id": "BLD00894_PS3_K3A_NIA0277.png",
            "ingest_time": "2023-03-02T14:34:14.313313Z",
            "type_id": "1",
            "type_name": "건물"
         }
      },
      {
         "type": "Feature",
         "geometry": {
            "type": "Polygon",
            "coordinates": [
               [
                  31.38532,
                  30.079696,
                  0.0
               ],
               [
                  31.391162,
                  30.079768,
                  0.0
               ],
               [
                  31.39108,
                  30.084848,
                  0.0
               ],
               [
                  31.385238,
                  30.084776,
                  0.0
               ]
            ]
         },
         "properties": {
            "object_imcoords": "EMPTY",
            "building_imcoords": "540.914766, 49.159320, 542.374944, 67.168180, 557.463448, 65.383518, 555.841028, 48.83483",
            "road_imcoords": "EMPTY",
            "image_id": "BLD00894_PS3_K3A_NIA0277.png",
            "ingest_time": "2023-03-02T14:34:14.313313Z",
            "type_id": "1",
            "type_name": "건물"
         }
      },
      {
         "type": "Feature",
         "geometry": {
            "type": "Polygon",
            "coordinates": [
               [
                  31.38532,
                  30.079696,
                  0.0
               ],
               [
                  31.391162,
                  30.079768,
                  0.0
               ],
               [
                  31.39108,
                  30.084848,
                  0.0
               ],
               [
                  31.385238,
                  30.084776,
                  0.0
               ]
            ]
         },
         "properties": {
            "object_imcoords": "EMPTY",
            "building_imcoords": "171.023849, 57.815142, 171.896093, 111.765990, 206.543549, 118.024885, 214.814233, 97.012879, 213.249509, 70.859638, 206.096485, 54.76533",
            "road_imcoords": "EMPTY",
            "image_id": "BLD00894_PS3_K3A_NIA0277.png",
            "ingest_time": "2023-03-02T14:34:14.313313Z",
            "type_id": "1",
            "type_name": "건물"
         }
      },
      {
         "type": "Feature",
         "geometry": {
            "type": "Polygon",
            "coordinates": [
               [
                  31.38532,
                  30.079696,
                  0.0
               ],
               [
                  31.391162,
                  30.079768,
                  0.0
               ],
               [
                  31.39108,
                  30.084848,
                  0.0
               ],
               [
                  31.385238,
                  30.084776,
                  0.0
               ]
            ]
         },
         "properties": {
            "object_imcoords": "EMPTY",
            "building_imcoords": "56.440032, 249.921099, 57.837826, 290.212246, 52.619056, 290.643601, 52.025023, 308.617094, 38.346370, 308.991771, 37.141864, 291.791429, 32.279059, 291.671260, 32.755194, 250.425573, 41.943448, 247.21507",
            "road_imcoords": "EMPTY",
            "image_id": "BLD00894_PS3_K3A_NIA0277.png",
            "ingest_time": "2023-03-02T14:34:14.313313Z",
            "type_id": "1",
            "type_name": "건물"
         }
      },
      {
         "type": "Feature",
         "geometry": {
            "type": "Polygon",
            "coordinates": [
               [
                  31.38532,
                  30.079696,
                  0.0
               ],
               [
                  31.391162,
                  30.079768,
                  0.0
               ],
               [
                  31.39108,
                  30.084848,
                  0.0
               ],
               [
                  31.385238,
                  30.084776,
                  0.0
               ]
            ]
         },
         "properties": {
            "object_imcoords": "EMPTY",
            "building_imcoords": "609.880237, 57.546876, 602.686878, 58.713367, 604.047784, 94.291334, 643.902884, 93.124843, 644.097299, 99.346127, 662.177905, 99.151712, 659.844924, 57.546876, 651.485073, 57.158046, 651.485073, 53.269743, 611.435558, 53.46415",
            "road_imcoords": "EMPTY",
            "image_id": "BLD00894_PS3_K3A_NIA0277.png",
            "ingest_time": "2023-03-02T14:34:14.313313Z",
            "type_id": "1",
            "type_name": "건물"
         }
      },
      {
         "type": "Feature",
         "geometry": {
            "type": "Polygon",
            "coordinates": [
               [
                  31.389369,
                  30.083212,
                  0.0
               ],
               [
                  31.389378,
                  30.083103,
                  0.0
               ],
               [
                  31.389585,
                  30.08311,
                  0.0
               ],
               [
                  31.389577,
                  30.08322,
                  0.0
               ]
            ]
         },
         "properties": {
            "object_imcoords": "EMPTY",
            "building_imcoords": "719.552347, 325.525939, 720.763668, 347.492031, 757.196002, 346.639813, 756.063722, 324.33608",
            "road_imcoords": "EMPTY",
            "image_id": "BLD00894_PS3_K3A_NIA0277.png",
            "ingest_time": "2023-03-02T14:34:14.313313Z",
            "type_id": "1",
            "type_name": "건물"
         }
      },
      {
         "type": "Feature",
         "geometry": {
            "type": "Polygon",
            "coordinates": [
               [
                  31.38532,
                  30.079696,
                  0.0
               ],
               [
                  31.391162,
                  30.079768,
                  0.0
               ],
               [
                  31.39108,
                  30.084848,
                  0.0
               ],
               [
                  31.385238,
                  30.084776,
                  0.0
               ]
            ]
         },
         "properties": {
            "object_imcoords": "EMPTY",
            "building_imcoords": "951.198213, 575.750216, 962.589808, 577.648815, 1001.985742, 574.800916, 999.375168, 537.540906, 950.486238, 540.15148",
            "road_imcoords": "EMPTY",
            "image_id": "BLD00894_PS3_K3A_NIA0277.png",
            "ingest_time": "2023-03-02T14:34:14.313313Z",
            "type_id": "1",
            "type_name": "건물"
         }
      },
      {
         "type": "Feature",
         "geometry": {
            "type": "Polygon",
            "coordinates": [
               [
                  31.38532,
                  30.079696,
                  0.0
               ],
               [
                  31.391162,
                  30.079768,
                  0.0
               ],
               [
                  31.39108,
                  30.084848,
                  0.0
               ],
               [
                  31.385238,
                  30.084776,
                  0.0
               ]
            ]
         },
         "properties": {
            "object_imcoords": "EMPTY",
            "building_imcoords": "954.283436, 599.957356, 954.283436, 634.844116, 964.488407, 637.454690, 1006.020265, 634.606792, 1005.358737, 596.376838, 999.880458, 592.976527, 994.591085, 597.88808",
            "road_imcoords": "EMPTY",
            "image_id": "BLD00894_PS3_K3A_NIA0277.png",
            "ingest_time": "2023-03-02T14:34:14.313313Z",
            "type_id": "1",
            "type_name": "건물"
         }
      },
      {
         "type": "Feature",
         "geometry": {
            "type": "Polygon",
            "coordinates": [
               [
                  31.38532,
                  30.079696,
                  0.0
               ],
               [
                  31.391162,
                  30.079768,
                  0.0
               ],
               [
                  31.39108,
                  30.084848,
                  0.0
               ],
               [
                  31.385238,
                  30.084776,
                  0.0
               ]
            ]
         },
         "properties": {
            "object_imcoords": "EMPTY",
            "building_imcoords": "957.163938, 690.266754, 969.905261, 690.713818, 971.022921, 688.254966, 1007.682165, 686.690242, 1007.011570, 657.631085, 959.399258, 658.301681, 959.399258, 668.807684, 954.928618, 669.47828",
            "road_imcoords": "EMPTY",
            "image_id": "BLD00894_PS3_K3A_NIA0277.png",
            "ingest_time": "2023-03-02T14:34:14.313313Z",
            "type_id": "1",
            "type_name": "건물"
         }
      },
      {
         "type": "Feature",
         "geometry": {
            "type": "Polygon",
            "coordinates": [
               [
                  31.38532,
                  30.079696,
                  0.0
               ],
               [
                  31.391162,
                  30.079768,
                  0.0
               ],
               [
                  31.39108,
                  30.084848,
                  0.0
               ],
               [
                  31.385238,
                  30.084776,
                  0.0
               ]
            ]
         },
         "properties": {
            "object_imcoords": "EMPTY",
            "building_imcoords": "958.432759, 716.098933, 958.432759, 741.042633, 959.754280, 747.485046, 1011.623960, 743.850864, 1008.980919, 713.45589",
            "road_imcoords": "EMPTY",
            "image_id": "BLD00894_PS3_K3A_NIA0277.png",
            "ingest_time": "2023-03-02T14:34:14.313313Z",
            "type_id": "1",
            "type_name": "건물"
         }
      },
      {
         "type": "Feature",
         "geometry": {
            "type": "Polygon",
            "coordinates": [
               [
                  31.38532,
                  30.079696,
                  0.0
               ],
               [
                  31.391162,
                  30.079768,
                  0.0
               ],
               [
                  31.39108,
                  30.084848,
                  0.0
               ],
               [
                  31.385238,
                  30.084776,
                  0.0
               ]
            ]
         },
         "properties": {
            "object_imcoords": "EMPTY",
            "building_imcoords": "80.830743, 676.267148, 88.110530, 834.665281, 110.200920, 832.657064, 101.917024, 675.01201",
            "road_imcoords": "EMPTY",
            "image_id": "BLD00894_PS3_K3A_NIA0277.png",
            "ingest_time": "2023-03-02T14:34:14.313313Z",
            "type_id": "1",
            "type_name": "건물"
         }
      },
      {
         "type": "Feature",
         "geometry": {
            "type": "Polygon",
            "coordinates": [
               [
                  31.38532,
                  30.079696,
                  0.0
               ],
               [
                  31.391162,
                  30.079768,
                  0.0
               ],
               [
                  31.39108,
                  30.084848,
                  0.0
               ],
               [
                  31.385238,
                  30.084776,
                  0.0
               ]
            ]
         },
         "properties": {
            "object_imcoords": "EMPTY",
            "building_imcoords": "53.970838, 677.271256, 36.900991, 678.275365, 37.152019, 686.308234, 32.633530, 687.814397, 42.674616, 833.661172, 63.007815, 832.15500",
            "road_imcoords": "EMPTY",
            "image_id": "BLD00894_PS3_K3A_NIA0277.png",
            "ingest_time": "2023-03-02T14:34:14.313313Z",
            "type_id": "1",
            "type_name": "건물"
         }
      },
      {
         "type": "Feature",
         "geometry": {
            "type": "Polygon",
            "coordinates": [
               [
                  31.38532,
                  30.079696,
                  0.0
               ],
               [
                  31.391162,
                  30.079768,
                  0.0
               ],
               [
                  31.39108,
                  30.084848,
                  0.0
               ],
               [
                  31.385238,
                  30.084776,
                  0.0
               ]
            ]
         },
         "properties": {
            "object_imcoords": "EMPTY",
            "building_imcoords": "169.073279, 716.255891, 199.045360, 707.802227, 221.332293, 711.388630, 233.116188, 711.644802, 233.884703, 714.206518, 245.412426, 715.231205, 247.022453, 721.441919, 256.058728, 721.238577, 256.918489, 743.379834, 247.534796, 744.448843, 247.461799, 773.894509, 238.751964, 773.382166, 236.958762, 783.885203, 170.610309, 784.39754",
            "road_imcoords": "EMPTY",
            "image_id": "BLD00894_PS3_K3A_NIA0277.png",
            "ingest_time": "2023-03-02T14:34:14.313313Z",
            "type_id": "1",
            "type_name": "건물"
         }
      },
      {
         "type": "Feature",
         "geometry": {
            "type": "Polygon",
            "coordinates": [
               [
                  31.38532,
                  30.079696,
                  0.0
               ],
               [
                  31.391162,
                  30.079768,
                  0.0
               ],
               [
                  31.39108,
                  30.084848,
                  0.0
               ],
               [
                  31.385238,
                  30.084776,
                  0.0
               ]
            ]
         },
         "properties": {
            "object_imcoords": "EMPTY",
            "building_imcoords": "229.371892, 709.940240, 252.694220, 709.298341, 250.554557, 655.164863, 228.088094, 654.95089",
            "road_imcoords": "EMPTY",
            "image_id": "BLD00894_PS3_K3A_NIA0277.png",
            "ingest_time": "2023-03-02T14:34:14.313313Z",
            "type_id": "1",
            "type_name": "건물"
         }
      },
      {
         "type": "Feature",
         "geometry": {
            "type": "Polygon",
            "coordinates": [
               [
                  31.38532,
                  30.079696,
                  0.0
               ],
               [
                  31.391162,
                  30.079768,
                  0.0
               ],
               [
                  31.39108,
                  30.084848,
                  0.0
               ],
               [
                  31.385238,
                  30.084776,
                  0.0
               ]
            ]
         },
         "properties": {
            "object_imcoords": "EMPTY",
            "building_imcoords": "78.354456, 630.673421, 79.633713, 651.621245, 199.244189, 647.143848, 199.564003, 633.072027, 197.165398, 625.39648",
            "road_imcoords": "EMPTY",
            "image_id": "BLD00894_PS3_K3A_NIA0277.png",
            "ingest_time": "2023-03-02T14:34:14.313313Z",
            "type_id": "1",
            "type_name": "건물"
         }
      },
      {
         "type": "Feature",
         "geometry": {
            "type": "Polygon",
            "coordinates": [
               [
                  31.38532,
                  30.079696,
                  0.0
               ],
               [
                  31.391162,
                  30.079768,
                  0.0
               ],
               [
                  31.39108,
                  30.084848,
                  0.0
               ],
               [
                  31.385238,
                  30.084776,
                  0.0
               ]
            ]
         },
         "properties": {
            "object_imcoords": "EMPTY",
            "building_imcoords": "23.666244, 658.177434, 62.363751, 656.898178, 62.363751, 634.351283, 52.929235, 634.031469, 52.289607, 631.952678, 31.341783, 632.912120, 29.902619, 644.905149, 23.506337, 645.70468",
            "road_imcoords": "EMPTY",
            "image_id": "BLD00894_PS3_K3A_NIA0277.png",
            "ingest_time": "2023-03-02T14:34:14.313313Z",
            "type_id": "1",
            "type_name": "건물"
         }
      },
      {
         "type": "Feature",
         "geometry": {
            "type": "Polygon",
            "coordinates": [
               [
                  31.38532,
                  30.079696,
                  0.0
               ],
               [
                  31.391162,
                  30.079768,
                  0.0
               ],
               [
                  31.39108,
                  30.084848,
                  0.0
               ],
               [
                  31.385238,
                  30.084776,
                  0.0
               ]
            ]
         },
         "properties": {
            "object_imcoords": "EMPTY",
            "building_imcoords": "129.502028, 864.276185, 152.363527, 863.160990, 151.805930, 847.548259, 147.205750, 846.990661, 146.926951, 840.160091, 135.635601, 837.511503, 126.714041, 839.741893, 127.132239, 861.62759",
            "road_imcoords": "EMPTY",
            "image_id": "BLD00894_PS3_K3A_NIA0277.png",
            "ingest_time": "2023-03-02T14:34:14.313313Z",
            "type_id": "1",
            "type_name": "건물"
         }
      },
      {
         "type": "Feature",
         "geometry": {
            "type": "Polygon",
            "coordinates": [
               [
                  31.38532,
                  30.079696,
                  0.0
               ],
               [
                  31.391162,
                  30.079768,
                  0.0
               ],
               [
                  31.39108,
                  30.084848,
                  0.0
               ],
               [
                  31.385238,
                  30.084776,
                  0.0
               ]
            ]
         },
         "properties": {
            "object_imcoords": "EMPTY",
            "building_imcoords": "310.574348, 822.802183, 311.773477, 846.584903, 397.910893, 841.988243, 393.713942, 820.00421",
            "road_imcoords": "EMPTY",
            "image_id": "BLD00894_PS3_K3A_NIA0277.png",
            "ingest_time": "2023-03-02T14:34:14.313313Z",
            "type_id": "1",
            "type_name": "건물"
         }
      },
      {
         "type": "Feature",
         "geometry": {
            "type": "Polygon",
            "coordinates": [
               [
                  31.387617,
                  30.08075,
                  0.0
               ],
               [
                  31.387624,
                  30.080639,
                  0.0
               ],
               [
                  31.388089,
                  30.080669,
                  0.0
               ],
               [
                  31.388078,
                  30.080777,
                  0.0
               ]
            ]
         },
         "properties": {
            "object_imcoords": "EMPTY",
            "building_imcoords": "405.561200, 817.229690, 406.504649, 839.589985, 488.045405, 834.793470, 486.446566, 813.00929",
            "road_imcoords": "EMPTY",
            "image_id": "BLD00894_PS3_K3A_NIA0277.png",
            "ingest_time": "2023-03-02T14:34:14.313313Z",
            "type_id": "1",
            "type_name": "건물"
         }
      },
      {
         "type": "Feature",
         "geometry": {
            "type": "Polygon",
            "coordinates": [
               [
                  31.38532,
                  30.079696,
                  0.0
               ],
               [
                  31.391162,
                  30.079768,
                  0.0
               ],
               [
                  31.39108,
                  30.084848,
                  0.0
               ],
               [
                  31.385238,
                  30.084776,
                  0.0
               ]
            ]
         },
         "properties": {
            "object_imcoords": "EMPTY",
            "building_imcoords": "519.022897, 807.813073, 518.223478, 826.799279, 532.812878, 826.399569, 532.613023, 807.01365",
            "road_imcoords": "EMPTY",
            "image_id": "BLD00894_PS3_K3A_NIA0277.png",
            "ingest_time": "2023-03-02T14:34:14.313313Z",
            "type_id": "1",
            "type_name": "건물"
         }
      },
      {
         "type": "Feature",
         "geometry": {
            "type": "Polygon",
            "coordinates": [
               [
                  31.38532,
                  30.079696,
                  0.0
               ],
               [
                  31.391162,
                  30.079768,
                  0.0
               ],
               [
                  31.39108,
                  30.084848,
                  0.0
               ],
               [
                  31.385238,
                  30.084776,
                  0.0
               ]
            ]
         },
         "properties": {
            "object_imcoords": "EMPTY",
            "building_imcoords": "649.947356, 822.887843, 640.768543, 832.649437, 626.198999, 839.934209, 613.669192, 827.113011, 611.629456, 831.046788, 603.907597, 829.298442, 603.324815, 806.569954, 605.655942, 801.324918, 610.172501, 801.616309, 612.795019, 802.636177, 613.377801, 812.980553, 634.066553, 800.596441, 650.530138, 817.06002",
            "road_imcoords": "EMPTY",
            "image_id": "BLD00894_PS3_K3A_NIA0277.png",
            "ingest_time": "2023-03-02T14:34:14.313313Z",
            "type_id": "1",
            "type_name": "건물"
         }
      },
      {
         "type": "Feature",
         "geometry": {
            "type": "Polygon",
            "coordinates": [
               [
                  31.38532,
                  30.079696,
                  0.0
               ],
               [
                  31.391162,
                  30.079768,
                  0.0
               ],
               [
                  31.39108,
                  30.084848,
                  0.0
               ],
               [
                  31.385238,
                  30.084776,
                  0.0
               ]
            ]
         },
         "properties": {
            "object_imcoords": "EMPTY",
            "building_imcoords": "870.802375, 790.176030, 871.180902, 829.353620, 891.810648, 828.407301, 891.621384, 814.591050, 883.293780, 813.644731, 883.293780, 803.424490, 891.242856, 803.045963, 890.485802, 789.22971",
            "road_imcoords": "EMPTY",
            "image_id": "BLD00894_PS3_K3A_NIA0277.png",
            "ingest_time": "2023-03-02T14:34:14.313313Z",
            "type_id": "1",
            "type_name": "건물"
         }
      },
      {
         "type": "Feature",
         "geometry": {
            "type": "Polygon",
            "coordinates": [
               [
                  31.38532,
                  30.079696,
                  0.0
               ],
               [
                  31.391162,
                  30.079768,
                  0.0
               ],
               [
                  31.39108,
                  30.084848,
                  0.0
               ],
               [
                  31.385238,
                  30.084776,
                  0.0
               ]
            ]
         },
         "properties": {
            "object_imcoords": "EMPTY",
            "building_imcoords": "949.448386, 475.736878, 950.123509, 497.565864, 991.306030, 495.540494, 990.405865, 472.361261, 965.651345, 473.26142",
            "road_imcoords": "EMPTY",
            "image_id": "BLD00894_PS3_K3A_NIA0277.png",
            "ingest_time": "2023-03-02T14:34:14.313313Z",
            "type_id": "1",
            "type_name": "건물"
         }
      },
      {
         "type": "Feature",
         "geometry": {
            "type": "Polygon",
            "coordinates": [
               [
                  31.38532,
                  30.079696,
                  0.0
               ],
               [
                  31.391162,
                  30.079768,
                  0.0
               ],
               [
                  31.39108,
                  30.084848,
                  0.0
               ],
               [
                  31.385238,
                  30.084776,
                  0.0
               ]
            ]
         },
         "properties": {
            "object_imcoords": "EMPTY",
            "building_imcoords": "1024.000000, 434.104275, 970.827290, 436.804768, 969.927125, 393.821919, 1024.000000, 391.57150",
            "road_imcoords": "EMPTY",
            "image_id": "BLD00894_PS3_K3A_NIA0277.png",
            "ingest_time": "2023-03-02T14:34:14.313313Z",
            "type_id": "1",
            "type_name": "건물"
         }
      },
      {
         "type": "Feature",
         "geometry": {
            "type": "Polygon",
            "coordinates": [
               [
                  31.38532,
                  30.079696,
                  0.0
               ],
               [
                  31.391162,
                  30.079768,
                  0.0
               ],
               [
                  31.39108,
                  30.084848,
                  0.0
               ],
               [
                  31.385238,
                  30.084776,
                  0.0
               ]
            ]
         },
         "properties": {
            "object_imcoords": "EMPTY",
            "building_imcoords": "937.005647, 248.827778, 967.783996, 249.261276, 967.350498, 295.645548, 936.572149, 295.86229",
            "road_imcoords": "EMPTY",
            "image_id": "BLD00894_PS3_K3A_NIA0277.png",
            "ingest_time": "2023-03-02T14:34:14.313313Z",
            "type_id": "1",
            "type_name": "건물"
         }
      },
      {
         "type": "Feature",
         "geometry": {
            "type": "Polygon",
            "coordinates": [
               [
                  31.38532,
                  30.079696,
                  0.0
               ],
               [
                  31.391162,
                  30.079768,
                  0.0
               ],
               [
                  31.39108,
                  30.084848,
                  0.0
               ],
               [
                  31.385238,
                  30.084776,
                  0.0
               ]
            ]
         },
         "properties": {
            "object_imcoords": "EMPTY",
            "building_imcoords": "966.266754, 247.960782, 963.232268, 198.758774, 935.488405, 200.276016, 937.439145, 247.96078",
            "road_imcoords": "EMPTY",
            "image_id": "BLD00894_PS3_K3A_NIA0277.png",
            "ingest_time": "2023-03-02T14:34:14.313313Z",
            "type_id": "1",
            "type_name": "건물"
         }
      },
      {
         "type": "Feature",
         "geometry": {
            "type": "Polygon",
            "coordinates": [
               [
                  31.38532,
                  30.079696,
                  0.0
               ],
               [
                  31.391162,
                  30.079768,
                  0.0
               ],
               [
                  31.39108,
                  30.084848,
                  0.0
               ],
               [
                  31.385238,
                  30.084776,
                  0.0
               ]
            ]
         },
         "properties": {
            "object_imcoords": "EMPTY",
            "building_imcoords": "713.986175, 209.316091, 717.324960, 297.665459, 901.214924, 288.933254, 897.619310, 200.58388",
            "road_imcoords": "EMPTY",
            "image_id": "BLD00894_PS3_K3A_NIA0277.png",
            "ingest_time": "2023-03-02T14:34:14.313313Z",
            "type_id": "1",
            "type_name": "건물"
         }
      },
      {
         "type": "Feature",
         "geometry": {
            "type": "Polygon",
            "coordinates": [
               [
                  31.38532,
                  30.079696,
                  0.0
               ],
               [
                  31.391162,
                  30.079768,
                  0.0
               ],
               [
                  31.39108,
                  30.084848,
                  0.0
               ],
               [
                  31.385238,
                  30.084776,
                  0.0
               ]
            ]
         },
         "properties": {
            "object_imcoords": "EMPTY",
            "building_imcoords": "664.468872, 219.146704, 664.468872, 208.854591, 484.984458, 217.891568, 486.239594, 295.458958, 670.995578, 286.924035, 669.991469, 266.339808, 670.995578, 259.060021, 668.736333, 219.14670",
            "road_imcoords": "EMPTY",
            "image_id": "BLD00894_PS3_K3A_NIA0277.png",
            "ingest_time": "2023-03-02T14:34:14.313313Z",
            "type_id": "1",
            "type_name": "건물"
         }
      },
      {
         "type": "Feature",
         "geometry": {
            "type": "Polygon",
            "coordinates": [
               [
                  31.38532,
                  30.079696,
                  0.0
               ],
               [
                  31.391162,
                  30.079768,
                  0.0
               ],
               [
                  31.39108,
                  30.084848,
                  0.0
               ],
               [
                  31.385238,
                  30.084776,
                  0.0
               ]
            ]
         },
         "properties": {
            "object_imcoords": "EMPTY",
            "building_imcoords": "515.394013, 142.126608, 516.689438, 175.807653, 665.663291, 168.960407, 664.182805, 135.83454",
            "road_imcoords": "EMPTY",
            "image_id": "BLD00894_PS3_K3A_NIA0277.png",
            "ingest_time": "2023-03-02T14:34:14.313313Z",
            "type_id": "1",
            "type_name": "건물"
         }
      },
      {
         "type": "Feature",
         "geometry": {
            "type": "Polygon",
            "coordinates": [
               [
                  31.38532,
                  30.079696,
                  0.0
               ],
               [
                  31.391162,
                  30.079768,
                  0.0
               ],
               [
                  31.39108,
                  30.084848,
                  0.0
               ],
               [
                  31.385238,
                  30.084776,
                  0.0
               ]
            ]
         },
         "properties": {
            "object_imcoords": "EMPTY",
            "building_imcoords": "710.115876, 115.051679, 709.225727, 167.792971, 713.008858, 167.792971, 715.011692, 164.454915, 879.466606, 156.666116, 877.018698, 107.04034",
            "road_imcoords": "EMPTY",
            "image_id": "BLD00894_PS3_K3A_NIA0277.png",
            "ingest_time": "2023-03-02T14:34:14.313313Z",
            "type_id": "1",
            "type_name": "건물"
         }
      },
      {
         "type": "Feature",
         "geometry": {
            "type": "Polygon",
            "coordinates": [
               [
                  31.38532,
                  30.079696,
                  0.0
               ],
               [
                  31.391162,
                  30.079768,
                  0.0
               ],
               [
                  31.39108,
                  30.084848,
                  0.0
               ],
               [
                  31.385238,
                  30.084776,
                  0.0
               ]
            ]
         },
         "properties": {
            "object_imcoords": "EMPTY",
            "building_imcoords": "863.371453, 44.251572, 863.837259, 79.187023, 715.245140, 83.146374, 715.245140, 51.005759, 752.509621, 48.909632, 752.509621, 37.963190, 788.376684, 37.264481, 788.842490, 46.34769",
            "road_imcoords": "EMPTY",
            "image_id": "BLD00894_PS3_K3A_NIA0277.png",
            "ingest_time": "2023-03-02T14:34:14.313313Z",
            "type_id": "1",
            "type_name": "건물"
         }
      },
      {
         "type": "Feature",
         "geometry": {
            "type": "Polygon",
            "coordinates": [
               [
                  31.38532,
                  30.079696,
                  0.0
               ],
               [
                  31.391162,
                  30.079768,
                  0.0
               ],
               [
                  31.39108,
                  30.084848,
                  0.0
               ],
               [
                  31.385238,
                  30.084776,
                  0.0
               ]
            ]
         },
         "properties": {
            "object_imcoords": "EMPTY",
            "building_imcoords": "737.892671, 698.649386, 742.054837, 758.406206, 925.804448, 746.149496, 921.057950, 687.76757",
            "road_imcoords": "EMPTY",
            "image_id": "BLD00894_PS3_K3A_NIA0277.png",
            "ingest_time": "2023-03-02T14:34:14.313313Z",
            "type_id": "1",
            "type_name": "건물"
         }
      },
      {
         "type": "Feature",
         "geometry": {
            "type": "Polygon",
            "coordinates": [
               [
                  31.38532,
                  30.079696,
                  0.0
               ],
               [
                  31.391162,
                  30.079768,
                  0.0
               ],
               [
                  31.39108,
                  30.084848,
                  0.0
               ],
               [
                  31.385238,
                  30.084776,
                  0.0
               ]
            ]
         },
         "properties": {
            "object_imcoords": "EMPTY",
            "building_imcoords": "693.226043, 701.769739, 694.175342, 761.100965, 510.011217, 765.372813, 509.773892, 717.195858, 513.571091, 716.483883, 513.808416, 707.22821",
            "road_imcoords": "EMPTY",
            "image_id": "BLD00894_PS3_K3A_NIA0277.png",
            "ingest_time": "2023-03-02T14:34:14.313313Z",
            "type_id": "1",
            "type_name": "건물"
         }
      },
      {
         "type": "Feature",
         "geometry": {
            "type": "Polygon",
            "coordinates": [
               [
                  31.38532,
                  30.079696,
                  0.0
               ],
               [
                  31.391162,
                  30.079768,
                  0.0
               ],
               [
                  31.39108,
                  30.084848,
                  0.0
               ],
               [
                  31.385238,
                  30.084776,
                  0.0
               ]
            ]
         },
         "properties": {
            "object_imcoords": "EMPTY",
            "building_imcoords": "917.571637, 580.518345, 777.641397, 583.683165, 777.415338, 542.992627, 911.241997, 541.636275, 910.789880, 546.383505, 915.311051, 546.60956",
            "road_imcoords": "EMPTY",
            "image_id": "BLD00894_PS3_K3A_NIA0277.png",
            "ingest_time": "2023-03-02T14:34:14.313313Z",
            "type_id": "1",
            "type_name": "건물"
         }
      },
      {
         "type": "Feature",
         "geometry": {
            "type": "Polygon",
            "coordinates": [
               [
                  31.38532,
                  30.079696,
                  0.0
               ],
               [
                  31.391162,
                  30.079768,
                  0.0
               ],
               [
                  31.39108,
                  30.084848,
                  0.0
               ],
               [
                  31.385238,
                  30.084776,
                  0.0
               ]
            ]
         },
         "properties": {
            "object_imcoords": "EMPTY",
            "building_imcoords": "799.615957, 328.388513, 800.421818, 366.666929, 802.637937, 368.077186, 805.458452, 384.597345, 904.176471, 380.568038, 900.147164, 319.725503, 799.011561, 324.35920",
            "road_imcoords": "EMPTY",
            "image_id": "BLD00894_PS3_K3A_NIA0277.png",
            "ingest_time": "2023-03-02T14:34:14.313313Z",
            "type_id": "1",
            "type_name": "건물"
         }
      },
      {
         "type": "Feature",
         "geometry": {
            "type": "Polygon",
            "coordinates": [
               [
                  31.38532,
                  30.079696,
                  0.0
               ],
               [
                  31.391162,
                  30.079768,
                  0.0
               ],
               [
                  31.39108,
                  30.084848,
                  0.0
               ],
               [
                  31.385238,
                  30.084776,
                  0.0
               ]
            ]
         },
         "properties": {
            "object_imcoords": "EMPTY",
            "building_imcoords": "906.392590, 382.179761, 908.810174, 422.875760, 909.414570, 441.007642, 760.128749, 444.432552, 758.315561, 387.21639",
            "road_imcoords": "EMPTY",
            "image_id": "BLD00894_PS3_K3A_NIA0277.png",
            "ingest_time": "2023-03-02T14:34:14.313313Z",
            "type_id": "1",
            "type_name": "건물"
         }
      },
      {
         "type": "Feature",
         "geometry": {
            "type": "Polygon",
            "coordinates": [
               [
                  31.38532,
                  30.079696,
                  0.0
               ],
               [
                  31.391162,
                  30.079768,
                  0.0
               ],
               [
                  31.39108,
                  30.084848,
                  0.0
               ],
               [
                  31.385238,
                  30.084776,
                  0.0
               ]
            ]
         },
         "properties": {
            "object_imcoords": "EMPTY",
            "building_imcoords": "804.029630, 385.208424, 757.626144, 386.546986, 758.221060, 393.239797, 719.254031, 394.132171, 720.146405, 370.781699, 802.494440, 368.78072",
            "road_imcoords": "EMPTY",
            "image_id": "BLD00894_PS3_K3A_NIA0277.png",
            "ingest_time": "2023-03-02T14:34:14.313313Z",
            "type_id": "1",
            "type_name": "건물"
         }
      },
      {
         "type": "Feature",
         "geometry": {
            "type": "Polygon",
            "coordinates": [
               [
                  31.38532,
                  30.079696,
                  0.0
               ],
               [
                  31.391162,
                  30.079768,
                  0.0
               ],
               [
                  31.39108,
                  30.084848,
                  0.0
               ],
               [
                  31.385238,
                  30.084776,
                  0.0
               ]
            ]
         },
         "properties": {
            "object_imcoords": "EMPTY",
            "building_imcoords": "791.369070, 640.405525, 791.369070, 660.952140, 737.082753, 661.817260, 738.164153, 639.756685, 757.196806, 638.89156",
            "road_imcoords": "EMPTY",
            "image_id": "BLD00894_PS3_K3A_NIA0277.png",
            "ingest_time": "2023-03-02T14:34:14.313313Z",
            "type_id": "1",
            "type_name": "건물"
         }
      },
      {
         "type": "Feature",
         "geometry": {
            "type": "Polygon",
            "coordinates": [
               [
                  31.38532,
                  30.079696,
                  0.0
               ],
               [
                  31.391162,
                  30.079768,
                  0.0
               ],
               [
                  31.39108,
                  30.084848,
                  0.0
               ],
               [
                  31.385238,
                  30.084776,
                  0.0
               ]
            ]
         },
         "properties": {
            "object_imcoords": "EMPTY",
            "building_imcoords": "646.744473, 619.473155, 648.643109, 676.432236, 660.034925, 675.741823, 660.725338, 668.837692, 691.448721, 666.766453, 690.930911, 647.262283, 674.706204, 645.881457, 672.634964, 618.610139, 659.689719, 618.61013",
            "road_imcoords": "EMPTY",
            "image_id": "BLD00894_PS3_K3A_NIA0277.png",
            "ingest_time": "2023-03-02T14:34:14.313313Z",
            "type_id": "1",
            "type_name": "건물"
         }
      },
      {
         "type": "Feature",
         "geometry": {
            "type": "Polygon",
            "coordinates": [
               [
                  31.38532,
                  30.079696,
                  0.0
               ],
               [
                  31.391162,
                  30.079768,
                  0.0
               ],
               [
                  31.39108,
                  30.084848,
                  0.0
               ],
               [
                  31.385238,
                  30.084776,
                  0.0
               ]
            ]
         },
         "properties": {
            "object_imcoords": "EMPTY",
            "building_imcoords": "639.847805, 579.179821, 639.847805, 594.924108, 603.111137, 594.504260, 602.271441, 588.416469, 594.924108, 588.416469, 595.553879, 561.756144, 598.282889, 561.966068, 598.115659, 533.446144, 594.093153, 534.064991, 593.938442, 506.681010, 609.914958, 505.961593, 622.753819, 505.685489, 623.306028, 495.883777, 644.980236, 496.297934, 644.980236, 504.581071, 667.068600, 505.409384, 670.934064, 566.290438, 670.934064, 576.506307, 644.980236, 576.920464, 644.704131, 579.54345",
            "road_imcoords": "EMPTY",
            "image_id": "BLD00894_PS3_K3A_NIA0277.png",
            "ingest_time": "2023-03-02T14:34:14.313313Z",
            "type_id": "1",
            "type_name": "건물"
         }
      },
      {
         "type": "Feature",
         "geometry": {
            "type": "Polygon",
            "coordinates": [
               [
                  31.38532,
                  30.079696,
                  0.0
               ],
               [
                  31.391162,
                  30.079768,
                  0.0
               ],
               [
                  31.39108,
                  30.084848,
                  0.0
               ],
               [
                  31.385238,
                  30.084776,
                  0.0
               ]
            ]
         },
         "properties": {
            "object_imcoords": "EMPTY",
            "building_imcoords": "550.378861, 534.729473, 550.631270, 563.630358, 575.241194, 561.611082, 573.979147, 534.35085",
            "road_imcoords": "EMPTY",
            "image_id": "BLD00894_PS3_K3A_NIA0277.png",
            "ingest_time": "2023-03-02T14:34:14.313313Z",
            "type_id": "1",
            "type_name": "건물"
         }
      },
      {
         "type": "Feature",
         "geometry": {
            "type": "Polygon",
            "coordinates": [
               [
                  31.38962,
                  30.082591,
                  0.0
               ],
               [
                  31.38989,
                  30.0826,
                  0.0
               ],
               [
                  31.389895,
                  30.082466,
                  0.0
               ],
               [
                  31.389625,
                  30.082456,
                  0.0
               ]
            ]
         },
         "properties": {
            "object_imcoords": "EMPTY",
            "building_imcoords": "761.737155, 451.263470, 809.219200, 450.159237, 809.587278, 477.028921, 762.252155, 478.367501, 761.737155, 474.73082",
            "road_imcoords": "EMPTY",
            "image_id": "BLD00894_PS3_K3A_NIA0277.png",
            "ingest_time": "2023-03-02T14:34:14.313313Z",
            "type_id": "1",
            "type_name": "건물"
         }
      },
      {
         "type": "Feature",
         "geometry": {
            "type": "Polygon",
            "coordinates": [
               [
                  31.38532,
                  30.079696,
                  0.0
               ],
               [
                  31.391162,
                  30.079768,
                  0.0
               ],
               [
                  31.39108,
                  30.084848,
                  0.0
               ],
               [
                  31.385238,
                  30.084776,
                  0.0
               ]
            ]
         },
         "properties": {
            "object_imcoords": "EMPTY",
            "building_imcoords": "632.956256, 367.589980, 633.187009, 392.742088, 669.184522, 390.665309, 668.953768, 366.666967, 649.570492, 366.20546",
            "road_imcoords": "EMPTY",
            "image_id": "BLD00894_PS3_K3A_NIA0277.png",
            "ingest_time": "2023-03-02T14:34:14.313313Z",
            "type_id": "1",
            "type_name": "건물"
         }
      },
      {
         "type": "Feature",
         "geometry": {
            "type": "Polygon",
            "coordinates": [
               [
                  31.38532,
                  30.079696,
                  0.0
               ],
               [
                  31.391162,
                  30.079768,
                  0.0
               ],
               [
                  31.39108,
                  30.084848,
                  0.0
               ],
               [
                  31.385238,
                  30.084776,
                  0.0
               ]
            ]
         },
         "properties": {
            "object_imcoords": "EMPTY",
            "building_imcoords": "670.965570, 332.789346, 671.324695, 346.316395, 617.815041, 348.710563, 617.695333, 334.22584",
            "road_imcoords": "EMPTY",
            "image_id": "BLD00894_PS3_K3A_NIA0277.png",
            "ingest_time": "2023-03-02T14:34:14.313313Z",
            "type_id": "1",
            "type_name": "건물"
         }
      },
      {
         "type": "Feature",
         "geometry": {
            "type": "Polygon",
            "coordinates": [
               [
                  31.38532,
                  30.079696,
                  0.0
               ],
               [
                  31.391162,
                  30.079768,
                  0.0
               ],
               [
                  31.39108,
                  30.084848,
                  0.0
               ],
               [
                  31.385238,
                  30.084776,
                  0.0
               ]
            ]
         },
         "properties": {
            "object_imcoords": "EMPTY",
            "building_imcoords": "614.223789, 335.782056, 560.714135, 336.859431, 560.714135, 351.463856, 615.061748, 349.66823",
            "road_imcoords": "EMPTY",
            "image_id": "BLD00894_PS3_K3A_NIA0277.png",
            "ingest_time": "2023-03-02T14:34:14.313313Z",
            "type_id": "1",
            "type_name": "건물"
         }
      },
      {
         "type": "Feature",
         "geometry": {
            "type": "Polygon",
            "coordinates": [
               [
                  31.38532,
                  30.079696,
                  0.0
               ],
               [
                  31.391162,
                  30.079768,
                  0.0
               ],
               [
                  31.39108,
                  30.084848,
                  0.0
               ],
               [
                  31.385238,
                  30.084776,
                  0.0
               ]
            ]
         },
         "properties": {
            "object_imcoords": "EMPTY",
            "building_imcoords": "557.362300, 338.176224, 502.296437, 339.852141, 502.894979, 355.294525, 558.439676, 352.78064",
            "road_imcoords": "EMPTY",
            "image_id": "BLD00894_PS3_K3A_NIA0277.png",
            "ingest_time": "2023-03-02T14:34:14.313313Z",
            "type_id": "1",
            "type_name": "건물"
         }
      },
      {
         "type": "Feature",
         "geometry": {
            "type": "Polygon",
            "coordinates": [
               [
                  31.38532,
                  30.079696,
                  0.0
               ],
               [
                  31.391162,
                  30.079768,
                  0.0
               ],
               [
                  31.39108,
                  30.084848,
                  0.0
               ],
               [
                  31.385238,
                  30.084776,
                  0.0
               ]
            ]
         },
         "properties": {
            "object_imcoords": "EMPTY",
            "building_imcoords": "1024.000000, 320.607417, 979.316521, 323.338825, 979.532801, 326.366747, 938.872133, 328.962109, 940.602374, 355.132007, 1024.000000, 350.80640",
            "road_imcoords": "EMPTY",
            "image_id": "BLD00894_PS3_K3A_NIA0277.png",
            "ingest_time": "2023-03-02T14:34:14.313313Z",
            "type_id": "1",
            "type_name": "건물"
         }
      },
      {
         "type": "Feature",
         "geometry": {
            "type": "Polygon",
            "coordinates": [
               [
                  31.38532,
                  30.079696,
                  0.0
               ],
               [
                  31.391162,
                  30.079768,
                  0.0
               ],
               [
                  31.39108,
                  30.084848,
                  0.0
               ],
               [
                  31.385238,
                  30.084776,
                  0.0
               ]
            ]
         },
         "properties": {
            "object_imcoords": "EMPTY",
            "building_imcoords": "306.529902, 639.466583, 307.163664, 675.379804, 351.315800, 672.844753, 350.470783, 633.973973, 306.952410, 636.50902",
            "road_imcoords": "EMPTY",
            "image_id": "BLD00894_PS3_K3A_NIA0277.png",
            "ingest_time": "2023-03-02T14:34:14.313313Z",
            "type_id": "1",
            "type_name": "건물"
         }
      },
      {
         "type": "Feature",
         "geometry": {
            "type": "Polygon",
            "coordinates": [
               [
                  31.38532,
                  30.079696,
                  0.0
               ],
               [
                  31.391162,
                  30.079768,
                  0.0
               ],
               [
                  31.39108,
                  30.084848,
                  0.0
               ],
               [
                  31.385238,
                  30.084776,
                  0.0
               ]
            ]
         },
         "properties": {
            "object_imcoords": "EMPTY",
            "building_imcoords": "419.550920, 631.227668, 419.550920, 656.578176, 440.042581, 655.944414, 441.596996, 683.183188, 463.280547, 683.196211, 460.956751, 627.847600, 449.337767, 627.636346, 449.337767, 624.467532, 442.366378, 624.467532, 442.366378, 629.11512",
            "road_imcoords": "EMPTY",
            "image_id": "BLD00894_PS3_K3A_NIA0277.png",
            "ingest_time": "2023-03-02T14:34:14.313313Z",
            "type_id": "1",
            "type_name": "건물"
         }
      },
      {
         "type": "Feature",
         "geometry": {
            "type": "Polygon",
            "coordinates": [
               [
                  31.38532,
                  30.079696,
                  0.0
               ],
               [
                  31.391162,
                  30.079768,
                  0.0
               ],
               [
                  31.39108,
                  30.084848,
                  0.0
               ],
               [
                  31.385238,
                  30.084776,
                  0.0
               ]
            ]
         },
         "properties": {
            "object_imcoords": "EMPTY",
            "building_imcoords": "279.664737, 723.313763, 368.809167, 720.411386, 370.053043, 739.898773, 279.664737, 744.04502",
            "road_imcoords": "EMPTY",
            "image_id": "BLD00894_PS3_K3A_NIA0277.png",
            "ingest_time": "2023-03-02T14:34:14.313313Z",
            "type_id": "1",
            "type_name": "건물"
         }
      },
      {
         "type": "Feature",
         "geometry": {
            "type": "Polygon",
            "coordinates": [
               [
                  31.38532,
                  30.079696,
                  0.0
               ],
               [
                  31.391162,
                  30.079768,
                  0.0
               ],
               [
                  31.39108,
                  30.084848,
                  0.0
               ],
               [
                  31.385238,
                  30.084776,
                  0.0
               ]
            ]
         },
         "properties": {
            "object_imcoords": "EMPTY",
            "building_imcoords": "277.384298, 693.875369, 278.006236, 715.021258, 463.451043, 706.730745, 462.594231, 684.19463",
            "road_imcoords": "EMPTY",
            "image_id": "BLD00894_PS3_K3A_NIA0277.png",
            "ingest_time": "2023-03-02T14:34:14.313313Z",
            "type_id": "1",
            "type_name": "건물"
         }
      },
      {
         "type": "Feature",
         "geometry": {
            "type": "Polygon",
            "coordinates": [
               [
                  31.38532,
                  30.079696,
                  0.0
               ],
               [
                  31.391162,
                  30.079768,
                  0.0
               ],
               [
                  31.39108,
                  30.084848,
                  0.0
               ],
               [
                  31.385238,
                  30.084776,
                  0.0
               ]
            ]
         },
         "properties": {
            "object_imcoords": "EMPTY",
            "building_imcoords": "466.988881, 769.528435, 463.841526, 709.335259, 391.452348, 712.285905, 394.206284, 774.44617",
            "road_imcoords": "EMPTY",
            "image_id": "BLD00894_PS3_K3A_NIA0277.png",
            "ingest_time": "2023-03-02T14:34:14.313313Z",
            "type_id": "1",
            "type_name": "건물"
         }
      },
      {
         "type": "Feature",
         "geometry": {
            "type": "Polygon",
            "coordinates": [
               [
                  31.38532,
                  30.079696,
                  0.0
               ],
               [
                  31.391162,
                  30.079768,
                  0.0
               ],
               [
                  31.39108,
                  30.084848,
                  0.0
               ],
               [
                  31.385238,
                  30.084776,
                  0.0
               ]
            ]
         },
         "properties": {
            "object_imcoords": "EMPTY",
            "building_imcoords": "416.433833, 447.901806, 450.887818, 447.442420, 451.806591, 477.532233, 269.659857, 487.409042, 270.119243, 455.022296, 378.534449, 452.265978, 377.845370, 363.145003, 412.069662, 364.063776, 412.758741, 377.845370, 411.610275, 378.30475",
            "road_imcoords": "EMPTY",
            "image_id": "BLD00894_PS3_K3A_NIA0277.png",
            "ingest_time": "2023-03-02T14:34:14.313313Z",
            "type_id": "1",
            "type_name": "건물"
         }
      },
      {
         "type": "Feature",
         "geometry": {
            "type": "Polygon",
            "coordinates": [
               [
                  31.38532,
                  30.079696,
                  0.0
               ],
               [
                  31.391162,
                  30.079768,
                  0.0
               ],
               [
                  31.39108,
                  30.084848,
                  0.0
               ],
               [
                  31.385238,
                  30.084776,
                  0.0
               ]
            ]
         },
         "properties": {
            "object_imcoords": "EMPTY",
            "building_imcoords": "267.189870, 0.000000, 269.261110, 55.233048, 272.195365, 74.046805, 273.403588, 80.778333, 398.713566, 73.356392, 399.403979, 53.507015, 413.557448, 53.161809, 412.004018, 35.901481, 404.582078, 35.556275, 401.820425, 0.00000",
            "road_imcoords": "EMPTY",
            "image_id": "BLD00894_PS3_K3A_NIA0277.png",
            "ingest_time": "2023-03-02T14:34:14.313313Z",
            "type_id": "1",
            "type_name": "건물"
         }
      },
      {
         "type": "Feature",
         "geometry": {
            "type": "Polygon",
            "coordinates": [
               [
                  31.38532,
                  30.079696,
                  0.0
               ],
               [
                  31.391162,
                  30.079768,
                  0.0
               ],
               [
                  31.39108,
                  30.084848,
                  0.0
               ],
               [
                  31.385238,
                  30.084776,
                  0.0
               ]
            ]
         },
         "properties": {
            "object_imcoords": "EMPTY",
            "building_imcoords": "676.460390, 393.654002, 493.349945, 400.791072, 492.234778, 459.448863, 500.933081, 461.010097, 680.698025, 448.743259, 679.359824, 414.61914",
            "road_imcoords": "EMPTY",
            "image_id": "BLD00894_PS3_K3A_NIA0277.png",
            "ingest_time": "2023-03-02T14:34:14.313313Z",
            "type_id": "1",
            "type_name": "건물"
         }
      },
      {
         "type": "Feature",
         "geometry": {
            "type": "Polygon",
            "coordinates": [
               [
                  31.38532,
                  30.079696,
                  0.0
               ],
               [
                  31.391162,
                  30.079768,
                  0.0
               ],
               [
                  31.39108,
                  30.084848,
                  0.0
               ],
               [
                  31.385238,
                  30.084776,
                  0.0
               ]
            ]
         },
         "properties": {
            "object_imcoords": "EMPTY",
            "building_imcoords": "403.307351, 154.996551, 404.361749, 178.456913, 278.097552, 182.938106, 277.570353, 161.58654",
            "road_imcoords": "EMPTY",
            "image_id": "BLD00894_PS3_K3A_NIA0277.png",
            "ingest_time": "2023-03-02T14:34:14.313313Z",
            "type_id": "1",
            "type_name": "건물"
         }
      },
      {
         "type": "Feature",
         "geometry": {
            "type": "Polygon",
            "coordinates": [
               [
                  31.38532,
                  30.079696,
                  0.0
               ],
               [
                  31.391162,
                  30.079768,
                  0.0
               ],
               [
                  31.39108,
                  30.084848,
                  0.0
               ],
               [
                  31.385238,
                  30.084776,
                  0.0
               ]
            ]
         },
         "properties": {
            "object_imcoords": "EMPTY",
            "building_imcoords": "406.304363, 90.917664, 408.359000, 138.944792, 433.271467, 136.633326, 430.189512, 88.09253",
            "road_imcoords": "EMPTY",
            "image_id": "BLD00894_PS3_K3A_NIA0277.png",
            "ingest_time": "2023-03-02T14:34:14.313313Z",
            "type_id": "1",
            "type_name": "건물"
         }
      },
      {
         "type": "Feature",
         "geometry": {
            "type": "Polygon",
            "coordinates": [
               [
                  31.38532,
                  30.079696,
                  0.0
               ],
               [
                  31.391162,
                  30.079768,
                  0.0
               ],
               [
                  31.39108,
                  30.084848,
                  0.0
               ],
               [
                  31.385238,
                  30.084776,
                  0.0
               ]
            ]
         },
         "properties": {
            "object_imcoords": "EMPTY",
            "building_imcoords": "51.750602, 364.661221, 85.147793, 363.758594, 89.014839, 497.370411, 79.000669, 497.370411, 79.223206, 502.266227, 69.654111, 501.821153, 69.431574, 499.150708, 58.527256, 498.70563",
            "road_imcoords": "EMPTY",
            "image_id": "BLD00894_PS3_K3A_NIA0277.png",
            "ingest_time": "2023-03-02T14:34:14.313313Z",
            "type_id": "1",
            "type_name": "건물"
         }
      },
      {
         "type": "Feature",
         "geometry": {
            "type": "Polygon",
            "coordinates": [
               [
                  31.38532,
                  30.079696,
                  0.0
               ],
               [
                  31.391162,
                  30.079768,
                  0.0
               ],
               [
                  31.39108,
                  30.084848,
                  0.0
               ],
               [
                  31.385238,
                  30.084776,
                  0.0
               ]
            ]
         },
         "properties": {
            "object_imcoords": "EMPTY",
            "building_imcoords": "163.276231, 448.196506, 195.259291, 448.955426, 197.861302, 451.991106, 197.969719, 462.399153, 194.066702, 466.193753, 180.731392, 466.627422, 180.297724, 464.242245, 163.493065, 464.78433",
            "road_imcoords": "EMPTY",
            "image_id": "BLD00894_PS3_K3A_NIA0277.png",
            "ingest_time": "2023-03-02T14:34:14.313313Z",
            "type_id": "1",
            "type_name": "건물"
         }
      },
      {
         "type": "Feature",
         "geometry": {
            "type": "Polygon",
            "coordinates": [
               [
                  31.38532,
                  30.079696,
                  0.0
               ],
               [
                  31.391162,
                  30.079768,
                  0.0
               ],
               [
                  31.39108,
                  30.084848,
                  0.0
               ],
               [
                  31.385238,
                  30.084776,
                  0.0
               ]
            ]
         },
         "properties": {
            "object_imcoords": "EMPTY",
            "building_imcoords": "180.080889, 465.109582, 179.972472, 473.240868, 223.230916, 472.915617, 223.989836, 492.972790, 138.123452, 493.623293, 138.231869, 487.660349, 122.836633, 487.768767, 122.945050, 466.41058",
            "road_imcoords": "EMPTY",
            "image_id": "BLD00894_PS3_K3A_NIA0277.png",
            "ingest_time": "2023-03-02T14:34:14.313313Z",
            "type_id": "1",
            "type_name": "건물"
         }
      },
      {
         "type": "Feature",
         "geometry": {
            "type": "Polygon",
            "coordinates": [
               [
                  31.38532,
                  30.079696,
                  0.0
               ],
               [
                  31.391162,
                  30.079768,
                  0.0
               ],
               [
                  31.39108,
                  30.084848,
                  0.0
               ],
               [
                  31.385238,
                  30.084776,
                  0.0
               ]
            ]
         },
         "properties": {
            "object_imcoords": "EMPTY",
            "building_imcoords": "61.126559, 530.444062, 61.315971, 566.978694, 90.227616, 567.948883, 90.227616, 601.323399, 228.188550, 597.442641, 226.830285, 571.441565, 210.143027, 569.695224, 209.560913, 560.187368, 218.874732, 559.993330, 219.456846, 558.441027, 225.083944, 557.858913, 224.695868, 527.783041, 217.479460, 525.60699",
            "road_imcoords": "EMPTY",
            "image_id": "BLD00894_PS3_K3A_NIA0277.png",
            "ingest_time": "2023-03-02T14:34:14.313313Z",
            "type_id": "1",
            "type_name": "건물"
         }
      },
      {
         "type": "Feature",
         "geometry": {
            "type": "Polygon",
            "coordinates": [
               [
                  31.38532,
                  30.079696,
                  0.0
               ],
               [
                  31.391162,
                  30.079768,
                  0.0
               ],
               [
                  31.39108,
                  30.084848,
                  0.0
               ],
               [
                  31.385238,
                  30.084776,
                  0.0
               ]
            ]
         },
         "properties": {
            "object_imcoords": "EMPTY",
            "building_imcoords": "275.640778, 571.231652, 274.908665, 575.807363, 267.953585, 575.990391, 269.234784, 608.935504, 276.372892, 609.301561, 276.372892, 611.680930, 441.098456, 602.529510, 440.732400, 598.319856, 456.289814, 597.587743, 455.923757, 572.146795, 440.000286, 572.695880, 439.451201, 569.950454, 363.860469, 570.499539, 363.311384, 566.838971, 323.960277, 567.571084, 323.960277, 571.231652, 314.259772, 571.780738, 314.259772, 568.66925",
            "road_imcoords": "EMPTY",
            "image_id": "BLD00894_PS3_K3A_NIA0277.png",
            "ingest_time": "2023-03-02T14:34:14.313313Z",
            "type_id": "1",
            "type_name": "건물"
         }
      },
      {
         "type": "Feature",
         "geometry": {
            "type": "Polygon",
            "coordinates": [
               [
                  31.38532,
                  30.079696,
                  0.0
               ],
               [
                  31.391162,
                  30.079768,
                  0.0
               ],
               [
                  31.39108,
                  30.084848,
                  0.0
               ],
               [
                  31.385238,
                  30.084776,
                  0.0
               ]
            ]
         },
         "properties": {
            "object_imcoords": "EMPTY",
            "building_imcoords": "985.865935, 67.169476, 986.802561, 97.944336, 972.753169, 97.676728, 971.548935, 66.76806",
            "road_imcoords": "EMPTY",
            "image_id": "BLD00894_PS3_K3A_NIA0277.png",
            "ingest_time": "2023-03-02T14:34:14.313313Z",
            "type_id": "1",
            "type_name": "건물"
         }
      },
      {
         "type": "Feature",
         "geometry": {
            "type": "Polygon",
            "coordinates": [
               [
                  31.38532,
                  30.079696,
                  0.0
               ],
               [
                  31.391162,
                  30.079768,
                  0.0
               ],
               [
                  31.39108,
                  30.084848,
                  0.0
               ],
               [
                  31.385238,
                  30.084776,
                  0.0
               ]
            ]
         },
         "properties": {
            "object_imcoords": "EMPTY",
            "building_imcoords": "972.999437, 109.011202, 972.880299, 137.366028, 975.620471, 138.914821, 988.249091, 138.557407, 987.057712, 109.011202, 979.552023, 107.10499",
            "road_imcoords": "EMPTY",
            "image_id": "BLD00894_PS3_K3A_NIA0277.png",
            "ingest_time": "2023-03-02T14:34:14.313313Z",
            "type_id": "1",
            "type_name": "건물"
         }
      },
      {
         "type": "Feature",
         "geometry": {
            "type": "Polygon",
            "coordinates": [
               [
                  31.38532,
                  30.079696,
                  0.0
               ],
               [
                  31.391162,
                  30.079768,
                  0.0
               ],
               [
                  31.39108,
                  30.084848,
                  0.0
               ],
               [
                  31.385238,
                  30.084776,
                  0.0
               ]
            ]
         },
         "properties": {
            "object_imcoords": "EMPTY",
            "building_imcoords": "669.559040, 505.137583, 670.911685, 558.341601, 686.091362, 558.191308, 683.386073, 504.68670",
            "road_imcoords": "EMPTY",
            "image_id": "BLD00894_PS3_K3A_NIA0277.png",
            "ingest_time": "2023-03-02T14:34:14.313313Z",
            "type_id": "1",
            "type_name": "건물"
         }
      },
      {
         "type": "Feature",
         "geometry": {
            "type": "Polygon",
            "coordinates": [
               [
                  31.38532,
                  30.079696,
                  0.0
               ],
               [
                  31.391162,
                  30.079768,
                  0.0
               ],
               [
                  31.39108,
                  30.084848,
                  0.0
               ],
               [
                  31.385238,
                  30.084776,
                  0.0
               ]
            ]
         },
         "properties": {
            "object_imcoords": "EMPTY",
            "building_imcoords": "976.201816, 800.950125, 976.201816, 814.514980, 967.782251, 821.219448, 958.739014, 821.375366, 949.072106, 816.385994, 948.292517, 802.509303, 954.217396, 793.777902, 965.599401, 792.84239",
            "road_imcoords": "EMPTY",
            "image_id": "BLD00894_PS3_K3A_NIA0277.png",
            "ingest_time": "2023-03-02T14:34:14.313313Z",
            "type_id": "1",
            "type_name": "건물"
         }
      },
      {
         "type": "Feature",
         "geometry": {
            "type": "Polygon",
            "coordinates": [
               [
                  31.38532,
                  30.079696,
                  0.0
               ],
               [
                  31.391162,
                  30.079768,
                  0.0
               ],
               [
                  31.39108,
                  30.084848,
                  0.0
               ],
               [
                  31.385238,
                  30.084776,
                  0.0
               ]
            ]
         },
         "properties": {
            "object_imcoords": "EMPTY",
            "building_imcoords": "988.780419, 791.637340, 981.814860, 800.014617, 981.658942, 814.047226, 992.105439, 819.660270, 1000.680923, 819.660270, 1008.164981, 812.488047, 1008.009063, 799.858699, 999.277662, 791.75097",
            "road_imcoords": "EMPTY",
            "image_id": "BLD00894_PS3_K3A_NIA0277.png",
            "ingest_time": "2023-03-02T14:34:14.313313Z",
            "type_id": "1",
            "type_name": "건물"
         }
      },
      {
         "type": "Feature",
         "geometry": {
            "type": "Polygon",
            "coordinates": [
               [
                  31.388963,
                  30.081949,
                  0.0
               ],
               [
                  31.388966,
                  30.081832,
                  0.0
               ],
               [
                  31.388969,
                  30.081816,
                  0.0
               ],
               [
                  31.389183,
                  30.08183,
                  0.0
               ]
            ]
         },
         "properties": {
            "object_imcoords": "EMPTY",
            "building_imcoords": "644.753754, 579.072032, 644.996189, 602.588182, 645.489305, 605.793439, 682.966148, 603.574415, 683.212706, 600.369159, 682.473032, 577.439248, 644.796018, 578.67052",
            "road_imcoords": "EMPTY",
            "image_id": "BLD00894_PS3_K3A_NIA0277.png",
            "ingest_time": "2023-03-02T14:34:14.313313Z",
            "type_id": "1",
            "type_name": "건물"
         }
      },
      {
         "type": "Feature",
         "geometry": {
            "type": "Polygon",
            "coordinates": [
               [
                  31.386623,
                  30.082413,
                  0.0
               ],
               [
                  31.386696,
                  30.082417,
                  0.0
               ],
               [
                  31.386701,
                  30.082339,
                  0.0
               ],
               [
                  31.386666,
                  30.082338,
                  0.0
               ]
            ]
         },
         "properties": {
            "object_imcoords": "EMPTY",
            "building_imcoords": "236.121109, 479.758010, 248.856200, 479.131694, 249.482516, 494.789592, 243.428129, 494.998364, 243.428129, 500.843980, 236.121109, 500.63520",
            "road_imcoords": "EMPTY",
            "image_id": "BLD00894_PS3_K3A_NIA0277.png",
            "ingest_time": "2023-03-02T14:34:14.313313Z",
            "type_id": "1",
            "type_name": "건물"
         }
      },
      {
         "type": "Feature",
         "geometry": {
            "type": "Polygon",
            "coordinates": [
               [
                  31.389238,
                  30.080808,
                  0.0
               ],
               [
                  31.389239,
                  30.080764,
                  0.0
               ],
               [
                  31.389243,
                  30.080746,
                  0.0
               ],
               [
                  31.389395,
                  30.080754,
                  0.0
               ]
            ]
         },
         "properties": {
            "object_imcoords": "EMPTY",
            "building_imcoords": "689.782621, 809.617738, 689.782621, 818.386161, 690.408937, 822.144057, 717.131751, 820.891425, 717.966839, 812.749318, 717.549295, 808.57387",
            "road_imcoords": "EMPTY",
            "image_id": "BLD00894_PS3_K3A_NIA0277.png",
            "ingest_time": "2023-03-02T14:34:14.313313Z",
            "type_id": "1",
            "type_name": "건물"
         }
      },
      {
         "type": "Feature",
         "geometry": {
            "type": "Polygon",
            "coordinates": [
               [
                  31.389452,
                  30.080813,
                  0.0
               ],
               [
                  31.389456,
                  30.080755,
                  0.0
               ],
               [
                  31.389547,
                  30.08076,
                  0.0
               ],
               [
                  31.389548,
                  30.080799,
                  0.0
               ]
            ]
         },
         "properties": {
            "object_imcoords": "EMPTY",
            "building_imcoords": "727.383327, 809.083630, 727.779122, 820.891425, 743.854564, 820.056337, 744.063336, 812.123002, 743.437020, 808.78265",
            "road_imcoords": "EMPTY",
            "image_id": "BLD00894_PS3_K3A_NIA0277.png",
            "ingest_time": "2023-03-02T14:34:14.313313Z",
            "type_id": "1",
            "type_name": "건물"
         }
      },
      {
         "type": "Feature",
         "geometry": {
            "type": "Polygon",
            "coordinates": [
               [
                  31.39097,
                  30.079868,
                  0.0
               ],
               [
                  31.390972,
                  30.079839,
                  0.0
               ],
               [
                  31.390974,
                  30.079829,
                  0.0
               ],
               [
                  31.391019,
                  30.07983,
                  0.0
               ]
            ]
         },
         "properties": {
            "object_imcoords": "EMPTY",
            "building_imcoords": "990.646487, 1003.277334, 990.971823, 1009.190609, 991.297158, 1011.142622, 999.105210, 1011.142622, 998.923463, 1003.33457",
            "road_imcoords": "EMPTY",
            "image_id": "BLD00894_PS3_K3A_NIA0277.png",
            "ingest_time": "2023-03-02T14:34:14.313313Z",
            "type_id": "1",
            "type_name": "건물"
         }
      },
      {
         "type": "Feature",
         "geometry": {
            "type": "Polygon",
            "coordinates": [
               [
                  31.390627,
                  30.079863,
                  0.0
               ],
               [
                  31.390628,
                  30.079819,
                  0.0
               ],
               [
                  31.390629,
                  30.079811,
                  0.0
               ],
               [
                  31.390671,
                  30.07981,
                  0.0
               ]
            ]
         },
         "properties": {
            "object_imcoords": "EMPTY",
            "building_imcoords": "930.583780, 1003.360353, 930.583780, 1012.224167, 930.817038, 1013.856974, 938.048044, 1014.206862, 937.814786, 1003.12709",
            "road_imcoords": "EMPTY",
            "image_id": "BLD00894_PS3_K3A_NIA0277.png",
            "ingest_time": "2023-03-02T14:34:14.313313Z",
            "type_id": "1",
            "type_name": "건물"
         }
      },
      {
         "type": "Feature",
         "geometry": {
            "type": "Polygon",
            "coordinates": [
               [
                  31.390254,
                  30.079756,
                  0.0
               ],
               [
                  31.390257,
                  30.079788,
                  0.0
               ],
               [
                  31.390321,
                  30.079785,
                  0.0
               ],
               [
                  31.390324,
                  30.079757,
                  0.0
               ]
            ]
         },
         "properties": {
            "object_imcoords": "EMPTY",
            "building_imcoords": "864.897726, 1023.992295, 865.490257, 1017.671965, 876.748346, 1018.462006, 877.136977, 1024.000000, 875.261656, 1024.00000",
            "road_imcoords": "EMPTY",
            "image_id": "BLD00894_PS3_K3A_NIA0277.png",
            "ingest_time": "2023-03-02T14:34:14.313313Z",
            "type_id": "1",
            "type_name": "건물"
         }
      },
      {
         "type": "Feature",
         "geometry": {
            "type": "Polygon",
            "coordinates": [
               [
                  31.386833,
                  30.080703,
                  0.0
               ],
               [
                  31.386831,
                  30.080658,
                  0.0
               ],
               [
                  31.386836,
                  30.080646,
                  0.0
               ],
               [
                  31.386897,
                  30.080645,
                  0.0
               ]
            ]
         },
         "properties": {
            "object_imcoords": "EMPTY",
            "building_imcoords": "267.945031, 824.708032, 267.491271, 833.783224, 268.398790, 836.278902, 279.062140, 836.732661, 279.515900, 828.338109, 279.062140, 825.84243",
            "road_imcoords": "EMPTY",
            "image_id": "BLD00894_PS3_K3A_NIA0277.png",
            "ingest_time": "2023-03-02T14:34:14.313313Z",
            "type_id": "1",
            "type_name": "건물"
         }
      },
      {
         "type": "Feature",
         "geometry": {
            "type": "Polygon",
            "coordinates": [
               [
                  31.386941,
                  30.080698,
                  0.0
               ],
               [
                  31.386939,
                  30.080663,
                  0.0
               ],
               [
                  31.386942,
                  30.080651,
                  0.0
               ],
               [
                  31.386999,
                  30.08065,
                  0.0
               ]
            ]
         },
         "properties": {
            "object_imcoords": "EMPTY",
            "building_imcoords": "287.002933, 826.069311, 286.549173, 833.102585, 287.002933, 835.598262, 296.985644, 835.825142, 297.868673, 833.858475, 297.795970, 826.20704",
            "road_imcoords": "EMPTY",
            "image_id": "BLD00894_PS3_K3A_NIA0277.png",
            "ingest_time": "2023-03-02T14:34:14.313313Z",
            "type_id": "1",
            "type_name": "건물"
         }
      },
      {
         "type": "Feature",
         "geometry": {
            "type": "Polygon",
            "coordinates": [
               [
                  31.387168,
                  30.083596,
                  0.0
               ],
               [
                  31.387162,
                  30.083684,
                  0.0
               ],
               [
                  31.387247,
                  30.083689,
                  0.0
               ],
               [
                  31.387253,
                  30.0836,
                  0.0
               ]
            ]
         },
         "properties": {
            "object_imcoords": "EMPTY",
            "building_imcoords": "334.935190, 242.665112, 334.067043, 224.867809, 349.049229, 224.136983, 349.928153, 242.155231, 350.796329, 259.952537, 335.814145, 260.68338",
            "road_imcoords": "EMPTY",
            "image_id": "BLD00894_PS3_K3A_NIA0277.png",
            "ingest_time": "2023-03-02T14:34:14.313313Z",
            "type_id": "1",
            "type_name": "건물"
         }
      },
      {
         "type": "Feature",
         "geometry": {
            "type": "Polygon",
            "coordinates": [
               [
                  31.387278,
                  30.083299,
                  0.0
               ],
               [
                  31.387283,
                  30.083242,
                  0.0
               ],
               [
                  31.387198,
                  30.083236,
                  0.0
               ],
               [
                  31.387193,
                  30.083293,
                  0.0
               ]
            ]
         },
         "properties": {
            "object_imcoords": "EMPTY",
            "building_imcoords": "353.391761, 302.793776, 354.119728, 314.295516, 339.149682, 315.242998, 338.421715, 303.741258, 337.693749, 292.239519, 352.663795, 291.29203",
            "road_imcoords": "EMPTY",
            "image_id": "BLD00894_PS3_K3A_NIA0277.png",
            "ingest_time": "2023-03-02T14:34:14.313313Z",
            "type_id": "1",
            "type_name": "건물"
         }
      },
      {
         "type": "Feature",
         "geometry": {
            "type": "Polygon",
            "coordinates": [
               [
                  31.391098,
                  30.083735,
                  0.0
               ],
               [
                  31.390835,
                  30.08372,
                  0.0
               ],
               [
                  31.390845,
                  30.083575,
                  0.0
               ],
               [
                  31.3911,
                  30.083581,
                  0.0
               ]
            ]
         },
         "properties": {
            "object_imcoords": "EMPTY",
            "building_imcoords": "1024.000000, 224.286674, 977.993285, 226.680087, 979.333001, 255.885914, 1024.000000, 255.36349",
            "road_imcoords": "EMPTY",
            "image_id": "BLD00894_PS3_K3A_NIA0277.png",
            "ingest_time": "2023-03-02T14:34:14.313313Z",
            "type_id": "1",
            "type_name": "건물"
         }
      },
      {
         "type": "Feature",
         "geometry": {
            "type": "Polygon",
            "coordinates": [
               [
                  31.391092,
                  30.083929,
                  0.0
               ],
               [
                  31.390848,
                  30.083909,
                  0.0
               ],
               [
                  31.390856,
                  30.083835,
                  0.0
               ],
               [
                  31.391096,
                  30.08385,
                  0.0
               ]
            ]
         },
         "properties": {
            "object_imcoords": "EMPTY",
            "building_imcoords": "1023.543657, 185.148866, 980.672718, 188.632129, 981.936601, 203.566173, 1024.000000, 201.237007, 1024.000000, 191.99401",
            "road_imcoords": "EMPTY",
            "image_id": "BLD00894_PS3_K3A_NIA0277.png",
            "ingest_time": "2023-03-02T14:34:14.313313Z",
            "type_id": "1",
            "type_name": "건물"
         }
      },
      {
         "type": "Feature",
         "geometry": {
            "type": "Polygon",
            "coordinates": [
               [
                  31.390726,
                  30.082264,
                  0.0
               ],
               [
                  31.390784,
                  30.082279,
                  0.0
               ],
               [
                  31.390832,
                  30.082273,
                  0.0
               ],
               [
                  31.390838,
                  30.082251,
                  0.0
               ]
            ]
         },
         "properties": {
            "object_imcoords": "EMPTY",
            "building_imcoords": "954.696911, 519.909521, 964.822964, 517.061569, 973.366821, 518.327325, 974.316138, 522.757473, 977.796969, 523.073912, 978.429847, 535.098600, 955.962668, 536.36435",
            "road_imcoords": "EMPTY",
            "image_id": "BLD00894_PS3_K3A_NIA0277.png",
            "ingest_time": "2023-03-02T14:34:14.313313Z",
            "type_id": "1",
            "type_name": "건물"
         }
      },
      {
         "type": "Feature",
         "geometry": {
            "type": "Polygon",
            "coordinates": [
               [
                  31.387326,
                  30.081619,
                  0.0
               ],
               [
                  31.387341,
                  30.081381,
                  0.0
               ],
               [
                  31.387435,
                  30.081386,
                  0.0
               ],
               [
                  31.387819,
                  30.081408,
                  0.0
               ]
            ]
         },
         "properties": {
            "object_imcoords": "EMPTY",
            "building_imcoords": "356.953102, 641.346373, 359.016415, 689.490336, 375.463122, 688.748886, 442.885529, 685.224784, 442.720939, 683.183863, 441.596996, 683.183188, 440.525459, 664.406115, 381.025084, 666.106125, 379.649542, 639.62694",
            "road_imcoords": "EMPTY",
            "image_id": "BLD00894_PS3_K3A_NIA0277.png",
            "ingest_time": "2023-03-02T14:34:14.313313Z",
            "type_id": "1",
            "type_name": "건물"
         }
      }
   ]
}