{
   "type": "FeatureCollection",
   "features": [
      {
         "type": "Feature",
         "geometry": {
            "type": "Polygon",
            "coordinates": [
               [
                  31.382477,
                  30.020437,
                  0.0
               ],
               [
                  31.388315,
                  30.020508,
                  0.0
               ],
               [
                  31.388233,
                  30.025589,
                  0.0
               ],
               [
                  31.382395,
                  30.025517,
                  0.0
               ]
            ]
         },
         "properties": {
            "object_imcoords": "EMPTY",
            "building_imcoords": "123.283013, 474.523293, 90.385389, 464.886616, 87.394696, 476.517089, 120.956918, 485.82146",
            "road_imcoords": "EMPTY",
            "image_id": "BLD00044_PS3_K3A_NIA0276.png",
            "ingest_time": "2023-03-02T14:34:14.313313Z",
            "type_id": "1",
            "type_name": "건물"
         }
      },
      {
         "type": "Feature",
         "geometry": {
            "type": "Polygon",
            "coordinates": [
               [
                  31.382477,
                  30.020437,
                  0.0
               ],
               [
                  31.388315,
                  30.020508,
                  0.0
               ],
               [
                  31.388233,
                  30.025589,
                  0.0
               ],
               [
                  31.382395,
                  30.025517,
                  0.0
               ]
            ]
         },
         "properties": {
            "object_imcoords": "EMPTY",
            "building_imcoords": "127.332613, 201.752210, 89.098692, 182.293875, 83.978077, 191.169607, 83.978077, 195.948847, 123.918870, 214.72443",
            "road_imcoords": "EMPTY",
            "image_id": "BLD00044_PS3_K3A_NIA0276.png",
            "ingest_time": "2023-03-02T14:34:14.313313Z",
            "type_id": "1",
            "type_name": "건물"
         }
      }
   ]
}