{
   "type": "FeatureCollection",
   "features": [
      {
         "type": "Feature",
         "geometry": {
            "type": "Polygon",
            "coordinates": [
               [
                  31.357578,
                  29.965543,
                  0.0
               ],
               [
                  31.357545,
                  29.965438,
                  0.0
               ],
               [
                  31.357549,
                  29.965417,
                  0.0
               ],
               [
                  31.357722,
                  29.965372,
                  0.0
               ]
            ]
         },
         "properties": {
            "object_imcoords": "EMPTY",
            "building_imcoords": "595.257110, 759.601977, 589.012005, 780.638120, 589.669384, 784.911087, 619.939903, 794.265381, 627.530831, 769.76029",
            "road_imcoords": "EMPTY",
            "image_id": "BLD00314_PS3_K3A_NIA0276.png",
            "ingest_time": "2023-03-02T14:34:14.313313Z",
            "type_id": "1",
            "type_name": "건물"
         }
      },
      {
         "type": "Feature",
         "geometry": {
            "type": "Polygon",
            "coordinates": [
               [
                  31.35777,
                  29.965496,
                  0.0
               ],
               [
                  31.357729,
                  29.965368,
                  0.0
               ],
               [
                  31.357916,
                  29.965322,
                  0.0
               ],
               [
                  31.357954,
                  29.965445,
                  0.0
               ]
            ]
         },
         "properties": {
            "object_imcoords": "EMPTY",
            "building_imcoords": "628.783463, 769.462669, 621.223599, 795.100469, 653.763883, 804.961161, 660.937266, 780.12738",
            "road_imcoords": "EMPTY",
            "image_id": "BLD00314_PS3_K3A_NIA0276.png",
            "ingest_time": "2023-03-02T14:34:14.313313Z",
            "type_id": "1",
            "type_name": "건물"
         }
      },
      {
         "type": "Feature",
         "geometry": {
            "type": "Polygon",
            "coordinates": [
               [
                  31.354208,
                  29.964188,
                  0.0
               ],
               [
                  31.360043,
                  29.964261,
                  0.0
               ],
               [
                  31.35996,
                  29.969342,
                  0.0
               ],
               [
                  31.354124,
                  29.969269,
                  0.0
               ]
            ]
         },
         "properties": {
            "object_imcoords": "EMPTY",
            "building_imcoords": "174.137679, 482.345960, 164.451133, 482.345960, 164.451133, 488.069828, 158.507116, 487.409382, 158.947414, 499.517565, 162.469794, 499.297416, 162.910092, 505.901879, 175.458572, 505.24143",
            "road_imcoords": "EMPTY",
            "image_id": "BLD00314_PS3_K3A_NIA0276.png",
            "ingest_time": "2023-03-02T14:34:14.313313Z",
            "type_id": "1",
            "type_name": "건물"
         }
      },
      {
         "type": "Feature",
         "geometry": {
            "type": "Polygon",
            "coordinates": [
               [
                  31.354208,
                  29.964188,
                  0.0
               ],
               [
                  31.360043,
                  29.964261,
                  0.0
               ],
               [
                  31.35996,
                  29.969342,
                  0.0
               ],
               [
                  31.354124,
                  29.969269,
                  0.0
               ]
            ]
         },
         "properties": {
            "object_imcoords": "EMPTY",
            "building_imcoords": "132.089263, 456.808703, 155.425033, 458.790042, 157.626521, 463.633315, 155.425033, 470.017629, 150.801909, 470.017629, 150.581760, 485.207894, 129.227329, 482.78625",
            "road_imcoords": "EMPTY",
            "image_id": "BLD00314_PS3_K3A_NIA0276.png",
            "ingest_time": "2023-03-02T14:34:14.313313Z",
            "type_id": "1",
            "type_name": "건물"
         }
      },
      {
         "type": "Feature",
         "geometry": {
            "type": "Polygon",
            "coordinates": [
               [
                  31.354208,
                  29.964188,
                  0.0
               ],
               [
                  31.360043,
                  29.964261,
                  0.0
               ],
               [
                  31.35996,
                  29.969342,
                  0.0
               ],
               [
                  31.354124,
                  29.969269,
                  0.0
               ]
            ]
         },
         "properties": {
            "object_imcoords": "EMPTY",
            "building_imcoords": "138.999733, 555.116393, 138.558464, 558.867180, 123.114049, 557.764007, 120.687070, 590.638547, 142.750519, 592.624258, 149.810823, 594.168699, 150.693361, 588.873471, 145.398133, 587.770299, 148.707651, 554.45449",
            "road_imcoords": "EMPTY",
            "image_id": "BLD00314_PS3_K3A_NIA0276.png",
            "ingest_time": "2023-03-02T14:34:14.313313Z",
            "type_id": "1",
            "type_name": "건물"
         }
      },
      {
         "type": "Feature",
         "geometry": {
            "type": "Polygon",
            "coordinates": [
               [
                  31.355379,
                  29.96804,
                  0.0
               ],
               [
                  31.355377,
                  29.968082,
                  0.0
               ],
               [
                  31.355042,
                  29.968065,
                  0.0
               ],
               [
                  31.355046,
                  29.968003,
                  0.0
               ]
            ]
         },
         "properties": {
            "object_imcoords": "EMPTY",
            "building_imcoords": "216.608161, 250.721500, 216.249310, 242.288504, 157.475128, 245.016420, 157.971113, 257.416036, 216.595610, 254.24351",
            "road_imcoords": "EMPTY",
            "image_id": "BLD00314_PS3_K3A_NIA0276.png",
            "ingest_time": "2023-03-02T14:34:14.313313Z",
            "type_id": "1",
            "type_name": "건물"
         }
      },
      {
         "type": "Feature",
         "geometry": {
            "type": "Polygon",
            "coordinates": [
               [
                  31.354208,
                  29.964188,
                  0.0
               ],
               [
                  31.360043,
                  29.964261,
                  0.0
               ],
               [
                  31.35996,
                  29.969342,
                  0.0
               ],
               [
                  31.354124,
                  29.969269,
                  0.0
               ]
            ]
         },
         "properties": {
            "object_imcoords": "EMPTY",
            "building_imcoords": "225.524764, 642.371484, 217.775690, 656.800793, 217.241271, 663.748239, 220.982203, 664.015448, 237.549188, 667.756380, 244.763843, 649.31892",
            "road_imcoords": "EMPTY",
            "image_id": "BLD00314_PS3_K3A_NIA0276.png",
            "ingest_time": "2023-03-02T14:34:14.313313Z",
            "type_id": "1",
            "type_name": "건물"
         }
      },
      {
         "type": "Feature",
         "geometry": {
            "type": "Polygon",
            "coordinates": [
               [
                  31.354773,
                  29.967921,
                  0.0
               ],
               [
                  31.354845,
                  29.967914,
                  0.0
               ],
               [
                  31.354791,
                  29.967524,
                  0.0
               ],
               [
                  31.354752,
                  29.967521,
                  0.0
               ]
            ]
         },
         "properties": {
            "object_imcoords": "EMPTY",
            "building_imcoords": "109.840870, 273.186699, 122.580146, 274.885269, 111.822535, 353.302591, 105.028254, 353.868781, 103.726912, 365.192582, 81.814462, 364.909487, 80.357860, 364.909487, 79.892047, 358.579384, 77.592508, 358.402778, 76.779169, 364.909487, 49.258534, 364.909487, 51.890870, 305.765985, 41.988839, 307.327064, 41.696798, 295.073765, 38.242282, 295.988869, 37.924057, 280.930536, 40.954542, 278.971867, 38.423882, 262.051295, 2.918016, 263.350969, 3.161184, 250.629066, 31.855011, 249.490392, 47.981267, 249.735227, 49.849445, 266.755322, 48.040116, 268.885200, 48.630270, 298.610333, 50.084277, 298.610333, 49.107782, 269.657937, 51.295043, 267.032081, 50.813781, 264.409143, 55.038141, 258.571443, 56.495482, 252.901413, 68.003637, 252.363297, 69.364848, 249.501988, 129.672239, 245.859189, 128.060008, 262.100719, 109.189150, 261.856663, 82.325204, 262.056359, 69.831593, 260.969160, 68.330215, 269.430170, 65.898534, 347.243937, 76.289678, 348.047419, 76.766839, 353.341765, 79.316684, 353.564969, 80.201551, 347.690685, 84.060637, 348.463112, 97.267209, 350.16195",
            "road_imcoords": "EMPTY",
            "image_id": "BLD00314_PS3_K3A_NIA0276.png",
            "ingest_time": "2023-03-02T14:34:14.313313Z",
            "type_id": "1",
            "type_name": "건물"
         }
      },
      {
         "type": "Feature",
         "geometry": {
            "type": "Polygon",
            "coordinates": [
               [
                  31.354208,
                  29.964188,
                  0.0
               ],
               [
                  31.360043,
                  29.964261,
                  0.0
               ],
               [
                  31.35996,
                  29.969342,
                  0.0
               ],
               [
                  31.354124,
                  29.969269,
                  0.0
               ]
            ]
         },
         "properties": {
            "object_imcoords": "EMPTY",
            "building_imcoords": "113.219859, 385.768306, 50.454053, 381.181574, 47.315762, 439.119242, 71.939271, 439.602056, 75.077561, 404.839455, 79.664293, 405.805083, 77.491631, 439.360649, 109.115941, 442.981753, 110.805790, 426.807487, 98.494036, 426.566080, 97.528408, 418.358244, 105.494837, 420.772314, 110.805790, 419.80668",
            "road_imcoords": "EMPTY",
            "image_id": "BLD00314_PS3_K3A_NIA0276.png",
            "ingest_time": "2023-03-02T14:34:14.313313Z",
            "type_id": "1",
            "type_name": "건물"
         }
      },
      {
         "type": "Feature",
         "geometry": {
            "type": "Polygon",
            "coordinates": [
               [
                  31.354208,
                  29.964188,
                  0.0
               ],
               [
                  31.360043,
                  29.964261,
                  0.0
               ],
               [
                  31.35996,
                  29.969342,
                  0.0
               ],
               [
                  31.354124,
                  29.969269,
                  0.0
               ]
            ]
         },
         "properties": {
            "object_imcoords": "EMPTY",
            "building_imcoords": "99.353543, 446.224489, 7.798098, 439.581665, 5.776369, 466.152961, 98.487088, 474.528696, 99.931180, 461.531866, 107.151641, 461.820684, 107.151641, 452.289676, 100.508817, 450.84558",
            "road_imcoords": "EMPTY",
            "image_id": "BLD00314_PS3_K3A_NIA0276.png",
            "ingest_time": "2023-03-02T14:34:14.313313Z",
            "type_id": "1",
            "type_name": "건물"
         }
      },
      {
         "type": "Feature",
         "geometry": {
            "type": "Polygon",
            "coordinates": [
               [
                  31.354172,
                  29.966899,
                  0.0
               ],
               [
                  31.354314,
                  29.966897,
                  0.0
               ],
               [
                  31.354306,
                  29.966446,
                  0.0
               ],
               [
                  31.354171,
                  29.966448,
                  0.0
               ]
            ]
         },
         "properties": {
            "object_imcoords": "EMPTY",
            "building_imcoords": "1.499107, 477.715423, 26.484223, 478.464977, 23.636823, 569.314022, 0.000000, 568.66124",
            "road_imcoords": "EMPTY",
            "image_id": "BLD00314_PS3_K3A_NIA0276.png",
            "ingest_time": "2023-03-02T14:34:14.313313Z",
            "type_id": "1",
            "type_name": "건물"
         }
      },
      {
         "type": "Feature",
         "geometry": {
            "type": "Polygon",
            "coordinates": [
               [
                  31.354208,
                  29.964188,
                  0.0
               ],
               [
                  31.360043,
                  29.964261,
                  0.0
               ],
               [
                  31.35996,
                  29.969342,
                  0.0
               ],
               [
                  31.354124,
                  29.969269,
                  0.0
               ]
            ]
         },
         "properties": {
            "object_imcoords": "EMPTY",
            "building_imcoords": "116.430642, 488.209172, 107.685851, 487.209768, 103.938084, 489.458428, 100.190316, 489.708279, 88.197460, 595.395321, 95.582627, 603.989950, 110.445341, 608.858770, 110.701595, 596.302339, 107.882804, 596.302339, 117.620444, 505.844786, 121.720503, 505.332279, 123.001772, 492.263341, 118.645459, 492.00708",
            "road_imcoords": "EMPTY",
            "image_id": "BLD00314_PS3_K3A_NIA0276.png",
            "ingest_time": "2023-03-02T14:34:14.313313Z",
            "type_id": "1",
            "type_name": "건물"
         }
      },
      {
         "type": "Feature",
         "geometry": {
            "type": "Polygon",
            "coordinates": [
               [
                  31.354208,
                  29.964188,
                  0.0
               ],
               [
                  31.360043,
                  29.964261,
                  0.0
               ],
               [
                  31.35996,
                  29.969342,
                  0.0
               ],
               [
                  31.354124,
                  29.969269,
                  0.0
               ]
            ]
         },
         "properties": {
            "object_imcoords": "EMPTY",
            "building_imcoords": "162.989191, 671.098844, 73.471811, 670.254341, 74.034814, 761.460727, 165.241200, 761.74222",
            "road_imcoords": "EMPTY",
            "image_id": "BLD00314_PS3_K3A_NIA0276.png",
            "ingest_time": "2023-03-02T14:34:14.313313Z",
            "type_id": "1",
            "type_name": "건물"
         }
      },
      {
         "type": "Feature",
         "geometry": {
            "type": "Polygon",
            "coordinates": [
               [
                  31.355114,
                  29.965412,
                  0.0
               ],
               [
                  31.354613,
                  29.965414,
                  0.0
               ],
               [
                  31.35461,
                  29.965304,
                  0.0
               ],
               [
                  31.355113,
                  29.965301,
                  0.0
               ]
            ]
         },
         "properties": {
            "object_imcoords": "EMPTY",
            "building_imcoords": "162.458861, 779.666996, 74.578559, 778.003953, 73.727348, 800.189752, 161.928531, 802.10162",
            "road_imcoords": "EMPTY",
            "image_id": "BLD00314_PS3_K3A_NIA0276.png",
            "ingest_time": "2023-03-02T14:34:14.313313Z",
            "type_id": "1",
            "type_name": "건물"
         }
      },
      {
         "type": "Feature",
         "geometry": {
            "type": "Polygon",
            "coordinates": [
               [
                  31.355248,
                  29.96551,
                  0.0
               ],
               [
                  31.355257,
                  29.965875,
                  0.0
               ],
               [
                  31.355315,
                  29.965872,
                  0.0
               ],
               [
                  31.355373,
                  29.965887,
                  0.0
               ]
            ]
         },
         "properties": {
            "object_imcoords": "EMPTY",
            "building_imcoords": "186.261559, 760.381349, 188.971560, 686.748892, 199.066038, 687.532740, 209.340814, 684.555557, 220.311090, 686.726805, 229.375162, 688.338676, 227.921502, 761.222649, 226.167728, 766.270625, 186.620015, 765.63860",
            "road_imcoords": "EMPTY",
            "image_id": "BLD00314_PS3_K3A_NIA0276.png",
            "ingest_time": "2023-03-02T14:34:14.313313Z",
            "type_id": "1",
            "type_name": "건물"
         }
      },
      {
         "type": "Feature",
         "geometry": {
            "type": "Polygon",
            "coordinates": [
               [
                  31.355545,
                  29.965895,
                  0.0
               ],
               [
                  31.355636,
                  29.965891,
                  0.0
               ],
               [
                  31.355634,
                  29.965493,
                  0.0
               ],
               [
                  31.355541,
                  29.965498,
                  0.0
               ]
            ]
         },
         "properties": {
            "object_imcoords": "EMPTY",
            "building_imcoords": "239.413548, 683.443893, 255.524546, 684.498785, 253.981651, 764.631418, 237.629100, 763.44668",
            "road_imcoords": "EMPTY",
            "image_id": "BLD00314_PS3_K3A_NIA0276.png",
            "ingest_time": "2023-03-02T14:34:14.313313Z",
            "type_id": "1",
            "type_name": "건물"
         }
      },
      {
         "type": "Feature",
         "geometry": {
            "type": "Polygon",
            "coordinates": [
               [
                  31.35553,
                  29.965452,
                  0.0
               ],
               [
                  31.355589,
                  29.96546,
                  0.0
               ],
               [
                  31.355648,
                  29.965453,
                  0.0
               ],
               [
                  31.355668,
                  29.965101,
                  0.0
               ]
            ]
         },
         "properties": {
            "object_imcoords": "EMPTY",
            "building_imcoords": "235.631025, 772.699157, 245.952505, 771.277175, 256.221279, 772.778043, 258.745077, 843.784226, 55.559176, 843.056453, 54.425689, 835.419450, 54.814252, 815.110063, 64.874462, 812.776160, 74.792225, 815.243313, 83.469314, 813.315303, 92.698500, 815.627599, 101.237331, 813.129506, 111.979882, 815.762882, 119.281438, 813.256878, 128.924604, 815.172362, 137.324688, 813.250144, 146.133864, 815.720209, 155.918793, 813.469628, 166.512782, 815.976622, 175.068935, 813.565816, 183.811740, 815.900952, 192.094060, 813.960710, 201.997314, 816.200857, 210.393661, 813.882759, 220.518223, 817.210410, 228.289453, 814.620545, 236.038244, 816.90440",
            "road_imcoords": "EMPTY",
            "image_id": "BLD00314_PS3_K3A_NIA0276.png",
            "ingest_time": "2023-03-02T14:34:14.313313Z",
            "type_id": "1",
            "type_name": "건물"
         }
      },
      {
         "type": "Feature",
         "geometry": {
            "type": "Polygon",
            "coordinates": [
               [
                  31.354208,
                  29.964188,
                  0.0
               ],
               [
                  31.360043,
                  29.964261,
                  0.0
               ],
               [
                  31.35996,
                  29.969342,
                  0.0
               ],
               [
                  31.354124,
                  29.969269,
                  0.0
               ]
            ]
         },
         "properties": {
            "object_imcoords": "EMPTY",
            "building_imcoords": "90.163522, 612.300955, 145.740508, 611.823899, 147.171675, 664.777079, 89.209411, 664.77707",
            "road_imcoords": "EMPTY",
            "image_id": "BLD00314_PS3_K3A_NIA0276.png",
            "ingest_time": "2023-03-02T14:34:14.313313Z",
            "type_id": "1",
            "type_name": "건물"
         }
      },
      {
         "type": "Feature",
         "geometry": {
            "type": "Polygon",
            "coordinates": [
               [
                  31.354373,
                  29.965513,
                  0.0
               ],
               [
                  31.354297,
                  29.965503,
                  0.0
               ],
               [
                  31.354336,
                  29.965324,
                  0.0
               ],
               [
                  31.354359,
                  29.965153,
                  0.0
               ]
            ]
         },
         "properties": {
            "object_imcoords": "EMPTY",
            "building_imcoords": "32.665779, 757.491198, 19.452718, 759.326771, 25.713362, 795.549073, 29.290874, 829.982619, 39.799813, 859.049898, 41.588569, 863.074598, 47.849213, 861.285843, 47.178430, 853.012848, 50.085158, 851.224092, 46.604302, 820.051950, 45.504299, 817.320876, 45.493804, 799.194391, 48.577309, 799.183896, 48.624127, 794.259164, 46.034629, 791.986896, 36.372261, 792.36918",
            "road_imcoords": "EMPTY",
            "image_id": "BLD00314_PS3_K3A_NIA0276.png",
            "ingest_time": "2023-03-02T14:34:14.313313Z",
            "type_id": "1",
            "type_name": "건물"
         }
      },
      {
         "type": "Feature",
         "geometry": {
            "type": "Polygon",
            "coordinates": [
               [
                  31.354208,
                  29.964188,
                  0.0
               ],
               [
                  31.360043,
                  29.964261,
                  0.0
               ],
               [
                  31.35996,
                  29.969342,
                  0.0
               ],
               [
                  31.354124,
                  29.969269,
                  0.0
               ]
            ]
         },
         "properties": {
            "object_imcoords": "EMPTY",
            "building_imcoords": "449.210642, 888.062852, 430.738106, 886.509087, 428.666419, 902.219375, 429.702263, 904.808983, 435.054119, 904.636342, 436.607883, 912.750447, 446.621034, 912.577806, 451.282328, 891.51566",
            "road_imcoords": "EMPTY",
            "image_id": "BLD00314_PS3_K3A_NIA0276.png",
            "ingest_time": "2023-03-02T14:34:14.313313Z",
            "type_id": "1",
            "type_name": "건물"
         }
      },
      {
         "type": "Feature",
         "geometry": {
            "type": "Polygon",
            "coordinates": [
               [
                  31.354208,
                  29.964188,
                  0.0
               ],
               [
                  31.360043,
                  29.964261,
                  0.0
               ],
               [
                  31.35996,
                  29.969342,
                  0.0
               ],
               [
                  31.354124,
                  29.969269,
                  0.0
               ]
            ]
         },
         "properties": {
            "object_imcoords": "EMPTY",
            "building_imcoords": "452.490812, 883.746839, 451.800250, 894.450551, 457.324746, 895.486394, 460.950197, 898.766564, 466.647335, 899.284486, 469.236942, 896.349597, 473.035034, 897.385440, 475.106720, 885.818525, 462.676602, 883.40155",
            "road_imcoords": "EMPTY",
            "image_id": "BLD00314_PS3_K3A_NIA0276.png",
            "ingest_time": "2023-03-02T14:34:14.313313Z",
            "type_id": "1",
            "type_name": "건물"
         }
      },
      {
         "type": "Feature",
         "geometry": {
            "type": "Polygon",
            "coordinates": [
               [
                  31.355817,
                  29.966953,
                  0.0
               ],
               [
                  31.355797,
                  29.966903,
                  0.0
               ],
               [
                  31.355799,
                  29.966883,
                  0.0
               ],
               [
                  31.356206,
                  29.966761,
                  0.0
               ]
            ]
         },
         "properties": {
            "object_imcoords": "EMPTY",
            "building_imcoords": "290.290574, 470.858223, 286.546138, 480.985388, 286.868709, 485.048310, 357.967444, 510.600385, 364.303151, 499.656891, 364.303151, 492.457224, 359.119391, 492.169237, 357.967444, 495.62507",
            "road_imcoords": "EMPTY",
            "image_id": "BLD00314_PS3_K3A_NIA0276.png",
            "ingest_time": "2023-03-02T14:34:14.313313Z",
            "type_id": "1",
            "type_name": "건물"
         }
      },
      {
         "type": "Feature",
         "geometry": {
            "type": "Polygon",
            "coordinates": [
               [
                  31.357378,
                  29.9656,
                  0.0
               ],
               [
                  31.357363,
                  29.965553,
                  0.0
               ],
               [
                  31.357363,
                  29.965531,
                  0.0
               ],
               [
                  31.357539,
                  29.965482,
                  0.0
               ]
            ]
         },
         "properties": {
            "object_imcoords": "EMPTY",
            "building_imcoords": "560.166199, 747.568904, 557.443641, 756.870976, 557.443641, 761.408571, 588.072413, 771.618162, 591.248730, 756.64409",
            "road_imcoords": "EMPTY",
            "image_id": "BLD00314_PS3_K3A_NIA0276.png",
            "ingest_time": "2023-03-02T14:34:14.313313Z",
            "type_id": "1",
            "type_name": "건물"
         }
      },
      {
         "type": "Feature",
         "geometry": {
            "type": "Polygon",
            "coordinates": [
               [
                  31.357202,
                  29.965647,
                  0.0
               ],
               [
                  31.357185,
                  29.965597,
                  0.0
               ],
               [
                  31.357184,
                  29.965577,
                  0.0
               ],
               [
                  31.357364,
                  29.965529,
                  0.0
               ]
            ]
         },
         "properties": {
            "object_imcoords": "EMPTY",
            "building_imcoords": "529.573774, 737.515603, 526.395354, 747.731572, 526.134230, 751.652740, 557.670521, 761.862331, 557.670521, 761.484198, 557.443641, 761.408571, 557.443641, 756.870976, 560.166199, 747.568904, 560.375217, 747.629931, 560.393078, 747.56890",
            "road_imcoords": "EMPTY",
            "image_id": "BLD00314_PS3_K3A_NIA0276.png",
            "ingest_time": "2023-03-02T14:34:14.313313Z",
            "type_id": "1",
            "type_name": "건물"
         }
      },
      {
         "type": "Feature",
         "geometry": {
            "type": "Polygon",
            "coordinates": [
               [
                  31.357019,
                  29.965696,
                  0.0
               ],
               [
                  31.357001,
                  29.965644,
                  0.0
               ],
               [
                  31.357001,
                  29.965626,
                  0.0
               ],
               [
                  31.357184,
                  29.965578,
                  0.0
               ]
            ]
         },
         "properties": {
            "object_imcoords": "EMPTY",
            "building_imcoords": "497.600592, 727.287429, 494.184570, 737.698164, 494.184570, 741.276854, 526.067445, 751.524922, 525.904777, 748.204042, 529.483467, 737.04749",
            "road_imcoords": "EMPTY",
            "image_id": "BLD00314_PS3_K3A_NIA0276.png",
            "ingest_time": "2023-03-02T14:34:14.313313Z",
            "type_id": "1",
            "type_name": "건물"
         }
      },
      {
         "type": "Feature",
         "geometry": {
            "type": "Polygon",
            "coordinates": [
               [
                  31.357001,
                  29.965626,
                  0.0
               ],
               [
                  31.356864,
                  29.965659,
                  0.0
               ],
               [
                  31.356866,
                  29.965685,
                  0.0
               ],
               [
                  31.356885,
                  29.965733,
                  0.0
               ]
            ]
         },
         "properties": {
            "object_imcoords": "EMPTY",
            "building_imcoords": "494.119692, 741.281106, 470.248628, 734.257603, 470.715144, 729.125921, 474.214018, 719.562333, 497.423214, 726.676710, 494.080331, 737.26420",
            "road_imcoords": "EMPTY",
            "image_id": "BLD00314_PS3_K3A_NIA0276.png",
            "ingest_time": "2023-03-02T14:34:14.313313Z",
            "type_id": "1",
            "type_name": "건물"
         }
      },
      {
         "type": "Feature",
         "geometry": {
            "type": "Polygon",
            "coordinates": [
               [
                  31.356803,
                  29.965816,
                  0.0
               ],
               [
                  31.356764,
                  29.965708,
                  0.0
               ],
               [
                  31.356765,
                  29.965683,
                  0.0
               ],
               [
                  31.356834,
                  29.96567,
                  0.0
               ]
            ]
         },
         "properties": {
            "object_imcoords": "EMPTY",
            "building_imcoords": "460.000555, 702.632219, 452.912439, 724.260060, 453.003312, 729.258091, 465.089459, 731.984289, 466.543431, 721.533862, 472.631941, 723.351327, 474.176787, 719.443776, 468.088277, 716.808451, 471.723209, 705.72191",
            "road_imcoords": "EMPTY",
            "image_id": "BLD00314_PS3_K3A_NIA0276.png",
            "ingest_time": "2023-03-02T14:34:14.313313Z",
            "type_id": "1",
            "type_name": "건물"
         }
      },
      {
         "type": "Feature",
         "geometry": {
            "type": "Polygon",
            "coordinates": [
               [
                  31.356852,
                  29.96595,
                  0.0
               ],
               [
                  31.35684,
                  29.96592,
                  0.0
               ],
               [
                  31.356839,
                  29.965901,
                  0.0
               ],
               [
                  31.356887,
                  29.965896,
                  0.0
               ]
            ]
         },
         "properties": {
            "object_imcoords": "EMPTY",
            "building_imcoords": "468.997010, 675.733727, 466.816051, 681.640491, 466.634305, 685.457169, 474.903773, 686.729395, 476.902986, 681.458744, 476.812112, 676.82420",
            "road_imcoords": "EMPTY",
            "image_id": "BLD00314_PS3_K3A_NIA0276.png",
            "ingest_time": "2023-03-02T14:34:14.313313Z",
            "type_id": "1",
            "type_name": "건물"
         }
      },
      {
         "type": "Feature",
         "geometry": {
            "type": "Polygon",
            "coordinates": [
               [
                  31.356994,
                  29.966514,
                  0.0
               ],
               [
                  31.356995,
                  29.966485,
                  0.0
               ],
               [
                  31.356994,
                  29.966474,
                  0.0
               ],
               [
                  31.357036,
                  29.966473,
                  0.0
               ]
            ]
         },
         "properties": {
            "object_imcoords": "EMPTY",
            "building_imcoords": "495.444088, 562.384824, 495.581826, 568.307564, 495.444088, 570.373636, 502.744209, 570.649112, 502.881947, 568.583040, 503.157424, 562.38482",
            "road_imcoords": "EMPTY",
            "image_id": "BLD00314_PS3_K3A_NIA0276.png",
            "ingest_time": "2023-03-02T14:34:14.313313Z",
            "type_id": "1",
            "type_name": "건물"
         }
      },
      {
         "type": "Feature",
         "geometry": {
            "type": "Polygon",
            "coordinates": [
               [
                  31.35647,
                  29.966453,
                  0.0
               ],
               [
                  31.356452,
                  29.966372,
                  0.0
               ],
               [
                  31.356455,
                  29.96636,
                  0.0
               ],
               [
                  31.356506,
                  29.96636,
                  0.0
               ]
            ]
         },
         "properties": {
            "object_imcoords": "EMPTY",
            "building_imcoords": "403.435011, 573.403875, 399.991557, 589.656975, 400.542510, 591.998524, 409.495489, 592.274000, 411.837037, 576.296376, 411.423823, 574.50578",
            "road_imcoords": "EMPTY",
            "image_id": "BLD00314_PS3_K3A_NIA0276.png",
            "ingest_time": "2023-03-02T14:34:14.313313Z",
            "type_id": "1",
            "type_name": "건물"
         }
      },
      {
         "type": "Feature",
         "geometry": {
            "type": "Polygon",
            "coordinates": [
               [
                  31.356295,
                  29.96656,
                  0.0
               ],
               [
                  31.356285,
                  29.966528,
                  0.0
               ],
               [
                  31.356286,
                  29.966512,
                  0.0
               ],
               [
                  31.356381,
                  29.966498,
                  0.0
               ]
            ]
         },
         "properties": {
            "object_imcoords": "EMPTY",
            "building_imcoords": "372.994882, 551.365772, 371.204286, 557.701727, 371.204286, 561.007442, 387.870601, 564.037681, 389.661197, 559.354584, 389.661197, 554.80922",
            "road_imcoords": "EMPTY",
            "image_id": "BLD00314_PS3_K3A_NIA0276.png",
            "ingest_time": "2023-03-02T14:34:14.313313Z",
            "type_id": "1",
            "type_name": "건물"
         }
      },
      {
         "type": "Feature",
         "geometry": {
            "type": "Polygon",
            "coordinates": [
               [
                  31.356312,
                  29.966611,
                  0.0
               ],
               [
                  31.356298,
                  29.96656,
                  0.0
               ],
               [
                  31.356392,
                  29.966544,
                  0.0
               ],
               [
                  31.356391,
                  29.966517,
                  0.0
               ]
            ]
         },
         "properties": {
            "object_imcoords": "EMPTY",
            "building_imcoords": "376.157998, 541.110690, 373.613356, 551.438943, 389.953226, 554.881695, 389.785722, 560.291732, 390.378058, 560.869088, 392.024591, 559.821294, 393.671124, 553.684216, 393.521439, 546.948398, 388.581840, 545.301865, 385.887513, 549.642725, 383.791925, 548.894301, 385.139088, 543.505647, 382.145392, 542.607538, 380.798228, 548.145877, 378.103901, 546.798713, 379.750434, 541.55974",
            "road_imcoords": "EMPTY",
            "image_id": "BLD00314_PS3_K3A_NIA0276.png",
            "ingest_time": "2023-03-02T14:34:14.313313Z",
            "type_id": "1",
            "type_name": "건물"
         }
      },
      {
         "type": "Feature",
         "geometry": {
            "type": "Polygon",
            "coordinates": [
               [
                  31.356481,
                  29.966771,
                  0.0
               ],
               [
                  31.356471,
                  29.966739,
                  0.0
               ],
               [
                  31.356474,
                  29.966722,
                  0.0
               ],
               [
                  31.356579,
                  29.966693,
                  0.0
               ]
            ]
         },
         "properties": {
            "object_imcoords": "EMPTY",
            "building_imcoords": "406.189773, 509.217902, 404.399178, 515.691594, 404.950130, 519.135048, 423.269303, 525.333264, 425.059898, 519.686000, 425.335375, 516.10480",
            "road_imcoords": "EMPTY",
            "image_id": "BLD00314_PS3_K3A_NIA0276.png",
            "ingest_time": "2023-03-02T14:34:14.313313Z",
            "type_id": "1",
            "type_name": "건물"
         }
      },
      {
         "type": "Feature",
         "geometry": {
            "type": "Polygon",
            "coordinates": [
               [
                  31.356506,
                  29.966795,
                  0.0
               ],
               [
                  31.356495,
                  29.966768,
                  0.0
               ],
               [
                  31.356579,
                  29.966743,
                  0.0
               ],
               [
                  31.356587,
                  29.966754,
                  0.0
               ]
            ]
         },
         "properties": {
            "object_imcoords": "EMPTY",
            "building_imcoords": "410.656399, 504.515078, 408.698563, 509.965598, 423.407041, 515.278380, 424.784422, 512.936831, 424.922160, 509.90659",
            "road_imcoords": "EMPTY",
            "image_id": "BLD00314_PS3_K3A_NIA0276.png",
            "ingest_time": "2023-03-02T14:34:14.313313Z",
            "type_id": "1",
            "type_name": "건물"
         }
      },
      {
         "type": "Feature",
         "geometry": {
            "type": "Polygon",
            "coordinates": [
               [
                  31.356534,
                  29.96682,
                  0.0
               ],
               [
                  31.356522,
                  29.966791,
                  0.0
               ],
               [
                  31.356582,
                  29.966772,
                  0.0
               ],
               [
                  31.356586,
                  29.966774,
                  0.0
               ]
            ]
         },
         "properties": {
            "object_imcoords": "EMPTY",
            "building_imcoords": "415.745267, 499.530433, 413.564308, 505.346323, 423.923862, 509.435621, 424.741722, 508.890381, 426.650061, 503.34711",
            "road_imcoords": "EMPTY",
            "image_id": "BLD00314_PS3_K3A_NIA0276.png",
            "ingest_time": "2023-03-02T14:34:14.313313Z",
            "type_id": "1",
            "type_name": "건물"
         }
      },
      {
         "type": "Feature",
         "geometry": {
            "type": "Polygon",
            "coordinates": [
               [
                  31.356606,
                  29.966847,
                  0.0
               ],
               [
                  31.356589,
                  29.966809,
                  0.0
               ],
               [
                  31.35659,
                  29.966804,
                  0.0
               ],
               [
                  31.356596,
                  29.966802,
                  0.0
               ]
            ]
         },
         "properties": {
            "object_imcoords": "EMPTY",
            "building_imcoords": "428.467526, 494.259783, 425.377835, 501.984012, 425.539513, 502.994219, 426.587835, 503.328302, 426.578681, 504.278485, 435.828262, 506.164183, 438.736207, 496.07724",
            "road_imcoords": "EMPTY",
            "image_id": "BLD00314_PS3_K3A_NIA0276.png",
            "ingest_time": "2023-03-02T14:34:14.313313Z",
            "type_id": "1",
            "type_name": "건물"
         }
      },
      {
         "type": "Feature",
         "geometry": {
            "type": "Polygon",
            "coordinates": [
               [
                  31.356666,
                  29.966842,
                  0.0
               ],
               [
                  31.356605,
                  29.966853,
                  0.0
               ],
               [
                  31.356628,
                  29.966912,
                  0.0
               ],
               [
                  31.356681,
                  29.966905,
                  0.0
               ]
            ]
         },
         "properties": {
            "object_imcoords": "EMPTY",
            "building_imcoords": "438.911206, 495.551936, 428.304138, 493.045895, 432.370831, 481.333819, 441.805560, 482.79782",
            "road_imcoords": "EMPTY",
            "image_id": "BLD00314_PS3_K3A_NIA0276.png",
            "ingest_time": "2023-03-02T14:34:14.313313Z",
            "type_id": "1",
            "type_name": "건물"
         }
      },
      {
         "type": "Feature",
         "geometry": {
            "type": "Polygon",
            "coordinates": [
               [
                  31.356564,
                  29.966947,
                  0.0
               ],
               [
                  31.356553,
                  29.966896,
                  0.0
               ],
               [
                  31.356555,
                  29.966886,
                  0.0
               ],
               [
                  31.356595,
                  29.966879,
                  0.0
               ]
            ]
         },
         "properties": {
            "object_imcoords": "EMPTY",
            "building_imcoords": "421.264396, 474.097389, 419.281701, 484.244123, 419.514959, 486.343447, 426.512706, 487.742996, 428.378772, 474.91379",
            "road_imcoords": "EMPTY",
            "image_id": "BLD00314_PS3_K3A_NIA0276.png",
            "ingest_time": "2023-03-02T14:34:14.313313Z",
            "type_id": "1",
            "type_name": "건물"
         }
      },
      {
         "type": "Feature",
         "geometry": {
            "type": "Polygon",
            "coordinates": [
               [
                  31.355999,
                  29.966498,
                  0.0
               ],
               [
                  31.355987,
                  29.966477,
                  0.0
               ],
               [
                  31.355984,
                  29.966464,
                  0.0
               ],
               [
                  31.356005,
                  29.966458,
                  0.0
               ]
            ]
         },
         "properties": {
            "object_imcoords": "EMPTY",
            "building_imcoords": "320.918175, 563.127746, 318.636767, 567.310329, 318.129787, 569.971973, 321.805390, 571.112677, 319.143746, 578.463883, 318.510022, 581.379017, 323.706564, 582.773211, 330.550790, 565.028920, 330.550790, 562.620766, 325.354248, 560.973082, 323.706564, 563.76147",
            "road_imcoords": "EMPTY",
            "image_id": "BLD00314_PS3_K3A_NIA0276.png",
            "ingest_time": "2023-03-02T14:34:14.313313Z",
            "type_id": "1",
            "type_name": "건물"
         }
      },
      {
         "type": "Feature",
         "geometry": {
            "type": "Polygon",
            "coordinates": [
               [
                  31.356031,
                  29.966654,
                  0.0
               ],
               [
                  31.356015,
                  29.966607,
                  0.0
               ],
               [
                  31.35602,
                  29.966594,
                  0.0
               ],
               [
                  31.356044,
                  29.96659,
                  0.0
               ]
            ]
         },
         "properties": {
            "object_imcoords": "EMPTY",
            "building_imcoords": "327.001932, 531.695002, 323.960054, 541.200872, 324.847268, 543.735771, 329.029851, 544.749731, 332.751207, 535.020353, 332.832199, 532.57958",
            "road_imcoords": "EMPTY",
            "image_id": "BLD00314_PS3_K3A_NIA0276.png",
            "ingest_time": "2023-03-02T14:34:14.313313Z",
            "type_id": "1",
            "type_name": "건물"
         }
      },
      {
         "type": "Feature",
         "geometry": {
            "type": "Polygon",
            "coordinates": [
               [
                  31.356282,
                  29.966831,
                  0.0
               ],
               [
                  31.356258,
                  29.966758,
                  0.0
               ],
               [
                  31.356306,
                  29.966748,
                  0.0
               ],
               [
                  31.356326,
                  29.966818,
                  0.0
               ]
            ]
         },
         "properties": {
            "object_imcoords": "EMPTY",
            "building_imcoords": "371.533100, 496.787253, 367.141071, 511.264681, 375.508971, 513.558976, 379.178483, 499.38993",
            "road_imcoords": "EMPTY",
            "image_id": "BLD00314_PS3_K3A_NIA0276.png",
            "ingest_time": "2023-03-02T14:34:14.313313Z",
            "type_id": "1",
            "type_name": "건물"
         }
      },
      {
         "type": "Feature",
         "geometry": {
            "type": "Polygon",
            "coordinates": [
               [
                  31.356391,
                  29.966925,
                  0.0
               ],
               [
                  31.356337,
                  29.966822,
                  0.0
               ],
               [
                  31.356332,
                  29.96679,
                  0.0
               ],
               [
                  31.356421,
                  29.966781,
                  0.0
               ]
            ]
         },
         "properties": {
            "object_imcoords": "EMPTY",
            "building_imcoords": "390.890560, 478.080464, 381.130496, 498.576598, 380.154490, 505.083308, 395.770592, 507.197988, 403.090640, 480.52048",
            "road_imcoords": "EMPTY",
            "image_id": "BLD00314_PS3_K3A_NIA0276.png",
            "ingest_time": "2023-03-02T14:34:14.313313Z",
            "type_id": "1",
            "type_name": "건물"
         }
      },
      {
         "type": "Feature",
         "geometry": {
            "type": "Polygon",
            "coordinates": [
               [
                  31.355231,
                  29.967295,
                  0.0
               ],
               [
                  31.355288,
                  29.96731,
                  0.0
               ],
               [
                  31.355316,
                  29.96726,
                  0.0
               ],
               [
                  31.355317,
                  29.967251,
                  0.0
               ]
            ]
         },
         "properties": {
            "object_imcoords": "EMPTY",
            "building_imcoords": "188.521098, 400.633429, 198.542153, 397.710622, 203.343908, 407.731677, 203.343908, 409.610624, 188.938642, 414.203608, 186.224606, 406.479045, 188.938642, 405.22641",
            "road_imcoords": "EMPTY",
            "image_id": "BLD00314_PS3_K3A_NIA0276.png",
            "ingest_time": "2023-03-02T14:34:14.313313Z",
            "type_id": "1",
            "type_name": "건물"
         }
      },
      {
         "type": "Feature",
         "geometry": {
            "type": "Polygon",
            "coordinates": [
               [
                  31.355018,
                  29.966442,
                  0.0
               ],
               [
                  31.355016,
                  29.966418,
                  0.0
               ],
               [
                  31.355019,
                  29.966404,
                  0.0
               ],
               [
                  31.355087,
                  29.966407,
                  0.0
               ]
            ]
         },
         "properties": {
            "object_imcoords": "EMPTY",
            "building_imcoords": "148.645650, 571.826453, 148.228106, 576.836980, 148.645650, 579.551016, 160.545653, 579.133472, 160.336881, 571.82645",
            "road_imcoords": "EMPTY",
            "image_id": "BLD00314_PS3_K3A_NIA0276.png",
            "ingest_time": "2023-03-02T14:34:14.313313Z",
            "type_id": "1",
            "type_name": "건물"
         }
      },
      {
         "type": "Feature",
         "geometry": {
            "type": "Polygon",
            "coordinates": [
               [
                  31.35418,
                  29.965945,
                  0.0
               ],
               [
                  31.354352,
                  29.965947,
                  0.0
               ],
               [
                  31.354367,
                  29.965732,
                  0.0
               ],
               [
                  31.35437,
                  29.965701,
                  0.0
               ]
            ]
         },
         "properties": {
            "object_imcoords": "EMPTY",
            "building_imcoords": "0.176777, 669.983675, 30.405592, 669.983675, 32.350135, 713.293966, 32.703689, 719.657927, 13.611806, 719.304373, 13.611806, 712.410082, 13.788582, 682.358044, 0.000000, 681.485349, 0.000000, 678.60153",
            "road_imcoords": "EMPTY",
            "image_id": "BLD00314_PS3_K3A_NIA0276.png",
            "ingest_time": "2023-03-02T14:34:14.313313Z",
            "type_id": "1",
            "type_name": "건물"
         }
      },
      {
         "type": "Feature",
         "geometry": {
            "type": "Polygon",
            "coordinates": [
               [
                  31.354192,
                  29.966426,
                  0.0
               ],
               [
                  31.354272,
                  29.966443,
                  0.0
               ],
               [
                  31.354297,
                  29.966438,
                  0.0
               ],
               [
                  31.354297,
                  29.966381,
                  0.0
               ]
            ]
         },
         "properties": {
            "object_imcoords": "EMPTY",
            "building_imcoords": "3.592436, 573.143245, 17.662811, 569.850179, 22.153356, 570.897972, 22.003671, 582.423705, 21.554617, 585.417402, 7.035187, 589.758262, 4.789915, 585.567087, 3.293066, 580.328117, 6.286763, 578.83126",
            "road_imcoords": "EMPTY",
            "image_id": "BLD00314_PS3_K3A_NIA0276.png",
            "ingest_time": "2023-03-02T14:34:14.313313Z",
            "type_id": "1",
            "type_name": "건물"
         }
      },
      {
         "type": "Feature",
         "geometry": {
            "type": "Polygon",
            "coordinates": [
               [
                  31.355612,
                  29.968163,
                  0.0
               ],
               [
                  31.355683,
                  29.968172,
                  0.0
               ],
               [
                  31.355696,
                  29.968132,
                  0.0
               ],
               [
                  31.355697,
                  29.968115,
                  0.0
               ]
            ]
         },
         "properties": {
            "object_imcoords": "EMPTY",
            "building_imcoords": "257.833395, 226.517598, 270.359714, 225.056194, 272.447434, 232.989530, 272.656206, 236.538653, 259.086027, 239.461461, 257.833395, 235.70356",
            "road_imcoords": "EMPTY",
            "image_id": "BLD00314_PS3_K3A_NIA0276.png",
            "ingest_time": "2023-03-02T14:34:14.313313Z",
            "type_id": "1",
            "type_name": "건물"
         }
      },
      {
         "type": "Feature",
         "geometry": {
            "type": "Polygon",
            "coordinates": [
               [
                  31.355664,
                  29.968027,
                  0.0
               ],
               [
                  31.35566,
                  29.967988,
                  0.0
               ],
               [
                  31.35566,
                  29.967981,
                  0.0
               ],
               [
                  31.355703,
                  29.967981,
                  0.0
               ]
            ]
         },
         "properties": {
            "object_imcoords": "EMPTY",
            "building_imcoords": "266.497548, 254.134861, 265.681144, 262.065641, 265.681144, 263.348562, 273.262037, 263.465191, 273.961812, 254.60137",
            "road_imcoords": "EMPTY",
            "image_id": "BLD00314_PS3_K3A_NIA0276.png",
            "ingest_time": "2023-03-02T14:34:14.313313Z",
            "type_id": "1",
            "type_name": "건물"
         }
      },
      {
         "type": "Feature",
         "geometry": {
            "type": "Polygon",
            "coordinates": [
               [
                  31.355657,
                  29.967981,
                  0.0
               ],
               [
                  31.355654,
                  29.967948,
                  0.0
               ],
               [
                  31.355655,
                  29.967937,
                  0.0
               ],
               [
                  31.355697,
                  29.967935,
                  0.0
               ]
            ]
         },
         "properties": {
            "object_imcoords": "EMPTY",
            "building_imcoords": "265.188872, 263.386468, 264.514853, 269.996422, 264.748111, 272.329004, 272.095746, 272.795521, 273.028779, 263.69844",
            "road_imcoords": "EMPTY",
            "image_id": "BLD00314_PS3_K3A_NIA0276.png",
            "ingest_time": "2023-03-02T14:34:14.313313Z",
            "type_id": "1",
            "type_name": "건물"
         }
      },
      {
         "type": "Feature",
         "geometry": {
            "type": "Polygon",
            "coordinates": [
               [
                  31.355484,
                  29.968005,
                  0.0
               ],
               [
                  31.355483,
                  29.967983,
                  0.0
               ],
               [
                  31.355488,
                  29.967966,
                  0.0
               ],
               [
                  31.355585,
                  29.967979,
                  0.0
               ]
            ]
         },
         "properties": {
            "object_imcoords": "EMPTY",
            "building_imcoords": "234.843528, 258.121273, 234.705790, 262.528894, 235.532219, 265.972347, 252.474010, 263.630799, 251.647581, 260.049607, 251.096628, 255.77972",
            "road_imcoords": "EMPTY",
            "image_id": "BLD00314_PS3_K3A_NIA0276.png",
            "ingest_time": "2023-03-02T14:34:14.313313Z",
            "type_id": "1",
            "type_name": "건물"
         }
      },
      {
         "type": "Feature",
         "geometry": {
            "type": "Polygon",
            "coordinates": [
               [
                  31.357595,
                  29.968459,
                  0.0
               ],
               [
                  31.357643,
                  29.968464,
                  0.0
               ],
               [
                  31.357651,
                  29.968412,
                  0.0
               ],
               [
                  31.357656,
                  29.968412,
                  0.0
               ]
            ]
         },
         "properties": {
            "object_imcoords": "EMPTY",
            "building_imcoords": "606.499324, 171.988071, 615.000793, 171.070769, 616.240436, 181.538868, 617.204603, 181.538868, 618.306508, 190.216371, 618.857461, 193.522086, 609.353529, 195.588158, 608.664838, 191.180538, 607.882418, 183.139148, 608.767137, 182.819663, 606.243842, 176.06478",
            "road_imcoords": "EMPTY",
            "image_id": "BLD00314_PS3_K3A_NIA0276.png",
            "ingest_time": "2023-03-02T14:34:14.313313Z",
            "type_id": "1",
            "type_name": "건물"
         }
      },
      {
         "type": "Feature",
         "geometry": {
            "type": "Polygon",
            "coordinates": [
               [
                  31.357649,
                  29.968425,
                  0.0
               ],
               [
                  31.357739,
                  29.968437,
                  0.0
               ],
               [
                  31.357752,
                  29.968393,
                  0.0
               ],
               [
                  31.357754,
                  29.968366,
                  0.0
               ]
            ]
         },
         "properties": {
            "object_imcoords": "EMPTY",
            "building_imcoords": "616.029981, 179.020366, 631.841932, 176.748534, 633.932018, 185.563243, 634.204637, 191.015639, 618.847053, 193.378345, 618.292716, 190.107761, 617.647977, 185.030439, 617.302207, 181.473945, 616.302601, 181.47394",
            "road_imcoords": "EMPTY",
            "image_id": "BLD00314_PS3_K3A_NIA0276.png",
            "ingest_time": "2023-03-02T14:34:14.313313Z",
            "type_id": "1",
            "type_name": "건물"
         }
      },
      {
         "type": "Feature",
         "geometry": {
            "type": "Polygon",
            "coordinates": [
               [
                  31.354538,
                  29.965063,
                  0.0
               ],
               [
                  31.354537,
                  29.965017,
                  0.0
               ],
               [
                  31.354518,
                  29.965012,
                  0.0
               ],
               [
                  31.354518,
                  29.964959,
                  0.0
               ]
            ]
         },
         "properties": {
            "object_imcoords": "EMPTY",
            "building_imcoords": "60.457630, 848.528137, 60.104076, 857.897302, 56.745319, 858.781186, 56.568542, 869.564564, 56.391766, 873.983982, 87.327687, 872.746545, 86.797357, 866.029030, 86.797357, 848.17458",
            "road_imcoords": "EMPTY",
            "image_id": "BLD00314_PS3_K3A_NIA0276.png",
            "ingest_time": "2023-03-02T14:34:14.313313Z",
            "type_id": "1",
            "type_name": "건물"
         }
      },
      {
         "type": "Feature",
         "geometry": {
            "type": "Polygon",
            "coordinates": [
               [
                  31.354691,
                  29.965067,
                  0.0
               ],
               [
                  31.354695,
                  29.964977,
                  0.0
               ],
               [
                  31.354699,
                  29.964965,
                  0.0
               ],
               [
                  31.354909,
                  29.964971,
                  0.0
               ]
            ]
         },
         "properties": {
            "object_imcoords": "EMPTY",
            "building_imcoords": "87.327687, 848.232039, 87.681241, 866.382584, 88.388348, 868.680681, 125.157900, 868.053857, 125.334677, 864.968370, 125.511454, 848.88169",
            "road_imcoords": "EMPTY",
            "image_id": "BLD00314_PS3_K3A_NIA0276.png",
            "ingest_time": "2023-03-02T14:34:14.313313Z",
            "type_id": "1",
            "type_name": "건물"
         }
      },
      {
         "type": "Feature",
         "geometry": {
            "type": "Polygon",
            "coordinates": [
               [
                  31.354911,
                  29.965066,
                  0.0
               ],
               [
                  31.354909,
                  29.965002,
                  0.0
               ],
               [
                  31.354909,
                  29.964986,
                  0.0
               ],
               [
                  31.354909,
                  29.964979,
                  0.0
               ]
            ]
         },
         "properties": {
            "object_imcoords": "EMPTY",
            "building_imcoords": "125.892659, 849.017892, 125.369748, 861.776942, 125.334677, 864.968370, 125.246649, 866.504826, 125.341707, 868.025755, 180.712439, 866.786112, 180.514967, 849.47889",
            "road_imcoords": "EMPTY",
            "image_id": "BLD00314_PS3_K3A_NIA0276.png",
            "ingest_time": "2023-03-02T14:34:14.313313Z",
            "type_id": "1",
            "type_name": "건물"
         }
      },
      {
         "type": "Feature",
         "geometry": {
            "type": "Polygon",
            "coordinates": [
               [
                  31.355224,
                  29.965064,
                  0.0
               ],
               [
                  31.355226,
                  29.964967,
                  0.0
               ],
               [
                  31.35542,
                  29.964968,
                  0.0
               ],
               [
                  31.355414,
                  29.965068,
                  0.0
               ]
            ]
         },
         "properties": {
            "object_imcoords": "EMPTY",
            "building_imcoords": "180.738277, 850.205024, 180.865022, 869.723744, 214.959410, 869.977234, 214.198940, 849.69804",
            "road_imcoords": "EMPTY",
            "image_id": "BLD00314_PS3_K3A_NIA0276.png",
            "ingest_time": "2023-03-02T14:34:14.313313Z",
            "type_id": "1",
            "type_name": "건물"
         }
      },
      {
         "type": "Feature",
         "geometry": {
            "type": "Polygon",
            "coordinates": [
               [
                  31.355515,
                  29.964871,
                  0.0
               ],
               [
                  31.355576,
                  29.964872,
                  0.0
               ],
               [
                  31.355585,
                  29.964767,
                  0.0
               ],
               [
                  31.355584,
                  29.964751,
                  0.0
               ]
            ]
         },
         "properties": {
            "object_imcoords": "EMPTY",
            "building_imcoords": "231.263075, 889.726678, 242.020611, 889.596764, 243.237862, 910.832240, 243.088177, 914.125306, 233.658032, 914.724045, 231.113390, 901.40209",
            "road_imcoords": "EMPTY",
            "image_id": "BLD00314_PS3_K3A_NIA0276.png",
            "ingest_time": "2023-03-02T14:34:14.313313Z",
            "type_id": "1",
            "type_name": "건물"
         }
      },
      {
         "type": "Feature",
         "geometry": {
            "type": "Polygon",
            "coordinates": [
               [
                  31.355515,
                  29.964955,
                  0.0
               ],
               [
                  31.355505,
                  29.964927,
                  0.0
               ],
               [
                  31.355513,
                  29.964871,
                  0.0
               ],
               [
                  31.355587,
                  29.964873,
                  0.0
               ]
            ]
         },
         "properties": {
            "object_imcoords": "EMPTY",
            "building_imcoords": "231.435352, 872.849014, 229.681498, 878.517266, 230.963705, 889.726678, 243.836601, 889.427308, 242.040383, 872.66260",
            "road_imcoords": "EMPTY",
            "image_id": "BLD00314_PS3_K3A_NIA0276.png",
            "ingest_time": "2023-03-02T14:34:14.313313Z",
            "type_id": "1",
            "type_name": "건물"
         }
      },
      {
         "type": "Feature",
         "geometry": {
            "type": "Polygon",
            "coordinates": [
               [
                  31.355509,
                  29.965027,
                  0.0
               ],
               [
                  31.355562,
                  29.965034,
                  0.0
               ],
               [
                  31.355572,
                  29.964957,
                  0.0
               ],
               [
                  31.355517,
                  29.964955,
                  0.0
               ]
            ]
         },
         "properties": {
            "object_imcoords": "EMPTY",
            "building_imcoords": "230.585180, 858.221601, 239.928162, 857.049250, 241.575846, 872.512132, 231.943231, 872.76562",
            "road_imcoords": "EMPTY",
            "image_id": "BLD00314_PS3_K3A_NIA0276.png",
            "ingest_time": "2023-03-02T14:34:14.313313Z",
            "type_id": "1",
            "type_name": "건물"
         }
      },
      {
         "type": "Feature",
         "geometry": {
            "type": "Polygon",
            "coordinates": [
               [
                  31.355419,
                  29.96504,
                  0.0
               ],
               [
                  31.355421,
                  29.964994,
                  0.0
               ],
               [
                  31.355424,
                  29.964978,
                  0.0
               ],
               [
                  31.355451,
                  29.964978,
                  0.0
               ]
            ]
         },
         "properties": {
            "object_imcoords": "EMPTY",
            "building_imcoords": "214.947475, 855.357995, 215.148307, 864.730426, 215.535458, 868.026050, 220.312415, 868.070570, 219.146124, 870.169894, 227.076904, 875.301575, 228.593083, 874.018655, 228.009937, 871.919331, 229.642745, 870.636410, 231.625440, 870.869668, 230.692407, 859.789902, 223.694660, 859.206756, 218.329720, 855.12473",
            "road_imcoords": "EMPTY",
            "image_id": "BLD00314_PS3_K3A_NIA0276.png",
            "ingest_time": "2023-03-02T14:34:14.313313Z",
            "type_id": "1",
            "type_name": "건물"
         }
      },
      {
         "type": "Feature",
         "geometry": {
            "type": "Polygon",
            "coordinates": [
               [
                  31.354875,
                  29.964709,
                  0.0
               ],
               [
                  31.354911,
                  29.96471,
                  0.0
               ],
               [
                  31.354922,
                  29.964581,
                  0.0
               ],
               [
                  31.354885,
                  29.964582,
                  0.0
               ]
            ]
         },
         "properties": {
            "object_imcoords": "EMPTY",
            "building_imcoords": "118.550392, 920.861124, 124.837155, 920.711439, 126.398960, 946.612557, 119.897555, 946.457231, 119.448501, 942.56542",
            "road_imcoords": "EMPTY",
            "image_id": "BLD00314_PS3_K3A_NIA0276.png",
            "ingest_time": "2023-03-02T14:34:14.313313Z",
            "type_id": "1",
            "type_name": "건물"
         }
      },
      {
         "type": "Feature",
         "geometry": {
            "type": "Polygon",
            "coordinates": [
               [
                  31.354923,
                  29.96471,
                  0.0
               ],
               [
                  31.354929,
                  29.964597,
                  0.0
               ],
               [
                  31.354931,
                  29.964582,
                  0.0
               ],
               [
                  31.354968,
                  29.964583,
                  0.0
               ]
            ]
         },
         "properties": {
            "object_imcoords": "EMPTY",
            "building_imcoords": "126.960364, 920.596789, 127.711609, 943.563415, 127.926250, 946.568394, 134.472811, 946.461073, 133.184963, 920.48946",
            "road_imcoords": "EMPTY",
            "image_id": "BLD00314_PS3_K3A_NIA0276.png",
            "ingest_time": "2023-03-02T14:34:14.313313Z",
            "type_id": "1",
            "type_name": "건물"
         }
      },
      {
         "type": "Feature",
         "geometry": {
            "type": "Polygon",
            "coordinates": [
               [
                  31.354968,
                  29.964716,
                  0.0
               ],
               [
                  31.354972,
                  29.964599,
                  0.0
               ],
               [
                  31.354972,
                  29.964586,
                  0.0
               ],
               [
                  31.355007,
                  29.964587,
                  0.0
               ]
            ]
         },
         "properties": {
            "object_imcoords": "EMPTY",
            "building_imcoords": "134.794774, 919.630903, 135.224056, 943.241453, 135.224056, 945.817149, 141.341335, 945.602508, 140.268128, 919.63090",
            "road_imcoords": "EMPTY",
            "image_id": "BLD00314_PS3_K3A_NIA0276.png",
            "ingest_time": "2023-03-02T14:34:14.313313Z",
            "type_id": "1",
            "type_name": "건물"
         }
      },
      {
         "type": "Feature",
         "geometry": {
            "type": "Polygon",
            "coordinates": [
               [
                  31.355013,
                  29.964698,
                  0.0
               ],
               [
                  31.35502,
                  29.964594,
                  0.0
               ],
               [
                  31.355021,
                  29.964584,
                  0.0
               ],
               [
                  31.355048,
                  29.964584,
                  0.0
               ]
            ]
         },
         "properties": {
            "object_imcoords": "EMPTY",
            "building_imcoords": "142.701212, 923.427442, 143.590008, 944.296878, 143.809327, 946.381024, 148.429011, 946.370736, 148.231501, 942.420530, 147.485077, 923.41592",
            "road_imcoords": "EMPTY",
            "image_id": "BLD00314_PS3_K3A_NIA0276.png",
            "ingest_time": "2023-03-02T14:34:14.313313Z",
            "type_id": "1",
            "type_name": "건물"
         }
      },
      {
         "type": "Feature",
         "geometry": {
            "type": "Polygon",
            "coordinates": [
               [
                  31.355057,
                  29.964699,
                  0.0
               ],
               [
                  31.35506,
                  29.964603,
                  0.0
               ],
               [
                  31.355063,
                  29.964586,
                  0.0
               ],
               [
                  31.355091,
                  29.964588,
                  0.0
               ]
            ]
         },
         "properties": {
            "object_imcoords": "EMPTY",
            "building_imcoords": "150.353511, 923.204417, 150.661298, 942.671888, 151.199923, 945.980589, 155.970608, 945.672803, 155.858143, 942.363667, 155.355036, 923.35831",
            "road_imcoords": "EMPTY",
            "image_id": "BLD00314_PS3_K3A_NIA0276.png",
            "ingest_time": "2023-03-02T14:34:14.313313Z",
            "type_id": "1",
            "type_name": "건물"
         }
      },
      {
         "type": "Feature",
         "geometry": {
            "type": "Polygon",
            "coordinates": [
               [
                  31.355101,
                  29.964696,
                  0.0
               ],
               [
                  31.355108,
                  29.9646,
                  0.0
               ],
               [
                  31.355108,
                  29.96459,
                  0.0
               ],
               [
                  31.355133,
                  29.964592,
                  0.0
               ]
            ]
         },
         "properties": {
            "object_imcoords": "EMPTY",
            "building_imcoords": "158.125111, 923.973882, 159.048469, 943.287460, 159.125415, 945.365016, 163.434421, 944.980284, 162.511063, 924.512508, 162.280223, 923.74304",
            "road_imcoords": "EMPTY",
            "image_id": "BLD00314_PS3_K3A_NIA0276.png",
            "ingest_time": "2023-03-02T14:34:14.313313Z",
            "type_id": "1",
            "type_name": "건물"
         }
      },
      {
         "type": "Feature",
         "geometry": {
            "type": "Polygon",
            "coordinates": [
               [
                  31.35514,
                  29.964699,
                  0.0
               ],
               [
                  31.355145,
                  29.964599,
                  0.0
               ],
               [
                  31.355171,
                  29.964601,
                  0.0
               ],
               [
                  31.355167,
                  29.964701,
                  0.0
               ]
            ]
         },
         "properties": {
            "object_imcoords": "EMPTY",
            "building_imcoords": "164.896405, 923.358310, 165.511977, 943.672193, 170.128769, 943.287460, 169.744036, 923.20441",
            "road_imcoords": "EMPTY",
            "image_id": "BLD00314_PS3_K3A_NIA0276.png",
            "ingest_time": "2023-03-02T14:34:14.313313Z",
            "type_id": "1",
            "type_name": "건물"
         }
      },
      {
         "type": "Feature",
         "geometry": {
            "type": "Polygon",
            "coordinates": [
               [
                  31.355187,
                  29.964684,
                  0.0
               ],
               [
                  31.355194,
                  29.964605,
                  0.0
               ],
               [
                  31.355196,
                  29.964598,
                  0.0
               ],
               [
                  31.355221,
                  29.964601,
                  0.0
               ]
            ]
         },
         "properties": {
            "object_imcoords": "EMPTY",
            "building_imcoords": "173.129683, 926.667011, 174.206934, 942.441048, 174.437774, 943.903032, 178.823726, 943.364407, 178.208154, 926.51311",
            "road_imcoords": "EMPTY",
            "image_id": "BLD00314_PS3_K3A_NIA0276.png",
            "ingest_time": "2023-03-02T14:34:14.313313Z",
            "type_id": "1",
            "type_name": "건물"
         }
      },
      {
         "type": "Feature",
         "geometry": {
            "type": "Polygon",
            "coordinates": [
               [
                  31.354236,
                  29.964761,
                  0.0
               ],
               [
                  31.354269,
                  29.964763,
                  0.0
               ],
               [
                  31.354273,
                  29.964668,
                  0.0
               ],
               [
                  31.354238,
                  29.964666,
                  0.0
               ]
            ]
         },
         "properties": {
            "object_imcoords": "EMPTY",
            "building_imcoords": "6.463992, 908.634439, 12.421004, 908.380949, 12.801238, 927.519434, 6.590737, 927.77292",
            "road_imcoords": "EMPTY",
            "image_id": "BLD00314_PS3_K3A_NIA0276.png",
            "ingest_time": "2023-03-02T14:34:14.313313Z",
            "type_id": "1",
            "type_name": "건물"
         }
      },
      {
         "type": "Feature",
         "geometry": {
            "type": "Polygon",
            "coordinates": [
               [
                  31.354217,
                  29.964929,
                  0.0
               ],
               [
                  31.354225,
                  29.964853,
                  0.0
               ],
               [
                  31.354241,
                  29.964853,
                  0.0
               ],
               [
                  31.35426,
                  29.96486,
                  0.0
               ]
            ]
         },
         "properties": {
            "object_imcoords": "EMPTY",
            "building_imcoords": "3.741358, 874.827062, 4.880240, 890.159309, 7.645383, 890.117829, 10.960161, 888.834037, 12.131908, 886.470967, 13.726304, 884.810725, 15.616102, 884.261791, 18.346355, 884.433233, 20.496134, 885.743350, 21.472141, 887.515145, 20.333466, 874.98973",
            "road_imcoords": "EMPTY",
            "image_id": "BLD00314_PS3_K3A_NIA0276.png",
            "ingest_time": "2023-03-02T14:34:14.313313Z",
            "type_id": "1",
            "type_name": "건물"
         }
      },
      {
         "type": "Feature",
         "geometry": {
            "type": "Polygon",
            "coordinates": [
               [
                  31.354265,
                  29.964868,
                  0.0
               ],
               [
                  31.354263,
                  29.96485,
                  0.0
               ],
               [
                  31.354272,
                  29.964837,
                  0.0
               ],
               [
                  31.354285,
                  29.964827,
                  0.0
               ]
            ]
         },
         "properties": {
            "object_imcoords": "EMPTY",
            "building_imcoords": "12.003658, 887.193443, 11.465032, 890.886876, 13.003963, 893.426111, 15.312359, 895.426721, 18.159380, 895.503668, 20.852509, 894.580309, 22.083653, 892.041074, 22.012307, 888.815512, 21.472141, 887.515145, 20.496134, 885.743350, 18.346355, 884.433233, 15.616102, 884.261791, 13.726304, 884.810725, 12.131908, 886.470967, 12.061758, 886.61243",
            "road_imcoords": "EMPTY",
            "image_id": "BLD00314_PS3_K3A_NIA0276.png",
            "ingest_time": "2023-03-02T14:34:14.313313Z",
            "type_id": "1",
            "type_name": "건물"
         }
      }
   ]
}