{
   "type": "FeatureCollection",
   "features": [
      {
         "type": "Feature",
         "geometry": {
            "type": "Polygon",
            "coordinates": [
               [
                  121.616006,
                  31.319806,
                  0.0
               ],
               [
                  121.621923,
                  31.319869,
                  0.0
               ],
               [
                  121.621849,
                  31.324949,
                  0.0
               ],
               [
                  121.615931,
                  31.324886,
                  0.0
               ]
            ]
         },
         "properties": {
            "object_imcoords": "EMPTY",
            "building_imcoords": "578.652887, 39.237289, 568.507291, 55.350270, 561.505148, 55.016835, 558.337512, 61.852259, 561.004995, 95.862666, 616.855418, 95.862666, 619.522901, 93.528619, 633.360468, 92.695030, 644.863988, 87.193347, 644.530553, 72.022038, 649.532083, 54.516682, 645.364141, 34.843995, 633.141797, 32.978916, 629.155192, 30.183995, 615.337265, 30.571706, 610.956580, 37.902640, 606.841565, 31.551619, 591.847766, 31.676359, 585.512494, 37.01132",
            "road_imcoords": "EMPTY",
            "image_id": "BLD01148_PS3_K3A_NIA0373.png",
            "ingest_time": "2023-03-02T14:34:14.313313Z",
            "type_id": "1",
            "type_name": "건물"
         }
      },
      {
         "type": "Feature",
         "geometry": {
            "type": "Polygon",
            "coordinates": [
               [
                  121.616006,
                  31.319806,
                  0.0
               ],
               [
                  121.621923,
                  31.319869,
                  0.0
               ],
               [
                  121.621849,
                  31.324949,
                  0.0
               ],
               [
                  121.615931,
                  31.324886,
                  0.0
               ]
            ]
         },
         "properties": {
            "object_imcoords": "EMPTY",
            "building_imcoords": "656.468159, 0.000000, 650.224937, 11.689437, 646.771239, 11.556603, 645.310060, 18.995335, 648.232419, 38.522008, 650.756275, 38.787678, 651.686116, 41.842871, 695.123002, 37.193663, 697.912526, 39.850354, 728.730133, 37.459332, 730.324147, 35.068311, 733.113672, 36.130987, 747.194130, 33.607132, 766.061089, 0.00000",
            "road_imcoords": "EMPTY",
            "image_id": "BLD01148_PS3_K3A_NIA0373.png",
            "ingest_time": "2023-03-02T14:34:14.313313Z",
            "type_id": "1",
            "type_name": "건물"
         }
      },
      {
         "type": "Feature",
         "geometry": {
            "type": "Polygon",
            "coordinates": [
               [
                  121.616006,
                  31.319806,
                  0.0
               ],
               [
                  121.621923,
                  31.319869,
                  0.0
               ],
               [
                  121.621849,
                  31.324949,
                  0.0
               ],
               [
                  121.615931,
                  31.324886,
                  0.0
               ]
            ]
         },
         "properties": {
            "object_imcoords": "EMPTY",
            "building_imcoords": "769.794412, 48.958128, 768.473131, 53.381798, 762.179698, 53.831329, 757.459623, 60.686676, 753.413845, 61.922886, 735.207842, 93.052903, 736.668818, 108.786486, 753.638610, 110.584610, 755.211969, 107.100745, 779.486639, 107.887424, 803.648927, 106.763597, 822.753992, 77.319321, 819.106136, 52.392124, 814.110878, 52.159787, 812.600683, 49.023229, 795.988546, 47.396866, 792.387314, 52.740630, 790.877120, 49.487904, 782.293857, 51.090695, 779.867541, 48.48206",
            "road_imcoords": "EMPTY",
            "image_id": "BLD01148_PS3_K3A_NIA0373.png",
            "ingest_time": "2023-03-02T14:34:14.313313Z",
            "type_id": "1",
            "type_name": "건물"
         }
      },
      {
         "type": "Feature",
         "geometry": {
            "type": "Polygon",
            "coordinates": [
               [
                  121.616006,
                  31.319806,
                  0.0
               ],
               [
                  121.621923,
                  31.319869,
                  0.0
               ],
               [
                  121.621849,
                  31.324949,
                  0.0
               ],
               [
                  121.615931,
                  31.324886,
                  0.0
               ]
            ]
         },
         "properties": {
            "object_imcoords": "EMPTY",
            "building_imcoords": "633.304365, 116.504906, 616.140510, 146.783003, 616.836714, 169.989802, 694.463456, 169.293598, 697.828442, 166.508782, 713.376997, 163.956034, 734.031048, 132.858924, 732.406572, 114.293484, 723.471955, 111.276601, 721.963513, 108.027649, 711.288385, 110.580397, 709.779943, 114.641586, 702.005666, 114.641586, 700.845326, 108.607819, 666.583578, 108.327807, 662.740344, 112.681080, 661.903079, 108.696457, 648.746062, 109.187989, 645.032975, 116.266062, 641.551955, 112.785042, 635.286119, 113.01711",
            "road_imcoords": "EMPTY",
            "image_id": "BLD01148_PS3_K3A_NIA0373.png",
            "ingest_time": "2023-03-02T14:34:14.313313Z",
            "type_id": "1",
            "type_name": "건물"
         }
      },
      {
         "type": "Feature",
         "geometry": {
            "type": "Polygon",
            "coordinates": [
               [
                  121.616006,
                  31.319806,
                  0.0
               ],
               [
                  121.621923,
                  31.319869,
                  0.0
               ],
               [
                  121.621849,
                  31.324949,
                  0.0
               ],
               [
                  121.615931,
                  31.324886,
                  0.0
               ]
            ]
         },
         "properties": {
            "object_imcoords": "EMPTY",
            "building_imcoords": "1024.000000, 85.982501, 1019.752464, 86.699022, 1005.422048, 91.141451, 990.518414, 75.807905, 984.642943, 76.667730, 979.483993, 85.122676, 967.733051, 83.403026, 965.583489, 75.091384, 938.642305, 74.661472, 933.196747, 83.403026, 927.607884, 84.692764, 906.542171, 120.518806, 906.972084, 139.291652, 1024.000000, 148.74972",
            "road_imcoords": "EMPTY",
            "image_id": "BLD01148_PS3_K3A_NIA0373.png",
            "ingest_time": "2023-03-02T14:34:14.313313Z",
            "type_id": "1",
            "type_name": "건물"
         }
      },
      {
         "type": "Feature",
         "geometry": {
            "type": "Polygon",
            "coordinates": [
               [
                  121.616006,
                  31.319806,
                  0.0
               ],
               [
                  121.621923,
                  31.319869,
                  0.0
               ],
               [
                  121.621849,
                  31.324949,
                  0.0
               ],
               [
                  121.615931,
                  31.324886,
                  0.0
               ]
            ]
         },
         "properties": {
            "object_imcoords": "EMPTY",
            "building_imcoords": "1024.000000, 190.135852, 1007.816046, 194.297075, 997.893131, 212.702481, 988.930498, 220.064644, 991.011110, 254.314705, 1010.216751, 253.834564, 1024.000000, 251.75395",
            "road_imcoords": "EMPTY",
            "image_id": "BLD01148_PS3_K3A_NIA0373.png",
            "ingest_time": "2023-03-02T14:34:14.313313Z",
            "type_id": "1",
            "type_name": "건물"
         }
      },
      {
         "type": "Feature",
         "geometry": {
            "type": "Polygon",
            "coordinates": [
               [
                  121.616006,
                  31.319806,
                  0.0
               ],
               [
                  121.621923,
                  31.319869,
                  0.0
               ],
               [
                  121.621849,
                  31.324949,
                  0.0
               ],
               [
                  121.615931,
                  31.324886,
                  0.0
               ]
            ]
         },
         "properties": {
            "object_imcoords": "EMPTY",
            "building_imcoords": "867.112260, 198.433014, 847.979645, 231.248296, 848.392404, 259.340722, 861.698591, 258.982762, 868.626858, 256.808781, 896.743418, 254.634799, 902.024970, 256.205195, 930.353291, 254.154658, 931.313573, 251.433859, 946.678087, 250.953718, 949.558933, 248.072871, 953.560108, 247.592730, 971.005233, 213.342669, 966.683963, 193.816934, 961.402412, 193.976981, 959.481848, 189.655711, 942.676911, 191.416229, 942.997005, 195.737498, 938.515689, 191.416229, 926.992304, 191.896370, 923.151176, 196.537733, 921.390659, 189.175570, 899.944359, 191.256182, 892.422149, 196.217639, 891.781961, 190.776040, 875.937307, 193.016699, 874.016742, 197.81810",
            "road_imcoords": "EMPTY",
            "image_id": "BLD01148_PS3_K3A_NIA0373.png",
            "ingest_time": "2023-03-02T14:34:14.313313Z",
            "type_id": "1",
            "type_name": "건물"
         }
      },
      {
         "type": "Feature",
         "geometry": {
            "type": "Polygon",
            "coordinates": [
               [
                  121.616006,
                  31.319806,
                  0.0
               ],
               [
                  121.621923,
                  31.319869,
                  0.0
               ],
               [
                  121.621849,
                  31.324949,
                  0.0
               ],
               [
                  121.615931,
                  31.324886,
                  0.0
               ]
            ]
         },
         "properties": {
            "object_imcoords": "EMPTY",
            "building_imcoords": "696.874710, 212.264612, 676.953700, 243.057533, 676.701435, 269.923778, 690.449889, 270.176044, 694.486133, 267.274994, 727.280611, 265.761402, 727.406743, 268.536320, 757.047906, 265.887535, 758.183099, 263.617148, 777.481388, 262.860352, 797.788738, 227.543223, 797.536473, 204.587088, 786.562936, 205.343884, 783.661886, 201.181508, 775.259694, 202.262141, 772.435495, 210.308815, 764.778953, 206.590542, 710.418336, 206.191040, 705.838067, 212.15504",
            "road_imcoords": "EMPTY",
            "image_id": "BLD01148_PS3_K3A_NIA0373.png",
            "ingest_time": "2023-03-02T14:34:14.313313Z",
            "type_id": "1",
            "type_name": "건물"
         }
      },
      {
         "type": "Feature",
         "geometry": {
            "type": "Polygon",
            "coordinates": [
               [
                  121.616006,
                  31.319806,
                  0.0
               ],
               [
                  121.621923,
                  31.319869,
                  0.0
               ],
               [
                  121.621849,
                  31.324949,
                  0.0
               ],
               [
                  121.615931,
                  31.324886,
                  0.0
               ]
            ]
         },
         "properties": {
            "object_imcoords": "EMPTY",
            "building_imcoords": "895.674385, 284.561823, 890.726647, 290.713066, 885.244018, 290.044452, 884.709127, 293.120074, 878.825330, 294.323577, 869.865912, 310.637742, 869.865912, 330.294973, 889.389420, 330.161251, 892.866209, 327.887965, 895.139495, 329.893805, 922.552640, 328.422856, 925.895707, 324.678622, 932.983008, 326.684462, 951.169290, 324.411176, 961.599657, 304.620222, 959.674156, 291.565476, 950.831879, 285.479233, 948.075845, 285.364399, 948.190680, 282.378695, 941.300593, 282.149025, 931.195134, 283.527042, 923.041865, 291.565476, 916.840788, 290.761633, 912.591901, 288.120433, 911.328719, 284.44572",
            "road_imcoords": "EMPTY",
            "image_id": "BLD01148_PS3_K3A_NIA0373.png",
            "ingest_time": "2023-03-02T14:34:14.313313Z",
            "type_id": "1",
            "type_name": "건물"
         }
      },
      {
         "type": "Feature",
         "geometry": {
            "type": "Polygon",
            "coordinates": [
               [
                  121.616006,
                  31.319806,
                  0.0
               ],
               [
                  121.621923,
                  31.319869,
                  0.0
               ],
               [
                  121.621849,
                  31.324949,
                  0.0
               ],
               [
                  121.615931,
                  31.324886,
                  0.0
               ]
            ]
         },
         "properties": {
            "object_imcoords": "EMPTY",
            "building_imcoords": "1024.000000, 277.670469, 999.177317, 278.129808, 999.981160, 282.263860, 995.387769, 282.263860, 993.435578, 285.479233, 987.234501, 288.120433, 980.459249, 302.589614, 980.688919, 318.896151, 996.306447, 319.240655, 996.536117, 317.747803, 1024.000000, 317.51813",
            "road_imcoords": "EMPTY",
            "image_id": "BLD01148_PS3_K3A_NIA0373.png",
            "ingest_time": "2023-03-02T14:34:14.313313Z",
            "type_id": "1",
            "type_name": "건물"
         }
      },
      {
         "type": "Feature",
         "geometry": {
            "type": "Polygon",
            "coordinates": [
               [
                  121.616006,
                  31.319806,
                  0.0
               ],
               [
                  121.621923,
                  31.319869,
                  0.0
               ],
               [
                  121.621849,
                  31.324949,
                  0.0
               ],
               [
                  121.615931,
                  31.324886,
                  0.0
               ]
            ]
         },
         "properties": {
            "object_imcoords": "EMPTY",
            "building_imcoords": "724.944943, 300.452843, 714.158684, 320.691977, 714.512843, 342.707848, 801.018652, 339.343937, 802.538276, 340.395946, 816.431333, 340.155243, 819.875879, 338.132567, 834.569773, 337.159283, 845.207140, 314.943379, 843.381879, 298.081242, 830.743481, 296.694100, 830.589354, 292.378550, 798.222725, 291.607916, 793.136541, 296.385847, 790.516385, 293.457438, 772.175295, 294.844579, 770.942281, 298.851876, 763.390067, 298.081242, 760.615785, 293.303311, 736.572003, 296.385847, 734.568355, 300.70139",
            "road_imcoords": "EMPTY",
            "image_id": "BLD01148_PS3_K3A_NIA0373.png",
            "ingest_time": "2023-03-02T14:34:14.313313Z",
            "type_id": "1",
            "type_name": "건물"
         }
      },
      {
         "type": "Feature",
         "geometry": {
            "type": "Polygon",
            "coordinates": [
               [
                  121.616006,
                  31.319806,
                  0.0
               ],
               [
                  121.621923,
                  31.319869,
                  0.0
               ],
               [
                  121.621849,
                  31.324949,
                  0.0
               ],
               [
                  121.615931,
                  31.324886,
                  0.0
               ]
            ]
         },
         "properties": {
            "object_imcoords": "EMPTY",
            "building_imcoords": "812.689604, 403.570171, 808.388925, 410.645481, 797.706594, 411.200408, 788.689041, 428.403124, 788.689041, 446.993156, 792.989720, 447.409350, 795.209425, 449.906519, 801.036151, 449.212861, 804.781904, 447.686813, 813.660725, 447.548082, 815.464236, 449.351592, 823.094473, 448.103008, 823.510668, 446.299498, 880.806811, 443.941061, 881.500469, 441.721355, 908.136932, 441.027698, 918.264338, 423.686250, 923.397406, 418.275718, 923.258675, 412.171529, 917.431948, 410.506750, 917.986875, 402.460318, 913.131269, 398.992028, 905.917227, 399.269492, 902.865132, 397.882176, 890.379290, 397.188518, 885.384953, 401.627928, 867.766042, 401.489197, 865.407605, 399.685686, 834.747926, 403.01524",
            "road_imcoords": "EMPTY",
            "image_id": "BLD01148_PS3_K3A_NIA0373.png",
            "ingest_time": "2023-03-02T14:34:14.313313Z",
            "type_id": "1",
            "type_name": "건물"
         }
      },
      {
         "type": "Feature",
         "geometry": {
            "type": "Polygon",
            "coordinates": [
               [
                  121.616006,
                  31.319806,
                  0.0
               ],
               [
                  121.621923,
                  31.319869,
                  0.0
               ],
               [
                  121.621849,
                  31.324949,
                  0.0
               ],
               [
                  121.615931,
                  31.324886,
                  0.0
               ]
            ]
         },
         "properties": {
            "object_imcoords": "EMPTY",
            "building_imcoords": "1024.000000, 393.966532, 1019.800820, 393.575304, 1018.235908, 389.532615, 1014.062810, 390.315071, 1013.149945, 392.010392, 1002.065154, 392.532029, 1000.109014, 397.226764, 983.155803, 397.878811, 980.547617, 394.227350, 964.116044, 393.836122, 961.247039, 399.834951, 949.249382, 401.921500, 939.338275, 422.395762, 939.468684, 440.522656, 1024.000000, 435.04546",
            "road_imcoords": "EMPTY",
            "image_id": "BLD01148_PS3_K3A_NIA0373.png",
            "ingest_time": "2023-03-02T14:34:14.313313Z",
            "type_id": "1",
            "type_name": "건물"
         }
      },
      {
         "type": "Feature",
         "geometry": {
            "type": "Polygon",
            "coordinates": [
               [
                  121.616006,
                  31.319806,
                  0.0
               ],
               [
                  121.621923,
                  31.319869,
                  0.0
               ],
               [
                  121.621849,
                  31.324949,
                  0.0
               ],
               [
                  121.615931,
                  31.324886,
                  0.0
               ]
            ]
         },
         "properties": {
            "object_imcoords": "EMPTY",
            "building_imcoords": "881.521596, 475.700293, 869.812817, 480.059945, 848.512804, 514.563475, 853.121579, 535.738927, 923.000569, 517.552951, 955.635677, 503.851188, 970.707616, 473.209064, 967.469018, 453.777473, 962.860243, 454.524842, 959.247960, 450.912559, 943.428652, 457.763440, 942.681283, 461.251162, 923.125131, 464.863445, 921.505832, 461.998531, 901.700556, 464.863445, 899.209327, 470.593273, 894.600552, 468.724851, 883.390019, 471.34064",
            "road_imcoords": "EMPTY",
            "image_id": "BLD01148_PS3_K3A_NIA0373.png",
            "ingest_time": "2023-03-02T14:34:14.313313Z",
            "type_id": "1",
            "type_name": "건물"
         }
      },
      {
         "type": "Feature",
         "geometry": {
            "type": "Polygon",
            "coordinates": [
               [
                  121.616006,
                  31.319806,
                  0.0
               ],
               [
                  121.621923,
                  31.319869,
                  0.0
               ],
               [
                  121.621849,
                  31.324949,
                  0.0
               ],
               [
                  121.615931,
                  31.324886,
                  0.0
               ]
            ]
         },
         "properties": {
            "object_imcoords": "EMPTY",
            "building_imcoords": "1014.544155, 518.679415, 1024.000000, 530.151202, 1024.000000, 548.454501, 1009.001606, 576.811726, 997.916509, 580.807516, 993.018443, 580.420827, 987.346998, 583.772135, 974.328454, 584.932203, 969.430388, 588.541305, 929.988067, 596.790679, 912.973732, 600.657573, 907.688977, 586.736754, 907.946770, 573.589314, 924.058829, 547.294433, 950.224814, 532.471338, 958.860877, 535.822647, 963.372254, 529.377823, 979.742106, 528.346651, 985.026862, 531.182373, 990.956100, 527.573272, 999.978853, 527.959962, 1001.912300, 524.479757, 1009.130503, 522.41741",
            "road_imcoords": "EMPTY",
            "image_id": "BLD01148_PS3_K3A_NIA0373.png",
            "ingest_time": "2023-03-02T14:34:14.313313Z",
            "type_id": "1",
            "type_name": "건물"
         }
      },
      {
         "type": "Feature",
         "geometry": {
            "type": "Polygon",
            "coordinates": [
               [
                  121.616006,
                  31.319806,
                  0.0
               ],
               [
                  121.621923,
                  31.319869,
                  0.0
               ],
               [
                  121.621849,
                  31.324949,
                  0.0
               ],
               [
                  121.615931,
                  31.324886,
                  0.0
               ]
            ]
         },
         "properties": {
            "object_imcoords": "EMPTY",
            "building_imcoords": "1024.000000, 603.015300, 1014.266018, 603.015300, 1010.979442, 606.301876, 1000.119451, 605.301614, 987.116040, 613.017923, 977.684996, 616.161605, 959.823168, 645.740791, 961.395009, 675.034189, 979.542626, 671.461823, 989.402354, 666.174722, 1024.000000, 660.45893",
            "road_imcoords": "EMPTY",
            "image_id": "BLD01148_PS3_K3A_NIA0373.png",
            "ingest_time": "2023-03-02T14:34:14.313313Z",
            "type_id": "1",
            "type_name": "건물"
         }
      },
      {
         "type": "Feature",
         "geometry": {
            "type": "Polygon",
            "coordinates": [
               [
                  121.616006,
                  31.319806,
                  0.0
               ],
               [
                  121.621923,
                  31.319869,
                  0.0
               ],
               [
                  121.621849,
                  31.324949,
                  0.0
               ],
               [
                  121.615931,
                  31.324886,
                  0.0
               ]
            ]
         },
         "properties": {
            "object_imcoords": "EMPTY",
            "building_imcoords": "1024.000000, 685.751285, 1013.694440, 686.465758, 1013.265756, 692.324438, 993.546298, 726.762041, 997.261559, 745.767026, 1018.409962, 742.051766, 1024.000000, 739.47966",
            "road_imcoords": "EMPTY",
            "image_id": "BLD01148_PS3_K3A_NIA0373.png",
            "ingest_time": "2023-03-02T14:34:14.313313Z",
            "type_id": "1",
            "type_name": "건물"
         }
      },
      {
         "type": "Feature",
         "geometry": {
            "type": "Polygon",
            "coordinates": [
               [
                  121.616006,
                  31.319806,
                  0.0
               ],
               [
                  121.621923,
                  31.319869,
                  0.0
               ],
               [
                  121.621849,
                  31.324949,
                  0.0
               ],
               [
                  121.615931,
                  31.324886,
                  0.0
               ]
            ]
         },
         "properties": {
            "object_imcoords": "EMPTY",
            "building_imcoords": "820.754091, 0.000000, 812.740811, 17.726346, 809.826891, 48.079677, 941.924591, 60.949490, 952.123310, 40.552051, 952.851790, 5.585013, 946.052644, 3.156747, 941.681764, 0.00000",
            "road_imcoords": "EMPTY",
            "image_id": "BLD01148_PS3_K3A_NIA0373.png",
            "ingest_time": "2023-03-02T14:34:14.313313Z",
            "type_id": "1",
            "type_name": "건물"
         }
      },
      {
         "type": "Feature",
         "geometry": {
            "type": "Polygon",
            "coordinates": [
               [
                  121.616006,
                  31.319806,
                  0.0
               ],
               [
                  121.621923,
                  31.319869,
                  0.0
               ],
               [
                  121.621849,
                  31.324949,
                  0.0
               ],
               [
                  121.615931,
                  31.324886,
                  0.0
               ]
            ]
         },
         "properties": {
            "object_imcoords": "EMPTY",
            "building_imcoords": "791.190053, 127.511432, 775.130192, 129.639847, 756.748422, 163.501001, 757.909376, 188.268017, 882.711916, 181.108802, 896.256377, 161.759571, 890.451608, 124.028570, 871.102377, 118.997770, 860.073315, 128.285401, 843.626469, 124.802540, 841.304561, 120.739201, 825.825177, 123.061109, 824.470731, 126.737463, 812.667700, 126.737463, 808.217377, 123.254601, 793.898946, 124.41555",
            "road_imcoords": "EMPTY",
            "image_id": "BLD01148_PS3_K3A_NIA0373.png",
            "ingest_time": "2023-03-02T14:34:14.313313Z",
            "type_id": "1",
            "type_name": "건물"
         }
      },
      {
         "type": "Feature",
         "geometry": {
            "type": "Polygon",
            "coordinates": [
               [
                  121.616006,
                  31.319806,
                  0.0
               ],
               [
                  121.621923,
                  31.319869,
                  0.0
               ],
               [
                  121.621849,
                  31.324949,
                  0.0
               ],
               [
                  121.615931,
                  31.324886,
                  0.0
               ]
            ]
         },
         "properties": {
            "object_imcoords": "EMPTY",
            "building_imcoords": "0.000000, 385.793433, 4.173983, 386.242548, 57.701024, 456.545219, 124.122436, 406.407357, 132.641006, 416.893671, 145.379079, 406.236208, 138.816228, 397.453979, 161.479064, 380.923506, 157.407657, 372.653966, 0.000000, 160.65578",
            "road_imcoords": "EMPTY",
            "image_id": "BLD01148_PS3_K3A_NIA0373.png",
            "ingest_time": "2023-03-02T14:34:14.313313Z",
            "type_id": "1",
            "type_name": "건물"
         }
      },
      {
         "type": "Feature",
         "geometry": {
            "type": "Polygon",
            "coordinates": [
               [
                  121.616006,
                  31.319806,
                  0.0
               ],
               [
                  121.621923,
                  31.319869,
                  0.0
               ],
               [
                  121.621849,
                  31.324949,
                  0.0
               ],
               [
                  121.615931,
                  31.324886,
                  0.0
               ]
            ]
         },
         "properties": {
            "object_imcoords": "EMPTY",
            "building_imcoords": "179.906247, 526.340585, 174.115702, 538.121349, 175.130401, 551.271762, 176.718166, 553.177079, 174.018966, 555.717502, 175.924283, 572.071474, 179.893694, 573.818015, 194.501126, 630.818753, 252.772075, 618.751744, 252.454522, 611.606805, 259.440685, 617.640309, 295.959264, 608.113724, 294.847829, 592.712410, 298.023358, 582.868271, 294.212723, 566.037970, 292.783735, 566.037970, 285.003690, 536.823107, 238.323420, 546.508469, 231.972363, 515.54706",
            "road_imcoords": "EMPTY",
            "image_id": "BLD01148_PS3_K3A_NIA0373.png",
            "ingest_time": "2023-03-02T14:34:14.313313Z",
            "type_id": "1",
            "type_name": "건물"
         }
      },
      {
         "type": "Feature",
         "geometry": {
            "type": "Polygon",
            "coordinates": [
               [
                  121.616006,
                  31.319806,
                  0.0
               ],
               [
                  121.621923,
                  31.319869,
                  0.0
               ],
               [
                  121.621849,
                  31.324949,
                  0.0
               ],
               [
                  121.615931,
                  31.324886,
                  0.0
               ]
            ]
         },
         "properties": {
            "object_imcoords": "EMPTY",
            "building_imcoords": "0.000000, 558.959974, 5.784290, 557.972412, 7.477254, 550.777319, 24.390979, 548.293279, 25.985964, 558.573157, 67.699542, 551.149769, 71.687751, 544.994566, 130.499237, 534.361219, 148.080830, 610.452676, 145.073143, 620.422640, 0.000000, 651.07969",
            "road_imcoords": "EMPTY",
            "image_id": "BLD01148_PS3_K3A_NIA0373.png",
            "ingest_time": "2023-03-02T14:34:14.313313Z",
            "type_id": "1",
            "type_name": "건물"
         }
      },
      {
         "type": "Feature",
         "geometry": {
            "type": "Polygon",
            "coordinates": [
               [
                  121.616006,
                  31.319806,
                  0.0
               ],
               [
                  121.621923,
                  31.319869,
                  0.0
               ],
               [
                  121.621849,
                  31.324949,
                  0.0
               ],
               [
                  121.615931,
                  31.324886,
                  0.0
               ]
            ]
         },
         "properties": {
            "object_imcoords": "EMPTY",
            "building_imcoords": "10.823185, 676.581045, 3.959702, 687.140250, 21.910350, 762.902544, 343.438135, 691.627912, 345.549976, 682.916568, 329.183208, 607.68223",
            "road_imcoords": "EMPTY",
            "image_id": "BLD01148_PS3_K3A_NIA0373.png",
            "ingest_time": "2023-03-02T14:34:14.313313Z",
            "type_id": "1",
            "type_name": "건물"
         }
      },
      {
         "type": "Feature",
         "geometry": {
            "type": "Polygon",
            "coordinates": [
               [
                  121.616006,
                  31.319806,
                  0.0
               ],
               [
                  121.621923,
                  31.319869,
                  0.0
               ],
               [
                  121.621849,
                  31.324949,
                  0.0
               ],
               [
                  121.615931,
                  31.324886,
                  0.0
               ]
            ]
         },
         "properties": {
            "object_imcoords": "EMPTY",
            "building_imcoords": "67.702959, 774.802420, 59.541686, 785.275574, 75.468624, 863.172390, 91.356756, 861.682877, 314.318145, 812.272957, 318.305700, 802.823857, 312.774303, 763.475852, 302.619253, 726.29237",
            "road_imcoords": "EMPTY",
            "image_id": "BLD01148_PS3_K3A_NIA0373.png",
            "ingest_time": "2023-03-02T14:34:14.313313Z",
            "type_id": "1",
            "type_name": "건물"
         }
      },
      {
         "type": "Feature",
         "geometry": {
            "type": "Polygon",
            "coordinates": [
               [
                  121.616006,
                  31.319806,
                  0.0
               ],
               [
                  121.621923,
                  31.319869,
                  0.0
               ],
               [
                  121.621849,
                  31.324949,
                  0.0
               ],
               [
                  121.615931,
                  31.324886,
                  0.0
               ]
            ]
         },
         "properties": {
            "object_imcoords": "EMPTY",
            "building_imcoords": "322.083242, 839.984535, 314.325423, 851.487507, 333.318704, 959.829462, 510.946007, 932.275829, 512.818584, 922.645433, 496.232902, 813.500946, 420.527289, 823.398853, 420.259778, 812.965924, 405.011651, 809.488281, 389.763524, 817.781122, 391.636101, 828.48156",
            "road_imcoords": "EMPTY",
            "image_id": "BLD01148_PS3_K3A_NIA0373.png",
            "ingest_time": "2023-03-02T14:34:14.313313Z",
            "type_id": "1",
            "type_name": "건물"
         }
      },
      {
         "type": "Feature",
         "geometry": {
            "type": "Polygon",
            "coordinates": [
               [
                  121.616006,
                  31.319806,
                  0.0
               ],
               [
                  121.621923,
                  31.319869,
                  0.0
               ],
               [
                  121.621849,
                  31.324949,
                  0.0
               ],
               [
                  121.615931,
                  31.324886,
                  0.0
               ]
            ]
         },
         "properties": {
            "object_imcoords": "EMPTY",
            "building_imcoords": "357.662205, 968.389814, 348.566831, 989.523183, 353.649540, 1024.000000, 609.926829, 1024.000000, 612.103999, 1021.651570, 597.156051, 927.19312",
            "road_imcoords": "EMPTY",
            "image_id": "BLD01148_PS3_K3A_NIA0373.png",
            "ingest_time": "2023-03-02T14:34:14.313313Z",
            "type_id": "1",
            "type_name": "건물"
         }
      },
      {
         "type": "Feature",
         "geometry": {
            "type": "Polygon",
            "coordinates": [
               [
                  121.616006,
                  31.319806,
                  0.0
               ],
               [
                  121.621923,
                  31.319869,
                  0.0
               ],
               [
                  121.621849,
                  31.324949,
                  0.0
               ],
               [
                  121.615931,
                  31.324886,
                  0.0
               ]
            ]
         },
         "properties": {
            "object_imcoords": "EMPTY",
            "building_imcoords": "739.528166, 937.986086, 710.232847, 954.241416, 710.232847, 963.172915, 717.556677, 974.783865, 737.920496, 965.495105, 742.386245, 956.563606, 747.745145, 955.849086, 745.780215, 940.12964",
            "road_imcoords": "EMPTY",
            "image_id": "BLD01148_PS3_K3A_NIA0373.png",
            "ingest_time": "2023-03-02T14:34:14.313313Z",
            "type_id": "1",
            "type_name": "건물"
         }
      },
      {
         "type": "Feature",
         "geometry": {
            "type": "Polygon",
            "coordinates": [
               [
                  121.616006,
                  31.319806,
                  0.0
               ],
               [
                  121.621923,
                  31.319869,
                  0.0
               ],
               [
                  121.621849,
                  31.324949,
                  0.0
               ],
               [
                  121.615931,
                  31.324886,
                  0.0
               ]
            ]
         },
         "properties": {
            "object_imcoords": "EMPTY",
            "building_imcoords": "731.340904, 974.660953, 690.685285, 991.536871, 690.378450, 999.821413, 700.350583, 1012.094807, 738.244689, 994.144967, 741.159620, 986.167261, 737.170767, 976.50196",
            "road_imcoords": "EMPTY",
            "image_id": "BLD01148_PS3_K3A_NIA0373.png",
            "ingest_time": "2023-03-02T14:34:14.313313Z",
            "type_id": "1",
            "type_name": "건물"
         }
      },
      {
         "type": "Feature",
         "geometry": {
            "type": "Polygon",
            "coordinates": [
               [
                  121.616006,
                  31.319806,
                  0.0
               ],
               [
                  121.621923,
                  31.319869,
                  0.0
               ],
               [
                  121.621849,
                  31.324949,
                  0.0
               ],
               [
                  121.615931,
                  31.324886,
                  0.0
               ]
            ]
         },
         "properties": {
            "object_imcoords": "EMPTY",
            "building_imcoords": "737.729924, 965.016769, 743.590350, 978.300400, 753.943769, 973.123691, 755.018180, 963.844683, 748.278691, 955.542414, 742.711286, 955.83543",
            "road_imcoords": "EMPTY",
            "image_id": "BLD01148_PS3_K3A_NIA0373.png",
            "ingest_time": "2023-03-02T14:34:14.313313Z",
            "type_id": "1",
            "type_name": "건물"
         }
      },
      {
         "type": "Feature",
         "geometry": {
            "type": "Polygon",
            "coordinates": [
               [
                  121.616006,
                  31.319806,
                  0.0
               ],
               [
                  121.621923,
                  31.319869,
                  0.0
               ],
               [
                  121.621849,
                  31.324949,
                  0.0
               ],
               [
                  121.615931,
                  31.324886,
                  0.0
               ]
            ]
         },
         "properties": {
            "object_imcoords": "EMPTY",
            "building_imcoords": "722.673723, 1007.669686, 721.768495, 1012.648440, 727.803349, 1023.209434, 757.223260, 1010.083628, 757.675874, 997.561306, 751.188406, 994.24213",
            "road_imcoords": "EMPTY",
            "image_id": "BLD01148_PS3_K3A_NIA0373.png",
            "ingest_time": "2023-03-02T14:34:14.313313Z",
            "type_id": "1",
            "type_name": "건물"
         }
      },
      {
         "type": "Feature",
         "geometry": {
            "type": "Polygon",
            "coordinates": [
               [
                  121.616006,
                  31.319806,
                  0.0
               ],
               [
                  121.621923,
                  31.319869,
                  0.0
               ],
               [
                  121.621849,
                  31.324949,
                  0.0
               ],
               [
                  121.615931,
                  31.324886,
                  0.0
               ]
            ]
         },
         "properties": {
            "object_imcoords": "EMPTY",
            "building_imcoords": "753.904091, 1011.290598, 760.391558, 1017.023709, 760.089816, 1024.000000, 728.859448, 1024.00000",
            "road_imcoords": "EMPTY",
            "image_id": "BLD01148_PS3_K3A_NIA0373.png",
            "ingest_time": "2023-03-02T14:34:14.313313Z",
            "type_id": "1",
            "type_name": "건물"
         }
      },
      {
         "type": "Feature",
         "geometry": {
            "type": "Polygon",
            "coordinates": [
               [
                  121.616006,
                  31.319806,
                  0.0
               ],
               [
                  121.621923,
                  31.319869,
                  0.0
               ],
               [
                  121.621849,
                  31.324949,
                  0.0
               ],
               [
                  121.615931,
                  31.324886,
                  0.0
               ]
            ]
         },
         "properties": {
            "object_imcoords": "EMPTY",
            "building_imcoords": "838.957105, 949.715103, 841.861819, 945.800054, 853.101798, 943.021632, 864.468069, 964.743840, 859.163809, 971.311018, 847.166079, 977.373030, 840.977776, 960.44991",
            "road_imcoords": "EMPTY",
            "image_id": "BLD01148_PS3_K3A_NIA0373.png",
            "ingest_time": "2023-03-02T14:34:14.313313Z",
            "type_id": "1",
            "type_name": "건물"
         }
      },
      {
         "type": "Feature",
         "geometry": {
            "type": "Polygon",
            "coordinates": [
               [
                  121.616006,
                  31.319806,
                  0.0
               ],
               [
                  121.621923,
                  31.319869,
                  0.0
               ],
               [
                  121.621849,
                  31.324949,
                  0.0
               ],
               [
                  121.615931,
                  31.324886,
                  0.0
               ]
            ]
         },
         "properties": {
            "object_imcoords": "EMPTY",
            "building_imcoords": "838.074696, 949.209671, 832.459455, 939.850937, 819.474211, 943.711415, 818.538337, 948.156814, 823.685642, 957.749517, 836.904854, 952.48522",
            "road_imcoords": "EMPTY",
            "image_id": "BLD01148_PS3_K3A_NIA0373.png",
            "ingest_time": "2023-03-02T14:34:14.313313Z",
            "type_id": "1",
            "type_name": "건물"
         }
      },
      {
         "type": "Feature",
         "geometry": {
            "type": "Polygon",
            "coordinates": [
               [
                  121.616006,
                  31.319806,
                  0.0
               ],
               [
                  121.621923,
                  31.319869,
                  0.0
               ],
               [
                  121.621849,
                  31.324949,
                  0.0
               ],
               [
                  121.615931,
                  31.324886,
                  0.0
               ]
            ]
         },
         "properties": {
            "object_imcoords": "EMPTY",
            "building_imcoords": "863.298596, 932.267354, 869.733815, 945.557480, 868.894439, 952.412387, 878.127579, 950.313946, 924.573071, 930.448706, 914.780347, 909.60419",
            "road_imcoords": "EMPTY",
            "image_id": "BLD01148_PS3_K3A_NIA0373.png",
            "ingest_time": "2023-03-02T14:34:14.313313Z",
            "type_id": "1",
            "type_name": "건물"
         }
      },
      {
         "type": "Feature",
         "geometry": {
            "type": "Polygon",
            "coordinates": [
               [
                  121.616006,
                  31.319806,
                  0.0
               ],
               [
                  121.621923,
                  31.319869,
                  0.0
               ],
               [
                  121.621849,
                  31.324949,
                  0.0
               ],
               [
                  121.615931,
                  31.324886,
                  0.0
               ]
            ]
         },
         "properties": {
            "object_imcoords": "EMPTY",
            "building_imcoords": "875.889242, 951.433115, 887.500615, 984.168793, 911.842529, 971.997836, 898.552404, 942.06007",
            "road_imcoords": "EMPTY",
            "image_id": "BLD01148_PS3_K3A_NIA0373.png",
            "ingest_time": "2023-03-02T14:34:14.313313Z",
            "type_id": "1",
            "type_name": "건물"
         }
      },
      {
         "type": "Feature",
         "geometry": {
            "type": "Polygon",
            "coordinates": [
               [
                  121.616006,
                  31.319806,
                  0.0
               ],
               [
                  121.621923,
                  31.319869,
                  0.0
               ],
               [
                  121.621849,
                  31.324949,
                  0.0
               ],
               [
                  121.615931,
                  31.324886,
                  0.0
               ]
            ]
         },
         "properties": {
            "object_imcoords": "EMPTY",
            "building_imcoords": "884.842590, 888.759679, 893.516145, 884.422901, 907.645648, 903.868454, 894.215626, 915.479827, 886.521342, 903.868454, 891.557601, 899.81146",
            "road_imcoords": "EMPTY",
            "image_id": "BLD01148_PS3_K3A_NIA0373.png",
            "ingest_time": "2023-03-02T14:34:14.313313Z",
            "type_id": "1",
            "type_name": "건물"
         }
      },
      {
         "type": "Feature",
         "geometry": {
            "type": "Polygon",
            "coordinates": [
               [
                  121.616006,
                  31.319806,
                  0.0
               ],
               [
                  121.621923,
                  31.319869,
                  0.0
               ],
               [
                  121.621849,
                  31.324949,
                  0.0
               ],
               [
                  121.615931,
                  31.324886,
                  0.0
               ]
            ]
         },
         "properties": {
            "object_imcoords": "EMPTY",
            "building_imcoords": "627.182334, 682.457292, 625.140929, 688.424475, 632.835455, 701.615090, 718.888514, 664.712774, 719.359607, 654.819813, 711.822113, 644.61278",
            "road_imcoords": "EMPTY",
            "image_id": "BLD01148_PS3_K3A_NIA0373.png",
            "ingest_time": "2023-03-02T14:34:14.313313Z",
            "type_id": "1",
            "type_name": "건물"
         }
      },
      {
         "type": "Feature",
         "geometry": {
            "type": "Polygon",
            "coordinates": [
               [
                  121.616006,
                  31.319806,
                  0.0
               ],
               [
                  121.621923,
                  31.319869,
                  0.0
               ],
               [
                  121.621849,
                  31.324949,
                  0.0
               ],
               [
                  121.615931,
                  31.324886,
                  0.0
               ]
            ]
         },
         "properties": {
            "object_imcoords": "EMPTY",
            "building_imcoords": "633.306548, 701.615090, 632.992486, 708.681491, 642.414354, 725.640853, 731.608036, 686.854163, 730.979911, 673.035424, 722.186168, 663.299494, 718.574452, 664.24168",
            "road_imcoords": "EMPTY",
            "image_id": "BLD01148_PS3_K3A_NIA0373.png",
            "ingest_time": "2023-03-02T14:34:14.313313Z",
            "type_id": "1",
            "type_name": "건물"
         }
      },
      {
         "type": "Feature",
         "geometry": {
            "type": "Polygon",
            "coordinates": [
               [
                  121.616006,
                  31.319806,
                  0.0
               ],
               [
                  121.621923,
                  31.319869,
                  0.0
               ],
               [
                  121.621849,
                  31.324949,
                  0.0
               ],
               [
                  121.615931,
                  31.324886,
                  0.0
               ]
            ]
         },
         "properties": {
            "object_imcoords": "EMPTY",
            "building_imcoords": "657.585664, 735.053199, 655.275852, 742.871024, 665.758844, 767.745921, 756.196861, 728.123764, 753.887050, 712.843470, 742.160313, 698.45156",
            "road_imcoords": "EMPTY",
            "image_id": "BLD01148_PS3_K3A_NIA0373.png",
            "ingest_time": "2023-03-02T14:34:14.313313Z",
            "type_id": "1",
            "type_name": "건물"
         }
      },
      {
         "type": "Feature",
         "geometry": {
            "type": "Polygon",
            "coordinates": [
               [
                  121.616006,
                  31.319806,
                  0.0
               ],
               [
                  121.621923,
                  31.319869,
                  0.0
               ],
               [
                  121.621849,
                  31.324949,
                  0.0
               ],
               [
                  121.615931,
                  31.324886,
                  0.0
               ]
            ]
         },
         "properties": {
            "object_imcoords": "EMPTY",
            "building_imcoords": "764.903075, 738.606756, 668.424011, 779.472658, 667.535622, 789.067261, 674.998091, 801.149353, 775.386068, 755.130794, 772.365544, 743.93709",
            "road_imcoords": "EMPTY",
            "image_id": "BLD01148_PS3_K3A_NIA0373.png",
            "ingest_time": "2023-03-02T14:34:14.313313Z",
            "type_id": "1",
            "type_name": "건물"
         }
      },
      {
         "type": "Feature",
         "geometry": {
            "type": "Polygon",
            "coordinates": [
               [
                  121.616006,
                  31.319806,
                  0.0
               ],
               [
                  121.621923,
                  31.319869,
                  0.0
               ],
               [
                  121.621849,
                  31.324949,
                  0.0
               ],
               [
                  121.615931,
                  31.324886,
                  0.0
               ]
            ]
         },
         "properties": {
            "object_imcoords": "EMPTY",
            "building_imcoords": "774.142323, 754.597761, 780.005691, 759.217385, 782.670859, 775.208390, 682.638238, 817.851070, 674.820414, 801.86006",
            "road_imcoords": "EMPTY",
            "image_id": "BLD01148_PS3_K3A_NIA0373.png",
            "ingest_time": "2023-03-02T14:34:14.313313Z",
            "type_id": "1",
            "type_name": "건물"
         }
      },
      {
         "type": "Feature",
         "geometry": {
            "type": "Polygon",
            "coordinates": [
               [
                  121.616006,
                  31.319806,
                  0.0
               ],
               [
                  121.621923,
                  31.319869,
                  0.0
               ],
               [
                  121.621849,
                  31.324949,
                  0.0
               ],
               [
                  121.615931,
                  31.324886,
                  0.0
               ]
            ]
         },
         "properties": {
            "object_imcoords": "EMPTY",
            "building_imcoords": "803.992199, 767.745921, 788.889583, 769.700377, 781.249436, 781.071758, 830.110840, 857.828583, 854.275026, 840.416155, 850.721469, 832.24297",
            "road_imcoords": "EMPTY",
            "image_id": "BLD01148_PS3_K3A_NIA0373.png",
            "ingest_time": "2023-03-02T14:34:14.313313Z",
            "type_id": "1",
            "type_name": "건물"
         }
      },
      {
         "type": "Feature",
         "geometry": {
            "type": "Polygon",
            "coordinates": [
               [
                  121.616006,
                  31.319806,
                  0.0
               ],
               [
                  121.621923,
                  31.319869,
                  0.0
               ],
               [
                  121.621849,
                  31.324949,
                  0.0
               ],
               [
                  121.615931,
                  31.324886,
                  0.0
               ]
            ]
         },
         "properties": {
            "object_imcoords": "EMPTY",
            "building_imcoords": "783.914604, 813.231446, 792.265462, 824.069794, 794.042240, 836.329565, 734.520166, 861.915173, 727.590730, 843.792034, 728.834475, 837.75098",
            "road_imcoords": "EMPTY",
            "image_id": "BLD01148_PS3_K3A_NIA0373.png",
            "ingest_time": "2023-03-02T14:34:14.313313Z",
            "type_id": "1",
            "type_name": "건물"
         }
      },
      {
         "type": "Feature",
         "geometry": {
            "type": "Polygon",
            "coordinates": [
               [
                  121.616006,
                  31.319806,
                  0.0
               ],
               [
                  121.621923,
                  31.319869,
                  0.0
               ],
               [
                  121.621849,
                  31.324949,
                  0.0
               ],
               [
                  121.615931,
                  31.324886,
                  0.0
               ]
            ]
         },
         "properties": {
            "object_imcoords": "EMPTY",
            "building_imcoords": "727.413052, 843.792034, 706.091712, 852.498248, 698.806921, 832.065297, 700.050666, 822.115338, 774.142323, 794.042240, 782.848537, 803.636843, 784.625315, 814.297513, 728.479119, 837.92866",
            "road_imcoords": "EMPTY",
            "image_id": "BLD01148_PS3_K3A_NIA0373.png",
            "ingest_time": "2023-03-02T14:34:14.313313Z",
            "type_id": "1",
            "type_name": "건물"
         }
      },
      {
         "type": "Feature",
         "geometry": {
            "type": "Polygon",
            "coordinates": [
               [
                  121.616006,
                  31.319806,
                  0.0
               ],
               [
                  121.621923,
                  31.319869,
                  0.0
               ],
               [
                  121.621849,
                  31.324949,
                  0.0
               ],
               [
                  121.615931,
                  31.324886,
                  0.0
               ]
            ]
         },
         "properties": {
            "object_imcoords": "EMPTY",
            "building_imcoords": "787.290482, 848.589335, 781.782470, 861.559817, 783.559248, 870.443709, 815.541258, 876.307077, 820.693915, 867.778541, 819.627848, 852.14289",
            "road_imcoords": "EMPTY",
            "image_id": "BLD01148_PS3_K3A_NIA0373.png",
            "ingest_time": "2023-03-02T14:34:14.313313Z",
            "type_id": "1",
            "type_name": "건물"
         }
      },
      {
         "type": "Feature",
         "geometry": {
            "type": "Polygon",
            "coordinates": [
               [
                  121.616006,
                  31.319806,
                  0.0
               ],
               [
                  121.621923,
                  31.319869,
                  0.0
               ],
               [
                  121.621849,
                  31.324949,
                  0.0
               ],
               [
                  121.615931,
                  31.324886,
                  0.0
               ]
            ]
         },
         "properties": {
            "object_imcoords": "EMPTY",
            "building_imcoords": "465.979810, 417.314570, 466.306197, 429.793038, 483.393337, 448.362119, 550.002655, 405.909028, 544.809263, 388.005577, 531.583225, 376.35661",
            "road_imcoords": "EMPTY",
            "image_id": "BLD01148_PS3_K3A_NIA0373.png",
            "ingest_time": "2023-03-02T14:34:14.313313Z",
            "type_id": "1",
            "type_name": "건물"
         }
      },
      {
         "type": "Feature",
         "geometry": {
            "type": "Polygon",
            "coordinates": [
               [
                  121.616006,
                  31.319806,
                  0.0
               ],
               [
                  121.621923,
                  31.319869,
                  0.0
               ],
               [
                  121.621849,
                  31.324949,
                  0.0
               ],
               [
                  121.615931,
                  31.324886,
                  0.0
               ]
            ]
         },
         "properties": {
            "object_imcoords": "EMPTY",
            "building_imcoords": "576.940600, 579.012731, 573.980412, 591.741539, 591.445520, 640.584637, 676.106891, 611.278778, 675.810872, 603.286271, 655.385576, 553.55511",
            "road_imcoords": "EMPTY",
            "image_id": "BLD01148_PS3_K3A_NIA0373.png",
            "ingest_time": "2023-03-02T14:34:14.313313Z",
            "type_id": "1",
            "type_name": "건물"
         }
      },
      {
         "type": "Feature",
         "geometry": {
            "type": "Polygon",
            "coordinates": [
               [
                  121.616006,
                  31.319806,
                  0.0
               ],
               [
                  121.621923,
                  31.319869,
                  0.0
               ],
               [
                  121.621849,
                  31.324949,
                  0.0
               ],
               [
                  121.615931,
                  31.324886,
                  0.0
               ]
            ]
         },
         "properties": {
            "object_imcoords": "EMPTY",
            "building_imcoords": "547.380995, 514.179913, 542.794003, 524.882893, 556.336550, 568.568528, 633.004838, 545.415142, 633.878551, 539.736009, 620.554432, 496.05037",
            "road_imcoords": "EMPTY",
            "image_id": "BLD01148_PS3_K3A_NIA0373.png",
            "ingest_time": "2023-03-02T14:34:14.313313Z",
            "type_id": "1",
            "type_name": "건물"
         }
      },
      {
         "type": "Feature",
         "geometry": {
            "type": "Polygon",
            "coordinates": [
               [
                  121.616006,
                  31.319806,
                  0.0
               ],
               [
                  121.621923,
                  31.319869,
                  0.0
               ],
               [
                  121.621849,
                  31.324949,
                  0.0
               ],
               [
                  121.615931,
                  31.324886,
                  0.0
               ]
            ]
         },
         "properties": {
            "object_imcoords": "EMPTY",
            "building_imcoords": "507.659418, 110.213048, 501.620346, 112.855142, 494.826391, 103.796535, 506.149650, 94.737928, 510.301511, 103.796535, 518.605234, 100.399558, 528.796167, 112.855142, 515.585698, 121.15886",
            "road_imcoords": "EMPTY",
            "image_id": "BLD01148_PS3_K3A_NIA0373.png",
            "ingest_time": "2023-03-02T14:34:14.313313Z",
            "type_id": "1",
            "type_name": "건물"
         }
      },
      {
         "type": "Feature",
         "geometry": {
            "type": "Polygon",
            "coordinates": [
               [
                  121.616006,
                  31.319806,
                  0.0
               ],
               [
                  121.621923,
                  31.319869,
                  0.0
               ],
               [
                  121.621849,
                  31.324949,
                  0.0
               ],
               [
                  121.615931,
                  31.324886,
                  0.0
               ]
            ]
         },
         "properties": {
            "object_imcoords": "EMPTY",
            "building_imcoords": "167.661237, 441.819741, 202.200891, 416.994364, 208.317288, 425.989066, 174.137422, 450.45465",
            "road_imcoords": "EMPTY",
            "image_id": "BLD01148_PS3_K3A_NIA0373.png",
            "ingest_time": "2023-03-02T14:34:14.313313Z",
            "type_id": "1",
            "type_name": "건물"
         }
      },
      {
         "type": "Feature",
         "geometry": {
            "type": "Polygon",
            "coordinates": [
               [
                  121.616006,
                  31.319806,
                  0.0
               ],
               [
                  121.621923,
                  31.319869,
                  0.0
               ],
               [
                  121.621849,
                  31.324949,
                  0.0
               ],
               [
                  121.615931,
                  31.324886,
                  0.0
               ]
            ]
         },
         "properties": {
            "object_imcoords": "EMPTY",
            "building_imcoords": "459.790959, 700.769046, 466.757830, 714.806277, 482.760956, 708.138308, 479.426971, 697.802956, 476.092987, 692.80198",
            "road_imcoords": "EMPTY",
            "image_id": "BLD01148_PS3_K3A_NIA0373.png",
            "ingest_time": "2023-03-02T14:34:14.313313Z",
            "type_id": "1",
            "type_name": "건물"
         }
      },
      {
         "type": "Feature",
         "geometry": {
            "type": "Polygon",
            "coordinates": [
               [
                  121.616006,
                  31.319806,
                  0.0
               ],
               [
                  121.621923,
                  31.319869,
                  0.0
               ],
               [
                  121.621849,
                  31.324949,
                  0.0
               ],
               [
                  121.615931,
                  31.324886,
                  0.0
               ]
            ]
         },
         "properties": {
            "object_imcoords": "EMPTY",
            "building_imcoords": "479.343921, 691.456703, 485.536995, 705.081466, 502.877602, 698.578738, 505.045178, 690.527742, 502.258295, 680.61882",
            "road_imcoords": "EMPTY",
            "image_id": "BLD01148_PS3_K3A_NIA0373.png",
            "ingest_time": "2023-03-02T14:34:14.313313Z",
            "type_id": "1",
            "type_name": "건물"
         }
      },
      {
         "type": "Feature",
         "geometry": {
            "type": "Polygon",
            "coordinates": [
               [
                  121.616006,
                  31.319806,
                  0.0
               ],
               [
                  121.621923,
                  31.319869,
                  0.0
               ],
               [
                  121.621849,
                  31.324949,
                  0.0
               ],
               [
                  121.615931,
                  31.324886,
                  0.0
               ]
            ]
         },
         "properties": {
            "object_imcoords": "EMPTY",
            "building_imcoords": "566.089738, 791.537795, 570.769787, 810.265530, 600.418516, 797.048613, 597.941287, 788.068656, 594.225442, 780.01766",
            "road_imcoords": "EMPTY",
            "image_id": "BLD01148_PS3_K3A_NIA0373.png",
            "ingest_time": "2023-03-02T14:34:14.313313Z",
            "type_id": "1",
            "type_name": "건물"
         }
      },
      {
         "type": "Feature",
         "geometry": {
            "type": "Polygon",
            "coordinates": [
               [
                  121.616006,
                  31.319806,
                  0.0
               ],
               [
                  121.621923,
                  31.319869,
                  0.0
               ],
               [
                  121.621849,
                  31.324949,
                  0.0
               ],
               [
                  121.615931,
                  31.324886,
                  0.0
               ]
            ]
         },
         "properties": {
            "object_imcoords": "EMPTY",
            "building_imcoords": "547.777388, 726.137917, 566.046956, 717.777267, 569.762800, 721.493111, 572.549684, 733.259952, 553.970462, 742.54956",
            "road_imcoords": "EMPTY",
            "image_id": "BLD01148_PS3_K3A_NIA0373.png",
            "ingest_time": "2023-03-02T14:34:14.313313Z",
            "type_id": "1",
            "type_name": "건물"
         }
      },
      {
         "type": "Feature",
         "geometry": {
            "type": "Polygon",
            "coordinates": [
               [
                  121.616006,
                  31.319806,
                  0.0
               ],
               [
                  121.621923,
                  31.319869,
                  0.0
               ],
               [
                  121.621849,
                  31.324949,
                  0.0
               ],
               [
                  121.615931,
                  31.324886,
                  0.0
               ]
            ]
         },
         "properties": {
            "object_imcoords": "EMPTY",
            "building_imcoords": "514.334789, 675.354711, 517.431326, 688.979473, 533.533318, 682.167092, 536.010548, 684.025014, 546.848427, 679.380209, 546.229120, 675.664364, 556.138038, 671.019559, 550.254618, 655.536874, 533.533318, 663.897524, 531.675396, 662.349256, 519.289248, 667.303715, 514.644443, 671.94852",
            "road_imcoords": "EMPTY",
            "image_id": "BLD01148_PS3_K3A_NIA0373.png",
            "ingest_time": "2023-03-02T14:34:14.313313Z",
            "type_id": "1",
            "type_name": "건물"
         }
      },
      {
         "type": "Feature",
         "geometry": {
            "type": "Polygon",
            "coordinates": [
               [
                  121.616006,
                  31.319806,
                  0.0
               ],
               [
                  121.621923,
                  31.319869,
                  0.0
               ],
               [
                  121.621849,
                  31.324949,
                  0.0
               ],
               [
                  121.615931,
                  31.324886,
                  0.0
               ]
            ]
         },
         "properties": {
            "object_imcoords": "EMPTY",
            "building_imcoords": "547.467734, 687.740859, 551.183579, 698.269084, 553.660808, 702.913890, 561.092497, 700.127006, 560.473190, 697.649777, 573.654863, 693.800497, 568.833839, 684.025014, 566.427097, 679.68986",
            "road_imcoords": "EMPTY",
            "image_id": "BLD01148_PS3_K3A_NIA0373.png",
            "ingest_time": "2023-03-02T14:34:14.313313Z",
            "type_id": "1",
            "type_name": "건물"
         }
      },
      {
         "type": "Feature",
         "geometry": {
            "type": "Polygon",
            "coordinates": [
               [
                  121.616006,
                  31.319806,
                  0.0
               ],
               [
                  121.621923,
                  31.319869,
                  0.0
               ],
               [
                  121.621849,
                  31.324949,
                  0.0
               ],
               [
                  121.615931,
                  31.324886,
                  0.0
               ]
            ]
         },
         "properties": {
            "object_imcoords": "EMPTY",
            "building_imcoords": "515.573404, 727.686185, 523.314746, 746.265407, 542.203621, 737.904757, 539.726392, 727.995839, 535.391240, 719.32553",
            "road_imcoords": "EMPTY",
            "image_id": "BLD01148_PS3_K3A_NIA0373.png",
            "ingest_time": "2023-03-02T14:34:14.313313Z",
            "type_id": "1",
            "type_name": "건물"
         }
      },
      {
         "type": "Feature",
         "geometry": {
            "type": "Polygon",
            "coordinates": [
               [
                  121.619444,
                  31.32105,
                  0.0
               ],
               [
                  121.61947,
                  31.32097,
                  0.0
               ],
               [
                  121.619492,
                  31.320931,
                  0.0
               ],
               [
                  121.619489,
                  31.320892,
                  0.0
               ]
            ]
         },
         "properties": {
            "object_imcoords": "EMPTY",
            "building_imcoords": "597.995623, 780.628928, 602.276438, 796.738960, 605.992283, 804.789956, 605.372975, 812.531298, 628.906656, 805.718917, 625.810119, 794.261730, 619.307392, 794.261730, 612.318383, 793.686060, 608.461152, 788.549943, 616.989312, 781.490793, 614.771959, 773.55848",
            "road_imcoords": "EMPTY",
            "image_id": "BLD01148_PS3_K3A_NIA0373.png",
            "ingest_time": "2023-03-02T14:34:14.313313Z",
            "type_id": "1",
            "type_name": "건물"
         }
      },
      {
         "type": "Feature",
         "geometry": {
            "type": "Polygon",
            "coordinates": [
               [
                  121.616006,
                  31.319806,
                  0.0
               ],
               [
                  121.621923,
                  31.319869,
                  0.0
               ],
               [
                  121.621849,
                  31.324949,
                  0.0
               ],
               [
                  121.615931,
                  31.324886,
                  0.0
               ]
            ]
         },
         "properties": {
            "object_imcoords": "EMPTY",
            "building_imcoords": "390.078814, 410.082856, 406.288986, 433.880768, 454.229707, 399.391041, 437.329741, 374.55843",
            "road_imcoords": "EMPTY",
            "image_id": "BLD01148_PS3_K3A_NIA0373.png",
            "ingest_time": "2023-03-02T14:34:14.313313Z",
            "type_id": "1",
            "type_name": "건물"
         }
      },
      {
         "type": "Feature",
         "geometry": {
            "type": "Polygon",
            "coordinates": [
               [
                  121.616006,
                  31.319806,
                  0.0
               ],
               [
                  121.621923,
                  31.319869,
                  0.0
               ],
               [
                  121.621849,
                  31.324949,
                  0.0
               ],
               [
                  121.615931,
                  31.324886,
                  0.0
               ]
            ]
         },
         "properties": {
            "object_imcoords": "EMPTY",
            "building_imcoords": "449.056248, 369.729875, 459.748063, 393.872684, 508.033681, 369.384978, 494.927585, 345.24216",
            "road_imcoords": "EMPTY",
            "image_id": "BLD01148_PS3_K3A_NIA0373.png",
            "ingest_time": "2023-03-02T14:34:14.313313Z",
            "type_id": "1",
            "type_name": "건물"
         }
      },
      {
         "type": "Feature",
         "geometry": {
            "type": "Polygon",
            "coordinates": [
               [
                  121.616006,
                  31.319806,
                  0.0
               ],
               [
                  121.621923,
                  31.319869,
                  0.0
               ],
               [
                  121.621849,
                  31.324949,
                  0.0
               ],
               [
                  121.615931,
                  31.324886,
                  0.0
               ]
            ]
         },
         "properties": {
            "object_imcoords": "EMPTY",
            "building_imcoords": "500.790839, 351.795217, 508.033681, 368.695184, 526.313237, 360.417649, 517.001010, 345.24216",
            "road_imcoords": "EMPTY",
            "image_id": "BLD01148_PS3_K3A_NIA0373.png",
            "ingest_time": "2023-03-02T14:34:14.313313Z",
            "type_id": "1",
            "type_name": "건물"
         }
      },
      {
         "type": "Feature",
         "geometry": {
            "type": "Polygon",
            "coordinates": [
               [
                  121.616006,
                  31.319806,
                  0.0
               ],
               [
                  121.621923,
                  31.319869,
                  0.0
               ],
               [
                  121.621849,
                  31.324949,
                  0.0
               ],
               [
                  121.615931,
                  31.324886,
                  0.0
               ]
            ]
         },
         "properties": {
            "object_imcoords": "EMPTY",
            "building_imcoords": "50.796786, 130.717064, 53.280185, 133.200462, 57.343928, 141.327948, 58.924272, 143.359819, 77.888406, 135.683861, 72.921609, 125.976030, 71.341264, 122.13805",
            "road_imcoords": "EMPTY",
            "image_id": "BLD01148_PS3_K3A_NIA0373.png",
            "ingest_time": "2023-03-02T14:34:14.313313Z",
            "type_id": "1",
            "type_name": "건물"
         }
      },
      {
         "type": "Feature",
         "geometry": {
            "type": "Polygon",
            "coordinates": [
               [
                  121.616006,
                  31.319806,
                  0.0
               ],
               [
                  121.621923,
                  31.319869,
                  0.0
               ],
               [
                  121.621849,
                  31.324949,
                  0.0
               ],
               [
                  121.615931,
                  31.324886,
                  0.0
               ]
            ]
         },
         "properties": {
            "object_imcoords": "EMPTY",
            "building_imcoords": "86.662338, 146.072368, 89.932614, 153.975537, 108.191660, 146.617414, 104.648860, 138.714245, 95.383076, 138.44172",
            "road_imcoords": "EMPTY",
            "image_id": "BLD01148_PS3_K3A_NIA0373.png",
            "ingest_time": "2023-03-02T14:34:14.313313Z",
            "type_id": "1",
            "type_name": "건물"
         }
      },
      {
         "type": "Feature",
         "geometry": {
            "type": "Polygon",
            "coordinates": [
               [
                  121.616006,
                  31.319806,
                  0.0
               ],
               [
                  121.621923,
                  31.319869,
                  0.0
               ],
               [
                  121.621849,
                  31.324949,
                  0.0
               ],
               [
                  121.615931,
                  31.324886,
                  0.0
               ]
            ]
         },
         "properties": {
            "object_imcoords": "EMPTY",
            "building_imcoords": "553.668112, 746.723441, 553.493657, 744.808864, 554.118623, 749.106259, 560.805146, 762.263610, 575.795899, 754.390769, 576.442982, 750.184730, 569.756459, 735.193977, 553.255846, 743.390360, 553.255846, 744.79237",
            "road_imcoords": "EMPTY",
            "image_id": "BLD01148_PS3_K3A_NIA0373.png",
            "ingest_time": "2023-03-02T14:34:14.313313Z",
            "type_id": "1",
            "type_name": "건물"
         }
      },
      {
         "type": "Feature",
         "geometry": {
            "type": "Polygon",
            "coordinates": [
               [
                  121.616006,
                  31.319806,
                  0.0
               ],
               [
                  121.621923,
                  31.319869,
                  0.0
               ],
               [
                  121.621849,
                  31.324949,
                  0.0
               ],
               [
                  121.615931,
                  31.324886,
                  0.0
               ]
            ]
         },
         "properties": {
            "object_imcoords": "EMPTY",
            "building_imcoords": "589.755621, 747.625885, 596.258286, 758.824920, 609.895820, 750.877218, 611.069913, 745.819589, 609.173302, 737.781572, 604.296303, 734.891499, 597.946099, 736.916653, 590.891081, 742.10808",
            "road_imcoords": "EMPTY",
            "image_id": "BLD01148_PS3_K3A_NIA0373.png",
            "ingest_time": "2023-03-02T14:34:14.313313Z",
            "type_id": "1",
            "type_name": "건물"
         }
      },
      {
         "type": "Feature",
         "geometry": {
            "type": "Polygon",
            "coordinates": [
               [
                  121.616006,
                  31.319806,
                  0.0
               ],
               [
                  121.621923,
                  31.319869,
                  0.0
               ],
               [
                  121.621849,
                  31.324949,
                  0.0
               ],
               [
                  121.615931,
                  31.324886,
                  0.0
               ]
            ]
         },
         "properties": {
            "object_imcoords": "EMPTY",
            "building_imcoords": "591.724513, 728.065211, 595.841198, 736.690647, 597.311443, 736.886680, 604.172585, 734.632305, 607.799189, 732.671978, 614.464299, 724.928689, 609.171418, 714.342927, 604.662667, 714.538960, 596.723345, 719.145727, 593.292774, 726.00686",
            "road_imcoords": "EMPTY",
            "image_id": "BLD01148_PS3_K3A_NIA0373.png",
            "ingest_time": "2023-03-02T14:34:14.313313Z",
            "type_id": "1",
            "type_name": "건물"
         }
      },
      {
         "type": "Feature",
         "geometry": {
            "type": "Polygon",
            "coordinates": [
               [
                  121.616006,
                  31.319806,
                  0.0
               ],
               [
                  121.621923,
                  31.319869,
                  0.0
               ],
               [
                  121.621849,
                  31.324949,
                  0.0
               ],
               [
                  121.615931,
                  31.324886,
                  0.0
               ]
            ]
         },
         "properties": {
            "object_imcoords": "EMPTY",
            "building_imcoords": "572.047549, 714.785324, 580.401890, 732.694903, 590.843570, 728.140553, 593.065204, 725.807837, 596.953064, 718.920772, 589.732753, 703.147170, 571.182109, 713.25560",
            "road_imcoords": "EMPTY",
            "image_id": "BLD01148_PS3_K3A_NIA0373.png",
            "ingest_time": "2023-03-02T14:34:14.313313Z",
            "type_id": "1",
            "type_name": "건물"
         }
      },
      {
         "type": "Feature",
         "geometry": {
            "type": "Polygon",
            "coordinates": [
               [
                  121.616006,
                  31.319806,
                  0.0
               ],
               [
                  121.621923,
                  31.319869,
                  0.0
               ],
               [
                  121.621849,
                  31.324949,
                  0.0
               ],
               [
                  121.615931,
                  31.324886,
                  0.0
               ]
            ]
         },
         "properties": {
            "object_imcoords": "EMPTY",
            "building_imcoords": "589.529630, 802.545835, 594.791609, 813.069794, 604.657821, 808.089706, 605.409532, 804.894933, 601.557012, 797.189892, 600.335481, 797.56574",
            "road_imcoords": "EMPTY",
            "image_id": "BLD01148_PS3_K3A_NIA0373.png",
            "ingest_time": "2023-03-02T14:34:14.313313Z",
            "type_id": "1",
            "type_name": "건물"
         }
      },
      {
         "type": "Feature",
         "geometry": {
            "type": "Polygon",
            "coordinates": [
               [
                  121.616006,
                  31.319806,
                  0.0
               ],
               [
                  121.621923,
                  31.319869,
                  0.0
               ],
               [
                  121.621849,
                  31.324949,
                  0.0
               ],
               [
                  121.615931,
                  31.324886,
                  0.0
               ]
            ]
         },
         "properties": {
            "object_imcoords": "EMPTY",
            "building_imcoords": "521.981189, 705.764411, 526.892990, 716.099659, 535.018379, 715.560855, 550.229686, 708.846899, 549.180630, 701.188793, 542.781391, 693.740498, 536.926387, 695.712544, 523.479842, 702.49427",
            "road_imcoords": "EMPTY",
            "image_id": "BLD01148_PS3_K3A_NIA0373.png",
            "ingest_time": "2023-03-02T14:34:14.313313Z",
            "type_id": "1",
            "type_name": "건물"
         }
      },
      {
         "type": "Feature",
         "geometry": {
            "type": "Polygon",
            "coordinates": [
               [
                  121.616006,
                  31.319806,
                  0.0
               ],
               [
                  121.621923,
                  31.319869,
                  0.0
               ],
               [
                  121.621849,
                  31.324949,
                  0.0
               ],
               [
                  121.615931,
                  31.324886,
                  0.0
               ]
            ]
         },
         "properties": {
            "object_imcoords": "EMPTY",
            "building_imcoords": "521.609018, 705.885147, 515.528841, 695.712544, 517.048885, 693.140161, 534.120151, 684.370675, 536.575607, 684.487602, 542.188078, 685.656866, 542.772710, 693.257088, 536.462814, 695.437570, 523.391708, 702.34951",
            "road_imcoords": "EMPTY",
            "image_id": "BLD01148_PS3_K3A_NIA0373.png",
            "ingest_time": "2023-03-02T14:34:14.313313Z",
            "type_id": "1",
            "type_name": "건물"
         }
      },
      {
         "type": "Feature",
         "geometry": {
            "type": "Polygon",
            "coordinates": [
               [
                  121.616006,
                  31.319806,
                  0.0
               ],
               [
                  121.621923,
                  31.319869,
                  0.0
               ],
               [
                  121.621849,
                  31.324949,
                  0.0
               ],
               [
                  121.615931,
                  31.324886,
                  0.0
               ]
            ]
         },
         "properties": {
            "object_imcoords": "EMPTY",
            "building_imcoords": "448.712909, 672.671055, 444.410400, 676.900652, 449.855479, 683.391944, 453.394378, 690.137689, 456.007521, 691.976568, 462.104856, 687.040630, 464.316265, 683.839894, 464.777521, 678.780020, 469.448579, 675.636039, 469.737551, 670.406769, 461.483346, 664.007442, 450.075849, 671.05597",
            "road_imcoords": "EMPTY",
            "image_id": "BLD01148_PS3_K3A_NIA0373.png",
            "ingest_time": "2023-03-02T14:34:14.313313Z",
            "type_id": "1",
            "type_name": "건물"
         }
      },
      {
         "type": "Feature",
         "geometry": {
            "type": "Polygon",
            "coordinates": [
               [
                  121.616006,
                  31.319806,
                  0.0
               ],
               [
                  121.621923,
                  31.319869,
                  0.0
               ],
               [
                  121.621849,
                  31.324949,
                  0.0
               ],
               [
                  121.615931,
                  31.324886,
                  0.0
               ]
            ]
         },
         "properties": {
            "object_imcoords": "EMPTY",
            "building_imcoords": "435.829768, 655.133235, 442.032104, 668.741344, 445.549846, 668.185911, 456.473362, 660.965282, 462.490553, 653.929797, 463.231130, 647.172029, 451.937326, 645.320585, 444.068691, 647.35717",
            "road_imcoords": "EMPTY",
            "image_id": "BLD01148_PS3_K3A_NIA0373.png",
            "ingest_time": "2023-03-02T14:34:14.313313Z",
            "type_id": "1",
            "type_name": "건물"
         }
      },
      {
         "type": "Feature",
         "geometry": {
            "type": "Polygon",
            "coordinates": [
               [
                  121.616006,
                  31.319806,
                  0.0
               ],
               [
                  121.621923,
                  31.319869,
                  0.0
               ],
               [
                  121.621849,
                  31.324949,
                  0.0
               ],
               [
                  121.615931,
                  31.324886,
                  0.0
               ]
            ]
         },
         "properties": {
            "object_imcoords": "EMPTY",
            "building_imcoords": "505.873435, 623.731074, 511.156708, 638.971286, 527.108130, 636.126446, 541.332328, 629.217550, 546.920406, 625.051892, 546.514000, 610.929296, 542.957951, 607.678051, 519.691227, 613.367730, 507.702260, 620.27662",
            "road_imcoords": "EMPTY",
            "image_id": "BLD01148_PS3_K3A_NIA0373.png",
            "ingest_time": "2023-03-02T14:34:14.313313Z",
            "type_id": "1",
            "type_name": "건물"
         }
      },
      {
         "type": "Feature",
         "geometry": {
            "type": "Polygon",
            "coordinates": [
               [
                  121.616006,
                  31.319806,
                  0.0
               ],
               [
                  121.621923,
                  31.319869,
                  0.0
               ],
               [
                  121.621849,
                  31.324949,
                  0.0
               ],
               [
                  121.615931,
                  31.324886,
                  0.0
               ]
            ]
         },
         "properties": {
            "object_imcoords": "EMPTY",
            "building_imcoords": "71.734656, 122.265181, 72.884711, 125.715345, 78.098089, 135.871647, 100.283766, 127.717952, 94.220794, 113.96055",
            "road_imcoords": "EMPTY",
            "image_id": "BLD01148_PS3_K3A_NIA0373.png",
            "ingest_time": "2023-03-02T14:34:14.313313Z",
            "type_id": "1",
            "type_name": "건물"
         }
      },
      {
         "type": "Feature",
         "geometry": {
            "type": "Polygon",
            "coordinates": [
               [
                  121.616006,
                  31.319806,
                  0.0
               ],
               [
                  121.621923,
                  31.319869,
                  0.0
               ],
               [
                  121.621849,
                  31.324949,
                  0.0
               ],
               [
                  121.615931,
                  31.324886,
                  0.0
               ]
            ]
         },
         "properties": {
            "object_imcoords": "EMPTY",
            "building_imcoords": "94.731099, 114.286848, 100.826397, 128.170584, 103.874046, 130.033036, 129.271124, 117.588468, 124.784307, 103.28144",
            "road_imcoords": "EMPTY",
            "image_id": "BLD01148_PS3_K3A_NIA0373.png",
            "ingest_time": "2023-03-02T14:34:14.313313Z",
            "type_id": "1",
            "type_name": "건물"
         }
      },
      {
         "type": "Feature",
         "geometry": {
            "type": "Polygon",
            "coordinates": [
               [
                  121.616006,
                  31.319806,
                  0.0
               ],
               [
                  121.621923,
                  31.319869,
                  0.0
               ],
               [
                  121.621849,
                  31.324949,
                  0.0
               ],
               [
                  121.615931,
                  31.324886,
                  0.0
               ]
            ]
         },
         "properties": {
            "object_imcoords": "EMPTY",
            "building_imcoords": "69.367045, 150.483171, 71.740597, 157.010438, 74.054810, 159.146634, 82.065546, 155.526968, 83.964387, 155.883001, 89.304879, 153.568788, 86.337939, 145.854745, 83.371000, 144.015243, 76.784394, 145.79540",
            "road_imcoords": "EMPTY",
            "image_id": "BLD01148_PS3_K3A_NIA0373.png",
            "ingest_time": "2023-03-02T14:34:14.313313Z",
            "type_id": "1",
            "type_name": "건물"
         }
      },
      {
         "type": "Feature",
         "geometry": {
            "type": "Polygon",
            "coordinates": [
               [
                  121.617781,
                  31.322155,
                  0.0
               ],
               [
                  121.617738,
                  31.322123,
                  0.0
               ],
               [
                  121.6178,
                  31.32204,
                  0.0
               ],
               [
                  121.61786,
                  31.322089,
                  0.0
               ]
            ]
         },
         "properties": {
            "object_imcoords": "EMPTY",
            "building_imcoords": "313.199735, 554.454661, 305.525622, 560.689878, 316.077527, 577.477000, 326.629433, 567.88435",
            "road_imcoords": "EMPTY",
            "image_id": "BLD01148_PS3_K3A_NIA0373.png",
            "ingest_time": "2023-03-02T14:34:14.313313Z",
            "type_id": "1",
            "type_name": "건물"
         }
      },
      {
         "type": "Feature",
         "geometry": {
            "type": "Polygon",
            "coordinates": [
               [
                  121.618188,
                  31.321647,
                  0.0
               ],
               [
                  121.618125,
                  31.321606,
                  0.0
               ],
               [
                  121.618254,
                  31.321486,
                  0.0
               ],
               [
                  121.618301,
                  31.321525,
                  0.0
               ]
            ]
         },
         "properties": {
            "object_imcoords": "EMPTY",
            "building_imcoords": "382.266752, 657.575554, 371.235214, 665.729299, 393.298289, 690.190534, 401.452034, 682.51642",
            "road_imcoords": "EMPTY",
            "image_id": "BLD01148_PS3_K3A_NIA0373.png",
            "ingest_time": "2023-03-02T14:34:14.313313Z",
            "type_id": "1",
            "type_name": "건물"
         }
      },
      {
         "type": "Feature",
         "geometry": {
            "type": "Polygon",
            "coordinates": [
               [
                  121.615996,
                  31.320477,
                  0.0
               ],
               [
                  121.61631,
                  31.320617,
                  0.0
               ],
               [
                  121.615986,
                  31.321121,
                  0.0
               ]
            ]
         },
         "properties": {
            "object_imcoords": "EMPTY",
            "building_imcoords": "0.000000, 888.671400, 54.729452, 861.076718, 0.000000, 758.77867",
            "road_imcoords": "EMPTY",
            "image_id": "BLD01148_PS3_K3A_NIA0373.png",
            "ingest_time": "2023-03-02T14:34:14.313313Z",
            "type_id": "1",
            "type_name": "건물"
         }
      },
      {
         "type": "Feature",
         "geometry": {
            "type": "Polygon",
            "coordinates": [
               [
                  121.616,
                  31.320161,
                  0.0
               ],
               [
                  121.616262,
                  31.320162,
                  0.0
               ],
               [
                  121.616273,
                  31.320074,
                  0.0
               ],
               [
                  121.616309,
                  31.320069,
                  0.0
               ]
            ]
         },
         "properties": {
            "object_imcoords": "EMPTY",
            "building_imcoords": "0.000000, 952.320800, 45.347261, 952.813705, 46.910959, 970.535623, 53.165754, 971.578089, 61.573041, 1024.000000, 59.573789, 1024.000000, -0.507859, 1023.897544, 0.000000, 955.29796",
            "road_imcoords": "EMPTY",
            "image_id": "BLD01148_PS3_K3A_NIA0373.png",
            "ingest_time": "2023-03-02T14:34:14.313313Z",
            "type_id": "1",
            "type_name": "건물"
         }
      },
      {
         "type": "Feature",
         "geometry": {
            "type": "Polygon",
            "coordinates": [
               [
                  121.61644,
                  31.320156,
                  0.0
               ],
               [
                  121.616374,
                  31.320145,
                  0.0
               ],
               [
                  121.616375,
                  31.32009,
                  0.0
               ],
               [
                  121.616402,
                  31.320093,
                  0.0
               ]
            ]
         },
         "properties": {
            "object_imcoords": "EMPTY",
            "building_imcoords": "76.100001, 954.377404, 64.632877, 956.462336, 64.632877, 967.408226, 69.323973, 966.886993, 69.845206, 971.578089, 81.312329, 972.099322, 81.312329, 964.280829, 76.100001, 964.28082",
            "road_imcoords": "EMPTY",
            "image_id": "BLD01148_PS3_K3A_NIA0373.png",
            "ingest_time": "2023-03-02T14:34:14.313313Z",
            "type_id": "1",
            "type_name": "건물"
         }
      },
      {
         "type": "Feature",
         "geometry": {
            "type": "Polygon",
            "coordinates": [
               [
                  121.619852,
                  31.322155,
                  0.0
               ],
               [
                  121.619785,
                  31.322127,
                  0.0
               ],
               [
                  121.619798,
                  31.322101,
                  0.0
               ],
               [
                  121.619829,
                  31.322067,
                  0.0
               ]
            ]
         },
         "properties": {
            "object_imcoords": "EMPTY",
            "building_imcoords": "671.484884, 558.771350, 659.832278, 564.381863, 661.970051, 569.586877, 667.168195, 576.517736, 671.964516, 592.825226, 672.271931, 594.669718, 673.757428, 598.286582, 689.231270, 592.825226, 689.710902, 585.630745, 681.077525, 566.92509",
            "road_imcoords": "EMPTY",
            "image_id": "BLD01148_PS3_K3A_NIA0373.png",
            "ingest_time": "2023-03-02T14:34:14.313313Z",
            "type_id": "1",
            "type_name": "건물"
         }
      },
      {
         "type": "Feature",
         "geometry": {
            "type": "Polygon",
            "coordinates": [
               [
                  121.618543,
                  31.321239,
                  0.0
               ],
               [
                  121.618466,
                  31.321189,
                  0.0
               ],
               [
                  121.61858,
                  31.321023,
                  0.0
               ],
               [
                  121.618681,
                  31.32111,
                  0.0
               ]
            ]
         },
         "properties": {
            "object_imcoords": "EMPTY",
            "building_imcoords": "442.700391, 740.551900, 429.270693, 750.624173, 448.455976, 784.198418, 466.202362, 766.931663, 466.202362, 766.93166",
            "road_imcoords": "EMPTY",
            "image_id": "BLD01148_PS3_K3A_NIA0373.png",
            "ingest_time": "2023-03-02T14:34:14.313313Z",
            "type_id": "1",
            "type_name": "건물"
         }
      },
      {
         "type": "Feature",
         "geometry": {
            "type": "Polygon",
            "coordinates": [
               [
                  121.62084,
                  31.322629,
                  0.0
               ],
               [
                  121.620702,
                  31.322597,
                  0.0
               ],
               [
                  121.620767,
                  31.322477,
                  0.0
               ],
               [
                  121.620767,
                  31.322439,
                  0.0
               ]
            ]
         },
         "properties": {
            "object_imcoords": "EMPTY",
            "building_imcoords": "843.524114, 465.420623, 819.562668, 471.512516, 830.528075, 495.880088, 830.528075, 503.596486, 851.646638, 498.316845, 852.865016, 490.19432",
            "road_imcoords": "EMPTY",
            "image_id": "BLD01148_PS3_K3A_NIA0373.png",
            "ingest_time": "2023-03-02T14:34:14.313313Z",
            "type_id": "1",
            "type_name": "건물"
         }
      },
      {
         "type": "Feature",
         "geometry": {
            "type": "Polygon",
            "coordinates": [
               [
                  121.62134,
                  31.32186,
                  0.0
               ],
               [
                  121.621335,
                  31.321892,
                  0.0
               ],
               [
                  121.621274,
                  31.321884,
                  0.0
               ],
               [
                  121.621272,
                  31.321848,
                  0.0
               ]
            ]
         },
         "properties": {
            "object_imcoords": "EMPTY",
            "building_imcoords": "928.076384, 621.598770, 927.257425, 615.010980, 916.688827, 616.467523, 916.254842, 623.701868, 917.765381, 627.378807, 919.873174, 628.099771, 921.807485, 629.372534, 922.884504, 627.937288, 924.381713, 628.936717, 927.136288, 637.380159, 930.947125, 636.331473, 928.764641, 624.33995",
            "road_imcoords": "EMPTY",
            "image_id": "BLD01148_PS3_K3A_NIA0373.png",
            "ingest_time": "2023-03-02T14:34:14.313313Z",
            "type_id": "1",
            "type_name": "건물"
         }
      },
      {
         "type": "Feature",
         "geometry": {
            "type": "Polygon",
            "coordinates": [
               [
                  121.618818,
                  31.324917,
                  0.0
               ],
               [
                  121.618803,
                  31.324907,
                  0.0
               ],
               [
                  121.618784,
                  31.324893,
                  0.0
               ],
               [
                  121.618848,
                  31.324834,
                  0.0
               ]
            ]
         },
         "properties": {
            "object_imcoords": "EMPTY",
            "building_imcoords": "499.456851, 0.000000, 496.898814, 1.918528, 493.541389, 4.796321, 504.572927, 16.787122, 507.450719, 10.551905, 518.961889, 0.959264, 509.848879, 0.00000",
            "road_imcoords": "EMPTY",
            "image_id": "BLD01148_PS3_K3A_NIA0373.png",
            "ingest_time": "2023-03-02T14:34:14.313313Z",
            "type_id": "1",
            "type_name": "건물"
         }
      }
   ]
}