{
   "type": "FeatureCollection",
   "features": [
      {
         "type": "Feature",
         "geometry": {
            "type": "Polygon",
            "coordinates": [
               [
                  121.633685,
                  31.325076,
                  0.0
               ],
               [
                  121.639603,
                  31.325139,
                  0.0
               ],
               [
                  121.63953,
                  31.330219,
                  0.0
               ],
               [
                  121.633612,
                  31.330156,
                  0.0
               ]
            ]
         },
         "properties": {
            "object_imcoords": "EMPTY",
            "building_imcoords": "914.285714, 12.790698, 893.687708, 44.352159, 1024.000000, 129.235880, 1024.000000, 80.89701",
            "road_imcoords": "EMPTY",
            "image_id": "BLD01143_PS3_K3A_NIA0373.png",
            "ingest_time": "2023-03-02T14:34:14.313313Z",
            "type_id": "1",
            "type_name": "건물"
         }
      },
      {
         "type": "Feature",
         "geometry": {
            "type": "Polygon",
            "coordinates": [
               [
                  121.633685,
                  31.325076,
                  0.0
               ],
               [
                  121.639603,
                  31.325139,
                  0.0
               ],
               [
                  121.63953,
                  31.330219,
                  0.0
               ],
               [
                  121.633612,
                  31.330156,
                  0.0
               ]
            ]
         },
         "properties": {
            "object_imcoords": "EMPTY",
            "building_imcoords": "453.169734, 427.402863, 439.059305, 447.852761, 453.578732, 461.963190, 470.347648, 442.74028",
            "road_imcoords": "EMPTY",
            "image_id": "BLD01143_PS3_K3A_NIA0373.png",
            "ingest_time": "2023-03-02T14:34:14.313313Z",
            "type_id": "1",
            "type_name": "건물"
         }
      },
      {
         "type": "Feature",
         "geometry": {
            "type": "Polygon",
            "coordinates": [
               [
                  121.636446,
                  31.327863,
                  0.0
               ],
               [
                  121.636384,
                  31.327979,
                  0.0
               ],
               [
                  121.636458,
                  31.328008,
                  0.0
               ],
               [
                  121.63652,
                  31.327892,
                  0.0
               ]
            ]
         },
         "properties": {
            "object_imcoords": "EMPTY",
            "building_imcoords": "484.594570, 468.220308, 474.222805, 444.608003, 487.040745, 438.977690, 497.412510, 462.589995, 507.784275, 486.202300, 494.966335, 491.83261",
            "road_imcoords": "EMPTY",
            "image_id": "BLD01143_PS3_K3A_NIA0373.png",
            "ingest_time": "2023-03-02T14:34:14.313313Z",
            "type_id": "1",
            "type_name": "건물"
         }
      },
      {
         "type": "Feature",
         "geometry": {
            "type": "Polygon",
            "coordinates": [
               [
                  121.63627,
                  31.327712,
                  0.0
               ],
               [
                  121.63609,
                  31.327641,
                  0.0
               ],
               [
                  121.636052,
                  31.327713,
                  0.0
               ],
               [
                  121.636232,
                  31.327784,
                  0.0
               ]
            ]
         },
         "properties": {
            "object_imcoords": "EMPTY",
            "building_imcoords": "453.816903, 498.337139, 422.528269, 512.218740, 416.039602, 497.593516, 447.422844, 483.669941, 478.711516, 469.788366, 485.200166, 484.41359",
            "road_imcoords": "EMPTY",
            "image_id": "BLD01143_PS3_K3A_NIA0373.png",
            "ingest_time": "2023-03-02T14:34:14.313313Z",
            "type_id": "1",
            "type_name": "건물"
         }
      },
      {
         "type": "Feature",
         "geometry": {
            "type": "Polygon",
            "coordinates": [
               [
                  121.636472,
                  31.327638,
                  0.0
               ],
               [
                  121.63663,
                  31.327354,
                  0.0
               ],
               [
                  121.636547,
                  31.327319,
                  0.0
               ],
               [
                  121.636349,
                  31.327675,
                  0.0
               ]
            ]
         },
         "properties": {
            "object_imcoords": "EMPTY",
            "building_imcoords": "488.570911, 513.593272, 515.256356, 571.280919, 500.734794, 577.998378, 467.396436, 505.928700, 508.980445, 486.202954, 515.837792, 500.65898",
            "road_imcoords": "EMPTY",
            "image_id": "BLD01143_PS3_K3A_NIA0373.png",
            "ingest_time": "2023-03-02T14:34:14.313313Z",
            "type_id": "1",
            "type_name": "건물"
         }
      },
      {
         "type": "Feature",
         "geometry": {
            "type": "Polygon",
            "coordinates": [
               [
                  121.636611,
                  31.3274,
                  0.0
               ],
               [
                  121.636473,
                  31.327638,
                  0.0
               ],
               [
                  121.636543,
                  31.327668,
                  0.0
               ],
               [
                  121.636626,
                  31.327703,
                  0.0
               ]
            ]
         },
         "properties": {
            "object_imcoords": "EMPTY",
            "building_imcoords": "512.079393, 561.843679, 488.755526, 513.710896, 500.859693, 507.763979, 515.319066, 500.905046, 526.270506, 525.335177, 537.804589, 551.065012, 515.342492, 564.01595",
            "road_imcoords": "EMPTY",
            "image_id": "BLD01143_PS3_K3A_NIA0373.png",
            "ingest_time": "2023-03-02T14:34:14.313313Z",
            "type_id": "1",
            "type_name": "건물"
         }
      }
   ]
}