{
   "type": "FeatureCollection",
   "features": [
      {
         "type": "Feature",
         "geometry": {
            "type": "Polygon",
            "coordinates": [
               [
                  31.408929,
                  30.115555,
                  0.0
               ],
               [
                  31.409058,
                  30.115171,
                  0.0
               ],
               [
                  31.409063,
                  30.115127,
                  0.0
               ],
               [
                  31.408936,
                  30.115096,
                  0.0
               ]
            ]
         },
         "properties": {
            "object_imcoords": "EMPTY",
            "building_imcoords": "142.210105, 0.000000, 163.679730, 77.781140, 164.419507, 86.505687, 142.210105, 92.480191, 115.600239, 0.00000",
            "road_imcoords": "EMPTY",
            "image_id": "BLD00747_PS3_K3A_NIA0277.png",
            "ingest_time": "2023-03-02T14:34:14.313313Z",
            "type_id": "1",
            "type_name": "건물"
         }
      },
      {
         "type": "Feature",
         "geometry": {
            "type": "Polygon",
            "coordinates": [
               [
                  31.408199,
                  30.110465,
                  0.0
               ],
               [
                  31.414043,
                  30.110535,
                  0.0
               ],
               [
                  31.413961,
                  30.115616,
                  0.0
               ],
               [
                  31.408117,
                  30.115545,
                  0.0
               ]
            ]
         },
         "properties": {
            "object_imcoords": "EMPTY",
            "building_imcoords": "81.068184, 0.000000, 102.612332, 75.071360, 119.048074, 69.518744, 117.937550, 60.190351, 124.822793, 56.636677, 109.053366, 0.00000",
            "road_imcoords": "EMPTY",
            "image_id": "BLD00747_PS3_K3A_NIA0277.png",
            "ingest_time": "2023-03-02T14:34:14.313313Z",
            "type_id": "1",
            "type_name": "건물"
         }
      },
      {
         "type": "Feature",
         "geometry": {
            "type": "Polygon",
            "coordinates": [
               [
                  31.408372,
                  30.114869,
                  0.0
               ],
               [
                  31.40844,
                  30.114888,
                  0.0
               ],
               [
                  31.408444,
                  30.114906,
                  0.0
               ],
               [
                  31.408696,
                  30.114971,
                  0.0
               ]
            ]
         },
         "properties": {
            "object_imcoords": "EMPTY",
            "building_imcoords": "42.760724, 136.983481, 54.693949, 133.254348, 55.439775, 129.525215, 99.692152, 117.094772, 104.167112, 131.762695, 104.664329, 134.913580, 97.136699, 136.873601, 94.459700, 141.111618, 46.241248, 156.62358",
            "road_imcoords": "EMPTY",
            "image_id": "BLD00747_PS3_K3A_NIA0277.png",
            "ingest_time": "2023-03-02T14:34:14.313313Z",
            "type_id": "1",
            "type_name": "건물"
         }
      },
      {
         "type": "Feature",
         "geometry": {
            "type": "Polygon",
            "coordinates": [
               [
                  31.408199,
                  30.110465,
                  0.0
               ],
               [
                  31.414043,
                  30.110535,
                  0.0
               ],
               [
                  31.413961,
                  30.115616,
                  0.0
               ],
               [
                  31.408117,
                  30.115545,
                  0.0
               ]
            ]
         },
         "properties": {
            "object_imcoords": "EMPTY",
            "building_imcoords": "124.304429, 113.862857, 147.922271, 106.653200, 153.143057, 121.818341, 153.391666, 123.807212, 128.779389, 131.762695, 122.812776, 128.530780, 120.326688, 118.83503",
            "road_imcoords": "EMPTY",
            "image_id": "BLD00747_PS3_K3A_NIA0277.png",
            "ingest_time": "2023-03-02T14:34:14.313313Z",
            "type_id": "1",
            "type_name": "건물"
         }
      },
      {
         "type": "Feature",
         "geometry": {
            "type": "Polygon",
            "coordinates": [
               [
                  31.408678,
                  30.114869,
                  0.0
               ],
               [
                  31.40883,
                  30.114911,
                  0.0
               ],
               [
                  31.408857,
                  30.114852,
                  0.0
               ],
               [
                  31.408855,
                  30.114817,
                  0.0
               ]
            ]
         },
         "properties": {
            "object_imcoords": "EMPTY",
            "building_imcoords": "96.211628, 137.729308, 123.061385, 129.525215, 127.524678, 141.429592, 127.247220, 148.587067, 96.598966, 156.380488, 93.228322, 143.44731",
            "road_imcoords": "EMPTY",
            "image_id": "BLD00747_PS3_K3A_NIA0277.png",
            "ingest_time": "2023-03-02T14:34:14.313313Z",
            "type_id": "1",
            "type_name": "건물"
         }
      },
      {
         "type": "Feature",
         "geometry": {
            "type": "Polygon",
            "coordinates": [
               [
                  31.408429,
                  30.114724,
                  0.0
               ],
               [
                  31.408481,
                  30.114736,
                  0.0
               ],
               [
                  31.408519,
                  30.114593,
                  0.0
               ],
               [
                  31.408465,
                  30.11458,
                  0.0
               ]
            ]
         },
         "properties": {
            "object_imcoords": "EMPTY",
            "building_imcoords": "52.200841, 166.165720, 61.488690, 164.060754, 67.609829, 192.910385, 58.257086, 195.262724, 54.093013, 192.564125, 50.554521, 175.67615",
            "road_imcoords": "EMPTY",
            "image_id": "BLD00747_PS3_K3A_NIA0277.png",
            "ingest_time": "2023-03-02T14:34:14.313313Z",
            "type_id": "1",
            "type_name": "건물"
         }
      },
      {
         "type": "Feature",
         "geometry": {
            "type": "Polygon",
            "coordinates": [
               [
                  31.40857,
                  30.113799,
                  0.0
               ],
               [
                  31.40843,
                  30.113697,
                  0.0
               ],
               [
                  31.408428,
                  30.11367,
                  0.0
               ],
               [
                  31.408486,
                  30.11362,
                  0.0
               ]
            ]
         },
         "properties": {
            "object_imcoords": "EMPTY",
            "building_imcoords": "74.371546, 353.088886, 49.513564, 373.185884, 49.136039, 378.604852, 59.178445, 388.950641, 71.178696, 379.617435, 71.494919, 376.790329, 84.225022, 366.205971, 84.170056, 364.03752",
            "road_imcoords": "EMPTY",
            "image_id": "BLD00747_PS3_K3A_NIA0277.png",
            "ingest_time": "2023-03-02T14:34:14.313313Z",
            "type_id": "1",
            "type_name": "건물"
         }
      },
      {
         "type": "Feature",
         "geometry": {
            "type": "Polygon",
            "coordinates": [
               [
                  31.408199,
                  30.110465,
                  0.0
               ],
               [
                  31.414043,
                  30.110535,
                  0.0
               ],
               [
                  31.413961,
                  30.115616,
                  0.0
               ],
               [
                  31.408117,
                  30.115545,
                  0.0
               ]
            ]
         },
         "properties": {
            "object_imcoords": "EMPTY",
            "building_imcoords": "131.895605, 82.885216, 128.051653, 68.470396, 117.000291, 71.113113, 117.480785, 74.476571, 114.357574, 77.359535, 116.760044, 81.683981, 117.721032, 81.924228, 117.240538, 85.768180, 118.682020, 88.891391, 133.337087, 86.72916",
            "road_imcoords": "EMPTY",
            "image_id": "BLD00747_PS3_K3A_NIA0277.png",
            "ingest_time": "2023-03-02T14:34:14.313313Z",
            "type_id": "1",
            "type_name": "건물"
         }
      },
      {
         "type": "Feature",
         "geometry": {
            "type": "Polygon",
            "coordinates": [
               [
                  31.408431,
                  30.115187,
                  0.0
               ],
               [
                  31.408429,
                  30.115196,
                  0.0
               ],
               [
                  31.408328,
                  30.115171,
                  0.0
               ],
               [
                  31.408336,
                  30.115115,
                  0.0
               ]
            ]
         },
         "properties": {
            "object_imcoords": "EMPTY",
            "building_imcoords": "53.967488, 73.008919, 53.571777, 71.080251, 35.867916, 75.988466, 37.037553, 87.187780, 43.708913, 108.582143, 46.929570, 109.962424, 80.056326, 99.380266, 79.366185, 92.938953, 72.004684, 68.32393",
            "road_imcoords": "EMPTY",
            "image_id": "BLD00747_PS3_K3A_NIA0277.png",
            "ingest_time": "2023-03-02T14:34:14.313313Z",
            "type_id": "1",
            "type_name": "건물"
         }
      },
      {
         "type": "Feature",
         "geometry": {
            "type": "Polygon",
            "coordinates": [
               [
                  31.408332,
                  30.115132,
                  0.0
               ],
               [
                  31.4083,
                  30.115128,
                  0.0
               ],
               [
                  31.408272,
                  30.115204,
                  0.0
               ],
               [
                  31.408275,
                  30.115227,
                  0.0
               ]
            ]
         },
         "properties": {
            "object_imcoords": "EMPTY",
            "building_imcoords": "36.348546, 83.811936, 30.841190, 84.613006, 26.034771, 69.192411, 26.735707, 64.486125, 46.662320, 59.179037, 49.966734, 71.896022, 49.659434, 72.164908, 35.867916, 75.988466, 36.656815, 83.54220",
            "road_imcoords": "EMPTY",
            "image_id": "BLD00747_PS3_K3A_NIA0277.png",
            "ingest_time": "2023-03-02T14:34:14.313313Z",
            "type_id": "1",
            "type_name": "건물"
         }
      },
      {
         "type": "Feature",
         "geometry": {
            "type": "Polygon",
            "coordinates": [
               [
                  31.408253,
                  30.115287,
                  0.0
               ],
               [
                  31.408377,
                  30.115311,
                  0.0
               ],
               [
                  31.408374,
                  30.115323,
                  0.0
               ],
               [
                  31.408473,
                  30.115346,
                  0.0
               ]
            ]
         },
         "properties": {
            "object_imcoords": "EMPTY",
            "building_imcoords": "23.034558, 52.400193, 44.833354, 47.880281, 44.398079, 45.486267, 61.809090, 41.024695, 70.364900, 68.749851, 53.967488, 73.008919, 53.571777, 71.080251, 51.964656, 71.525809, 48.424375, 58.762163, 46.673932, 59.223723, 46.662320, 59.179037, 28.644957, 63.977632, 26.551792, 64.529561, 26.007698, 68.882313, 21.853136, 54.29686",
            "road_imcoords": "EMPTY",
            "image_id": "BLD00747_PS3_K3A_NIA0277.png",
            "ingest_time": "2023-03-02T14:34:14.313313Z",
            "type_id": "1",
            "type_name": "건물"
         }
      },
      {
         "type": "Feature",
         "geometry": {
            "type": "Polygon",
            "coordinates": [
               [
                  31.408203,
                  30.115378,
                  0.0
               ],
               [
                  31.408209,
                  30.115427,
                  0.0
               ],
               [
                  31.408325,
                  30.115452,
                  0.0
               ],
               [
                  31.408373,
                  30.11532,
                  0.0
               ]
            ]
         },
         "properties": {
            "object_imcoords": "EMPTY",
            "building_imcoords": "14.472903, 33.842653, 15.669910, 24.048959, 36.127848, 19.369750, 44.071622, 45.921542, 44.012742, 48.015128, 23.178409, 52.341853, 22.346288, 52.986040, 22.307858, 52.994766, 21.546126, 54.30059",
            "road_imcoords": "EMPTY",
            "image_id": "BLD00747_PS3_K3A_NIA0277.png",
            "ingest_time": "2023-03-02T14:34:14.313313Z",
            "type_id": "1",
            "type_name": "건물"
         }
      },
      {
         "type": "Feature",
         "geometry": {
            "type": "Polygon",
            "coordinates": [
               [
                  31.408144,
                  30.115546,
                  0.0
               ],
               [
                  31.408127,
                  30.115545,
                  0.0
               ],
               [
                  31.408202,
                  30.115379,
                  0.0
               ],
               [
                  31.408207,
                  30.115426,
                  0.0
               ]
            ]
         },
         "properties": {
            "object_imcoords": "EMPTY",
            "building_imcoords": "4.690712, -0.065522, 1.700929, -0.006908, 14.339812, 33.707416, 15.362698, 24.161334, 15.664341, 24.094528, 15.669910, 24.048959, 36.115982, 19.372464, 30.070674, 0.000000, 24.803774, 0.00000",
            "road_imcoords": "EMPTY",
            "image_id": "BLD00747_PS3_K3A_NIA0277.png",
            "ingest_time": "2023-03-02T14:34:14.313313Z",
            "type_id": "1",
            "type_name": "건물"
         }
      },
      {
         "type": "Feature",
         "geometry": {
            "type": "Polygon",
            "coordinates": [
               [
                  31.409047,
                  30.115356,
                  0.0
               ],
               [
                  31.409046,
                  30.115396,
                  0.0
               ],
               [
                  31.40917,
                  30.115427,
                  0.0
               ],
               [
                  31.409236,
                  30.115219,
                  0.0
               ]
            ]
         },
         "properties": {
            "object_imcoords": "EMPTY",
            "building_imcoords": "162.285957, 40.361998, 162.285957, 32.261666, 184.073056, 26.395909, 195.106266, 68.573498, 195.664910, 75.137560, 174.296794, 82.67924",
            "road_imcoords": "EMPTY",
            "image_id": "BLD00747_PS3_K3A_NIA0277.png",
            "ingest_time": "2023-03-02T14:34:14.313313Z",
            "type_id": "1",
            "type_name": "건물"
         }
      },
      {
         "type": "Feature",
         "geometry": {
            "type": "Polygon",
            "coordinates": [
               [
                  31.408974,
                  30.115555,
                  0.0
               ],
               [
                  31.409031,
                  30.115399,
                  0.0
               ],
               [
                  31.409183,
                  30.115438,
                  0.0
               ],
               [
                  31.409143,
                  30.115558,
                  0.0
               ]
            ]
         },
         "properties": {
            "object_imcoords": "EMPTY",
            "building_imcoords": "150.135459, 0.139661, 159.632400, 31.703023, 186.307630, 24.161334, 179.642435, 0.000000, 164.869683, 0.00000",
            "road_imcoords": "EMPTY",
            "image_id": "BLD00747_PS3_K3A_NIA0277.png",
            "ingest_time": "2023-03-02T14:34:14.313313Z",
            "type_id": "1",
            "type_name": "건물"
         }
      },
      {
         "type": "Feature",
         "geometry": {
            "type": "Polygon",
            "coordinates": [
               [
                  31.409195,
                  30.115558,
                  0.0
               ],
               [
                  31.409194,
                  30.115544,
                  0.0
               ],
               [
                  31.409298,
                  30.115203,
                  0.0
               ],
               [
                  31.409431,
                  30.115224,
                  0.0
               ]
            ]
         },
         "properties": {
            "object_imcoords": "EMPTY",
            "building_imcoords": "188.854570, 0.000000, 188.524693, 2.803954, 205.843234, 71.913181, 229.264499, 67.954657, 229.429438, 59.377856, 211.763299, 0.00000",
            "road_imcoords": "EMPTY",
            "image_id": "BLD00747_PS3_K3A_NIA0277.png",
            "ingest_time": "2023-03-02T14:34:14.313313Z",
            "type_id": "1",
            "type_name": "건물"
         }
      },
      {
         "type": "Feature",
         "geometry": {
            "type": "Polygon",
            "coordinates": [
               [
                  31.409431,
                  30.115234,
                  0.0
               ],
               [
                  31.409513,
                  30.114988,
                  0.0
               ],
               [
                  31.409663,
                  30.115025,
                  0.0
               ],
               [
                  31.40966,
                  30.115055,
                  0.0
               ]
            ]
         },
         "properties": {
            "object_imcoords": "EMPTY",
            "building_imcoords": "229.304483, 65.875494, 242.876170, 115.612642, 269.225098, 108.622110, 268.866609, 102.527800, 263.130788, 80.122249, 317.800332, 65.603453, 317.033877, 62.148332, 326.827436, 59.671352, 326.176437, 53.616867, 311.929531, 0.000000, 211.763299, 0.000000, 229.429438, 59.37785",
            "road_imcoords": "EMPTY",
            "image_id": "BLD00747_PS3_K3A_NIA0277.png",
            "ingest_time": "2023-03-02T14:34:14.313313Z",
            "type_id": "1",
            "type_name": "건물"
         }
      },
      {
         "type": "Feature",
         "geometry": {
            "type": "Polygon",
            "coordinates": [
               [
                  31.409564,
                  30.114847,
                  0.0
               ],
               [
                  31.4096,
                  30.114735,
                  0.0
               ],
               [
                  31.409708,
                  30.114801,
                  0.0
               ],
               [
                  31.409679,
                  30.114877,
                  0.0
               ]
            ]
         },
         "properties": {
            "object_imcoords": "EMPTY",
            "building_imcoords": "251.389606, 144.269702, 257.395024, 166.894766, 276.528567, 153.766642, 271.640435, 138.54360",
            "road_imcoords": "EMPTY",
            "image_id": "BLD00747_PS3_K3A_NIA0277.png",
            "ingest_time": "2023-03-02T14:34:14.313313Z",
            "type_id": "1",
            "type_name": "건물"
         }
      },
      {
         "type": "Feature",
         "geometry": {
            "type": "Polygon",
            "coordinates": [
               [
                  31.409502,
                  30.114437,
                  0.0
               ],
               [
                  31.409505,
                  30.114412,
                  0.0
               ],
               [
                  31.409536,
                  30.114396,
                  0.0
               ],
               [
                  31.409542,
                  30.114401,
                  0.0
               ]
            ]
         },
         "properties": {
            "object_imcoords": "EMPTY",
            "building_imcoords": "239.470526, 226.723151, 239.829015, 231.741994, 245.206347, 235.147638, 246.281814, 234.072171, 245.385592, 230.487283, 254.168568, 224.751462, 255.781767, 227.260884, 258.111945, 225.468440, 257.574211, 221.883552, 254.347812, 216.86470",
            "road_imcoords": "EMPTY",
            "image_id": "BLD00747_PS3_K3A_NIA0277.png",
            "ingest_time": "2023-03-02T14:34:14.313313Z",
            "type_id": "1",
            "type_name": "건물"
         }
      },
      {
         "type": "Feature",
         "geometry": {
            "type": "Polygon",
            "coordinates": [
               [
                  31.409536,
                  30.114419,
                  0.0
               ],
               [
                  31.409542,
                  30.114401,
                  0.0
               ],
               [
                  31.409539,
                  30.114399,
                  0.0
               ],
               [
                  31.40954,
                  30.114392,
                  0.0
               ]
            ]
         },
         "properties": {
            "object_imcoords": "EMPTY",
            "building_imcoords": "245.401340, 230.443357, 246.281814, 234.072171, 245.899286, 234.454699, 246.026238, 235.808863, 249.517049, 238.692576, 257.712864, 233.076925, 257.864639, 229.737889, 255.781767, 227.260884, 254.203964, 224.80652",
            "road_imcoords": "EMPTY",
            "image_id": "BLD00747_PS3_K3A_NIA0277.png",
            "ingest_time": "2023-03-02T14:34:14.313313Z",
            "type_id": "1",
            "type_name": "건물"
         }
      },
      {
         "type": "Feature",
         "geometry": {
            "type": "Polygon",
            "coordinates": [
               [
                  31.409587,
                  30.11449,
                  0.0
               ],
               [
                  31.409586,
                  30.114487,
                  0.0
               ],
               [
                  31.409605,
                  30.114462,
                  0.0
               ],
               [
                  31.409606,
                  30.114456,
                  0.0
               ]
            ]
         },
         "properties": {
            "object_imcoords": "EMPTY",
            "building_imcoords": "254.458172, 216.217693, 254.362481, 216.887527, 257.574211, 221.883552, 257.771311, 223.197546, 258.185085, 223.928547, 269.286365, 216.305146, 268.643794, 213.557290, 265.253367, 209.02089",
            "road_imcoords": "EMPTY",
            "image_id": "BLD00747_PS3_K3A_NIA0277.png",
            "ingest_time": "2023-03-02T14:34:14.313313Z",
            "type_id": "1",
            "type_name": "건물"
         }
      },
      {
         "type": "Feature",
         "geometry": {
            "type": "Polygon",
            "coordinates": [
               [
                  31.409651,
                  30.114523,
                  0.0
               ],
               [
                  31.409652,
                  30.114533,
                  0.0
               ],
               [
                  31.409808,
                  30.114629,
                  0.0
               ],
               [
                  31.409832,
                  30.11461,
                  0.0
               ]
            ]
         },
         "properties": {
            "object_imcoords": "EMPTY",
            "building_imcoords": "265.749141, 209.684242, 265.953197, 207.643680, 293.510240, 188.744622, 297.755010, 192.561201, 297.618202, 195.342510, 269.605814, 215.135754, 268.737450, 213.957797, 268.643794, 213.55729",
            "road_imcoords": "EMPTY",
            "image_id": "BLD00747_PS3_K3A_NIA0277.png",
            "ingest_time": "2023-03-02T14:34:14.313313Z",
            "type_id": "1",
            "type_name": "건물"
         }
      },
      {
         "type": "Feature",
         "geometry": {
            "type": "Polygon",
            "coordinates": [
               [
                  31.409808,
                  30.114629,
                  0.0
               ],
               [
                  31.409855,
                  30.114659,
                  0.0
               ],
               [
                  31.409875,
                  30.114639,
                  0.0
               ],
               [
                  31.409876,
                  30.114627,
                  0.0
               ]
            ]
         },
         "properties": {
            "object_imcoords": "EMPTY",
            "building_imcoords": "293.548375, 188.778911, 301.856622, 182.793399, 305.358012, 186.847639, 305.450153, 189.427611, 297.710240, 195.416829, 297.620951, 195.286616, 297.755010, 192.56120",
            "road_imcoords": "EMPTY",
            "image_id": "BLD00747_PS3_K3A_NIA0277.png",
            "ingest_time": "2023-03-02T14:34:14.313313Z",
            "type_id": "1",
            "type_name": "건물"
         }
      },
      {
         "type": "Feature",
         "geometry": {
            "type": "Polygon",
            "coordinates": [
               [
                  31.409854,
                  30.114658,
                  0.0
               ],
               [
                  31.409909,
                  30.114698,
                  0.0
               ],
               [
                  31.40993,
                  30.114677,
                  0.0
               ],
               [
                  31.409931,
                  30.114664,
                  0.0
               ]
            ]
         },
         "properties": {
            "object_imcoords": "EMPTY",
            "building_imcoords": "301.764480, 182.993667, 311.439372, 175.069470, 315.125045, 179.307994, 315.217187, 181.980107, 305.726579, 189.627878, 305.432572, 189.135587, 305.358012, 187.047907, 301.856622, 182.993667, 301.792199, 183.04007",
            "road_imcoords": "EMPTY",
            "image_id": "BLD00747_PS3_K3A_NIA0277.png",
            "ingest_time": "2023-03-02T14:34:14.313313Z",
            "type_id": "1",
            "type_name": "건물"
         }
      },
      {
         "type": "Feature",
         "geometry": {
            "type": "Polygon",
            "coordinates": [
               [
                  31.408551,
                  30.113665,
                  0.0
               ],
               [
                  31.408614,
                  30.113609,
                  0.0
               ],
               [
                  31.408699,
                  30.113666,
                  0.0
               ],
               [
                  31.408693,
                  30.113684,
                  0.0
               ]
            ]
         },
         "properties": {
            "object_imcoords": "EMPTY",
            "building_imcoords": "70.708824, 379.982878, 81.499236, 391.408021, 96.528966, 380.188645, 95.682220, 376.378291, 84.674531, 365.582289, 84.221056, 366.049506, 84.225022, 366.205971, 83.417663, 366.877244, 71.031831, 376.768254, 71.195175, 379.470111, 71.178696, 379.61743",
            "road_imcoords": "EMPTY",
            "image_id": "BLD00747_PS3_K3A_NIA0277.png",
            "ingest_time": "2023-03-02T14:34:14.313313Z",
            "type_id": "1",
            "type_name": "건물"
         }
      },
      {
         "type": "Feature",
         "geometry": {
            "type": "Polygon",
            "coordinates": [
               [
                  31.408332,
                  30.11352,
                  0.0
               ],
               [
                  31.40833,
                  30.113507,
                  0.0
               ],
               [
                  31.408368,
                  30.113484,
                  0.0
               ],
               [
                  31.408372,
                  30.11347,
                  0.0
               ]
            ]
         },
         "properties": {
            "object_imcoords": "EMPTY",
            "building_imcoords": "31.956234, 408.673868, 31.547015, 411.186667, 38.179058, 416.026266, 38.716792, 418.714932, 51.801633, 407.422535, 51.443145, 404.196136, 44.452613, 398.10182",
            "road_imcoords": "EMPTY",
            "image_id": "BLD00747_PS3_K3A_NIA0277.png",
            "ingest_time": "2023-03-02T14:34:14.313313Z",
            "type_id": "1",
            "type_name": "건물"
         }
      },
      {
         "type": "Feature",
         "geometry": {
            "type": "Polygon",
            "coordinates": [
               [
                  31.408152,
                  30.113372,
                  0.0
               ],
               [
                  31.408331,
                  30.113507,
                  0.0
               ],
               [
                  31.408369,
                  30.113483,
                  0.0
               ],
               [
                  31.40837,
                  30.113476,
                  0.0
               ]
            ]
         },
         "properties": {
            "object_imcoords": "EMPTY",
            "building_imcoords": "0.000000, 438.051413, 31.689667, 411.189761, 38.193850, 416.100222, 38.484705, 417.554498, 38.554268, 419.084899, 0.000000, 452.29501",
            "road_imcoords": "EMPTY",
            "image_id": "BLD00747_PS3_K3A_NIA0277.png",
            "ingest_time": "2023-03-02T14:34:14.313313Z",
            "type_id": "1",
            "type_name": "건물"
         }
      },
      {
         "type": "Feature",
         "geometry": {
            "type": "Polygon",
            "coordinates": [
               [
                  31.408151,
                  30.113447,
                  0.0
               ],
               [
                  31.408181,
                  30.113415,
                  0.0
               ],
               [
                  31.408185,
                  30.11341,
                  0.0
               ],
               [
                  31.40831,
                  30.113505,
                  0.0
               ]
            ]
         },
         "properties": {
            "object_imcoords": "EMPTY",
            "building_imcoords": "0.000000, 422.886177, 5.160328, 429.369666, 5.900524, 430.358724, 27.926482, 411.612066, 26.864062, 409.031902, 20.337764, 401.898507, -0.368567, 418.90852",
            "road_imcoords": "EMPTY",
            "image_id": "BLD00747_PS3_K3A_NIA0277.png",
            "ingest_time": "2023-03-02T14:34:14.313313Z",
            "type_id": "1",
            "type_name": "건물"
         }
      },
      {
         "type": "Feature",
         "geometry": {
            "type": "Polygon",
            "coordinates": [
               [
                  31.410408,
                  30.115287,
                  0.0
               ],
               [
                  31.410387,
                  30.115273,
                  0.0
               ],
               [
                  31.410389,
                  30.115255,
                  0.0
               ],
               [
                  31.410409,
                  30.115237,
                  0.0
               ]
            ]
         },
         "properties": {
            "object_imcoords": "EMPTY",
            "building_imcoords": "400.547439, 57.679949, 396.776595, 60.333505, 397.055917, 63.964689, 400.547439, 67.735533, 405.994214, 64.802654, 405.575231, 61.31113",
            "road_imcoords": "EMPTY",
            "image_id": "BLD00747_PS3_K3A_NIA0277.png",
            "ingest_time": "2023-03-02T14:34:14.313313Z",
            "type_id": "1",
            "type_name": "건물"
         }
      },
      {
         "type": "Feature",
         "geometry": {
            "type": "Polygon",
            "coordinates": [
               [
                  31.41041,
                  30.115289,
                  0.0
               ],
               [
                  31.410412,
                  30.115301,
                  0.0
               ],
               [
                  31.410499,
                  30.115352,
                  0.0
               ],
               [
                  31.410533,
                  30.115317,
                  0.0
               ]
            ]
         },
         "properties": {
            "object_imcoords": "EMPTY",
            "building_imcoords": "400.826761, 57.260966, 401.245743, 54.747070, 416.748103, 44.831146, 422.474199, 51.953852, 422.613860, 55.026392, 407.809805, 65.919941, 406.133875, 64.523332, 405.926670, 64.239789, 405.575231, 61.311132, 401.787324, 58.57542",
            "road_imcoords": "EMPTY",
            "image_id": "BLD00747_PS3_K3A_NIA0277.png",
            "ingest_time": "2023-03-02T14:34:14.313313Z",
            "type_id": "1",
            "type_name": "건물"
         }
      }
   ]
}