{
   "type": "FeatureCollection",
   "features": [
      {
         "type": "Feature",
         "geometry": {
            "type": "Polygon",
            "coordinates": [
               [
                  31.378898,
                  30.115188,
                  0.0
               ],
               [
                  31.384742,
                  30.11526,
                  0.0
               ],
               [
                  31.384659,
                  30.12034,
                  0.0
               ],
               [
                  31.378815,
                  30.120268,
                  0.0
               ]
            ]
         },
         "properties": {
            "object_imcoords": "EMPTY",
            "building_imcoords": "330.038023, 698.859316, 330.038023, 710.266160, 366.920152, 775.285171, 510.266160, 687.832700, 494.296578, 660.456274, 464.638783, 613.30798",
            "road_imcoords": "EMPTY",
            "image_id": "BLD00717_PS3_K3A_NIA0277.png",
            "ingest_time": "2023-03-02T14:34:14.313313Z",
            "type_id": "1",
            "type_name": "건물"
         }
      },
      {
         "type": "Feature",
         "geometry": {
            "type": "Polygon",
            "coordinates": [
               [
                  31.384708,
                  30.11651,
                  0.0
               ],
               [
                  31.384651,
                  30.116512,
                  0.0
               ],
               [
                  31.384653,
                  30.116427,
                  0.0
               ],
               [
                  31.384715,
                  30.11643,
                  0.0
               ]
            ]
         },
         "properties": {
            "object_imcoords": "EMPTY",
            "building_imcoords": "1021.616446, 771.945896, 1011.713021, 771.424663, 1011.713021, 788.625348, 1022.658911, 788.10411",
            "road_imcoords": "EMPTY",
            "image_id": "BLD00717_PS3_K3A_NIA0277.png",
            "ingest_time": "2023-03-02T14:34:14.313313Z",
            "type_id": "1",
            "type_name": "건물"
         }
      },
      {
         "type": "Feature",
         "geometry": {
            "type": "Polygon",
            "coordinates": [
               [
                  31.384707,
                  30.116355,
                  0.0
               ],
               [
                  31.384651,
                  30.116352,
                  0.0
               ],
               [
                  31.384652,
                  30.116106,
                  0.0
               ],
               [
                  31.384711,
                  30.116107,
                  0.0
               ]
            ]
         },
         "properties": {
            "object_imcoords": "EMPTY",
            "building_imcoords": "1021.095213, 803.219869, 1011.191788, 803.741102, 1010.670555, 853.258225, 1021.095213, 853.25822",
            "road_imcoords": "EMPTY",
            "image_id": "BLD00717_PS3_K3A_NIA0277.png",
            "ingest_time": "2023-03-02T14:34:14.313313Z",
            "type_id": "1",
            "type_name": "건물"
         }
      },
      {
         "type": "Feature",
         "geometry": {
            "type": "Polygon",
            "coordinates": [
               [
                  31.384703,
                  30.116063,
                  0.0
               ],
               [
                  31.38465,
                  30.116059,
                  0.0
               ],
               [
                  31.384652,
                  30.115746,
                  0.0
               ],
               [
                  31.384708,
                  30.115747,
                  0.0
               ]
            ]
         },
         "properties": {
            "object_imcoords": "EMPTY",
            "building_imcoords": "1019.531514, 862.119184, 1010.149322, 862.640417, 1009.628089, 925.709596, 1019.531514, 925.70959",
            "road_imcoords": "EMPTY",
            "image_id": "BLD00717_PS3_K3A_NIA0277.png",
            "ingest_time": "2023-03-02T14:34:14.313313Z",
            "type_id": "1",
            "type_name": "건물"
         }
      }
   ]
}