{
   "type": "FeatureCollection",
   "features": [
      {
         "type": "Feature",
         "geometry": {
            "type": "Polygon",
            "coordinates": [
               [
                  31.453247,
                  29.975552,
                  0.0
               ],
               [
                  31.459083,
                  29.975621,
                  0.0
               ],
               [
                  31.459005,
                  29.980701,
                  0.0
               ],
               [
                  31.453169,
                  29.980633,
                  0.0
               ]
            ]
         },
         "properties": {
            "object_imcoords": "EMPTY",
            "building_imcoords": "540.224171, 975.804011, 540.224171, 987.898582, 545.833248, 1017.872084, 551.617608, 1023.656444, 561.608775, 1022.604742, 563.712179, 1016.820382, 563.186328, 1000.869571, 556.525550, 973.17475",
            "road_imcoords": "EMPTY",
            "image_id": "BLD00281_PS3_K3A_NIA0276.png",
            "ingest_time": "2023-03-02T14:34:14.313313Z",
            "type_id": "1",
            "type_name": "건물"
         }
      },
      {
         "type": "Feature",
         "geometry": {
            "type": "Polygon",
            "coordinates": [
               [
                  31.453247,
                  29.975552,
                  0.0
               ],
               [
                  31.459083,
                  29.975621,
                  0.0
               ],
               [
                  31.459005,
                  29.980701,
                  0.0
               ],
               [
                  31.453169,
                  29.980633,
                  0.0
               ]
            ]
         },
         "properties": {
            "object_imcoords": "EMPTY",
            "building_imcoords": "407.709741, 1005.076378, 407.709741, 1014.541695, 409.813145, 1024.000000, 421.907716, 1024.000000, 422.258283, 1010.334888, 421.907716, 1005.426946, 417.175058, 1000.34372",
            "road_imcoords": "EMPTY",
            "image_id": "BLD00281_PS3_K3A_NIA0276.png",
            "ingest_time": "2023-03-02T14:34:14.313313Z",
            "type_id": "1",
            "type_name": "건물"
         }
      }
   ]
}