{
   "type": "FeatureCollection",
   "features": [
      {
         "type": "Feature",
         "geometry": {
            "type": "Polygon",
            "coordinates": [
               [
                  31.336788,
                  29.958888,
                  0.0
               ],
               [
                  31.342623,
                  29.958961,
                  0.0
               ],
               [
                  31.342538,
                  29.964042,
                  0.0
               ],
               [
                  31.336703,
                  29.963968,
                  0.0
               ]
            ]
         },
         "properties": {
            "object_imcoords": "EMPTY",
            "building_imcoords": "49.355151, 150.203582, 0.000000, 150.203582, 0.000000, 164.279599, 50.067861, 164.63595",
            "road_imcoords": "EMPTY",
            "image_id": "BLD00336_PS3_K3A_NIA0276.png",
            "ingest_time": "2023-03-02T14:34:14.313313Z",
            "type_id": "1",
            "type_name": "건물"
         }
      }
   ]
}