{
   "type": "FeatureCollection",
   "features": [
      {
         "type": "Feature",
         "geometry": {
            "type": "Polygon",
            "coordinates": [
               [
                  31.360627,
                  29.928697,
                  0.0
               ],
               [
                  31.36646,
                  29.928769,
                  0.0
               ],
               [
                  31.366377,
                  29.93385,
                  0.0
               ],
               [
                  31.360543,
                  29.933777,
                  0.0
               ]
            ]
         },
         "properties": {
            "object_imcoords": "EMPTY",
            "building_imcoords": "5.539394, 728.122521, 8.958816, 764.272141, 30.774409, 762.589859, 27.081480, 723.81410",
            "road_imcoords": "EMPTY",
            "image_id": "BLD00492_PS3_K3A_NIA0276.png",
            "ingest_time": "2023-03-02T14:34:14.313313Z",
            "type_id": "1",
            "type_name": "건물"
         }
      },
      {
         "type": "Feature",
         "geometry": {
            "type": "Polygon",
            "coordinates": [
               [
                  31.360627,
                  29.928697,
                  0.0
               ],
               [
                  31.36646,
                  29.928769,
                  0.0
               ],
               [
                  31.366377,
                  29.93385,
                  0.0
               ],
               [
                  31.360543,
                  29.933777,
                  0.0
               ]
            ]
         },
         "properties": {
            "object_imcoords": "EMPTY",
            "building_imcoords": "24.817264, 954.968300, 7.941524, 990.705159, 23.824573, 1001.128410, 42.685693, 966.88058",
            "road_imcoords": "EMPTY",
            "image_id": "BLD00492_PS3_K3A_NIA0276.png",
            "ingest_time": "2023-03-02T14:34:14.313313Z",
            "type_id": "1",
            "type_name": "건물"
         }
      },
      {
         "type": "Feature",
         "geometry": {
            "type": "Polygon",
            "coordinates": [
               [
                  31.360627,
                  29.928697,
                  0.0
               ],
               [
                  31.36646,
                  29.928769,
                  0.0
               ],
               [
                  31.366377,
                  29.93385,
                  0.0
               ],
               [
                  31.360543,
                  29.933777,
                  0.0
               ]
            ]
         },
         "properties": {
            "object_imcoords": "EMPTY",
            "building_imcoords": "46.160110, 913.771642, 27.795335, 949.012157, 45.663765, 960.428098, 63.035849, 926.67661",
            "road_imcoords": "EMPTY",
            "image_id": "BLD00492_PS3_K3A_NIA0276.png",
            "ingest_time": "2023-03-02T14:34:14.313313Z",
            "type_id": "1",
            "type_name": "건물"
         }
      },
      {
         "type": "Feature",
         "geometry": {
            "type": "Polygon",
            "coordinates": [
               [
                  31.360627,
                  29.928697,
                  0.0
               ],
               [
                  31.36646,
                  29.928769,
                  0.0
               ],
               [
                  31.366377,
                  29.93385,
                  0.0
               ],
               [
                  31.360543,
                  29.933777,
                  0.0
               ]
            ]
         },
         "properties": {
            "object_imcoords": "EMPTY",
            "building_imcoords": "66.510266, 876.049402, 47.152801, 909.800880, 66.013921, 920.224131, 84.875041, 886.96899",
            "road_imcoords": "EMPTY",
            "image_id": "BLD00492_PS3_K3A_NIA0276.png",
            "ingest_time": "2023-03-02T14:34:14.313313Z",
            "type_id": "1",
            "type_name": "건물"
         }
      },
      {
         "type": "Feature",
         "geometry": {
            "type": "Polygon",
            "coordinates": [
               [
                  31.360618,
                  29.929222,
                  0.0
               ],
               [
                  31.360697,
                  29.929187,
                  0.0
               ],
               [
                  31.360659,
                  29.929105,
                  0.0
               ],
               [
                  31.360626,
                  29.929123,
                  0.0
               ]
            ]
         },
         "properties": {
            "object_imcoords": "EMPTY",
            "building_imcoords": "0.000000, 918.090636, 13.741235, 925.419295, 6.870617, 941.803074, 1.057018, 938.103511, 0.000000, 931.05672",
            "road_imcoords": "EMPTY",
            "image_id": "BLD00492_PS3_K3A_NIA0276.png",
            "ingest_time": "2023-03-02T14:34:14.313313Z",
            "type_id": "1",
            "type_name": "건물"
         }
      },
      {
         "type": "Feature",
         "geometry": {
            "type": "Polygon",
            "coordinates": [
               [
                  31.360624,
                  29.928848,
                  0.0
               ],
               [
                  31.360679,
                  29.928804,
                  0.0
               ],
               [
                  31.360626,
                  29.928724,
                  0.0
               ]
            ]
         },
         "properties": {
            "object_imcoords": "EMPTY",
            "building_imcoords": "0.000000, 993.569142, 9.513162, 1002.581611, 0.000000, 1018.43688",
            "road_imcoords": "EMPTY",
            "image_id": "BLD00492_PS3_K3A_NIA0276.png",
            "ingest_time": "2023-03-02T14:34:14.313313Z",
            "type_id": "1",
            "type_name": "건물"
         }
      },
      {
         "type": "Feature",
         "geometry": {
            "type": "Polygon",
            "coordinates": [
               [
                  31.360607,
                  29.929867,
                  0.0
               ],
               [
                  31.360725,
                  29.929883,
                  0.0
               ],
               [
                  31.360778,
                  29.92965,
                  0.0
               ],
               [
                  31.360611,
                  29.929627,
                  0.0
               ]
            ]
         },
         "properties": {
            "object_imcoords": "EMPTY",
            "building_imcoords": "0.000000, 788.235431, 20.589775, 785.294035, 29.237481, 832.238723, 0.000000, 836.58483",
            "road_imcoords": "EMPTY",
            "image_id": "BLD00492_PS3_K3A_NIA0276.png",
            "ingest_time": "2023-03-02T14:34:14.313313Z",
            "type_id": "1",
            "type_name": "건물"
         }
      },
      {
         "type": "Feature",
         "geometry": {
            "type": "Polygon",
            "coordinates": [
               [
                  31.362003,
                  29.932823,
                  0.0
               ],
               [
                  31.36185,
                  29.932725,
                  0.0
               ],
               [
                  31.361994,
                  29.932588,
                  0.0
               ],
               [
                  31.361997,
                  29.932573,
                  0.0
               ]
            ]
         },
         "properties": {
            "object_imcoords": "EMPTY",
            "building_imcoords": "253.451590, 195.914136, 226.385685, 215.272532, 251.121413, 243.234659, 251.659146, 246.281814, 276.753363, 227.461151, 276.574118, 223.15928",
            "road_imcoords": "EMPTY",
            "image_id": "BLD00492_PS3_K3A_NIA0276.png",
            "ingest_time": "2023-03-02T14:34:14.313313Z",
            "type_id": "1",
            "type_name": "건물"
         }
      },
      {
         "type": "Feature",
         "geometry": {
            "type": "Polygon",
            "coordinates": [
               [
                  31.361853,
                  29.932343,
                  0.0
               ],
               [
                  31.361795,
                  29.932333,
                  0.0
               ],
               [
                  31.361805,
                  29.932267,
                  0.0
               ],
               [
                  31.361868,
                  29.932276,
                  0.0
               ]
            ]
         },
         "properties": {
            "object_imcoords": "EMPTY",
            "building_imcoords": "225.668707, 292.347626, 215.451776, 294.140070, 217.064976, 307.583401, 228.178129, 305.97020",
            "road_imcoords": "EMPTY",
            "image_id": "BLD00492_PS3_K3A_NIA0276.png",
            "ingest_time": "2023-03-02T14:34:14.313313Z",
            "type_id": "1",
            "type_name": "건물"
         }
      },
      {
         "type": "Feature",
         "geometry": {
            "type": "Polygon",
            "coordinates": [
               [
                  31.364299,
                  29.9327,
                  0.0
               ],
               [
                  31.364243,
                  29.932675,
                  0.0
               ],
               [
                  31.364265,
                  29.932614,
                  0.0
               ],
               [
                  31.364332,
                  29.932645,
                  0.0
               ]
            ]
         },
         "properties": {
            "object_imcoords": "EMPTY",
            "building_imcoords": "655.990245, 226.487530, 646.107153, 231.429076, 649.813313, 243.782941, 661.755382, 237.60600",
            "road_imcoords": "EMPTY",
            "image_id": "BLD00492_PS3_K3A_NIA0276.png",
            "ingest_time": "2023-03-02T14:34:14.313313Z",
            "type_id": "1",
            "type_name": "건물"
         }
      }
   ]
}