{
   "type": "FeatureCollection",
   "features": [
      {
         "type": "Feature",
         "geometry": {
            "type": "Polygon",
            "coordinates": [
               [
                  31.368545,
                  30.033754,
                  0.0
               ],
               [
                  31.374384,
                  30.033827,
                  0.0
               ],
               [
                  31.374301,
                  30.038907,
                  0.0
               ],
               [
                  31.368462,
                  30.038835,
                  0.0
               ]
            ]
         },
         "properties": {
            "object_imcoords": "EMPTY",
            "building_imcoords": "337.581699, 937.254902, 348.366013, 1003.594771, 386.274510, 998.692810, 373.856209, 929.084967, 356.209150, 928.10457",
            "road_imcoords": "EMPTY",
            "image_id": "BLD01113_PS3_K3A_NIA0277.png",
            "ingest_time": "2023-03-02T14:34:14.313313Z",
            "type_id": "1",
            "type_name": "건물"
         }
      },
      {
         "type": "Feature",
         "geometry": {
            "type": "Polygon",
            "coordinates": [
               [
                  31.368545,
                  30.033754,
                  0.0
               ],
               [
                  31.374384,
                  30.033827,
                  0.0
               ],
               [
                  31.374301,
                  30.038907,
                  0.0
               ],
               [
                  31.368462,
                  30.038835,
                  0.0
               ]
            ]
         },
         "properties": {
            "object_imcoords": "EMPTY",
            "building_imcoords": "93.750000, 954.687500, 59.114583, 959.375000, 57.812500, 955.208333, 32.812500, 957.812500, 33.333333, 976.302083, 40.364583, 975.520833, 37.500000, 996.875000, 38.281250, 1022.656250, 64.583333, 1019.531250, 70.052083, 1017.708333, 68.750000, 990.625000, 75.000000, 990.364583, 75.781250, 1016.927083, 116.927083, 1010.156250, 132.812500, 1008.333333, 134.375000, 983.593750, 139.062500, 983.333333, 139.843750, 1006.770833, 160.677083, 1004.427083, 167.187500, 1000.781250, 173.437500, 999.739583, 174.218750, 979.427083, 171.614583, 968.489583, 157.031250, 966.406250, 157.031250, 964.843750, 160.937500, 963.281250, 160.156250, 943.750000, 105.989583, 950.520833, 105.989583, 963.281250, 107.031250, 972.656250, 103.125000, 963.80208",
            "road_imcoords": "EMPTY",
            "image_id": "BLD01113_PS3_K3A_NIA0277.png",
            "ingest_time": "2023-03-02T14:34:14.313313Z",
            "type_id": "1",
            "type_name": "건물"
         }
      },
      {
         "type": "Feature",
         "geometry": {
            "type": "Polygon",
            "coordinates": [
               [
                  31.368545,
                  30.033754,
                  0.0
               ],
               [
                  31.374384,
                  30.033827,
                  0.0
               ],
               [
                  31.374301,
                  30.038907,
                  0.0
               ],
               [
                  31.368462,
                  30.038835,
                  0.0
               ]
            ]
         },
         "properties": {
            "object_imcoords": "EMPTY",
            "building_imcoords": "0.000000, 971.098266, 13.005780, 971.965318, 15.317919, 979.479769, 21.387283, 982.080925, 22.543353, 991.040462, 19.653179, 996.242775, 22.254335, 1024.000000, 0.000000, 1023.98843",
            "road_imcoords": "EMPTY",
            "image_id": "BLD01113_PS3_K3A_NIA0277.png",
            "ingest_time": "2023-03-02T14:34:14.313313Z",
            "type_id": "1",
            "type_name": "건물"
         }
      },
      {
         "type": "Feature",
         "geometry": {
            "type": "Polygon",
            "coordinates": [
               [
                  31.368545,
                  30.033754,
                  0.0
               ],
               [
                  31.374384,
                  30.033827,
                  0.0
               ],
               [
                  31.374301,
                  30.038907,
                  0.0
               ],
               [
                  31.368462,
                  30.038835,
                  0.0
               ]
            ]
         },
         "properties": {
            "object_imcoords": "EMPTY",
            "building_imcoords": "765.356265, 257.002457, 759.950860, 267.321867, 760.687961, 336.117936, 764.619165, 332.432432, 842.014742, 326.535627, 837.592138, 268.058968, 815.479115, 250.61425",
            "road_imcoords": "EMPTY",
            "image_id": "BLD01113_PS3_K3A_NIA0277.png",
            "ingest_time": "2023-03-02T14:34:14.313313Z",
            "type_id": "1",
            "type_name": "건물"
         }
      },
      {
         "type": "Feature",
         "geometry": {
            "type": "Polygon",
            "coordinates": [
               [
                  31.368545,
                  30.033754,
                  0.0
               ],
               [
                  31.374384,
                  30.033827,
                  0.0
               ],
               [
                  31.374301,
                  30.038907,
                  0.0
               ],
               [
                  31.368462,
                  30.038835,
                  0.0
               ]
            ]
         },
         "properties": {
            "object_imcoords": "EMPTY",
            "building_imcoords": "842.260442, 326.535627, 764.619165, 331.695332, 761.179361, 336.117936, 763.882064, 384.029484, 780.343980, 381.081081, 845.945946, 376.412776, 847.174447, 357.98525",
            "road_imcoords": "EMPTY",
            "image_id": "BLD01113_PS3_K3A_NIA0277.png",
            "ingest_time": "2023-03-02T14:34:14.313313Z",
            "type_id": "1",
            "type_name": "건물"
         }
      },
      {
         "type": "Feature",
         "geometry": {
            "type": "Polygon",
            "coordinates": [
               [
                  31.368545,
                  30.033754,
                  0.0
               ],
               [
                  31.374384,
                  30.033827,
                  0.0
               ],
               [
                  31.374301,
                  30.038907,
                  0.0
               ],
               [
                  31.368462,
                  30.038835,
                  0.0
               ]
            ]
         },
         "properties": {
            "object_imcoords": "EMPTY",
            "building_imcoords": "845.700246, 376.167076, 768.550369, 382.555283, 766.339066, 406.879607, 770.761671, 442.506143, 776.412776, 449.631450, 781.081081, 449.631450, 783.292383, 452.825553, 789.926290, 453.316953, 793.366093, 455.528256, 839.066339, 451.351351, 848.648649, 442.997543, 853.808354, 429.23832",
            "road_imcoords": "EMPTY",
            "image_id": "BLD01113_PS3_K3A_NIA0277.png",
            "ingest_time": "2023-03-02T14:34:14.313313Z",
            "type_id": "1",
            "type_name": "건물"
         }
      },
      {
         "type": "Feature",
         "geometry": {
            "type": "Polygon",
            "coordinates": [
               [
                  31.368545,
                  30.033754,
                  0.0
               ],
               [
                  31.374384,
                  30.033827,
                  0.0
               ],
               [
                  31.374301,
                  30.038907,
                  0.0
               ],
               [
                  31.368462,
                  30.038835,
                  0.0
               ]
            ]
         },
         "properties": {
            "object_imcoords": "EMPTY",
            "building_imcoords": "876.401869, 298.831776, 877.336449, 341.355140, 885.747664, 356.074766, 901.635514, 359.813084, 914.252336, 359.579439, 919.859813, 350.467290, 916.588785, 293.224299, 899.532710, 291.82243",
            "road_imcoords": "EMPTY",
            "image_id": "BLD01113_PS3_K3A_NIA0277.png",
            "ingest_time": "2023-03-02T14:34:14.313313Z",
            "type_id": "1",
            "type_name": "건물"
         }
      },
      {
         "type": "Feature",
         "geometry": {
            "type": "Polygon",
            "coordinates": [
               [
                  31.368545,
                  30.033754,
                  0.0
               ],
               [
                  31.374384,
                  30.033827,
                  0.0
               ],
               [
                  31.374301,
                  30.038907,
                  0.0
               ],
               [
                  31.368462,
                  30.038835,
                  0.0
               ]
            ]
         },
         "properties": {
            "object_imcoords": "EMPTY",
            "building_imcoords": "910.428305, 237.988827, 912.849162, 292.364991, 899.441341, 292.178771, 875.791434, 298.324022, 873.556797, 262.569832, 889.199255, 240.223464, 900.931099, 238.73370",
            "road_imcoords": "EMPTY",
            "image_id": "BLD01113_PS3_K3A_NIA0277.png",
            "ingest_time": "2023-03-02T14:34:14.313313Z",
            "type_id": "1",
            "type_name": "건물"
         }
      },
      {
         "type": "Feature",
         "geometry": {
            "type": "Polygon",
            "coordinates": [
               [
                  31.368545,
                  30.033754,
                  0.0
               ],
               [
                  31.374384,
                  30.033827,
                  0.0
               ],
               [
                  31.374301,
                  30.038907,
                  0.0
               ],
               [
                  31.368462,
                  30.038835,
                  0.0
               ]
            ]
         },
         "properties": {
            "object_imcoords": "EMPTY",
            "building_imcoords": "915.083799, 237.430168, 916.759777, 293.296089, 917.318436, 308.938547, 955.865922, 306.145251, 955.679702, 270.391061, 951.396648, 234.82309",
            "road_imcoords": "EMPTY",
            "image_id": "BLD01113_PS3_K3A_NIA0277.png",
            "ingest_time": "2023-03-02T14:34:14.313313Z",
            "type_id": "1",
            "type_name": "건물"
         }
      },
      {
         "type": "Feature",
         "geometry": {
            "type": "Polygon",
            "coordinates": [
               [
                  31.368545,
                  30.033754,
                  0.0
               ],
               [
                  31.374384,
                  30.033827,
                  0.0
               ],
               [
                  31.374301,
                  30.038907,
                  0.0
               ],
               [
                  31.368462,
                  30.038835,
                  0.0
               ]
            ]
         },
         "properties": {
            "object_imcoords": "EMPTY",
            "building_imcoords": "954.934823, 230.353818, 956.238361, 257.355680, 959.031657, 303.538175, 963.314711, 302.048417, 962.756052, 298.510242, 975.791434, 297.951583, 976.163873, 301.862197, 980.260708, 301.862197, 981.750466, 296.275605, 991.992551, 295.344507, 993.482309, 290.689013, 990.875233, 230.35381",
            "road_imcoords": "EMPTY",
            "image_id": "BLD01113_PS3_K3A_NIA0277.png",
            "ingest_time": "2023-03-02T14:34:14.313313Z",
            "type_id": "1",
            "type_name": "건물"
         }
      },
      {
         "type": "Feature",
         "geometry": {
            "type": "Polygon",
            "coordinates": [
               [
                  31.368545,
                  30.033754,
                  0.0
               ],
               [
                  31.374384,
                  30.033827,
                  0.0
               ],
               [
                  31.374301,
                  30.038907,
                  0.0
               ],
               [
                  31.368462,
                  30.038835,
                  0.0
               ]
            ]
         },
         "properties": {
            "object_imcoords": "EMPTY",
            "building_imcoords": "993.629630, 290.962963, 992.148148, 295.407407, 981.481481, 295.851852, 980.592593, 302.370370, 976.296296, 302.074074, 975.703704, 298.074074, 962.814815, 298.370370, 962.962963, 302.518519, 961.925926, 353.037037, 999.851852, 350.074074, 998.518519, 318.518519, 995.851852, 293.48148",
            "road_imcoords": "EMPTY",
            "image_id": "BLD01113_PS3_K3A_NIA0277.png",
            "ingest_time": "2023-03-02T14:34:14.313313Z",
            "type_id": "1",
            "type_name": "건물"
         }
      },
      {
         "type": "Feature",
         "geometry": {
            "type": "Polygon",
            "coordinates": [
               [
                  31.368545,
                  30.033754,
                  0.0
               ],
               [
                  31.374384,
                  30.033827,
                  0.0
               ],
               [
                  31.374301,
                  30.038907,
                  0.0
               ],
               [
                  31.368462,
                  30.038835,
                  0.0
               ]
            ]
         },
         "properties": {
            "object_imcoords": "EMPTY",
            "building_imcoords": "1001.185185, 292.296296, 1003.407407, 347.851852, 1024.000000, 347.703704, 1024.000000, 289.62963",
            "road_imcoords": "EMPTY",
            "image_id": "BLD01113_PS3_K3A_NIA0277.png",
            "ingest_time": "2023-03-02T14:34:14.313313Z",
            "type_id": "1",
            "type_name": "건물"
         }
      },
      {
         "type": "Feature",
         "geometry": {
            "type": "Polygon",
            "coordinates": [
               [
                  31.368545,
                  30.033754,
                  0.0
               ],
               [
                  31.374384,
                  30.033827,
                  0.0
               ],
               [
                  31.374301,
                  30.038907,
                  0.0
               ],
               [
                  31.368462,
                  30.038835,
                  0.0
               ]
            ]
         },
         "properties": {
            "object_imcoords": "EMPTY",
            "building_imcoords": "996.888889, 229.481481, 998.962963, 297.037037, 1001.333333, 291.851852, 1024.000000, 289.185185, 1024.000000, 227.85185",
            "road_imcoords": "EMPTY",
            "image_id": "BLD01113_PS3_K3A_NIA0277.png",
            "ingest_time": "2023-03-02T14:34:14.313313Z",
            "type_id": "1",
            "type_name": "건물"
         }
      },
      {
         "type": "Feature",
         "geometry": {
            "type": "Polygon",
            "coordinates": [
               [
                  31.371734,
                  30.037118,
                  0.0
               ],
               [
                  31.371796,
                  30.036731,
                  0.0
               ],
               [
                  31.371462,
                  30.036688,
                  0.0
               ],
               [
                  31.371472,
                  30.036619,
                  0.0
               ]
            ]
         },
         "properties": {
            "object_imcoords": "EMPTY",
            "building_imcoords": "568.729642, 354.071661, 578.501629, 432.247557, 519.869707, 440.065147, 521.498371, 454.071661, 508.794788, 455.700326, 518.892508, 523.778502, 539.087948, 523.452769, 585.342020, 514.006515, 587.836234, 533.344456, 685.016287, 518.892508, 657.328990, 343.648208, 624.429967, 345.602606, 603.583062, 347.55700",
            "road_imcoords": "EMPTY",
            "image_id": "BLD01113_PS3_K3A_NIA0277.png",
            "ingest_time": "2023-03-02T14:34:14.313313Z",
            "type_id": "1",
            "type_name": "건물"
         }
      },
      {
         "type": "Feature",
         "geometry": {
            "type": "Polygon",
            "coordinates": [
               [
                  31.368545,
                  30.033754,
                  0.0
               ],
               [
                  31.374384,
                  30.033827,
                  0.0
               ],
               [
                  31.374301,
                  30.038907,
                  0.0
               ],
               [
                  31.368462,
                  30.038835,
                  0.0
               ]
            ]
         },
         "properties": {
            "object_imcoords": "EMPTY",
            "building_imcoords": "513.544669, 325.072046, 517.002882, 354.755043, 563.976945, 352.737752, 587.031700, 344.956772, 619.020173, 343.227666, 664.841499, 334.582133, 663.976945, 300.000000, 597.694524, 309.798271, 587.031700, 308.069164, 576.657061, 311.527378, 516.138329, 319.30835",
            "road_imcoords": "EMPTY",
            "image_id": "BLD01113_PS3_K3A_NIA0277.png",
            "ingest_time": "2023-03-02T14:34:14.313313Z",
            "type_id": "1",
            "type_name": "건물"
         }
      },
      {
         "type": "Feature",
         "geometry": {
            "type": "Polygon",
            "coordinates": [
               [
                  31.368545,
                  30.033754,
                  0.0
               ],
               [
                  31.374384,
                  30.033827,
                  0.0
               ],
               [
                  31.374301,
                  30.038907,
                  0.0
               ],
               [
                  31.368462,
                  30.038835,
                  0.0
               ]
            ]
         },
         "properties": {
            "object_imcoords": "EMPTY",
            "building_imcoords": "713.895782, 436.476427, 719.851117, 473.697270, 739.454094, 470.719603, 733.250620, 430.521092, 714.640199, 433.49875",
            "road_imcoords": "EMPTY",
            "image_id": "BLD01113_PS3_K3A_NIA0277.png",
            "ingest_time": "2023-03-02T14:34:14.313313Z",
            "type_id": "1",
            "type_name": "건물"
         }
      },
      {
         "type": "Feature",
         "geometry": {
            "type": "Polygon",
            "coordinates": [
               [
                  31.368545,
                  30.033754,
                  0.0
               ],
               [
                  31.374384,
                  30.033827,
                  0.0
               ],
               [
                  31.374301,
                  30.038907,
                  0.0
               ],
               [
                  31.368462,
                  30.038835,
                  0.0
               ]
            ]
         },
         "properties": {
            "object_imcoords": "EMPTY",
            "building_imcoords": "704.218362, 351.861042, 714.640199, 423.325062, 730.521092, 421.588089, 719.851117, 347.14640",
            "road_imcoords": "EMPTY",
            "image_id": "BLD01113_PS3_K3A_NIA0277.png",
            "ingest_time": "2023-03-02T14:34:14.313313Z",
            "type_id": "1",
            "type_name": "건물"
         }
      },
      {
         "type": "Feature",
         "geometry": {
            "type": "Polygon",
            "coordinates": [
               [
                  31.368545,
                  30.033754,
                  0.0
               ],
               [
                  31.374384,
                  30.033827,
                  0.0
               ],
               [
                  31.374301,
                  30.038907,
                  0.0
               ],
               [
                  31.368462,
                  30.038835,
                  0.0
               ]
            ]
         },
         "properties": {
            "object_imcoords": "EMPTY",
            "building_imcoords": "493.300248, 611.414392, 502.481390, 681.885856, 565.508685, 670.719603, 553.598015, 603.970223, 521.836228, 601.48883",
            "road_imcoords": "EMPTY",
            "image_id": "BLD01113_PS3_K3A_NIA0277.png",
            "ingest_time": "2023-03-02T14:34:14.313313Z",
            "type_id": "1",
            "type_name": "건물"
         }
      },
      {
         "type": "Feature",
         "geometry": {
            "type": "Polygon",
            "coordinates": [
               [
                  31.368545,
                  30.033754,
                  0.0
               ],
               [
                  31.374384,
                  30.033827,
                  0.0
               ],
               [
                  31.374301,
                  30.038907,
                  0.0
               ],
               [
                  31.368462,
                  30.038835,
                  0.0
               ]
            ]
         },
         "properties": {
            "object_imcoords": "EMPTY",
            "building_imcoords": "527.931034, 790.689655, 518.275862, 814.482759, 563.793103, 833.448276, 575.172414, 808.27586",
            "road_imcoords": "EMPTY",
            "image_id": "BLD01113_PS3_K3A_NIA0277.png",
            "ingest_time": "2023-03-02T14:34:14.313313Z",
            "type_id": "1",
            "type_name": "건물"
         }
      },
      {
         "type": "Feature",
         "geometry": {
            "type": "Polygon",
            "coordinates": [
               [
                  31.368545,
                  30.033754,
                  0.0
               ],
               [
                  31.374384,
                  30.033827,
                  0.0
               ],
               [
                  31.374301,
                  30.038907,
                  0.0
               ],
               [
                  31.368462,
                  30.038835,
                  0.0
               ]
            ]
         },
         "properties": {
            "object_imcoords": "EMPTY",
            "building_imcoords": "521.192053, 831.788079, 524.944812, 847.682119, 545.474614, 843.046358, 542.825607, 827.81457",
            "road_imcoords": "EMPTY",
            "image_id": "BLD01113_PS3_K3A_NIA0277.png",
            "ingest_time": "2023-03-02T14:34:14.313313Z",
            "type_id": "1",
            "type_name": "건물"
         }
      },
      {
         "type": "Feature",
         "geometry": {
            "type": "Polygon",
            "coordinates": [
               [
                  31.368545,
                  30.033754,
                  0.0
               ],
               [
                  31.374384,
                  30.033827,
                  0.0
               ],
               [
                  31.374301,
                  30.038907,
                  0.0
               ],
               [
                  31.368462,
                  30.038835,
                  0.0
               ]
            ]
         },
         "properties": {
            "object_imcoords": "EMPTY",
            "building_imcoords": "618.543046, 817.660044, 621.854305, 831.125828, 668.653422, 826.490066, 667.991170, 807.726269, 649.668874, 809.93377",
            "road_imcoords": "EMPTY",
            "image_id": "BLD01113_PS3_K3A_NIA0277.png",
            "ingest_time": "2023-03-02T14:34:14.313313Z",
            "type_id": "1",
            "type_name": "건물"
         }
      },
      {
         "type": "Feature",
         "geometry": {
            "type": "Polygon",
            "coordinates": [
               [
                  31.368545,
                  30.033754,
                  0.0
               ],
               [
                  31.374384,
                  30.033827,
                  0.0
               ],
               [
                  31.374301,
                  30.038907,
                  0.0
               ],
               [
                  31.368462,
                  30.038835,
                  0.0
               ]
            ]
         },
         "properties": {
            "object_imcoords": "EMPTY",
            "building_imcoords": "318.313253, 511.807229, 322.650602, 538.313253, 332.048193, 536.385542, 329.879518, 510.12048",
            "road_imcoords": "EMPTY",
            "image_id": "BLD01113_PS3_K3A_NIA0277.png",
            "ingest_time": "2023-03-02T14:34:14.313313Z",
            "type_id": "1",
            "type_name": "건물"
         }
      },
      {
         "type": "Feature",
         "geometry": {
            "type": "Polygon",
            "coordinates": [
               [
                  31.368545,
                  30.033754,
                  0.0
               ],
               [
                  31.374384,
                  30.033827,
                  0.0
               ],
               [
                  31.374301,
                  30.038907,
                  0.0
               ],
               [
                  31.368462,
                  30.038835,
                  0.0
               ]
            ]
         },
         "properties": {
            "object_imcoords": "EMPTY",
            "building_imcoords": "386.024096, 533.975904, 386.746988, 563.132530, 403.132530, 562.409639, 404.096386, 541.445783, 407.469880, 541.204819, 398.313253, 532.04819",
            "road_imcoords": "EMPTY",
            "image_id": "BLD01113_PS3_K3A_NIA0277.png",
            "ingest_time": "2023-03-02T14:34:14.313313Z",
            "type_id": "1",
            "type_name": "건물"
         }
      },
      {
         "type": "Feature",
         "geometry": {
            "type": "Polygon",
            "coordinates": [
               [
                  31.368545,
                  30.033754,
                  0.0
               ],
               [
                  31.374384,
                  30.033827,
                  0.0
               ],
               [
                  31.374301,
                  30.038907,
                  0.0
               ],
               [
                  31.368462,
                  30.038835,
                  0.0
               ]
            ]
         },
         "properties": {
            "object_imcoords": "EMPTY",
            "building_imcoords": "434.991708, 523.051410, 434.494196, 550.414594, 458.208955, 531.840796, 458.706468, 522.55389",
            "road_imcoords": "EMPTY",
            "image_id": "BLD01113_PS3_K3A_NIA0277.png",
            "ingest_time": "2023-03-02T14:34:14.313313Z",
            "type_id": "1",
            "type_name": "건물"
         }
      },
      {
         "type": "Feature",
         "geometry": {
            "type": "Polygon",
            "coordinates": [
               [
                  31.368545,
                  30.033754,
                  0.0
               ],
               [
                  31.374384,
                  30.033827,
                  0.0
               ],
               [
                  31.374301,
                  30.038907,
                  0.0
               ],
               [
                  31.368462,
                  30.038835,
                  0.0
               ]
            ]
         },
         "properties": {
            "object_imcoords": "EMPTY",
            "building_imcoords": "434.991708, 523.383085, 434.328358, 550.414594, 430.514096, 558.208955, 418.407960, 561.194030, 407.131012, 560.364842, 407.462687, 539.966833, 403.980100, 533.001658, 406.467662, 527.529022, 409.121061, 523.54892",
            "road_imcoords": "EMPTY",
            "image_id": "BLD01113_PS3_K3A_NIA0277.png",
            "ingest_time": "2023-03-02T14:34:14.313313Z",
            "type_id": "1",
            "type_name": "건물"
         }
      },
      {
         "type": "Feature",
         "geometry": {
            "type": "Polygon",
            "coordinates": [
               [
                  31.368545,
                  30.033754,
                  0.0
               ],
               [
                  31.374384,
                  30.033827,
                  0.0
               ],
               [
                  31.374301,
                  30.038907,
                  0.0
               ],
               [
                  31.368462,
                  30.038835,
                  0.0
               ]
            ]
         },
         "properties": {
            "object_imcoords": "EMPTY",
            "building_imcoords": "187.032419, 163.591022, 193.017456, 232.169576, 249.875312, 224.688279, 243.391521, 153.86533",
            "road_imcoords": "EMPTY",
            "image_id": "BLD01113_PS3_K3A_NIA0277.png",
            "ingest_time": "2023-03-02T14:34:14.313313Z",
            "type_id": "1",
            "type_name": "건물"
         }
      },
      {
         "type": "Feature",
         "geometry": {
            "type": "Polygon",
            "coordinates": [
               [
                  31.368545,
                  30.033754,
                  0.0
               ],
               [
                  31.374384,
                  30.033827,
                  0.0
               ],
               [
                  31.374301,
                  30.038907,
                  0.0
               ],
               [
                  31.368462,
                  30.038835,
                  0.0
               ]
            ]
         },
         "properties": {
            "object_imcoords": "EMPTY",
            "building_imcoords": "182.294264, 111.720698, 186.783042, 163.341646, 244.887781, 153.615960, 239.650873, 101.99501",
            "road_imcoords": "EMPTY",
            "image_id": "BLD01113_PS3_K3A_NIA0277.png",
            "ingest_time": "2023-03-02T14:34:14.313313Z",
            "type_id": "1",
            "type_name": "건물"
         }
      },
      {
         "type": "Feature",
         "geometry": {
            "type": "Polygon",
            "coordinates": [
               [
                  31.368545,
                  30.033754,
                  0.0
               ],
               [
                  31.374384,
                  30.033827,
                  0.0
               ],
               [
                  31.374301,
                  30.038907,
                  0.0
               ],
               [
                  31.368462,
                  30.038835,
                  0.0
               ]
            ]
         },
         "properties": {
            "object_imcoords": "EMPTY",
            "building_imcoords": "169.326683, 53.865337, 176.807980, 118.952618, 182.543641, 112.219451, 231.172070, 101.995012, 225.436409, 68.329177, 210.224439, 47.38154",
            "road_imcoords": "EMPTY",
            "image_id": "BLD01113_PS3_K3A_NIA0277.png",
            "ingest_time": "2023-03-02T14:34:14.313313Z",
            "type_id": "1",
            "type_name": "건물"
         }
      },
      {
         "type": "Feature",
         "geometry": {
            "type": "Polygon",
            "coordinates": [
               [
                  31.368545,
                  30.033754,
                  0.0
               ],
               [
                  31.374384,
                  30.033827,
                  0.0
               ],
               [
                  31.374301,
                  30.038907,
                  0.0
               ],
               [
                  31.368462,
                  30.038835,
                  0.0
               ]
            ]
         },
         "properties": {
            "object_imcoords": "EMPTY",
            "building_imcoords": "276.643991, 114.739229, 317.913832, 108.616780, 324.036281, 136.507937, 324.263039, 162.358277, 324.716553, 181.405896, 293.650794, 186.167800, 282.539683, 180.498866, 277.097506, 151.92743",
            "road_imcoords": "EMPTY",
            "image_id": "BLD01113_PS3_K3A_NIA0277.png",
            "ingest_time": "2023-03-02T14:34:14.313313Z",
            "type_id": "1",
            "type_name": "건물"
         }
      },
      {
         "type": "Feature",
         "geometry": {
            "type": "Polygon",
            "coordinates": [
               [
                  31.368545,
                  30.033754,
                  0.0
               ],
               [
                  31.374384,
                  30.033827,
                  0.0
               ],
               [
                  31.374301,
                  30.038907,
                  0.0
               ],
               [
                  31.368462,
                  30.038835,
                  0.0
               ]
            ]
         },
         "properties": {
            "object_imcoords": "EMPTY",
            "building_imcoords": "304.988662, 37.641723, 273.242630, 58.730159, 269.160998, 68.253968, 271.201814, 102.267574, 276.417234, 114.512472, 318.140590, 108.843537, 321.541950, 126.077098, 324.036281, 125.396825, 323.356009, 66.21315",
            "road_imcoords": "EMPTY",
            "image_id": "BLD01113_PS3_K3A_NIA0277.png",
            "ingest_time": "2023-03-02T14:34:14.313313Z",
            "type_id": "1",
            "type_name": "건물"
         }
      },
      {
         "type": "Feature",
         "geometry": {
            "type": "Polygon",
            "coordinates": [
               [
                  31.368545,
                  30.033754,
                  0.0
               ],
               [
                  31.374384,
                  30.033827,
                  0.0
               ],
               [
                  31.374301,
                  30.038907,
                  0.0
               ],
               [
                  31.368462,
                  30.038835,
                  0.0
               ]
            ]
         },
         "properties": {
            "object_imcoords": "EMPTY",
            "building_imcoords": "282.766440, 0.000000, 300.453515, 24.036281, 304.535147, 38.321995, 271.882086, 59.183673, 269.160998, 68.934240, 268.934240, 86.394558, 260.770975, 81.179138, 239.002268, 49.886621, 241.723356, 20.408163, 271.655329, 0.90702",
            "road_imcoords": "EMPTY",
            "image_id": "BLD01113_PS3_K3A_NIA0277.png",
            "ingest_time": "2023-03-02T14:34:14.313313Z",
            "type_id": "1",
            "type_name": "건물"
         }
      },
      {
         "type": "Feature",
         "geometry": {
            "type": "Polygon",
            "coordinates": [
               [
                  31.368545,
                  30.033754,
                  0.0
               ],
               [
                  31.374384,
                  30.033827,
                  0.0
               ],
               [
                  31.374301,
                  30.038907,
                  0.0
               ],
               [
                  31.368462,
                  30.038835,
                  0.0
               ]
            ]
         },
         "properties": {
            "object_imcoords": "EMPTY",
            "building_imcoords": "271.789883, 1.167315, 240.856031, 20.428016, 238.715953, 51.361868, 214.785992, 14.007782, 215.369650, 0.38910",
            "road_imcoords": "EMPTY",
            "image_id": "BLD01113_PS3_K3A_NIA0277.png",
            "ingest_time": "2023-03-02T14:34:14.313313Z",
            "type_id": "1",
            "type_name": "건물"
         }
      },
      {
         "type": "Feature",
         "geometry": {
            "type": "Polygon",
            "coordinates": [
               [
                  31.368545,
                  30.033754,
                  0.0
               ],
               [
                  31.374384,
                  30.033827,
                  0.0
               ],
               [
                  31.374301,
                  30.038907,
                  0.0
               ],
               [
                  31.368462,
                  30.038835,
                  0.0
               ]
            ]
         },
         "properties": {
            "object_imcoords": "EMPTY",
            "building_imcoords": "328.343313, 103.792415, 332.534930, 177.844311, 370.259481, 172.654691, 367.664671, 111.976048, 365.269461, 99.40119",
            "road_imcoords": "EMPTY",
            "image_id": "BLD01113_PS3_K3A_NIA0277.png",
            "ingest_time": "2023-03-02T14:34:14.313313Z",
            "type_id": "1",
            "type_name": "건물"
         }
      },
      {
         "type": "Feature",
         "geometry": {
            "type": "Polygon",
            "coordinates": [
               [
                  31.368545,
                  30.033754,
                  0.0
               ],
               [
                  31.374384,
                  30.033827,
                  0.0
               ],
               [
                  31.374301,
                  30.038907,
                  0.0
               ],
               [
                  31.368462,
                  30.038835,
                  0.0
               ]
            ]
         },
         "properties": {
            "object_imcoords": "EMPTY",
            "building_imcoords": "371.856287, 91.217565, 375.049900, 170.259481, 419.161677, 164.670659, 421.556886, 126.946108, 419.960080, 114.371257, 409.181637, 85.62874",
            "road_imcoords": "EMPTY",
            "image_id": "BLD01113_PS3_K3A_NIA0277.png",
            "ingest_time": "2023-03-02T14:34:14.313313Z",
            "type_id": "1",
            "type_name": "건물"
         }
      },
      {
         "type": "Feature",
         "geometry": {
            "type": "Polygon",
            "coordinates": [
               [
                  31.368545,
                  30.033754,
                  0.0
               ],
               [
                  31.374384,
                  30.033827,
                  0.0
               ],
               [
                  31.374301,
                  30.038907,
                  0.0
               ],
               [
                  31.368462,
                  30.038835,
                  0.0
               ]
            ]
         },
         "properties": {
            "object_imcoords": "EMPTY",
            "building_imcoords": "366.467066, 33.133733, 346.307385, 45.508982, 336.726547, 49.900200, 332.534930, 55.688623, 331.337325, 82.035928, 334.730539, 102.594810, 365.868263, 100.000000, 368.263473, 116.367265, 372.455090, 116.766467, 372.455090, 90.419162, 406.786427, 85.229541, 406.187625, 77.445110, 390.618762, 49.700599, 378.443114, 37.924152, 368.862275, 31.33732",
            "road_imcoords": "EMPTY",
            "image_id": "BLD01113_PS3_K3A_NIA0277.png",
            "ingest_time": "2023-03-02T14:34:14.313313Z",
            "type_id": "1",
            "type_name": "건물"
         }
      },
      {
         "type": "Feature",
         "geometry": {
            "type": "Polygon",
            "coordinates": [
               [
                  31.368545,
                  30.033754,
                  0.0
               ],
               [
                  31.374384,
                  30.033827,
                  0.0
               ],
               [
                  31.374301,
                  30.038907,
                  0.0
               ],
               [
                  31.368462,
                  30.038835,
                  0.0
               ]
            ]
         },
         "properties": {
            "object_imcoords": "EMPTY",
            "building_imcoords": "306.387226, 9.580838, 306.187625, 37.125749, 306.786427, 40.119760, 323.752495, 66.467066, 331.536926, 72.654691, 332.534930, 56.287425, 336.327345, 50.299401, 346.906188, 45.508982, 367.265469, 33.133733, 368.662675, 30.738523, 370.459082, 24.550898, 366.866267, 12.175649, 357.085828, 0.000000, 321.357285, 0.00000",
            "road_imcoords": "EMPTY",
            "image_id": "BLD01113_PS3_K3A_NIA0277.png",
            "ingest_time": "2023-03-02T14:34:14.313313Z",
            "type_id": "1",
            "type_name": "건물"
         }
      },
      {
         "type": "Feature",
         "geometry": {
            "type": "Polygon",
            "coordinates": [
               [
                  31.368545,
                  30.033754,
                  0.0
               ],
               [
                  31.374384,
                  30.033827,
                  0.0
               ],
               [
                  31.374301,
                  30.038907,
                  0.0
               ],
               [
                  31.368462,
                  30.038835,
                  0.0
               ]
            ]
         },
         "properties": {
            "object_imcoords": "EMPTY",
            "building_imcoords": "282.634731, 0.000000, 300.598802, 24.151697, 306.387226, 23.552894, 307.185629, 8.582834, 321.956088, 0.00000",
            "road_imcoords": "EMPTY",
            "image_id": "BLD01113_PS3_K3A_NIA0277.png",
            "ingest_time": "2023-03-02T14:34:14.313313Z",
            "type_id": "1",
            "type_name": "건물"
         }
      },
      {
         "type": "Feature",
         "geometry": {
            "type": "Polygon",
            "coordinates": [
               [
                  31.368545,
                  30.033754,
                  0.0
               ],
               [
                  31.374384,
                  30.033827,
                  0.0
               ],
               [
                  31.374301,
                  30.038907,
                  0.0
               ],
               [
                  31.368462,
                  30.038835,
                  0.0
               ]
            ]
         },
         "properties": {
            "object_imcoords": "EMPTY",
            "building_imcoords": "466.097561, 362.682927, 468.292683, 376.829268, 482.926829, 373.170732, 481.707317, 361.46341",
            "road_imcoords": "EMPTY",
            "image_id": "BLD01113_PS3_K3A_NIA0277.png",
            "ingest_time": "2023-03-02T14:34:14.313313Z",
            "type_id": "1",
            "type_name": "건물"
         }
      },
      {
         "type": "Feature",
         "geometry": {
            "type": "Polygon",
            "coordinates": [
               [
                  31.368545,
                  30.033754,
                  0.0
               ],
               [
                  31.374384,
                  30.033827,
                  0.0
               ],
               [
                  31.374301,
                  30.038907,
                  0.0
               ],
               [
                  31.368462,
                  30.038835,
                  0.0
               ]
            ]
         },
         "properties": {
            "object_imcoords": "EMPTY",
            "building_imcoords": "464.634146, 336.585366, 466.097561, 362.195122, 479.268293, 360.487805, 476.585366, 335.12195",
            "road_imcoords": "EMPTY",
            "image_id": "BLD01113_PS3_K3A_NIA0277.png",
            "ingest_time": "2023-03-02T14:34:14.313313Z",
            "type_id": "1",
            "type_name": "건물"
         }
      },
      {
         "type": "Feature",
         "geometry": {
            "type": "Polygon",
            "coordinates": [
               [
                  31.368545,
                  30.033754,
                  0.0
               ],
               [
                  31.374384,
                  30.033827,
                  0.0
               ],
               [
                  31.374301,
                  30.038907,
                  0.0
               ],
               [
                  31.368462,
                  30.038835,
                  0.0
               ]
            ]
         },
         "properties": {
            "object_imcoords": "EMPTY",
            "building_imcoords": "459.512195, 320.487805, 460.975610, 337.317073, 472.195122, 336.341463, 471.219512, 318.04878",
            "road_imcoords": "EMPTY",
            "image_id": "BLD01113_PS3_K3A_NIA0277.png",
            "ingest_time": "2023-03-02T14:34:14.313313Z",
            "type_id": "1",
            "type_name": "건물"
         }
      },
      {
         "type": "Feature",
         "geometry": {
            "type": "Polygon",
            "coordinates": [
               [
                  31.368545,
                  30.033754,
                  0.0
               ],
               [
                  31.374384,
                  30.033827,
                  0.0
               ],
               [
                  31.374301,
                  30.038907,
                  0.0
               ],
               [
                  31.368462,
                  30.038835,
                  0.0
               ]
            ]
         },
         "properties": {
            "object_imcoords": "EMPTY",
            "building_imcoords": "483.012821, 149.358974, 484.294872, 214.743590, 493.589744, 226.282051, 541.666667, 222.756410, 537.179487, 141.98717",
            "road_imcoords": "EMPTY",
            "image_id": "BLD01113_PS3_K3A_NIA0277.png",
            "ingest_time": "2023-03-02T14:34:14.313313Z",
            "type_id": "1",
            "type_name": "건물"
         }
      },
      {
         "type": "Feature",
         "geometry": {
            "type": "Polygon",
            "coordinates": [
               [
                  31.368545,
                  30.033754,
                  0.0
               ],
               [
                  31.374384,
                  30.033827,
                  0.0
               ],
               [
                  31.374301,
                  30.038907,
                  0.0
               ],
               [
                  31.368462,
                  30.038835,
                  0.0
               ]
            ]
         },
         "properties": {
            "object_imcoords": "EMPTY",
            "building_imcoords": "476.602564, 95.833333, 477.564103, 150.320513, 523.717949, 143.910256, 521.474359, 94.551282, 518.589744, 89.10256",
            "road_imcoords": "EMPTY",
            "image_id": "BLD01113_PS3_K3A_NIA0277.png",
            "ingest_time": "2023-03-02T14:34:14.313313Z",
            "type_id": "1",
            "type_name": "건물"
         }
      },
      {
         "type": "Feature",
         "geometry": {
            "type": "Polygon",
            "coordinates": [
               [
                  31.368545,
                  30.033754,
                  0.0
               ],
               [
                  31.374384,
                  30.033827,
                  0.0
               ],
               [
                  31.374301,
                  30.038907,
                  0.0
               ],
               [
                  31.368462,
                  30.038835,
                  0.0
               ]
            ]
         },
         "properties": {
            "object_imcoords": "EMPTY",
            "building_imcoords": "532.051282, 91.025641, 533.012821, 141.987179, 537.179487, 141.987179, 538.141026, 163.141026, 551.282051, 162.820513, 550.641026, 137.820513, 566.666667, 134.935897, 563.141026, 87.82051",
            "road_imcoords": "EMPTY",
            "image_id": "BLD01113_PS3_K3A_NIA0277.png",
            "ingest_time": "2023-03-02T14:34:14.313313Z",
            "type_id": "1",
            "type_name": "건물"
         }
      },
      {
         "type": "Feature",
         "geometry": {
            "type": "Polygon",
            "coordinates": [
               [
                  31.368545,
                  30.033754,
                  0.0
               ],
               [
                  31.374384,
                  30.033827,
                  0.0
               ],
               [
                  31.374301,
                  30.038907,
                  0.0
               ],
               [
                  31.368462,
                  30.038835,
                  0.0
               ]
            ]
         },
         "properties": {
            "object_imcoords": "EMPTY",
            "building_imcoords": "551.282051, 138.141026, 554.166667, 218.910256, 590.705128, 216.025641, 586.217949, 134.294872, 567.628205, 134.29487",
            "road_imcoords": "EMPTY",
            "image_id": "BLD01113_PS3_K3A_NIA0277.png",
            "ingest_time": "2023-03-02T14:34:14.313313Z",
            "type_id": "1",
            "type_name": "건물"
         }
      },
      {
         "type": "Feature",
         "geometry": {
            "type": "Polygon",
            "coordinates": [
               [
                  31.368545,
                  30.033754,
                  0.0
               ],
               [
                  31.374384,
                  30.033827,
                  0.0
               ],
               [
                  31.374301,
                  30.038907,
                  0.0
               ],
               [
                  31.368462,
                  30.038835,
                  0.0
               ]
            ]
         },
         "properties": {
            "object_imcoords": "EMPTY",
            "building_imcoords": "576.282051, 87.820513, 576.602564, 135.256410, 587.179487, 134.294872, 587.820513, 157.371795, 598.717949, 156.410256, 599.679487, 131.410256, 611.217949, 133.333333, 607.371795, 82.37179",
            "road_imcoords": "EMPTY",
            "image_id": "BLD01113_PS3_K3A_NIA0277.png",
            "ingest_time": "2023-03-02T14:34:14.313313Z",
            "type_id": "1",
            "type_name": "건물"
         }
      },
      {
         "type": "Feature",
         "geometry": {
            "type": "Polygon",
            "coordinates": [
               [
                  31.368545,
                  30.033754,
                  0.0
               ],
               [
                  31.374384,
                  30.033827,
                  0.0
               ],
               [
                  31.374301,
                  30.038907,
                  0.0
               ],
               [
                  31.368462,
                  30.038835,
                  0.0
               ]
            ]
         },
         "properties": {
            "object_imcoords": "EMPTY",
            "building_imcoords": "611.153119, 133.459357, 599.054820, 131.568998, 598.487713, 157.844991, 601.890359, 213.043478, 637.807183, 211.342155, 636.672968, 204.725898, 634.215501, 142.155009, 632.703214, 128.54442",
            "road_imcoords": "EMPTY",
            "image_id": "BLD01113_PS3_K3A_NIA0277.png",
            "ingest_time": "2023-03-02T14:34:14.313313Z",
            "type_id": "1",
            "type_name": "건물"
         }
      },
      {
         "type": "Feature",
         "geometry": {
            "type": "Polygon",
            "coordinates": [
               [
                  31.368545,
                  30.033754,
                  0.0
               ],
               [
                  31.374384,
                  30.033827,
                  0.0
               ],
               [
                  31.374301,
                  30.038907,
                  0.0
               ],
               [
                  31.368462,
                  30.038835,
                  0.0
               ]
            ]
         },
         "properties": {
            "object_imcoords": "EMPTY",
            "building_imcoords": "619.848771, 81.852552, 620.604915, 130.434783, 632.325142, 128.922495, 634.215501, 142.533081, 635.916824, 154.253308, 646.691871, 152.741021, 645.368620, 128.166352, 653.497164, 126.654064, 653.308129, 96.975425, 649.905482, 77.12665",
            "road_imcoords": "EMPTY",
            "image_id": "BLD01113_PS3_K3A_NIA0277.png",
            "ingest_time": "2023-03-02T14:34:14.313313Z",
            "type_id": "1",
            "type_name": "건물"
         }
      },
      {
         "type": "Feature",
         "geometry": {
            "type": "Polygon",
            "coordinates": [
               [
                  31.368545,
                  30.033754,
                  0.0
               ],
               [
                  31.374384,
                  30.033827,
                  0.0
               ],
               [
                  31.374301,
                  30.038907,
                  0.0
               ],
               [
                  31.368462,
                  30.038835,
                  0.0
               ]
            ]
         },
         "properties": {
            "object_imcoords": "EMPTY",
            "building_imcoords": "653.497164, 126.654064, 645.557656, 128.166352, 647.258979, 152.551985, 648.960302, 207.939509, 684.688091, 205.671078, 686.767486, 191.871456, 683.931947, 152.362949, 680.718336, 124.38563",
            "road_imcoords": "EMPTY",
            "image_id": "BLD01113_PS3_K3A_NIA0277.png",
            "ingest_time": "2023-03-02T14:34:14.313313Z",
            "type_id": "1",
            "type_name": "건물"
         }
      },
      {
         "type": "Feature",
         "geometry": {
            "type": "Polygon",
            "coordinates": [
               [
                  31.368545,
                  30.033754,
                  0.0
               ],
               [
                  31.374384,
                  30.033827,
                  0.0
               ],
               [
                  31.374301,
                  30.038907,
                  0.0
               ],
               [
                  31.368462,
                  30.038835,
                  0.0
               ]
            ]
         },
         "properties": {
            "object_imcoords": "EMPTY",
            "building_imcoords": "664.461248, 75.425331, 663.894140, 124.763705, 680.907372, 124.763705, 683.742911, 146.880907, 692.816635, 146.502836, 693.005671, 122.684310, 698.109641, 121.928166, 694.517958, 72.58979",
            "road_imcoords": "EMPTY",
            "image_id": "BLD01113_PS3_K3A_NIA0277.png",
            "ingest_time": "2023-03-02T14:34:14.313313Z",
            "type_id": "1",
            "type_name": "건물"
         }
      },
      {
         "type": "Feature",
         "geometry": {
            "type": "Polygon",
            "coordinates": [
               [
                  31.368545,
                  30.033754,
                  0.0
               ],
               [
                  31.374384,
                  30.033827,
                  0.0
               ],
               [
                  31.374301,
                  30.038907,
                  0.0
               ],
               [
                  31.368462,
                  30.038835,
                  0.0
               ]
            ]
         },
         "properties": {
            "object_imcoords": "EMPTY",
            "building_imcoords": "698.328691, 122.144847, 692.896936, 122.701950, 693.036212, 145.961003, 697.214485, 199.860724, 708.495822, 202.089136, 732.311978, 199.442897, 733.704735, 190.668524, 729.387187, 118.94150",
            "road_imcoords": "EMPTY",
            "image_id": "BLD01113_PS3_K3A_NIA0277.png",
            "ingest_time": "2023-03-02T14:34:14.313313Z",
            "type_id": "1",
            "type_name": "건물"
         }
      },
      {
         "type": "Feature",
         "geometry": {
            "type": "Polygon",
            "coordinates": [
               [
                  31.368545,
                  30.033754,
                  0.0
               ],
               [
                  31.374384,
                  30.033827,
                  0.0
               ],
               [
                  31.374301,
                  30.038907,
                  0.0
               ],
               [
                  31.368462,
                  30.038835,
                  0.0
               ]
            ]
         },
         "properties": {
            "object_imcoords": "EMPTY",
            "building_imcoords": "703.342618, 69.359331, 705.988858, 120.055710, 730.083565, 118.802228, 730.919220, 142.618384, 742.757660, 142.618384, 741.086351, 115.320334, 744.707521, 111.281337, 741.782730, 66.43454",
            "road_imcoords": "EMPTY",
            "image_id": "BLD01113_PS3_K3A_NIA0277.png",
            "ingest_time": "2023-03-02T14:34:14.313313Z",
            "type_id": "1",
            "type_name": "건물"
         }
      },
      {
         "type": "Feature",
         "geometry": {
            "type": "Polygon",
            "coordinates": [
               [
                  31.368545,
                  30.033754,
                  0.0
               ],
               [
                  31.374384,
                  30.033827,
                  0.0
               ],
               [
                  31.374301,
                  30.038907,
                  0.0
               ],
               [
                  31.368462,
                  30.038835,
                  0.0
               ]
            ]
         },
         "properties": {
            "object_imcoords": "EMPTY",
            "building_imcoords": "741.086351, 115.598886, 742.618384, 142.757660, 746.378830, 198.189415, 763.649025, 197.910864, 782.033426, 192.339833, 777.855153, 112.952646, 771.030641, 111.699164, 762.674095, 114.34540",
            "road_imcoords": "EMPTY",
            "image_id": "BLD01113_PS3_K3A_NIA0277.png",
            "ingest_time": "2023-03-02T14:34:14.313313Z",
            "type_id": "1",
            "type_name": "건물"
         }
      },
      {
         "type": "Feature",
         "geometry": {
            "type": "Polygon",
            "coordinates": [
               [
                  31.368545,
                  30.033754,
                  0.0
               ],
               [
                  31.374384,
                  30.033827,
                  0.0
               ],
               [
                  31.374301,
                  30.038907,
                  0.0
               ],
               [
                  31.368462,
                  30.038835,
                  0.0
               ]
            ]
         },
         "properties": {
            "object_imcoords": "EMPTY",
            "building_imcoords": "746.378830, 60.445682, 751.392758, 114.484680, 762.674095, 114.763231, 771.030641, 111.838440, 777.715877, 113.091922, 779.387187, 137.047354, 784.122563, 136.490251, 786.211699, 132.869081, 781.058496, 57.103064, 773.955432, 55.988858, 752.228412, 58.49582",
            "road_imcoords": "EMPTY",
            "image_id": "BLD01113_PS3_K3A_NIA0277.png",
            "ingest_time": "2023-03-02T14:34:14.313313Z",
            "type_id": "1",
            "type_name": "건물"
         }
      },
      {
         "type": "Feature",
         "geometry": {
            "type": "Polygon",
            "coordinates": [
               [
                  31.368545,
                  30.033754,
                  0.0
               ],
               [
                  31.374384,
                  30.033827,
                  0.0
               ],
               [
                  31.374301,
                  30.038907,
                  0.0
               ],
               [
                  31.368462,
                  30.038835,
                  0.0
               ]
            ]
         },
         "properties": {
            "object_imcoords": "EMPTY",
            "building_imcoords": "791.311755, 55.195911, 795.400341, 112.095400, 838.841567, 111.584327, 836.626917, 64.565588, 829.982964, 51.107325, 824.531516, 50.596252, 792.333901, 52.64054",
            "road_imcoords": "EMPTY",
            "image_id": "BLD01113_PS3_K3A_NIA0277.png",
            "ingest_time": "2023-03-02T14:34:14.313313Z",
            "type_id": "1",
            "type_name": "건물"
         }
      },
      {
         "type": "Feature",
         "geometry": {
            "type": "Polygon",
            "coordinates": [
               [
                  31.368545,
                  30.033754,
                  0.0
               ],
               [
                  31.374384,
                  30.033827,
                  0.0
               ],
               [
                  31.374301,
                  30.038907,
                  0.0
               ],
               [
                  31.368462,
                  30.038835,
                  0.0
               ]
            ]
         },
         "properties": {
            "object_imcoords": "EMPTY",
            "building_imcoords": "794.889267, 112.436116, 790.289608, 113.969336, 789.608177, 130.323680, 792.674617, 194.718910, 810.221465, 195.059625, 814.650767, 193.015332, 832.708688, 191.993186, 837.137990, 189.948893, 839.693356, 185.860307, 841.396934, 153.151618, 843.270869, 146.166951, 841.737649, 134.752981, 840.204429, 129.301533, 839.182283, 111.41396",
            "road_imcoords": "EMPTY",
            "image_id": "BLD01113_PS3_K3A_NIA0277.png",
            "ingest_time": "2023-03-02T14:34:14.313313Z",
            "type_id": "1",
            "type_name": "건물"
         }
      },
      {
         "type": "Feature",
         "geometry": {
            "type": "Polygon",
            "coordinates": [
               [
                  31.368545,
                  30.033754,
                  0.0
               ],
               [
                  31.374384,
                  30.033827,
                  0.0
               ],
               [
                  31.374301,
                  30.038907,
                  0.0
               ],
               [
                  31.368462,
                  30.038835,
                  0.0
               ]
            ]
         },
         "properties": {
            "object_imcoords": "EMPTY",
            "building_imcoords": "952.782765, 96.588869, 958.168761, 177.558348, 995.691203, 175.224417, 995.870736, 152.603232, 990.484740, 110.592460, 977.378815, 101.43626",
            "road_imcoords": "EMPTY",
            "image_id": "BLD01113_PS3_K3A_NIA0277.png",
            "ingest_time": "2023-03-02T14:34:14.313313Z",
            "type_id": "1",
            "type_name": "건물"
         }
      },
      {
         "type": "Feature",
         "geometry": {
            "type": "Polygon",
            "coordinates": [
               [
                  31.368545,
                  30.033754,
                  0.0
               ],
               [
                  31.374384,
                  30.033827,
                  0.0
               ],
               [
                  31.374301,
                  30.038907,
                  0.0
               ],
               [
                  31.368462,
                  30.038835,
                  0.0
               ]
            ]
         },
         "properties": {
            "object_imcoords": "EMPTY",
            "building_imcoords": "1024.000000, 88.050314, 1002.201258, 89.465409, 1004.245283, 150.786164, 1006.446541, 170.754717, 1023.584906, 170.12578",
            "road_imcoords": "EMPTY",
            "image_id": "BLD01113_PS3_K3A_NIA0277.png",
            "ingest_time": "2023-03-02T14:34:14.313313Z",
            "type_id": "1",
            "type_name": "건물"
         }
      },
      {
         "type": "Feature",
         "geometry": {
            "type": "Polygon",
            "coordinates": [
               [
                  31.368545,
                  30.033754,
                  0.0
               ],
               [
                  31.374384,
                  30.033827,
                  0.0
               ],
               [
                  31.374301,
                  30.038907,
                  0.0
               ],
               [
                  31.368462,
                  30.038835,
                  0.0
               ]
            ]
         },
         "properties": {
            "object_imcoords": "EMPTY",
            "building_imcoords": "495.032051, 17.307692, 500.480769, 88.461538, 513.461538, 87.500000, 518.750000, 89.102564, 530.128205, 90.064103, 533.974359, 84.775641, 542.628205, 82.852564, 536.858974, 10.73717",
            "road_imcoords": "EMPTY",
            "image_id": "BLD01113_PS3_K3A_NIA0277.png",
            "ingest_time": "2023-03-02T14:34:14.313313Z",
            "type_id": "1",
            "type_name": "건물"
         }
      },
      {
         "type": "Feature",
         "geometry": {
            "type": "Polygon",
            "coordinates": [
               [
                  31.368545,
                  30.033754,
                  0.0
               ],
               [
                  31.374384,
                  30.033827,
                  0.0
               ],
               [
                  31.374301,
                  30.038907,
                  0.0
               ],
               [
                  31.368462,
                  30.038835,
                  0.0
               ]
            ]
         },
         "properties": {
            "object_imcoords": "EMPTY",
            "building_imcoords": "549.839744, 8.814103, 553.044872, 80.448718, 588.301282, 78.365385, 582.852564, 4.32692",
            "road_imcoords": "EMPTY",
            "image_id": "BLD01113_PS3_K3A_NIA0277.png",
            "ingest_time": "2023-03-02T14:34:14.313313Z",
            "type_id": "1",
            "type_name": "건물"
         }
      },
      {
         "type": "Feature",
         "geometry": {
            "type": "Polygon",
            "coordinates": [
               [
                  31.368545,
                  30.033754,
                  0.0
               ],
               [
                  31.374384,
                  30.033827,
                  0.0
               ],
               [
                  31.374301,
                  30.038907,
                  0.0
               ],
               [
                  31.368462,
                  30.038835,
                  0.0
               ]
            ]
         },
         "properties": {
            "object_imcoords": "EMPTY",
            "building_imcoords": "596.314103, 3.525641, 598.717949, 76.602564, 633.173077, 72.435897, 630.769231, 0.00000",
            "road_imcoords": "EMPTY",
            "image_id": "BLD01113_PS3_K3A_NIA0277.png",
            "ingest_time": "2023-03-02T14:34:14.313313Z",
            "type_id": "1",
            "type_name": "건물"
         }
      },
      {
         "type": "Feature",
         "geometry": {
            "type": "Polygon",
            "coordinates": [
               [
                  31.368545,
                  30.033754,
                  0.0
               ],
               [
                  31.374384,
                  30.033827,
                  0.0
               ],
               [
                  31.374301,
                  30.038907,
                  0.0
               ],
               [
                  31.368462,
                  30.038835,
                  0.0
               ]
            ]
         },
         "properties": {
            "object_imcoords": "EMPTY",
            "building_imcoords": "641.185897, 0.000000, 644.871795, 70.032051, 680.608974, 67.467949, 676.602564, 0.00000",
            "road_imcoords": "EMPTY",
            "image_id": "BLD01113_PS3_K3A_NIA0277.png",
            "ingest_time": "2023-03-02T14:34:14.313313Z",
            "type_id": "1",
            "type_name": "건물"
         }
      },
      {
         "type": "Feature",
         "geometry": {
            "type": "Polygon",
            "coordinates": [
               [
                  31.368545,
                  30.033754,
                  0.0
               ],
               [
                  31.374384,
                  30.033827,
                  0.0
               ],
               [
                  31.374301,
                  30.038907,
                  0.0
               ],
               [
                  31.368462,
                  30.038835,
                  0.0
               ]
            ]
         },
         "properties": {
            "object_imcoords": "EMPTY",
            "building_imcoords": "685.831622, 0.000000, 688.706366, 61.396304, 728.336756, 56.468172, 725.256674, 0.00000",
            "road_imcoords": "EMPTY",
            "image_id": "BLD01113_PS3_K3A_NIA0277.png",
            "ingest_time": "2023-03-02T14:34:14.313313Z",
            "type_id": "1",
            "type_name": "건물"
         }
      },
      {
         "type": "Feature",
         "geometry": {
            "type": "Polygon",
            "coordinates": [
               [
                  31.368545,
                  30.033754,
                  0.0
               ],
               [
                  31.374384,
                  30.033827,
                  0.0
               ],
               [
                  31.374301,
                  30.038907,
                  0.0
               ],
               [
                  31.368462,
                  30.038835,
                  0.0
               ]
            ]
         },
         "properties": {
            "object_imcoords": "EMPTY",
            "building_imcoords": "733.470226, 0.000000, 736.550308, 57.084189, 770.431211, 54.004107, 769.815195, 0.00000",
            "road_imcoords": "EMPTY",
            "image_id": "BLD01113_PS3_K3A_NIA0277.png",
            "ingest_time": "2023-03-02T14:34:14.313313Z",
            "type_id": "1",
            "type_name": "건물"
         }
      },
      {
         "type": "Feature",
         "geometry": {
            "type": "Polygon",
            "coordinates": [
               [
                  31.368545,
                  30.033754,
                  0.0
               ],
               [
                  31.374384,
                  30.033827,
                  0.0
               ],
               [
                  31.374301,
                  30.038907,
                  0.0
               ],
               [
                  31.368462,
                  30.038835,
                  0.0
               ]
            ]
         },
         "properties": {
            "object_imcoords": "EMPTY",
            "building_imcoords": "783.162218, 0.616016, 783.778234, 57.289528, 791.786448, 55.030801, 792.607803, 51.745380, 824.640657, 50.102669, 830.800821, 42.710472, 831.827515, 0.00000",
            "road_imcoords": "EMPTY",
            "image_id": "BLD01113_PS3_K3A_NIA0277.png",
            "ingest_time": "2023-03-02T14:34:14.313313Z",
            "type_id": "1",
            "type_name": "건물"
         }
      },
      {
         "type": "Feature",
         "geometry": {
            "type": "Polygon",
            "coordinates": [
               [
                  31.368545,
                  30.033754,
                  0.0
               ],
               [
                  31.374384,
                  30.033827,
                  0.0
               ],
               [
                  31.374301,
                  30.038907,
                  0.0
               ],
               [
                  31.368462,
                  30.038835,
                  0.0
               ]
            ]
         },
         "properties": {
            "object_imcoords": "EMPTY",
            "building_imcoords": "881.314168, 0.000000, 880.903491, 39.219713, 898.767967, 43.737166, 924.640657, 41.889117, 926.899384, 0.41067",
            "road_imcoords": "EMPTY",
            "image_id": "BLD01113_PS3_K3A_NIA0277.png",
            "ingest_time": "2023-03-02T14:34:14.313313Z",
            "type_id": "1",
            "type_name": "건물"
         }
      },
      {
         "type": "Feature",
         "geometry": {
            "type": "Polygon",
            "coordinates": [
               [
                  31.368545,
                  30.033754,
                  0.0
               ],
               [
                  31.374384,
                  30.033827,
                  0.0
               ],
               [
                  31.374301,
                  30.038907,
                  0.0
               ],
               [
                  31.368462,
                  30.038835,
                  0.0
               ]
            ]
         },
         "properties": {
            "object_imcoords": "EMPTY",
            "building_imcoords": "939.014374, 0.000000, 939.014374, 36.755647, 944.353183, 38.603696, 976.386037, 36.139630, 975.359343, 0.00000",
            "road_imcoords": "EMPTY",
            "image_id": "BLD01113_PS3_K3A_NIA0277.png",
            "ingest_time": "2023-03-02T14:34:14.313313Z",
            "type_id": "1",
            "type_name": "건물"
         }
      },
      {
         "type": "Feature",
         "geometry": {
            "type": "Polygon",
            "coordinates": [
               [
                  31.368545,
                  30.033754,
                  0.0
               ],
               [
                  31.374384,
                  30.033827,
                  0.0
               ],
               [
                  31.374301,
                  30.038907,
                  0.0
               ],
               [
                  31.368462,
                  30.038835,
                  0.0
               ]
            ]
         },
         "properties": {
            "object_imcoords": "EMPTY",
            "building_imcoords": "985.010267, 0.000000, 986.447639, 33.880903, 991.786448, 35.728953, 1021.355236, 33.264887, 1021.560575, 0.00000",
            "road_imcoords": "EMPTY",
            "image_id": "BLD01113_PS3_K3A_NIA0277.png",
            "ingest_time": "2023-03-02T14:34:14.313313Z",
            "type_id": "1",
            "type_name": "건물"
         }
      },
      {
         "type": "Feature",
         "geometry": {
            "type": "Polygon",
            "coordinates": [
               [
                  31.368545,
                  30.033754,
                  0.0
               ],
               [
                  31.374384,
                  30.033827,
                  0.0
               ],
               [
                  31.374301,
                  30.038907,
                  0.0
               ],
               [
                  31.368462,
                  30.038835,
                  0.0
               ]
            ]
         },
         "properties": {
            "object_imcoords": "EMPTY",
            "building_imcoords": "1.204819, 23.493976, 13.253012, 21.084337, 21.084337, 20.180723, 34.036145, 22.590361, 42.771084, 22.590361, 39.156627, 0.000000, 0.000000, 0.00000",
            "road_imcoords": "EMPTY",
            "image_id": "BLD01113_PS3_K3A_NIA0277.png",
            "ingest_time": "2023-03-02T14:34:14.313313Z",
            "type_id": "1",
            "type_name": "건물"
         }
      },
      {
         "type": "Feature",
         "geometry": {
            "type": "Polygon",
            "coordinates": [
               [
                  31.368545,
                  30.033754,
                  0.0
               ],
               [
                  31.374384,
                  30.033827,
                  0.0
               ],
               [
                  31.374301,
                  30.038907,
                  0.0
               ],
               [
                  31.368462,
                  30.038835,
                  0.0
               ]
            ]
         },
         "properties": {
            "object_imcoords": "EMPTY",
            "building_imcoords": "0.000000, 188.554217, 6.927711, 187.650602, 15.963855, 217.771084, 16.867470, 228.313253, 0.000000, 238.55421",
            "road_imcoords": "EMPTY",
            "image_id": "BLD01113_PS3_K3A_NIA0277.png",
            "ingest_time": "2023-03-02T14:34:14.313313Z",
            "type_id": "1",
            "type_name": "건물"
         }
      },
      {
         "type": "Feature",
         "geometry": {
            "type": "Polygon",
            "coordinates": [
               [
                  31.368545,
                  30.033754,
                  0.0
               ],
               [
                  31.374384,
                  30.033827,
                  0.0
               ],
               [
                  31.374301,
                  30.038907,
                  0.0
               ],
               [
                  31.368462,
                  30.038835,
                  0.0
               ]
            ]
         },
         "properties": {
            "object_imcoords": "EMPTY",
            "building_imcoords": "10.542169, 28.313253, 10.240964, 58.132530, 10.240964, 62.349398, 2.108434, 63.554217, 0.000000, 78.915663, 13.855422, 157.228916, 22.891566, 215.963855, 31.024096, 267.168675, 34.036145, 276.204819, 50.000000, 276.506024, 74.698795, 274.698795, 96.084337, 269.277108, 137.048193, 268.072289, 175.000000, 264.759036, 185.843373, 261.144578, 184.939759, 208.734940, 181.024096, 179.819277, 174.698795, 154.216867, 162.048193, 85.843373, 157.831325, 25.602410, 145.180723, 21.987952, 129.819277, 24.698795, 94.578313, 24.698795, 43.674699, 25.301205, 13.855422, 25.60241",
            "road_imcoords": "EMPTY",
            "image_id": "BLD01113_PS3_K3A_NIA0277.png",
            "ingest_time": "2023-03-02T14:34:14.313313Z",
            "type_id": "1",
            "type_name": "건물"
         }
      },
      {
         "type": "Feature",
         "geometry": {
            "type": "Polygon",
            "coordinates": [
               [
                  31.368545,
                  30.033754,
                  0.0
               ],
               [
                  31.374384,
                  30.033827,
                  0.0
               ],
               [
                  31.374301,
                  30.038907,
                  0.0
               ],
               [
                  31.368462,
                  30.038835,
                  0.0
               ]
            ]
         },
         "properties": {
            "object_imcoords": "EMPTY",
            "building_imcoords": "491.797907, 0.000000, 493.908062, 17.408775, 533.737230, 10.682658, 533.473461, 0.00000",
            "road_imcoords": "EMPTY",
            "image_id": "BLD01113_PS3_K3A_NIA0277.png",
            "ingest_time": "2023-03-02T14:34:14.313313Z",
            "type_id": "1",
            "type_name": "건물"
         }
      },
      {
         "type": "Feature",
         "geometry": {
            "type": "Polygon",
            "coordinates": [
               [
                  31.368545,
                  30.033754,
                  0.0
               ],
               [
                  31.374384,
                  30.033827,
                  0.0
               ],
               [
                  31.374301,
                  30.038907,
                  0.0
               ],
               [
                  31.368462,
                  30.038835,
                  0.0
               ]
            ]
         },
         "properties": {
            "object_imcoords": "EMPTY",
            "building_imcoords": "541.254656, 0.000000, 544.815542, 22.816047, 549.035851, 22.156623, 549.167736, 8.440618, 582.798325, 3.956540, 583.325863, 0.00000",
            "road_imcoords": "EMPTY",
            "image_id": "BLD01113_PS3_K3A_NIA0277.png",
            "ingest_time": "2023-03-02T14:34:14.313313Z",
            "type_id": "1",
            "type_name": "건물"
         }
      },
      {
         "type": "Feature",
         "geometry": {
            "type": "Polygon",
            "coordinates": [
               [
                  31.368545,
                  30.033754,
                  0.0
               ],
               [
                  31.374384,
                  30.033827,
                  0.0
               ],
               [
                  31.374301,
                  30.038907,
                  0.0
               ],
               [
                  31.368462,
                  30.038835,
                  0.0
               ]
            ]
         },
         "properties": {
            "object_imcoords": "EMPTY",
            "building_imcoords": "590.579520, 0.000000, 590.447635, 23.739239, 596.250560, 23.475470, 595.459252, 3.429001, 613.263682, 1.186962, 625.528955, 0.13188",
            "road_imcoords": "EMPTY",
            "image_id": "BLD01113_PS3_K3A_NIA0277.png",
            "ingest_time": "2023-03-02T14:34:14.313313Z",
            "type_id": "1",
            "type_name": "건물"
         }
      },
      {
         "type": "Feature",
         "geometry": {
            "type": "Polygon",
            "coordinates": [
               [
                  31.368545,
                  30.033754,
                  0.0
               ],
               [
                  31.374384,
                  30.033827,
                  0.0
               ],
               [
                  31.374301,
                  30.038907,
                  0.0
               ],
               [
                  31.368462,
                  30.038835,
                  0.0
               ]
            ]
         },
         "properties": {
            "object_imcoords": "EMPTY",
            "building_imcoords": "720.252179, 475.885683, 711.821133, 479.632815, 713.427046, 514.962910, 729.084703, 514.829084, 739.656966, 511.483431, 742.333488, 506.130386, 739.121662, 476.420988, 739.121662, 474.012118, 739.121662, 473.209161, 739.121662, 472.941509, 739.255488, 471.870900, 739.389314, 471.870900, 739.389314, 471.737073, 739.389314, 471.73707",
            "road_imcoords": "EMPTY",
            "image_id": "BLD01113_PS3_K3A_NIA0277.png",
            "ingest_time": "2023-03-02T14:34:14.313313Z",
            "type_id": "1",
            "type_name": "건물"
         }
      },
      {
         "type": "Feature",
         "geometry": {
            "type": "Polygon",
            "coordinates": [
               [
                  31.368545,
                  30.033754,
                  0.0
               ],
               [
                  31.374384,
                  30.033827,
                  0.0
               ],
               [
                  31.374301,
                  30.038907,
                  0.0
               ],
               [
                  31.368462,
                  30.038835,
                  0.0
               ]
            ]
         },
         "properties": {
            "object_imcoords": "EMPTY",
            "building_imcoords": "838.256689, 492.495814, 838.790270, 506.191075, 849.106181, 505.479633, 864.757908, 502.100283, 864.046466, 487.87144",
            "road_imcoords": "EMPTY",
            "image_id": "BLD01113_PS3_K3A_NIA0277.png",
            "ingest_time": "2023-03-02T14:34:14.313313Z",
            "type_id": "1",
            "type_name": "건물"
         }
      },
      {
         "type": "Feature",
         "geometry": {
            "type": "Polygon",
            "coordinates": [
               [
                  31.368545,
                  30.033754,
                  0.0
               ],
               [
                  31.374384,
                  30.033827,
                  0.0
               ],
               [
                  31.374301,
                  30.038907,
                  0.0
               ],
               [
                  31.368462,
                  30.038835,
                  0.0
               ]
            ]
         },
         "properties": {
            "object_imcoords": "EMPTY",
            "building_imcoords": "783.613228, 502.336355, 809.195779, 498.400578, 811.163668, 516.898731, 811.426053, 520.178545, 796.863678, 520.834508, 794.764596, 518.079464, 793.715056, 514.143687, 784.793961, 514.53726",
            "road_imcoords": "EMPTY",
            "image_id": "BLD01113_PS3_K3A_NIA0277.png",
            "ingest_time": "2023-03-02T14:34:14.313313Z",
            "type_id": "1",
            "type_name": "건물"
         }
      },
      {
         "type": "Feature",
         "geometry": {
            "type": "Polygon",
            "coordinates": [
               [
                  31.368545,
                  30.033754,
                  0.0
               ],
               [
                  31.374384,
                  30.033827,
                  0.0
               ],
               [
                  31.374301,
                  30.038907,
                  0.0
               ],
               [
                  31.368462,
                  30.038835,
                  0.0
               ]
            ]
         },
         "properties": {
            "object_imcoords": "EMPTY",
            "building_imcoords": "715.747525, 526.345083, 742.005591, 523.331862, 743.835046, 537.752275, 717.361750, 539.79696",
            "road_imcoords": "EMPTY",
            "image_id": "BLD01113_PS3_K3A_NIA0277.png",
            "ingest_time": "2023-03-02T14:34:14.313313Z",
            "type_id": "1",
            "type_name": "건물"
         }
      },
      {
         "type": "Feature",
         "geometry": {
            "type": "Polygon",
            "coordinates": [
               [
                  31.368545,
                  30.033754,
                  0.0
               ],
               [
                  31.374384,
                  30.033827,
                  0.0
               ],
               [
                  31.374301,
                  30.038907,
                  0.0
               ],
               [
                  31.368462,
                  30.038835,
                  0.0
               ]
            ]
         },
         "properties": {
            "object_imcoords": "EMPTY",
            "building_imcoords": "748.308027, 563.186529, 734.402186, 564.707480, 737.661368, 590.998209, 750.915372, 589.47725",
            "road_imcoords": "EMPTY",
            "image_id": "BLD01113_PS3_K3A_NIA0277.png",
            "ingest_time": "2023-03-02T14:34:14.313313Z",
            "type_id": "1",
            "type_name": "건물"
         }
      },
      {
         "type": "Feature",
         "geometry": {
            "type": "Polygon",
            "coordinates": [
               [
                  31.368545,
                  30.033754,
                  0.0
               ],
               [
                  31.374384,
                  30.033827,
                  0.0
               ],
               [
                  31.374301,
                  30.038907,
                  0.0
               ],
               [
                  31.368462,
                  30.038835,
                  0.0
               ]
            ]
         },
         "properties": {
            "object_imcoords": "EMPTY",
            "building_imcoords": "764.102510, 670.919277, 748.977116, 674.160433, 763.022125, 776.526941, 779.227904, 773.55588",
            "road_imcoords": "EMPTY",
            "image_id": "BLD01113_PS3_K3A_NIA0277.png",
            "ingest_time": "2023-03-02T14:34:14.313313Z",
            "type_id": "1",
            "type_name": "건물"
         }
      },
      {
         "type": "Feature",
         "geometry": {
            "type": "Polygon",
            "coordinates": [
               [
                  31.368545,
                  30.033754,
                  0.0
               ],
               [
                  31.374384,
                  30.033827,
                  0.0
               ],
               [
                  31.374301,
                  30.038907,
                  0.0
               ],
               [
                  31.368462,
                  30.038835,
                  0.0
               ]
            ]
         },
         "properties": {
            "object_imcoords": "EMPTY",
            "building_imcoords": "610.154980, 775.726161, 613.264993, 793.201474, 665.246643, 785.204297, 663.173301, 767.58088",
            "road_imcoords": "EMPTY",
            "image_id": "BLD01113_PS3_K3A_NIA0277.png",
            "ingest_time": "2023-03-02T14:34:14.313313Z",
            "type_id": "1",
            "type_name": "건물"
         }
      },
      {
         "type": "Feature",
         "geometry": {
            "type": "Polygon",
            "coordinates": [
               [
                  31.373857,
                  30.038017,
                  0.0
               ],
               [
                  31.373619,
                  30.037992,
                  0.0
               ],
               [
                  31.373538,
                  30.03801,
                  0.0
               ],
               [
                  31.373513,
                  30.038249,
                  0.0
               ]
            ]
         },
         "properties": {
            "object_imcoords": "EMPTY",
            "building_imcoords": "943.674972, 178.325583, 901.874899, 182.687329, 887.699223, 178.870801, 883.882694, 130.709848, 882.065300, 124.530707, 877.885293, 123.076791, 876.613117, 90.908909, 881.701821, 74.188880, 994.198538, 66.374084, 998.901156, 68.860539, 1000.283826, 85.314314, 1003.325701, 89.047523, 1004.155303, 117.530529, 1003.840857, 124.695960, 994.426361, 124.815515, 993.314486, 109.542942, 978.713329, 100.236710, 954.485035, 95.423142, 951.436442, 131.203999, 953.361869, 174.84700",
            "road_imcoords": "EMPTY",
            "image_id": "BLD01113_PS3_K3A_NIA0277.png",
            "ingest_time": "2023-03-02T14:34:14.313313Z",
            "type_id": "1",
            "type_name": "건물"
         }
      },
      {
         "type": "Feature",
         "geometry": {
            "type": "Polygon",
            "coordinates": [
               [
                  31.368545,
                  30.033754,
                  0.0
               ],
               [
                  31.374384,
                  30.033827,
                  0.0
               ],
               [
                  31.374301,
                  30.038907,
                  0.0
               ],
               [
                  31.368462,
                  30.038835,
                  0.0
               ]
            ]
         },
         "properties": {
            "object_imcoords": "EMPTY",
            "building_imcoords": "1024.000000, 36.621321, 995.845415, 41.852938, 999.097502, 84.554247, 1002.349588, 86.816568, 1006.874230, 87.664938, 1024.000000, 86.53377",
            "road_imcoords": "EMPTY",
            "image_id": "BLD01113_PS3_K3A_NIA0277.png",
            "ingest_time": "2023-03-02T14:34:14.313313Z",
            "type_id": "1",
            "type_name": "건물"
         }
      },
      {
         "type": "Feature",
         "geometry": {
            "type": "Polygon",
            "coordinates": [
               [
                  31.368545,
                  30.033754,
                  0.0
               ],
               [
                  31.374384,
                  30.033827,
                  0.0
               ],
               [
                  31.374301,
                  30.038907,
                  0.0
               ],
               [
                  31.368462,
                  30.038835,
                  0.0
               ]
            ]
         },
         "properties": {
            "object_imcoords": "EMPTY",
            "building_imcoords": "953.533134, 372.913260, 955.130878, 385.375657, 963.758691, 386.334303, 962.160948, 371.31551",
            "road_imcoords": "EMPTY",
            "image_id": "BLD01113_PS3_K3A_NIA0277.png",
            "ingest_time": "2023-03-02T14:34:14.313313Z",
            "type_id": "1",
            "type_name": "건물"
         }
      },
      {
         "type": "Feature",
         "geometry": {
            "type": "Polygon",
            "coordinates": [
               [
                  31.370618,
                  30.03723,
                  0.0
               ],
               [
                  31.370633,
                  30.037143,
                  0.0
               ],
               [
                  31.37069,
                  30.037154,
                  0.0
               ],
               [
                  31.370671,
                  30.037238,
                  0.0
               ]
            ]
         },
         "properties": {
            "object_imcoords": "EMPTY",
            "building_imcoords": "373.459604, 328.754495, 375.866802, 346.292653, 385.839480, 344.229340, 382.744511, 327.378953, 382.744511, 327.37895",
            "road_imcoords": "EMPTY",
            "image_id": "BLD01113_PS3_K3A_NIA0277.png",
            "ingest_time": "2023-03-02T14:34:14.313313Z",
            "type_id": "1",
            "type_name": "건물"
         }
      },
      {
         "type": "Feature",
         "geometry": {
            "type": "Polygon",
            "coordinates": [
               [
                  31.370674,
                  30.037147,
                  0.0
               ],
               [
                  31.370683,
                  30.037101,
                  0.0
               ],
               [
                  31.370804,
                  30.037115,
                  0.0
               ],
               [
                  31.370792,
                  30.037166,
                  0.0
               ]
            ]
         },
         "properties": {
            "object_imcoords": "EMPTY",
            "building_imcoords": "383.088396, 345.604882, 384.463938, 354.889789, 405.784836, 352.482591, 403.721524, 342.16602",
            "road_imcoords": "EMPTY",
            "image_id": "BLD01113_PS3_K3A_NIA0277.png",
            "ingest_time": "2023-03-02T14:34:14.313313Z",
            "type_id": "1",
            "type_name": "건물"
         }
      },
      {
         "type": "Feature",
         "geometry": {
            "type": "Polygon",
            "coordinates": [
               [
                  31.370769,
                  30.037203,
                  0.0
               ],
               [
                  31.370713,
                  30.037196,
                  0.0
               ],
               [
                  31.370713,
                  30.037158,
                  0.0
               ],
               [
                  31.370784,
                  30.037171,
                  0.0
               ]
            ]
         },
         "properties": {
            "object_imcoords": "EMPTY",
            "building_imcoords": "399.938784, 334.600547, 389.966105, 335.976089, 389.966105, 343.541569, 402.345982, 341.13437",
            "road_imcoords": "EMPTY",
            "image_id": "BLD01113_PS3_K3A_NIA0277.png",
            "ingest_time": "2023-03-02T14:34:14.313313Z",
            "type_id": "1",
            "type_name": "건물"
         }
      },
      {
         "type": "Feature",
         "geometry": {
            "type": "Polygon",
            "coordinates": [
               [
                  31.373473,
                  30.03882,
                  0.0
               ],
               [
                  31.373434,
                  30.03881,
                  0.0
               ],
               [
                  31.373437,
                  30.038733,
                  0.0
               ],
               [
                  31.373488,
                  30.038744,
                  0.0
               ]
            ]
         },
         "properties": {
            "object_imcoords": "EMPTY",
            "building_imcoords": "878.627336, 15.474845, 871.749627, 17.538158, 872.093513, 33.013004, 880.990971, 30.865341, 881.040926, 26.09464",
            "road_imcoords": "EMPTY",
            "image_id": "BLD01113_PS3_K3A_NIA0277.png",
            "ingest_time": "2023-03-02T14:34:14.313313Z",
            "type_id": "1",
            "type_name": "건물"
         }
      }
   ]
}