{
   "type": "FeatureCollection",
   "features": [
      {
         "type": "Feature",
         "geometry": {
            "type": "Polygon",
            "coordinates": [
               [
                  121.580729,
                  31.304178,
                  0.0
               ],
               [
                  121.586645,
                  31.304243,
                  0.0
               ],
               [
                  121.58657,
                  31.309323,
                  0.0
               ],
               [
                  121.580653,
                  31.309258,
                  0.0
               ]
            ]
         },
         "properties": {
            "object_imcoords": "EMPTY",
            "building_imcoords": "593.350540, 0.000000, 571.217881, 26.363902, 568.288559, 46.218199, 570.892401, 53.704245, 665.281680, 94.063799, 690.446938, 47.442639, 699.357485, 26.490814, 676.960706, 13.486232, 628.795590, 0.00000",
            "road_imcoords": "EMPTY",
            "image_id": "BLD01184_PS3_K3A_NIA0373.png",
            "ingest_time": "2023-03-02T14:34:14.313313Z",
            "type_id": "1",
            "type_name": "건물"
         }
      },
      {
         "type": "Feature",
         "geometry": {
            "type": "Polygon",
            "coordinates": [
               [
                  121.580729,
                  31.304178,
                  0.0
               ],
               [
                  121.586645,
                  31.304243,
                  0.0
               ],
               [
                  121.58657,
                  31.309323,
                  0.0
               ],
               [
                  121.580653,
                  31.309258,
                  0.0
               ]
            ]
         },
         "properties": {
            "object_imcoords": "EMPTY",
            "building_imcoords": "674.923621, 105.490114, 667.677836, 102.932778, 663.628720, 106.981894, 629.957128, 94.408325, 626.973569, 87.801873, 620.793340, 86.736316, 617.383559, 88.014984, 598.629761, 82.260978, 573.482622, 122.752133, 570.285952, 135.751925, 571.351509, 147.046826, 664.268054, 184.980645, 687.923413, 144.702601, 695.796532, 122.836137, 675.788067, 110.88990",
            "road_imcoords": "EMPTY",
            "image_id": "BLD01184_PS3_K3A_NIA0373.png",
            "ingest_time": "2023-03-02T14:34:14.313313Z",
            "type_id": "1",
            "type_name": "건물"
         }
      },
      {
         "type": "Feature",
         "geometry": {
            "type": "Polygon",
            "coordinates": [
               [
                  121.580729,
                  31.304178,
                  0.0
               ],
               [
                  121.586645,
                  31.304243,
                  0.0
               ],
               [
                  121.58657,
                  31.309323,
                  0.0
               ],
               [
                  121.580653,
                  31.309258,
                  0.0
               ]
            ]
         },
         "properties": {
            "object_imcoords": "EMPTY",
            "building_imcoords": "627.107067, 184.786110, 619.335689, 181.332164, 614.802385, 184.570238, 595.805682, 180.036934, 567.958242, 225.585847, 565.367783, 246.525394, 664.236987, 283.655314, 687.766994, 240.696861, 695.538372, 217.598597, 677.405156, 208.531989, 677.405156, 204.214556, 666.179831, 200.544739, 663.373500, 203.566941, 628.402297, 188.88767",
            "road_imcoords": "EMPTY",
            "image_id": "BLD01184_PS3_K3A_NIA0373.png",
            "ingest_time": "2023-03-02T14:34:14.313313Z",
            "type_id": "1",
            "type_name": "건물"
         }
      },
      {
         "type": "Feature",
         "geometry": {
            "type": "Polygon",
            "coordinates": [
               [
                  121.580729,
                  31.304178,
                  0.0
               ],
               [
                  121.586645,
                  31.304243,
                  0.0
               ],
               [
                  121.58657,
                  31.309323,
                  0.0
               ],
               [
                  121.580653,
                  31.309258,
                  0.0
               ]
            ]
         },
         "properties": {
            "object_imcoords": "EMPTY",
            "building_imcoords": "675.290426, 298.635117, 665.736933, 294.919869, 662.021686, 296.689035, 628.584460, 283.951044, 627.699878, 280.589630, 618.500218, 275.812883, 616.377219, 278.112798, 602.400813, 271.036137, 596.562567, 272.628385, 570.909669, 315.619104, 567.548255, 334.372257, 568.255921, 340.387420, 662.198603, 379.309058, 691.920581, 329.064761, 692.274414, 316.326770, 685.020836, 306.419444, 676.351926, 302.70419",
            "road_imcoords": "EMPTY",
            "image_id": "BLD01184_PS3_K3A_NIA0373.png",
            "ingest_time": "2023-03-02T14:34:14.313313Z",
            "type_id": "1",
            "type_name": "건물"
         }
      },
      {
         "type": "Feature",
         "geometry": {
            "type": "Polygon",
            "coordinates": [
               [
                  121.580729,
                  31.304178,
                  0.0
               ],
               [
                  121.586645,
                  31.304243,
                  0.0
               ],
               [
                  121.58657,
                  31.309323,
                  0.0
               ],
               [
                  121.580653,
                  31.309258,
                  0.0
               ]
            ]
         },
         "properties": {
            "object_imcoords": "EMPTY",
            "building_imcoords": "668.227367, 396.583672, 658.353078, 395.777608, 653.315176, 397.188221, 621.072601, 398.195801, 613.011957, 395.979124, 602.331604, 395.777608, 596.689154, 396.785189, 575.731480, 399.203382, 553.967742, 437.491440, 552.960161, 449.783921, 554.773806, 461.270339, 561.423837, 465.502177, 568.275384, 468.726434, 598.704314, 469.532498, 600.719475, 467.718854, 619.863504, 469.532498, 628.327180, 471.749175, 654.927305, 471.346143, 664.801593, 465.502177, 673.063753, 457.240017, 691.804750, 414.720121, 690.797169, 402.024607, 681.325913, 399.40489",
            "road_imcoords": "EMPTY",
            "image_id": "BLD01184_PS3_K3A_NIA0373.png",
            "ingest_time": "2023-03-02T14:34:14.313313Z",
            "type_id": "1",
            "type_name": "건물"
         }
      },
      {
         "type": "Feature",
         "geometry": {
            "type": "Polygon",
            "coordinates": [
               [
                  121.580729,
                  31.304178,
                  0.0
               ],
               [
                  121.586645,
                  31.304243,
                  0.0
               ],
               [
                  121.58657,
                  31.309323,
                  0.0
               ],
               [
                  121.580653,
                  31.309258,
                  0.0
               ]
            ]
         },
         "properties": {
            "object_imcoords": "EMPTY",
            "building_imcoords": "201.970754, 77.601468, 187.071272, 76.980656, 185.415774, 79.050029, 175.068912, 78.429217, 159.755555, 78.222280, 152.926626, 79.050029, 146.097697, 76.773719, 134.302274, 77.808405, 132.853713, 81.326338, 114.436298, 82.567962, 110.504490, 88.569142, 101.606189, 95.398071, 96.846632, 104.503310, 97.881318, 114.643235, 102.847812, 118.988918, 106.572683, 131.198215, 126.231721, 132.025964, 134.095337, 129.128843, 139.889580, 132.232901, 206.109499, 132.232901, 208.592746, 128.508031, 214.180052, 126.852533, 222.871416, 113.401612, 224.113039, 99.950691, 219.974295, 90.845452, 215.628612, 85.465083, 204.040126, 82.15408",
            "road_imcoords": "EMPTY",
            "image_id": "BLD01184_PS3_K3A_NIA0373.png",
            "ingest_time": "2023-03-02T14:34:14.313313Z",
            "type_id": "1",
            "type_name": "건물"
         }
      },
      {
         "type": "Feature",
         "geometry": {
            "type": "Polygon",
            "coordinates": [
               [
                  121.580729,
                  31.304178,
                  0.0
               ],
               [
                  121.586645,
                  31.304243,
                  0.0
               ],
               [
                  121.58657,
                  31.309323,
                  0.0
               ],
               [
                  121.580653,
                  31.309258,
                  0.0
               ]
            ]
         },
         "properties": {
            "object_imcoords": "EMPTY",
            "building_imcoords": "22.558944, 75.563293, 7.886460, 74.646263, 6.969430, 78.314384, 0.000000, 77.580760, 0.183406, 126.550175, 13.388642, 125.999957, 15.222702, 130.401702, 27.327502, 131.502139, 28.244532, 125.082927, 35.764180, 123.248866, 43.650640, 109.310006, 44.200858, 89.502153, 40.716143, 87.851498, 38.331865, 81.799099, 25.860253, 80.33185",
            "road_imcoords": "EMPTY",
            "image_id": "BLD01184_PS3_K3A_NIA0373.png",
            "ingest_time": "2023-03-02T14:34:14.313313Z",
            "type_id": "1",
            "type_name": "건물"
         }
      },
      {
         "type": "Feature",
         "geometry": {
            "type": "Polygon",
            "coordinates": [
               [
                  121.580729,
                  31.304178,
                  0.0
               ],
               [
                  121.586645,
                  31.304243,
                  0.0
               ],
               [
                  121.58657,
                  31.309323,
                  0.0
               ],
               [
                  121.580653,
                  31.309258,
                  0.0
               ]
            ]
         },
         "properties": {
            "object_imcoords": "EMPTY",
            "building_imcoords": "93.213466, 188.545420, 81.465488, 187.775061, 66.250893, 188.930600, 59.702840, 188.930600, 56.236223, 187.582471, 44.295655, 187.197292, 41.214219, 190.086139, 26.962573, 192.974986, 16.562723, 201.063758, 10.785029, 208.189581, 10.977619, 226.485612, 12.518337, 236.307692, 23.881136, 236.500282, 41.599398, 237.655821, 42.369757, 242.085386, 45.836374, 242.085386, 49.110401, 238.041001, 73.569306, 240.544668, 89.554260, 239.581719, 109.776190, 239.389129, 125.953733, 237.270641, 132.116607, 220.900508, 130.961068, 201.448937, 127.301862, 199.330450, 124.798194, 193.552755, 111.702088, 192.589806, 109.968779, 187.77506",
            "road_imcoords": "EMPTY",
            "image_id": "BLD01184_PS3_K3A_NIA0373.png",
            "ingest_time": "2023-03-02T14:34:14.313313Z",
            "type_id": "1",
            "type_name": "건물"
         }
      },
      {
         "type": "Feature",
         "geometry": {
            "type": "Polygon",
            "coordinates": [
               [
                  121.580729,
                  31.304178,
                  0.0
               ],
               [
                  121.586645,
                  31.304243,
                  0.0
               ],
               [
                  121.58657,
                  31.309323,
                  0.0
               ],
               [
                  121.580653,
                  31.309258,
                  0.0
               ]
            ]
         },
         "properties": {
            "object_imcoords": "EMPTY",
            "building_imcoords": "218.312832, 153.986748, 205.645542, 151.611631, 192.582398, 152.601263, 184.269489, 152.799190, 181.300593, 152.205411, 165.862333, 151.809558, 164.278922, 156.361865, 148.246882, 158.736982, 138.548488, 169.227082, 136.767150, 173.185610, 137.163003, 202.082866, 157.153571, 202.082866, 173.779389, 202.676645, 181.300593, 204.457983, 212.968819, 205.051762, 219.698317, 205.249689, 224.844404, 207.822732, 237.709620, 205.645542, 240.282664, 202.478719, 247.210088, 202.676645, 254.335439, 185.852900, 255.127145, 165.862333, 250.970690, 159.528688, 236.917915, 155.966012, 233.751092, 152.99711",
            "road_imcoords": "EMPTY",
            "image_id": "BLD01184_PS3_K3A_NIA0373.png",
            "ingest_time": "2023-03-02T14:34:14.313313Z",
            "type_id": "1",
            "type_name": "건물"
         }
      },
      {
         "type": "Feature",
         "geometry": {
            "type": "Polygon",
            "coordinates": [
               [
                  121.580729,
                  31.304178,
                  0.0
               ],
               [
                  121.586645,
                  31.304243,
                  0.0
               ],
               [
                  121.58657,
                  31.309323,
                  0.0
               ],
               [
                  121.580653,
                  31.309258,
                  0.0
               ]
            ]
         },
         "properties": {
            "object_imcoords": "EMPTY",
            "building_imcoords": "208.817931, 229.761934, 199.071712, 227.688270, 186.837096, 228.932468, 177.920342, 226.651438, 164.648895, 227.480904, 164.026796, 230.384033, 146.608021, 232.665063, 135.202871, 246.973342, 134.580772, 275.589901, 153.036378, 276.834099, 165.270994, 278.493030, 211.098961, 280.359327, 222.296745, 280.566693, 225.199874, 283.262456, 230.384033, 282.018258, 237.641856, 277.663564, 247.388075, 274.967802, 252.986967, 262.733186, 253.816432, 242.411282, 250.083838, 240.337618, 248.424907, 235.360826, 237.019757, 232.457696, 232.042964, 228.725102, 217.319952, 228.72510",
            "road_imcoords": "EMPTY",
            "image_id": "BLD01184_PS3_K3A_NIA0373.png",
            "ingest_time": "2023-03-02T14:34:14.313313Z",
            "type_id": "1",
            "type_name": "건물"
         }
      },
      {
         "type": "Feature",
         "geometry": {
            "type": "Polygon",
            "coordinates": [
               [
                  121.580729,
                  31.304178,
                  0.0
               ],
               [
                  121.586645,
                  31.304243,
                  0.0
               ],
               [
                  121.58657,
                  31.309323,
                  0.0
               ],
               [
                  121.580653,
                  31.309258,
                  0.0
               ]
            ]
         },
         "properties": {
            "object_imcoords": "EMPTY",
            "building_imcoords": "14.515701, 246.583169, 6.247264, 244.561995, 0.000000, 244.745738, 0.183743, 287.557868, 12.678270, 288.109097, 20.395478, 272.858425, 21.314193, 253.381662, 16.904360, 251.91171",
            "road_imcoords": "EMPTY",
            "image_id": "BLD01184_PS3_K3A_NIA0373.png",
            "ingest_time": "2023-03-02T14:34:14.313313Z",
            "type_id": "1",
            "type_name": "건물"
         }
      },
      {
         "type": "Feature",
         "geometry": {
            "type": "Polygon",
            "coordinates": [
               [
                  121.580729,
                  31.304178,
                  0.0
               ],
               [
                  121.586645,
                  31.304243,
                  0.0
               ],
               [
                  121.58657,
                  31.309323,
                  0.0
               ],
               [
                  121.580653,
                  31.309258,
                  0.0
               ]
            ]
         },
         "properties": {
            "object_imcoords": "EMPTY",
            "building_imcoords": "38.524241, 312.902444, 25.896851, 310.548185, 7.918872, 313.116467, 0.000000, 316.754868, 0.000000, 360.201650, 11.557272, 362.127862, 23.542592, 361.485792, 37.026076, 359.773603, 45.372995, 342.865742, 48.369324, 328.312140, 45.587018, 318.681080, 40.450453, 316.96889",
            "road_imcoords": "EMPTY",
            "image_id": "BLD01184_PS3_K3A_NIA0373.png",
            "ingest_time": "2023-03-02T14:34:14.313313Z",
            "type_id": "1",
            "type_name": "건물"
         }
      },
      {
         "type": "Feature",
         "geometry": {
            "type": "Polygon",
            "coordinates": [
               [
                  121.580729,
                  31.304178,
                  0.0
               ],
               [
                  121.586645,
                  31.304243,
                  0.0
               ],
               [
                  121.58657,
                  31.309323,
                  0.0
               ],
               [
                  121.580653,
                  31.309258,
                  0.0
               ]
            ]
         },
         "properties": {
            "object_imcoords": "EMPTY",
            "building_imcoords": "227.348007, 301.492131, 213.830017, 301.082495, 209.528839, 302.311403, 201.540936, 299.853587, 185.565130, 302.721039, 176.757955, 301.287313, 165.288145, 301.287313, 150.336430, 305.793310, 146.649705, 316.648665, 147.878613, 327.504020, 147.878613, 339.997920, 145.011161, 351.877365, 161.396603, 354.335181, 170.203778, 355.154454, 175.938683, 358.431542, 209.528839, 358.021906, 210.962565, 356.178544, 217.721559, 356.588180, 219.769740, 359.045996, 240.456360, 358.431542, 241.685268, 349.214731, 248.853899, 337.335286, 250.082807, 315.419757, 245.781629, 313.986031, 244.143085, 307.431854, 229.805823, 306.81740",
            "road_imcoords": "EMPTY",
            "image_id": "BLD01184_PS3_K3A_NIA0373.png",
            "ingest_time": "2023-03-02T14:34:14.313313Z",
            "type_id": "1",
            "type_name": "건물"
         }
      },
      {
         "type": "Feature",
         "geometry": {
            "type": "Polygon",
            "coordinates": [
               [
                  121.580729,
                  31.304178,
                  0.0
               ],
               [
                  121.586645,
                  31.304243,
                  0.0
               ],
               [
                  121.58657,
                  31.309323,
                  0.0
               ],
               [
                  121.580653,
                  31.309258,
                  0.0
               ]
            ]
         },
         "properties": {
            "object_imcoords": "EMPTY",
            "building_imcoords": "146.719074, 316.899981, 138.953537, 313.760722, 126.561723, 311.117135, 116.317824, 310.786687, 106.239149, 312.934601, 101.117199, 319.378344, 97.151819, 328.300450, 93.351663, 333.091951, 93.847335, 347.631679, 96.160474, 356.884233, 102.713934, 358.322488, 107.489977, 358.886947, 112.682892, 363.493201, 124.744257, 363.658425, 129.185962, 358.729811, 138.007880, 357.242793, 144.240711, 356.719009, 145.727729, 351.597060, 148.536540, 340.031367, 148.040867, 326.97865",
            "road_imcoords": "EMPTY",
            "image_id": "BLD01184_PS3_K3A_NIA0373.png",
            "ingest_time": "2023-03-02T14:34:14.313313Z",
            "type_id": "1",
            "type_name": "건물"
         }
      },
      {
         "type": "Feature",
         "geometry": {
            "type": "Polygon",
            "coordinates": [
               [
                  121.580729,
                  31.304178,
                  0.0
               ],
               [
                  121.586645,
                  31.304243,
                  0.0
               ],
               [
                  121.58657,
                  31.309323,
                  0.0
               ],
               [
                  121.580653,
                  31.309258,
                  0.0
               ]
            ]
         },
         "properties": {
            "object_imcoords": "EMPTY",
            "building_imcoords": "178.417162, 370.451592, 168.049469, 371.225300, 165.418860, 372.153750, 148.861500, 374.784359, 132.923107, 395.829228, 132.923107, 407.280113, 135.863199, 415.017197, 150.099434, 417.183580, 160.002901, 418.266772, 160.467126, 423.682731, 171.918011, 423.373248, 178.262420, 419.195222, 193.427105, 416.564614, 202.402123, 402.328379, 202.247381, 382.985668, 196.676681, 374.320134, 183.059412, 374.16539",
            "road_imcoords": "EMPTY",
            "image_id": "BLD01184_PS3_K3A_NIA0373.png",
            "ingest_time": "2023-03-02T14:34:14.313313Z",
            "type_id": "1",
            "type_name": "건물"
         }
      },
      {
         "type": "Feature",
         "geometry": {
            "type": "Polygon",
            "coordinates": [
               [
                  121.580729,
                  31.304178,
                  0.0
               ],
               [
                  121.586645,
                  31.304243,
                  0.0
               ],
               [
                  121.58657,
                  31.309323,
                  0.0
               ],
               [
                  121.580653,
                  31.309258,
                  0.0
               ]
            ]
         },
         "properties": {
            "object_imcoords": "EMPTY",
            "building_imcoords": "121.263064, 398.765509, 109.722656, 394.504435, 105.816671, 390.243361, 92.678360, 391.663719, 73.503527, 392.018809, 50.422709, 390.598451, 40.480203, 392.196353, 38.527211, 393.439167, 21.305370, 397.345151, 6.746701, 416.164895, 9.587417, 437.292720, 27.519436, 441.021160, 59.655036, 445.814868, 92.500815, 445.814868, 109.545111, 441.021160, 123.393601, 439.778346, 128.364854, 426.995124, 128.542399, 404.802031, 123.393601, 404.26939",
            "road_imcoords": "EMPTY",
            "image_id": "BLD01184_PS3_K3A_NIA0373.png",
            "ingest_time": "2023-03-02T14:34:14.313313Z",
            "type_id": "1",
            "type_name": "건물"
         }
      },
      {
         "type": "Feature",
         "geometry": {
            "type": "Polygon",
            "coordinates": [
               [
                  121.580729,
                  31.304178,
                  0.0
               ],
               [
                  121.586645,
                  31.304243,
                  0.0
               ],
               [
                  121.58657,
                  31.309323,
                  0.0
               ],
               [
                  121.580653,
                  31.309258,
                  0.0
               ]
            ]
         },
         "properties": {
            "object_imcoords": "EMPTY",
            "building_imcoords": "85.593024, 0.000000, 86.641102, 29.346180, 107.602658, 28.647461, 109.349455, 32.490413, 117.384718, 32.490413, 118.782155, 29.695539, 180.269389, 27.948742, 187.256574, 6.288467, 187.256574, 0.00000",
            "road_imcoords": "EMPTY",
            "image_id": "BLD01184_PS3_K3A_NIA0373.png",
            "ingest_time": "2023-03-02T14:34:14.313313Z",
            "type_id": "1",
            "type_name": "건물"
         }
      },
      {
         "type": "Feature",
         "geometry": {
            "type": "Polygon",
            "coordinates": [
               [
                  121.580729,
                  31.304178,
                  0.0
               ],
               [
                  121.586645,
                  31.304243,
                  0.0
               ],
               [
                  121.58657,
                  31.309323,
                  0.0
               ],
               [
                  121.580653,
                  31.309258,
                  0.0
               ]
            ]
         },
         "properties": {
            "object_imcoords": "EMPTY",
            "building_imcoords": "189.074392, 0.000000, 243.610462, 0.000000, 241.207992, 12.973338, 219.345515, 31.712605, 191.476862, 30.751617, 184.269452, 17.297784, 187.392663, 6.24642",
            "road_imcoords": "EMPTY",
            "image_id": "BLD01184_PS3_K3A_NIA0373.png",
            "ingest_time": "2023-03-02T14:34:14.313313Z",
            "type_id": "1",
            "type_name": "건물"
         }
      },
      {
         "type": "Feature",
         "geometry": {
            "type": "Polygon",
            "coordinates": [
               [
                  121.580729,
                  31.304178,
                  0.0
               ],
               [
                  121.586645,
                  31.304243,
                  0.0
               ],
               [
                  121.58657,
                  31.309323,
                  0.0
               ],
               [
                  121.580653,
                  31.309258,
                  0.0
               ]
            ]
         },
         "properties": {
            "object_imcoords": "EMPTY",
            "building_imcoords": "529.173086, 21.701104, 541.484289, 27.126381, 542.318947, 40.063577, 533.972368, 58.634715, 530.007743, 73.449892, 481.388923, 56.339406, 447.167950, 39.437584, 451.967233, 25.457065, 461.983128, 8.346579, 467.617068, 2.086645, 487.648857, 6.468598, 491.404817, 9.807230, 506.428659, 17.110486, 510.810613, 14.39784",
            "road_imcoords": "EMPTY",
            "image_id": "BLD01184_PS3_K3A_NIA0373.png",
            "ingest_time": "2023-03-02T14:34:14.313313Z",
            "type_id": "1",
            "type_name": "건물"
         }
      },
      {
         "type": "Feature",
         "geometry": {
            "type": "Polygon",
            "coordinates": [
               [
                  121.580729,
                  31.304178,
                  0.0
               ],
               [
                  121.586645,
                  31.304243,
                  0.0
               ],
               [
                  121.58657,
                  31.309323,
                  0.0
               ],
               [
                  121.580653,
                  31.309258,
                  0.0
               ]
            ]
         },
         "properties": {
            "object_imcoords": "EMPTY",
            "building_imcoords": "443.895992, 15.853428, 427.655895, 8.893387, 413.542477, 3.480021, 391.889014, 0.000000, 316.681897, 0.000000, 311.655200, 17.980108, 417.022498, 57.420344, 427.849229, 62.253706, 437.902623, 44.660267, 444.475996, 26.87349",
            "road_imcoords": "EMPTY",
            "image_id": "BLD01184_PS3_K3A_NIA0373.png",
            "ingest_time": "2023-03-02T14:34:14.313313Z",
            "type_id": "1",
            "type_name": "건물"
         }
      },
      {
         "type": "Feature",
         "geometry": {
            "type": "Polygon",
            "coordinates": [
               [
                  121.580729,
                  31.304178,
                  0.0
               ],
               [
                  121.586645,
                  31.304243,
                  0.0
               ],
               [
                  121.58657,
                  31.309323,
                  0.0
               ],
               [
                  121.580653,
                  31.309258,
                  0.0
               ]
            ]
         },
         "properties": {
            "object_imcoords": "EMPTY",
            "building_imcoords": "467.174316, 49.280830, 459.027082, 64.383019, 450.084996, 90.613138, 462.405204, 99.555224, 497.577409, 116.048405, 509.897616, 115.253553, 530.762484, 123.798213, 541.095561, 99.952650, 543.082691, 87.433730, 530.365058, 73.722531, 480.090663, 56.23578",
            "road_imcoords": "EMPTY",
            "image_id": "BLD01184_PS3_K3A_NIA0373.png",
            "ingest_time": "2023-03-02T14:34:14.313313Z",
            "type_id": "1",
            "type_name": "건물"
         }
      },
      {
         "type": "Feature",
         "geometry": {
            "type": "Polygon",
            "coordinates": [
               [
                  121.580729,
                  31.304178,
                  0.0
               ],
               [
                  121.586645,
                  31.304243,
                  0.0
               ],
               [
                  121.58657,
                  31.309323,
                  0.0
               ],
               [
                  121.580653,
                  31.309258,
                  0.0
               ]
            ]
         },
         "properties": {
            "object_imcoords": "EMPTY",
            "building_imcoords": "443.645157, 73.912670, 444.998249, 84.737409, 430.283370, 117.211625, 427.577185, 120.763493, 395.272105, 107.909116, 311.380379, 71.544758, 322.712527, 42.622409, 328.124897, 33.489036, 350.620057, 40.592771, 358.231202, 35.518674, 417.259856, 57.675562, 427.746322, 63.08793",
            "road_imcoords": "EMPTY",
            "image_id": "BLD01184_PS3_K3A_NIA0373.png",
            "ingest_time": "2023-03-02T14:34:14.313313Z",
            "type_id": "1",
            "type_name": "건물"
         }
      },
      {
         "type": "Feature",
         "geometry": {
            "type": "Polygon",
            "coordinates": [
               [
                  121.580729,
                  31.304178,
                  0.0
               ],
               [
                  121.586645,
                  31.304243,
                  0.0
               ],
               [
                  121.58657,
                  31.309323,
                  0.0
               ],
               [
                  121.580653,
                  31.309258,
                  0.0
               ]
            ]
         },
         "properties": {
            "object_imcoords": "EMPTY",
            "building_imcoords": "402.474569, 147.561364, 379.145459, 146.044024, 360.558038, 145.475021, 356.764686, 143.388678, 346.143303, 143.388678, 343.298289, 147.182029, 338.746268, 142.630007, 328.693887, 143.009343, 325.659206, 146.044024, 319.400176, 147.561364, 313.330814, 160.458758, 313.710149, 180.563520, 331.349233, 180.373853, 334.004579, 176.770169, 340.642943, 181.322190, 373.455432, 181.132523, 376.679780, 190.426233, 388.249502, 190.615901, 390.904848, 184.167204, 400.198558, 180.373853, 405.509250, 157.23441",
            "road_imcoords": "EMPTY",
            "image_id": "BLD01184_PS3_K3A_NIA0373.png",
            "ingest_time": "2023-03-02T14:34:14.313313Z",
            "type_id": "1",
            "type_name": "건물"
         }
      },
      {
         "type": "Feature",
         "geometry": {
            "type": "Polygon",
            "coordinates": [
               [
                  121.580729,
                  31.304178,
                  0.0
               ],
               [
                  121.586645,
                  31.304243,
                  0.0
               ],
               [
                  121.58657,
                  31.309323,
                  0.0
               ],
               [
                  121.580653,
                  31.309258,
                  0.0
               ]
            ]
         },
         "properties": {
            "object_imcoords": "EMPTY",
            "building_imcoords": "401.007412, 204.918620, 387.845973, 203.419215, 382.847958, 203.419215, 378.849545, 199.420803, 369.186716, 201.086808, 362.522696, 203.585816, 353.026467, 198.087999, 343.696839, 199.420803, 321.039171, 199.920604, 312.375944, 214.414848, 313.042346, 236.406115, 332.201404, 236.072914, 333.700809, 231.907901, 339.698427, 237.905519, 372.518726, 237.905519, 374.851133, 233.907107, 400.674211, 234.406909, 401.174013, 223.411275, 404.506023, 212.91544",
            "road_imcoords": "EMPTY",
            "image_id": "BLD01184_PS3_K3A_NIA0373.png",
            "ingest_time": "2023-03-02T14:34:14.313313Z",
            "type_id": "1",
            "type_name": "건물"
         }
      },
      {
         "type": "Feature",
         "geometry": {
            "type": "Polygon",
            "coordinates": [
               [
                  121.580729,
                  31.304178,
                  0.0
               ],
               [
                  121.586645,
                  31.304243,
                  0.0
               ],
               [
                  121.58657,
                  31.309323,
                  0.0
               ],
               [
                  121.580653,
                  31.309258,
                  0.0
               ]
            ]
         },
         "properties": {
            "object_imcoords": "EMPTY",
            "building_imcoords": "541.488843, 155.663091, 534.824891, 152.416550, 518.592187, 153.441774, 515.516516, 155.150480, 505.093411, 155.492221, 499.625553, 153.441774, 483.905461, 152.416550, 480.829790, 154.637868, 476.899767, 152.245680, 466.305792, 152.245680, 456.224428, 154.125256, 453.490499, 152.758292, 439.991723, 152.074809, 418.462031, 151.733068, 407.013703, 172.921019, 408.380668, 186.932406, 411.627208, 199.235087, 528.160939, 199.576828, 534.141409, 188.470241, 542.514067, 168.64925",
            "road_imcoords": "EMPTY",
            "image_id": "BLD01184_PS3_K3A_NIA0373.png",
            "ingest_time": "2023-03-02T14:34:14.313313Z",
            "type_id": "1",
            "type_name": "건물"
         }
      },
      {
         "type": "Feature",
         "geometry": {
            "type": "Polygon",
            "coordinates": [
               [
                  121.580729,
                  31.304178,
                  0.0
               ],
               [
                  121.586645,
                  31.304243,
                  0.0
               ],
               [
                  121.58657,
                  31.309323,
                  0.0
               ],
               [
                  121.580653,
                  31.309258,
                  0.0
               ]
            ]
         },
         "properties": {
            "object_imcoords": "EMPTY",
            "building_imcoords": "528.034496, 206.927311, 455.581487, 205.789306, 445.529106, 229.497751, 449.132790, 244.481489, 522.344469, 247.326502, 533.534855, 247.326502, 537.328206, 235.377446, 540.931890, 224.945730, 538.845547, 210.72066",
            "road_imcoords": "EMPTY",
            "image_id": "BLD01184_PS3_K3A_NIA0373.png",
            "ingest_time": "2023-03-02T14:34:14.313313Z",
            "type_id": "1",
            "type_name": "건물"
         }
      },
      {
         "type": "Feature",
         "geometry": {
            "type": "Polygon",
            "coordinates": [
               [
                  121.580729,
                  31.304178,
                  0.0
               ],
               [
                  121.586645,
                  31.304243,
                  0.0
               ],
               [
                  121.58657,
                  31.309323,
                  0.0
               ],
               [
                  121.580653,
                  31.309258,
                  0.0
               ]
            ]
         },
         "properties": {
            "object_imcoords": "EMPTY",
            "building_imcoords": "535.382066, 265.713463, 505.898298, 265.713463, 481.088787, 265.713463, 465.627787, 265.533684, 464.549113, 268.410149, 455.380380, 268.949486, 448.009438, 284.410486, 449.807229, 303.287288, 453.223031, 311.377346, 510.392775, 312.096463, 527.471787, 312.096463, 531.426926, 304.905300, 536.101182, 299.871486, 541.134996, 277.938440, 540.415880, 270.028161, 536.640519, 269.12926",
            "road_imcoords": "EMPTY",
            "image_id": "BLD01184_PS3_K3A_NIA0373.png",
            "ingest_time": "2023-03-02T14:34:14.313313Z",
            "type_id": "1",
            "type_name": "건물"
         }
      },
      {
         "type": "Feature",
         "geometry": {
            "type": "Polygon",
            "coordinates": [
               [
                  121.580729,
                  31.304178,
                  0.0
               ],
               [
                  121.586645,
                  31.304243,
                  0.0
               ],
               [
                  121.58657,
                  31.309323,
                  0.0
               ],
               [
                  121.580653,
                  31.309258,
                  0.0
               ]
            ]
         },
         "properties": {
            "object_imcoords": "EMPTY",
            "building_imcoords": "532.212536, 319.225695, 523.727005, 323.129040, 514.562631, 320.922802, 503.701150, 323.468461, 488.936325, 319.225695, 458.388412, 320.243959, 448.375485, 334.329941, 449.054327, 359.277404, 534.079353, 360.125957, 536.964434, 348.076502, 541.037489, 337.724154, 538.322119, 324.82614",
            "road_imcoords": "EMPTY",
            "image_id": "BLD01184_PS3_K3A_NIA0373.png",
            "ingest_time": "2023-03-02T14:34:14.313313Z",
            "type_id": "1",
            "type_name": "건물"
         }
      },
      {
         "type": "Feature",
         "geometry": {
            "type": "Polygon",
            "coordinates": [
               [
                  121.580729,
                  31.304178,
                  0.0
               ],
               [
                  121.586645,
                  31.304243,
                  0.0
               ],
               [
                  121.58657,
                  31.309323,
                  0.0
               ],
               [
                  121.580653,
                  31.309258,
                  0.0
               ]
            ]
         },
         "properties": {
            "object_imcoords": "EMPTY",
            "building_imcoords": "444.039420, 257.617433, 429.658296, 256.197075, 403.204128, 255.309351, 373.199065, 256.907254, 359.705664, 255.131806, 318.337737, 256.552164, 312.123671, 270.933289, 312.301216, 303.246434, 436.049907, 303.423978, 439.955891, 295.434464, 442.086428, 286.024593, 446.525047, 270.22311",
            "road_imcoords": "EMPTY",
            "image_id": "BLD01184_PS3_K3A_NIA0373.png",
            "ingest_time": "2023-03-02T14:34:14.313313Z",
            "type_id": "1",
            "type_name": "건물"
         }
      },
      {
         "type": "Feature",
         "geometry": {
            "type": "Polygon",
            "coordinates": [
               [
                  121.580729,
                  31.304178,
                  0.0
               ],
               [
                  121.586645,
                  31.304243,
                  0.0
               ],
               [
                  121.58657,
                  31.309323,
                  0.0
               ],
               [
                  121.580653,
                  31.309258,
                  0.0
               ]
            ]
         },
         "properties": {
            "object_imcoords": "EMPTY",
            "building_imcoords": "444.905064, 309.874852, 412.545251, 309.366583, 372.222553, 309.366583, 320.040238, 310.891391, 308.519467, 328.341970, 308.858313, 351.891781, 439.016360, 351.247917, 442.325091, 339.754430, 444.937247, 326.86779",
            "road_imcoords": "EMPTY",
            "image_id": "BLD01184_PS3_K3A_NIA0373.png",
            "ingest_time": "2023-03-02T14:34:14.313313Z",
            "type_id": "1",
            "type_name": "건물"
         }
      },
      {
         "type": "Feature",
         "geometry": {
            "type": "Polygon",
            "coordinates": [
               [
                  121.580729,
                  31.304178,
                  0.0
               ],
               [
                  121.586645,
                  31.304243,
                  0.0
               ],
               [
                  121.58657,
                  31.309323,
                  0.0
               ],
               [
                  121.580653,
                  31.309258,
                  0.0
               ]
            ]
         },
         "properties": {
            "object_imcoords": "EMPTY",
            "building_imcoords": "391.166908, 368.484994, 363.871723, 368.484994, 354.260743, 366.755018, 341.958688, 367.331676, 310.050232, 366.755018, 299.478154, 390.398030, 299.478154, 424.420901, 386.361418, 424.420901, 387.322516, 406.736697, 390.398030, 396.164618, 394.434642, 384.631441, 394.242422, 373.48270",
            "road_imcoords": "EMPTY",
            "image_id": "BLD01184_PS3_K3A_NIA0373.png",
            "ingest_time": "2023-03-02T14:34:14.313313Z",
            "type_id": "1",
            "type_name": "건물"
         }
      },
      {
         "type": "Feature",
         "geometry": {
            "type": "Polygon",
            "coordinates": [
               [
                  121.580729,
                  31.304178,
                  0.0
               ],
               [
                  121.586645,
                  31.304243,
                  0.0
               ],
               [
                  121.58657,
                  31.309323,
                  0.0
               ],
               [
                  121.580653,
                  31.309258,
                  0.0
               ]
            ]
         },
         "properties": {
            "object_imcoords": "EMPTY",
            "building_imcoords": "530.461637, 375.959773, 521.188381, 375.331078, 520.559686, 378.317381, 505.785347, 377.531512, 487.396010, 374.859557, 474.350584, 375.802600, 458.790376, 373.444992, 445.902122, 376.431295, 421.225833, 375.959773, 411.638230, 373.759340, 402.836496, 391.048460, 402.623868, 424.746058, 528.318132, 426.556056, 530.329240, 415.696071, 536.362565, 392.568327, 533.748124, 382.71389",
            "road_imcoords": "EMPTY",
            "image_id": "BLD01184_PS3_K3A_NIA0373.png",
            "ingest_time": "2023-03-02T14:34:14.313313Z",
            "type_id": "1",
            "type_name": "건물"
         }
      },
      {
         "type": "Feature",
         "geometry": {
            "type": "Polygon",
            "coordinates": [
               [
                  121.580729,
                  31.304178,
                  0.0
               ],
               [
                  121.586645,
                  31.304243,
                  0.0
               ],
               [
                  121.58657,
                  31.309323,
                  0.0
               ],
               [
                  121.580653,
                  31.309258,
                  0.0
               ]
            ]
         },
         "properties": {
            "object_imcoords": "EMPTY",
            "building_imcoords": "394.773535, 434.622361, 379.239247, 433.778106, 369.277041, 431.414193, 344.287099, 431.076491, 310.179206, 430.232236, 278.266376, 431.920746, 270.499232, 438.505933, 264.927150, 449.650096, 265.940256, 474.640037, 392.240771, 474.471187, 396.630896, 458.599197, 400.176766, 448.29928",
            "road_imcoords": "EMPTY",
            "image_id": "BLD01184_PS3_K3A_NIA0373.png",
            "ingest_time": "2023-03-02T14:34:14.313313Z",
            "type_id": "1",
            "type_name": "건물"
         }
      },
      {
         "type": "Feature",
         "geometry": {
            "type": "Polygon",
            "coordinates": [
               [
                  121.580729,
                  31.304178,
                  0.0
               ],
               [
                  121.586645,
                  31.304243,
                  0.0
               ],
               [
                  121.58657,
                  31.309323,
                  0.0
               ],
               [
                  121.580653,
                  31.309258,
                  0.0
               ]
            ]
         },
         "properties": {
            "object_imcoords": "EMPTY",
            "building_imcoords": "475.766543, 432.396588, 445.240051, 430.907491, 413.596737, 432.955000, 405.406702, 452.685537, 406.709662, 472.602212, 499.219824, 474.649720, 533.841333, 473.532898, 540.542270, 450.824166, 537.564076, 434.630234, 508.154407, 432.210451, 498.661412, 435.374783, 486.376361, 432.768863, 481.722932, 432.21045",
            "road_imcoords": "EMPTY",
            "image_id": "BLD01184_PS3_K3A_NIA0373.png",
            "ingest_time": "2023-03-02T14:34:14.313313Z",
            "type_id": "1",
            "type_name": "건물"
         }
      },
      {
         "type": "Feature",
         "geometry": {
            "type": "Polygon",
            "coordinates": [
               [
                  121.580729,
                  31.304178,
                  0.0
               ],
               [
                  121.586645,
                  31.304243,
                  0.0
               ],
               [
                  121.58657,
                  31.309323,
                  0.0
               ],
               [
                  121.580653,
                  31.309258,
                  0.0
               ]
            ]
         },
         "properties": {
            "object_imcoords": "EMPTY",
            "building_imcoords": "942.452732, 468.812297, 925.795653, 470.984959, 923.864397, 476.054505, 923.381583, 483.296714, 912.759677, 488.849074, 904.793248, 491.021736, 900.930737, 500.195200, 901.172144, 523.611674, 965.627800, 523.128860, 968.041869, 509.610071, 966.834834, 487.883446, 956.454335, 485.227969, 949.694941, 480.641237, 944.142581, 479.43420",
            "road_imcoords": "EMPTY",
            "image_id": "BLD01184_PS3_K3A_NIA0373.png",
            "ingest_time": "2023-03-02T14:34:14.313313Z",
            "type_id": "1",
            "type_name": "건물"
         }
      },
      {
         "type": "Feature",
         "geometry": {
            "type": "Polygon",
            "coordinates": [
               [
                  121.580729,
                  31.304178,
                  0.0
               ],
               [
                  121.586645,
                  31.304243,
                  0.0
               ],
               [
                  121.58657,
                  31.309323,
                  0.0
               ],
               [
                  121.580653,
                  31.309258,
                  0.0
               ]
            ]
         },
         "properties": {
            "object_imcoords": "EMPTY",
            "building_imcoords": "1013.958448, 799.441362, 1006.654102, 795.789189, 994.352047, 798.095824, 978.397820, 802.516876, 977.821161, 822.507715, 994.159828, 824.237692, 1003.578589, 826.352107, 1010.882934, 825.198790, 1013.958448, 820.58551",
            "road_imcoords": "EMPTY",
            "image_id": "BLD01184_PS3_K3A_NIA0373.png",
            "ingest_time": "2023-03-02T14:34:14.313313Z",
            "type_id": "1",
            "type_name": "건물"
         }
      },
      {
         "type": "Feature",
         "geometry": {
            "type": "Polygon",
            "coordinates": [
               [
                  121.580729,
                  31.304178,
                  0.0
               ],
               [
                  121.586645,
                  31.304243,
                  0.0
               ],
               [
                  121.58657,
                  31.309323,
                  0.0
               ],
               [
                  121.580653,
                  31.309258,
                  0.0
               ]
            ]
         },
         "properties": {
            "object_imcoords": "EMPTY",
            "building_imcoords": "1010.154341, 974.983696, 969.418721, 975.428894, 970.754315, 1007.260554, 1007.928351, 1007.705752, 1009.709143, 1001.69557",
            "road_imcoords": "EMPTY",
            "image_id": "BLD01184_PS3_K3A_NIA0373.png",
            "ingest_time": "2023-03-02T14:34:14.313313Z",
            "type_id": "1",
            "type_name": "건물"
         }
      },
      {
         "type": "Feature",
         "geometry": {
            "type": "Polygon",
            "coordinates": [
               [
                  121.580729,
                  31.304178,
                  0.0
               ],
               [
                  121.586645,
                  31.304243,
                  0.0
               ],
               [
                  121.58657,
                  31.309323,
                  0.0
               ],
               [
                  121.580653,
                  31.309258,
                  0.0
               ]
            ]
         },
         "properties": {
            "object_imcoords": "EMPTY",
            "building_imcoords": "800.293831, 823.934602, 748.176676, 822.860021, 742.803774, 866.917822, 738.227128, 972.056279, 741.660743, 991.971243, 747.841249, 996.778304, 788.357901, 997.808388, 794.195045, 986.82082",
            "road_imcoords": "EMPTY",
            "image_id": "BLD01184_PS3_K3A_NIA0373.png",
            "ingest_time": "2023-03-02T14:34:14.313313Z",
            "type_id": "1",
            "type_name": "건물"
         }
      },
      {
         "type": "Feature",
         "geometry": {
            "type": "Polygon",
            "coordinates": [
               [
                  121.580729,
                  31.304178,
                  0.0
               ],
               [
                  121.586645,
                  31.304243,
                  0.0
               ],
               [
                  121.58657,
                  31.309323,
                  0.0
               ],
               [
                  121.580653,
                  31.309258,
                  0.0
               ]
            ]
         },
         "properties": {
            "object_imcoords": "EMPTY",
            "building_imcoords": "163.256180, 562.182305, 138.756913, 562.615920, 130.735029, 561.748689, 113.607222, 563.049535, 112.739992, 577.792457, 122.929952, 579.526919, 135.938413, 584.513495, 145.261143, 582.562226, 158.052796, 580.827765, 165.641065, 574.32353",
            "road_imcoords": "EMPTY",
            "image_id": "BLD01184_PS3_K3A_NIA0373.png",
            "ingest_time": "2023-03-02T14:34:14.313313Z",
            "type_id": "1",
            "type_name": "건물"
         }
      },
      {
         "type": "Feature",
         "geometry": {
            "type": "Polygon",
            "coordinates": [
               [
                  121.580729,
                  31.304178,
                  0.0
               ],
               [
                  121.586645,
                  31.304243,
                  0.0
               ],
               [
                  121.58657,
                  31.309323,
                  0.0
               ],
               [
                  121.580653,
                  31.309258,
                  0.0
               ]
            ]
         },
         "properties": {
            "object_imcoords": "EMPTY",
            "building_imcoords": "252.438140, 526.788537, 207.719249, 527.682915, 205.914802, 555.741861, 210.476862, 562.584951, 235.360826, 559.889189, 252.779600, 556.986059, 254.645898, 544.75144",
            "road_imcoords": "EMPTY",
            "image_id": "BLD01184_PS3_K3A_NIA0373.png",
            "ingest_time": "2023-03-02T14:34:14.313313Z",
            "type_id": "1",
            "type_name": "건물"
         }
      },
      {
         "type": "Feature",
         "geometry": {
            "type": "Polygon",
            "coordinates": [
               [
                  121.580729,
                  31.304178,
                  0.0
               ],
               [
                  121.586645,
                  31.304243,
                  0.0
               ],
               [
                  121.58657,
                  31.309323,
                  0.0
               ],
               [
                  121.580653,
                  31.309258,
                  0.0
               ]
            ]
         },
         "properties": {
            "object_imcoords": "EMPTY",
            "building_imcoords": "517.255401, 853.327330, 508.790567, 849.004861, 516.895196, 834.596633, 526.260544, 838.01858",
            "road_imcoords": "EMPTY",
            "image_id": "BLD01184_PS3_K3A_NIA0373.png",
            "ingest_time": "2023-03-02T14:34:14.313313Z",
            "type_id": "1",
            "type_name": "건물"
         }
      },
      {
         "type": "Feature",
         "geometry": {
            "type": "Polygon",
            "coordinates": [
               [
                  121.580729,
                  31.304178,
                  0.0
               ],
               [
                  121.586645,
                  31.304243,
                  0.0
               ],
               [
                  121.58657,
                  31.309323,
                  0.0
               ],
               [
                  121.580653,
                  31.309258,
                  0.0
               ]
            ]
         },
         "properties": {
            "object_imcoords": "EMPTY",
            "building_imcoords": "586.513879, 814.379212, 576.173771, 814.379212, 573.684486, 818.400365, 574.067453, 831.038274, 587.279813, 829.88937",
            "road_imcoords": "EMPTY",
            "image_id": "BLD01184_PS3_K3A_NIA0373.png",
            "ingest_time": "2023-03-02T14:34:14.313313Z",
            "type_id": "1",
            "type_name": "건물"
         }
      }
   ]
}