{
   "type": "FeatureCollection",
   "features": [
      {
         "type": "Feature",
         "geometry": {
            "type": "Polygon",
            "coordinates": [
               [
                  121.622293,
                  31.294468,
                  0.0
               ],
               [
                  121.628209,
                  31.294532,
                  0.0
               ],
               [
                  121.628135,
                  31.299612,
                  0.0
               ],
               [
                  121.622219,
                  31.299549,
                  0.0
               ]
            ]
         },
         "properties": {
            "object_imcoords": "EMPTY",
            "building_imcoords": "107.360810, 1024.000000, 137.654314, 968.231965, 154.647502, 967.092757, 158.349928, 959.213234, 165.754781, 958.928432, 165.944649, 962.630859, 176.197522, 963.770067, 177.051928, 968.137031, 194.519786, 970.225580, 195.658994, 980.098717, 194.140050, 990.636392, 174.122678, 1024.00000",
            "road_imcoords": "EMPTY",
            "image_id": "BLD01234_PS3_K3A_NIA0373.png",
            "ingest_time": "2023-03-02T14:34:14.313313Z",
            "type_id": "1",
            "type_name": "건물"
         }
      },
      {
         "type": "Feature",
         "geometry": {
            "type": "Polygon",
            "coordinates": [
               [
                  121.622293,
                  31.294468,
                  0.0
               ],
               [
                  121.628209,
                  31.294532,
                  0.0
               ],
               [
                  121.628135,
                  31.299612,
                  0.0
               ],
               [
                  121.622219,
                  31.299549,
                  0.0
               ]
            ]
         },
         "properties": {
            "object_imcoords": "EMPTY",
            "building_imcoords": "215.302073, 1024.000000, 248.106985, 965.653805, 252.985827, 960.893959, 262.981504, 961.012955, 265.361428, 957.800059, 275.952085, 958.157047, 276.904055, 953.992182, 285.709770, 954.706159, 286.066759, 962.559905, 313.316878, 963.749866, 315.339813, 956.015116, 322.717575, 956.015116, 323.550548, 953.635193, 331.166302, 954.468166, 331.761283, 959.466005, 349.372714, 961.131951, 351.871633, 966.724770, 355.679510, 966.843766, 354.608544, 977.910409, 348.539741, 986.002148, 327.358425, 1024.00000",
            "road_imcoords": "EMPTY",
            "image_id": "BLD01234_PS3_K3A_NIA0373.png",
            "ingest_time": "2023-03-02T14:34:14.313313Z",
            "type_id": "1",
            "type_name": "건물"
         }
      },
      {
         "type": "Feature",
         "geometry": {
            "type": "Polygon",
            "coordinates": [
               [
                  121.622293,
                  31.294468,
                  0.0
               ],
               [
                  121.628209,
                  31.294532,
                  0.0
               ],
               [
                  121.628135,
                  31.299612,
                  0.0
               ],
               [
                  121.622219,
                  31.299549,
                  0.0
               ]
            ]
         },
         "properties": {
            "object_imcoords": "EMPTY",
            "building_imcoords": "143.306928, 907.153427, 135.250199, 924.981084, 132.164643, 939.723184, 215.198259, 963.021684, 241.482015, 970.224445, 252.475702, 932.567908, 251.085696, 929.914260, 289.121324, 863.446683, 289.879510, 861.424855, 291.395880, 854.601188, 290.038917, 849.275630, 271.566106, 839.328732, 270.776670, 835.697325, 263.671742, 834.592114, 259.250899, 841.223380, 225.936685, 832.381692, 227.357670, 823.540005, 218.989645, 820.855922, 215.989787, 823.382118, 207.779649, 823.382118, 206.832325, 825.908314, 193.569794, 823.066343, 183.607611, 836.000610, 173.738445, 833.327711, 152.972074, 876.916528, 144.542162, 902.20626",
            "road_imcoords": "EMPTY",
            "image_id": "BLD01234_PS3_K3A_NIA0373.png",
            "ingest_time": "2023-03-02T14:34:14.313313Z",
            "type_id": "1",
            "type_name": "건물"
         }
      },
      {
         "type": "Feature",
         "geometry": {
            "type": "Polygon",
            "coordinates": [
               [
                  121.622293,
                  31.294468,
                  0.0
               ],
               [
                  121.628209,
                  31.294532,
                  0.0
               ],
               [
                  121.628135,
                  31.299612,
                  0.0
               ],
               [
                  121.622219,
                  31.299549,
                  0.0
               ]
            ]
         },
         "properties": {
            "object_imcoords": "EMPTY",
            "building_imcoords": "460.191779, 1024.000000, 483.592631, 987.239070, 498.222048, 985.759691, 502.002684, 978.198419, 508.906454, 978.855921, 508.906454, 981.485929, 520.248361, 982.472181, 519.919610, 986.252817, 524.686499, 987.403445, 537.014659, 988.718449, 537.836536, 996.279721, 535.042153, 1012.388517, 526.330253, 1024.00000",
            "road_imcoords": "EMPTY",
            "image_id": "BLD01234_PS3_K3A_NIA0373.png",
            "ingest_time": "2023-03-02T14:34:14.313313Z",
            "type_id": "1",
            "type_name": "건물"
         }
      },
      {
         "type": "Feature",
         "geometry": {
            "type": "Polygon",
            "coordinates": [
               [
                  121.622293,
                  31.294468,
                  0.0
               ],
               [
                  121.628209,
                  31.294532,
                  0.0
               ],
               [
                  121.628135,
                  31.299612,
                  0.0
               ],
               [
                  121.622219,
                  31.299549,
                  0.0
               ]
            ]
         },
         "properties": {
            "object_imcoords": "EMPTY",
            "building_imcoords": "546.361487, 1024.000000, 548.846562, 1010.005478, 558.254346, 1009.117951, 597.490763, 943.530410, 604.293811, 941.437164, 610.442719, 941.829648, 610.573547, 943.661238, 613.451760, 944.053721, 617.638251, 937.512329, 626.927028, 937.773985, 628.104478, 943.661238, 636.869944, 945.100344, 636.477460, 948.894351, 653.092596, 952.426703, 655.316670, 960.930513, 652.700113, 973.882470, 628.496962, 1024.00000",
            "road_imcoords": "EMPTY",
            "image_id": "BLD01234_PS3_K3A_NIA0373.png",
            "ingest_time": "2023-03-02T14:34:14.313313Z",
            "type_id": "1",
            "type_name": "건물"
         }
      },
      {
         "type": "Feature",
         "geometry": {
            "type": "Polygon",
            "coordinates": [
               [
                  121.622293,
                  31.294468,
                  0.0
               ],
               [
                  121.628209,
                  31.294532,
                  0.0
               ],
               [
                  121.628135,
                  31.299612,
                  0.0
               ],
               [
                  121.622219,
                  31.299549,
                  0.0
               ]
            ]
         },
         "properties": {
            "object_imcoords": "EMPTY",
            "building_imcoords": "437.808364, 945.688205, 437.942747, 951.147288, 435.656758, 952.378205, 435.480913, 958.620713, 437.063521, 958.796559, 437.327289, 967.764670, 453.944671, 966.973366, 453.856748, 970.402349, 479.178473, 969.171432, 483.750451, 966.973366, 496.411313, 965.390758, 500.104065, 961.785929, 537.031447, 893.041058, 534.523693, 873.879043, 520.044300, 873.098716, 519.090567, 868.590163, 510.506975, 867.896539, 509.986757, 863.474688, 501.403165, 863.214580, 497.414830, 872.665201, 479.554022, 872.83860",
            "road_imcoords": "EMPTY",
            "image_id": "BLD01234_PS3_K3A_NIA0373.png",
            "ingest_time": "2023-03-02T14:34:14.313313Z",
            "type_id": "1",
            "type_name": "건물"
         }
      },
      {
         "type": "Feature",
         "geometry": {
            "type": "Polygon",
            "coordinates": [
               [
                  121.622293,
                  31.294468,
                  0.0
               ],
               [
                  121.628209,
                  31.294532,
                  0.0
               ],
               [
                  121.628135,
                  31.299612,
                  0.0
               ],
               [
                  121.622219,
                  31.299549,
                  0.0
               ]
            ]
         },
         "properties": {
            "object_imcoords": "EMPTY",
            "building_imcoords": "317.324446, 893.203716, 320.318073, 897.063919, 334.498411, 895.803445, 335.522546, 898.245614, 360.810815, 899.269750, 366.886502, 896.125774, 380.507438, 893.050079, 418.252884, 822.265365, 416.990634, 802.931965, 400.940994, 801.881989, 400.416006, 797.532087, 392.616181, 796.182117, 391.116215, 792.882191, 383.541385, 792.657196, 376.725132, 802.045030, 361.082246, 801.859907, 316.195676, 881.03337",
            "road_imcoords": "EMPTY",
            "image_id": "BLD01234_PS3_K3A_NIA0373.png",
            "ingest_time": "2023-03-02T14:34:14.313313Z",
            "type_id": "1",
            "type_name": "건물"
         }
      },
      {
         "type": "Feature",
         "geometry": {
            "type": "Polygon",
            "coordinates": [
               [
                  121.622293,
                  31.294468,
                  0.0
               ],
               [
                  121.628209,
                  31.294532,
                  0.0
               ],
               [
                  121.628135,
                  31.299612,
                  0.0
               ],
               [
                  121.622219,
                  31.299549,
                  0.0
               ]
            ]
         },
         "properties": {
            "object_imcoords": "EMPTY",
            "building_imcoords": "198.376352, 807.377879, 205.919509, 809.545453, 204.792370, 815.094442, 228.028761, 821.857272, 232.017097, 819.256184, 258.374794, 826.539231, 258.027982, 830.614270, 281.611185, 837.203694, 287.944392, 831.815874, 294.178785, 831.498871, 340.135677, 756.569950, 343.433956, 747.417022, 341.351186, 745.185482, 340.756108, 740.722403, 328.991427, 737.146134, 327.370336, 734.804558, 321.336274, 733.093406, 321.336274, 727.869891, 315.032031, 726.248799, 311.699789, 733.903952, 275.754551, 724.845922, 276.226087, 714.283504, 269.247347, 713.246124, 259.722309, 717.112723, 245.764829, 714.189197, 240.766542, 718.055796, 204.023631, 780.579298, 197.870537, 798.174987, 199.921568, 799.03857",
            "road_imcoords": "EMPTY",
            "image_id": "BLD01234_PS3_K3A_NIA0373.png",
            "ingest_time": "2023-03-02T14:34:14.313313Z",
            "type_id": "1",
            "type_name": "건물"
         }
      },
      {
         "type": "Feature",
         "geometry": {
            "type": "Polygon",
            "coordinates": [
               [
                  121.622293,
                  31.294468,
                  0.0
               ],
               [
                  121.628209,
                  31.294532,
                  0.0
               ],
               [
                  121.628135,
                  31.299612,
                  0.0
               ],
               [
                  121.622219,
                  31.299549,
                  0.0
               ]
            ]
         },
         "properties": {
            "object_imcoords": "EMPTY",
            "building_imcoords": "687.869593, 989.335706, 693.532085, 991.797658, 702.148919, 992.659342, 701.410333, 999.429712, 715.443464, 1000.291395, 718.151612, 998.937321, 731.323059, 1001.645469, 737.347527, 997.938559, 742.023902, 997.938559, 747.167916, 996.184918, 751.727382, 995.132733, 791.219359, 924.533162, 792.806663, 910.818133, 790.532839, 910.363368, 790.760221, 904.754602, 773.175982, 902.177601, 772.569628, 897.175188, 762.274770, 896.478075, 762.119172, 891.187742, 755.039462, 892.043531, 751.538506, 899.278840, 734.578320, 898.500849, 688.042762, 979.561781, 686.182442, 979.630681, 685.906839, 986.658556, 687.078151, 986.72745",
            "road_imcoords": "EMPTY",
            "image_id": "BLD01234_PS3_K3A_NIA0373.png",
            "ingest_time": "2023-03-02T14:34:14.313313Z",
            "type_id": "1",
            "type_name": "건물"
         }
      },
      {
         "type": "Feature",
         "geometry": {
            "type": "Polygon",
            "coordinates": [
               [
                  121.622293,
                  31.294468,
                  0.0
               ],
               [
                  121.628209,
                  31.294532,
                  0.0
               ],
               [
                  121.628135,
                  31.299612,
                  0.0
               ],
               [
                  121.622219,
                  31.299549,
                  0.0
               ]
            ]
         },
         "properties": {
            "object_imcoords": "EMPTY",
            "building_imcoords": "616.971411, 930.837940, 628.889267, 932.172028, 627.999875, 938.308835, 642.852726, 938.486713, 657.883455, 943.823067, 662.063598, 939.376105, 674.337212, 938.042017, 717.477196, 865.109086, 718.664918, 854.452207, 717.287471, 845.825038, 699.235664, 842.852652, 698.148206, 837.270366, 691.333467, 836.110411, 690.391004, 831.760578, 682.851293, 831.035606, 677.558996, 839.807769, 659.217200, 836.980378, 613.851624, 916.301251, 614.892034, 925.95152",
            "road_imcoords": "EMPTY",
            "image_id": "BLD01234_PS3_K3A_NIA0373.png",
            "ingest_time": "2023-03-02T14:34:14.313313Z",
            "type_id": "1",
            "type_name": "건물"
         }
      },
      {
         "type": "Feature",
         "geometry": {
            "type": "Polygon",
            "coordinates": [
               [
                  121.622293,
                  31.294468,
                  0.0
               ],
               [
                  121.628209,
                  31.294532,
                  0.0
               ],
               [
                  121.628135,
                  31.299612,
                  0.0
               ],
               [
                  121.622219,
                  31.299549,
                  0.0
               ]
            ]
         },
         "properties": {
            "object_imcoords": "EMPTY",
            "building_imcoords": "555.123780, 874.667625, 555.437469, 877.804508, 581.264474, 879.372950, 601.235965, 868.707547, 635.861309, 798.263410, 635.744809, 787.661838, 633.181791, 787.661838, 633.298292, 782.652304, 622.361842, 782.003356, 621.504476, 778.659629, 614.474076, 778.230946, 614.645550, 774.458537, 604.099950, 774.972956, 601.527853, 782.089092, 567.661903, 777.630790, 567.318957, 769.228605, 558.230879, 769.828761, 550.686060, 774.287063, 547.513807, 774.201327, 547.428070, 775.058693, 534.481846, 775.058693, 489.131025, 852.686966, 489.234720, 860.775204, 491.723409, 860.671508, 491.308627, 866.685840, 498.463607, 867.308012, 500.777158, 862.508906, 510.469127, 862.814165, 511.537533, 867.621992, 519.703207, 868.156195, 520.618984, 872.277189, 535.429821, 872.86499",
            "road_imcoords": "EMPTY",
            "image_id": "BLD01234_PS3_K3A_NIA0373.png",
            "ingest_time": "2023-03-02T14:34:14.313313Z",
            "type_id": "1",
            "type_name": "건물"
         }
      },
      {
         "type": "Feature",
         "geometry": {
            "type": "Polygon",
            "coordinates": [
               [
                  121.622293,
                  31.294468,
                  0.0
               ],
               [
                  121.628209,
                  31.294532,
                  0.0
               ],
               [
                  121.628135,
                  31.299612,
                  0.0
               ],
               [
                  121.622219,
                  31.299549,
                  0.0
               ]
            ]
         },
         "properties": {
            "object_imcoords": "EMPTY",
            "building_imcoords": "381.728905, 793.291285, 381.205511, 791.546637, 378.937469, 790.848778, 379.460863, 783.172328, 385.043735, 770.436400, 420.647962, 710.508349, 424.278604, 705.526770, 436.570169, 705.993490, 439.117761, 703.756581, 446.387716, 703.197353, 448.562490, 698.972080, 457.137309, 700.463353, 456.950900, 710.777991, 490.525206, 712.799553, 493.715747, 705.354957, 504.350883, 705.845810, 503.860030, 709.036351, 511.468243, 710.427099, 511.468243, 713.944875, 523.248702, 714.517536, 523.085084, 719.589678, 526.439243, 719.998722, 526.030199, 730.961093, 520.335995, 736.642485, 479.475538, 805.897497, 474.512262, 806.936322, 468.971861, 812.822998, 444.501756, 810.629923, 443.924631, 806.590047, 416.623001, 802.558202, 401.491620, 801.538109, 401.066582, 796.862683, 393.160861, 795.842590, 391.375698, 792.102248, 383.469977, 792.10224",
            "road_imcoords": "EMPTY",
            "image_id": "BLD01234_PS3_K3A_NIA0373.png",
            "ingest_time": "2023-03-02T14:34:14.313313Z",
            "type_id": "1",
            "type_name": "건물"
         }
      },
      {
         "type": "Feature",
         "geometry": {
            "type": "Polygon",
            "coordinates": [
               [
                  121.628207,
                  31.294675,
                  0.0
               ],
               [
                  121.628085,
                  31.29463,
                  0.0
               ],
               [
                  121.628012,
                  31.294775,
                  0.0
               ],
               [
                  121.627961,
                  31.294754,
                  0.0
               ]
            ]
         },
         "properties": {
            "object_imcoords": "EMPTY",
            "building_imcoords": "1024.000000, 995.178928, 1002.835221, 1003.948864, 990.445946, 974.576538, 981.610330, 978.615062, 972.488458, 956.619050, 1013.673591, 936.881691, 1024.000000, 952.05552",
            "road_imcoords": "EMPTY",
            "image_id": "BLD01234_PS3_K3A_NIA0373.png",
            "ingest_time": "2023-03-02T14:34:14.313313Z",
            "type_id": "1",
            "type_name": "건물"
         }
      },
      {
         "type": "Feature",
         "geometry": {
            "type": "Polygon",
            "coordinates": [
               [
                  121.622293,
                  31.294468,
                  0.0
               ],
               [
                  121.628209,
                  31.294532,
                  0.0
               ],
               [
                  121.628135,
                  31.299612,
                  0.0
               ],
               [
                  121.622219,
                  31.299549,
                  0.0
               ]
            ]
         },
         "properties": {
            "object_imcoords": "EMPTY",
            "building_imcoords": "769.517607, 22.369698, 769.635343, 57.690274, 747.618851, 56.395186, 747.618851, 22.60516",
            "road_imcoords": "EMPTY",
            "image_id": "BLD01234_PS3_K3A_NIA0373.png",
            "ingest_time": "2023-03-02T14:34:14.313313Z",
            "type_id": "1",
            "type_name": "건물"
         }
      },
      {
         "type": "Feature",
         "geometry": {
            "type": "Polygon",
            "coordinates": [
               [
                  121.622293,
                  31.294468,
                  0.0
               ],
               [
                  121.628209,
                  31.294532,
                  0.0
               ],
               [
                  121.628135,
                  31.299612,
                  0.0
               ],
               [
                  121.622219,
                  31.299549,
                  0.0
               ]
            ]
         },
         "properties": {
            "object_imcoords": "EMPTY",
            "building_imcoords": "771.990048, 25.666285, 796.596715, 25.313079, 796.478980, 40.029986, 772.343253, 39.91225",
            "road_imcoords": "EMPTY",
            "image_id": "BLD01234_PS3_K3A_NIA0373.png",
            "ingest_time": "2023-03-02T14:34:14.313313Z",
            "type_id": "1",
            "type_name": "건물"
         }
      },
      {
         "type": "Feature",
         "geometry": {
            "type": "Polygon",
            "coordinates": [
               [
                  121.622293,
                  31.294468,
                  0.0
               ],
               [
                  121.628209,
                  31.294532,
                  0.0
               ],
               [
                  121.628135,
                  31.299612,
                  0.0
               ],
               [
                  121.622219,
                  31.299549,
                  0.0
               ]
            ]
         },
         "properties": {
            "object_imcoords": "EMPTY",
            "building_imcoords": "787.060160, 40.736397, 793.888805, 40.736397, 793.888805, 58.985361, 787.177895, 58.98536",
            "road_imcoords": "EMPTY",
            "image_id": "BLD01234_PS3_K3A_NIA0373.png",
            "ingest_time": "2023-03-02T14:34:14.313313Z",
            "type_id": "1",
            "type_name": "건물"
         }
      },
      {
         "type": "Feature",
         "geometry": {
            "type": "Polygon",
            "coordinates": [
               [
                  121.622293,
                  31.294468,
                  0.0
               ],
               [
                  121.628209,
                  31.294532,
                  0.0
               ],
               [
                  121.628135,
                  31.299612,
                  0.0
               ],
               [
                  121.622219,
                  31.299549,
                  0.0
               ]
            ]
         },
         "properties": {
            "object_imcoords": "EMPTY",
            "building_imcoords": "604.772029, 351.338317, 605.228461, 376.327953, 591.193186, 376.099737, 590.964970, 351.68064",
            "road_imcoords": "EMPTY",
            "image_id": "BLD01234_PS3_K3A_NIA0373.png",
            "ingest_time": "2023-03-02T14:34:14.313313Z",
            "type_id": "1",
            "type_name": "건물"
         }
      },
      {
         "type": "Feature",
         "geometry": {
            "type": "Polygon",
            "coordinates": [
               [
                  121.622293,
                  31.294468,
                  0.0
               ],
               [
                  121.628209,
                  31.294532,
                  0.0
               ],
               [
                  121.628135,
                  31.299612,
                  0.0
               ],
               [
                  121.622219,
                  31.299549,
                  0.0
               ]
            ]
         },
         "properties": {
            "object_imcoords": "EMPTY",
            "building_imcoords": "605.799001, 351.338317, 606.369540, 366.400563, 640.487811, 361.836246, 638.385906, 346.64652",
            "road_imcoords": "EMPTY",
            "image_id": "BLD01234_PS3_K3A_NIA0373.png",
            "ingest_time": "2023-03-02T14:34:14.313313Z",
            "type_id": "1",
            "type_name": "건물"
         }
      },
      {
         "type": "Feature",
         "geometry": {
            "type": "Polygon",
            "coordinates": [
               [
                  121.622293,
                  31.294468,
                  0.0
               ],
               [
                  121.628209,
                  31.294532,
                  0.0
               ],
               [
                  121.628135,
                  31.299612,
                  0.0
               ],
               [
                  121.622219,
                  31.299549,
                  0.0
               ]
            ]
         },
         "properties": {
            "object_imcoords": "EMPTY",
            "building_imcoords": "607.724555, 547.396621, 611.788753, 542.824399, 645.064371, 543.332424, 649.509587, 549.301714, 648.747550, 576.481036, 642.016223, 587.276561, 609.375636, 586.89554",
            "road_imcoords": "EMPTY",
            "image_id": "BLD01234_PS3_K3A_NIA0373.png",
            "ingest_time": "2023-03-02T14:34:14.313313Z",
            "type_id": "1",
            "type_name": "건물"
         }
      },
      {
         "type": "Feature",
         "geometry": {
            "type": "Polygon",
            "coordinates": [
               [
                  121.622293,
                  31.294468,
                  0.0
               ],
               [
                  121.628209,
                  31.294532,
                  0.0
               ],
               [
                  121.628135,
                  31.299612,
                  0.0
               ],
               [
                  121.622219,
                  31.299549,
                  0.0
               ]
            ]
         },
         "properties": {
            "object_imcoords": "EMPTY",
            "building_imcoords": "597.285288, 497.219263, 603.818096, 495.249051, 610.765685, 498.256217, 609.728731, 534.445898, 596.248334, 533.72003",
            "road_imcoords": "EMPTY",
            "image_id": "BLD01234_PS3_K3A_NIA0373.png",
            "ingest_time": "2023-03-02T14:34:14.313313Z",
            "type_id": "1",
            "type_name": "건물"
         }
      },
      {
         "type": "Feature",
         "geometry": {
            "type": "Polygon",
            "coordinates": [
               [
                  121.622293,
                  31.294468,
                  0.0
               ],
               [
                  121.628209,
                  31.294532,
                  0.0
               ],
               [
                  121.628135,
                  31.299612,
                  0.0
               ],
               [
                  121.622219,
                  31.299549,
                  0.0
               ]
            ]
         },
         "properties": {
            "object_imcoords": "EMPTY",
            "building_imcoords": "601.584925, 487.031202, 611.190361, 486.853323, 611.723997, 482.762119, 611.901875, 472.356229, 607.899610, 469.954870, 600.517654, 473.60137",
            "road_imcoords": "EMPTY",
            "image_id": "BLD01234_PS3_K3A_NIA0373.png",
            "ingest_time": "2023-03-02T14:34:14.313313Z",
            "type_id": "1",
            "type_name": "건물"
         }
      },
      {
         "type": "Feature",
         "geometry": {
            "type": "Polygon",
            "coordinates": [
               [
                  121.622293,
                  31.294468,
                  0.0
               ],
               [
                  121.628209,
                  31.294532,
                  0.0
               ],
               [
                  121.628135,
                  31.299612,
                  0.0
               ],
               [
                  121.622219,
                  31.299549,
                  0.0
               ]
            ]
         },
         "properties": {
            "object_imcoords": "EMPTY",
            "building_imcoords": "620.262162, 470.933202, 618.928074, 498.949058, 622.396704, 502.150870, 634.848195, 502.506627, 639.028339, 498.504362, 639.117278, 471.911533, 634.403499, 469.065478, 625.331698, 469.15441",
            "road_imcoords": "EMPTY",
            "image_id": "BLD01234_PS3_K3A_NIA0373.png",
            "ingest_time": "2023-03-02T14:34:14.313313Z",
            "type_id": "1",
            "type_name": "건물"
         }
      },
      {
         "type": "Feature",
         "geometry": {
            "type": "Polygon",
            "coordinates": [
               [
                  121.622293,
                  31.294468,
                  0.0
               ],
               [
                  121.628209,
                  31.294532,
                  0.0
               ],
               [
                  121.628135,
                  31.299612,
                  0.0
               ],
               [
                  121.622219,
                  31.299549,
                  0.0
               ]
            ]
         },
         "properties": {
            "object_imcoords": "EMPTY",
            "building_imcoords": "459.006631, 481.849688, 525.390323, 473.267766, 526.904780, 487.655106, 459.763859, 495.98461",
            "road_imcoords": "EMPTY",
            "image_id": "BLD01234_PS3_K3A_NIA0373.png",
            "ingest_time": "2023-03-02T14:34:14.313313Z",
            "type_id": "1",
            "type_name": "건물"
         }
      },
      {
         "type": "Feature",
         "geometry": {
            "type": "Polygon",
            "coordinates": [
               [
                  121.622293,
                  31.294468,
                  0.0
               ],
               [
                  121.628209,
                  31.294532,
                  0.0
               ],
               [
                  121.628135,
                  31.299612,
                  0.0
               ],
               [
                  121.622219,
                  31.299549,
                  0.0
               ]
            ]
         },
         "properties": {
            "object_imcoords": "EMPTY",
            "building_imcoords": "494.848776, 507.216840, 528.419236, 504.566541, 529.176465, 516.682196, 495.606005, 520.72074",
            "road_imcoords": "EMPTY",
            "image_id": "BLD01234_PS3_K3A_NIA0373.png",
            "ingest_time": "2023-03-02T14:34:14.313313Z",
            "type_id": "1",
            "type_name": "건물"
         }
      },
      {
         "type": "Feature",
         "geometry": {
            "type": "Polygon",
            "coordinates": [
               [
                  121.622293,
                  31.294468,
                  0.0
               ],
               [
                  121.628209,
                  31.294532,
                  0.0
               ],
               [
                  121.628135,
                  31.299612,
                  0.0
               ],
               [
                  121.622219,
                  31.299549,
                  0.0
               ]
            ]
         },
         "properties": {
            "object_imcoords": "EMPTY",
            "building_imcoords": "453.667596, 501.319480, 463.522872, 499.911583, 466.555265, 528.611014, 456.375089, 529.91061",
            "road_imcoords": "EMPTY",
            "image_id": "BLD01234_PS3_K3A_NIA0373.png",
            "ingest_time": "2023-03-02T14:34:14.313313Z",
            "type_id": "1",
            "type_name": "건물"
         }
      },
      {
         "type": "Feature",
         "geometry": {
            "type": "Polygon",
            "coordinates": [
               [
                  121.622293,
                  31.294468,
                  0.0
               ],
               [
                  121.628209,
                  31.294532,
                  0.0
               ],
               [
                  121.628135,
                  31.299612,
                  0.0
               ],
               [
                  121.622219,
                  31.299549,
                  0.0
               ]
            ]
         },
         "properties": {
            "object_imcoords": "EMPTY",
            "building_imcoords": "619.619661, 328.523176, 611.732811, 332.968492, 606.427111, 338.991178, 607.287495, 346.017645, 614.457359, 345.587453, 627.649909, 337.70060",
            "road_imcoords": "EMPTY",
            "image_id": "BLD01234_PS3_K3A_NIA0373.png",
            "ingest_time": "2023-03-02T14:34:14.313313Z",
            "type_id": "1",
            "type_name": "건물"
         }
      },
      {
         "type": "Feature",
         "geometry": {
            "type": "Polygon",
            "coordinates": [
               [
                  121.625505,
                  31.295114,
                  0.0
               ],
               [
                  121.625425,
                  31.295021,
                  0.0
               ],
               [
                  121.625616,
                  31.294921,
                  0.0
               ],
               [
                  121.625688,
                  31.295019,
                  0.0
               ]
            ]
         },
         "properties": {
            "object_imcoords": "EMPTY",
            "building_imcoords": "557.426337, 900.803356, 543.355962, 919.364275, 576.286627, 940.020783, 589.009838, 920.41206",
            "road_imcoords": "EMPTY",
            "image_id": "BLD01234_PS3_K3A_NIA0373.png",
            "ingest_time": "2023-03-02T14:34:14.313313Z",
            "type_id": "1",
            "type_name": "건물"
         }
      }
   ]
}