{
   "type": "FeatureCollection",
   "features": [
      {
         "type": "Feature",
         "geometry": {
            "type": "Polygon",
            "coordinates": [
               [
                  31.394078,
                  30.091676,
                  0.0
               ],
               [
                  31.394363,
                  30.091758,
                  0.0
               ],
               [
                  31.394422,
                  30.091617,
                  0.0
               ],
               [
                  31.39442,
                  30.091605,
                  0.0
               ]
            ]
         },
         "properties": {
            "object_imcoords": "EMPTY",
            "building_imcoords": "544.714560, 679.517658, 594.921836, 663.698927, 604.894515, 692.241420, 604.550629, 694.648618, 554.687238, 711.49900",
            "road_imcoords": "EMPTY",
            "image_id": "BLD00845_PS3_K3A_NIA0277.png",
            "ingest_time": "2023-03-02T14:34:14.313313Z",
            "type_id": "1",
            "type_name": "건물"
         }
      },
      {
         "type": "Feature",
         "geometry": {
            "type": "Polygon",
            "coordinates": [
               [
                  31.394467,
                  30.091891,
                  0.0
               ],
               [
                  31.394473,
                  30.091865,
                  0.0
               ],
               [
                  31.394493,
                  30.091828,
                  0.0
               ],
               [
                  31.39455,
                  30.091851,
                  0.0
               ]
            ]
         },
         "properties": {
            "object_imcoords": "EMPTY",
            "building_imcoords": "613.491651, 637.219747, 614.523307, 642.378029, 617.962162, 649.943509, 627.934840, 645.472998, 627.934840, 642.034144, 625.527642, 633.093122, 625.527642, 633.09312",
            "road_imcoords": "EMPTY",
            "image_id": "BLD00845_PS3_K3A_NIA0277.png",
            "ingest_time": "2023-03-02T14:34:14.313313Z",
            "type_id": "1",
            "type_name": "건물"
         }
      }
   ]
}