{
   "type": "FeatureCollection",
   "features": [
      {
         "type": "Feature",
         "geometry": {
            "type": "Polygon",
            "coordinates": [
               [
                  31.377472,
                  30.117696,
                  0.0
               ],
               [
                  31.377325,
                  30.117828,
                  0.0
               ],
               [
                  31.377349,
                  30.117849,
                  0.0
               ],
               [
                  31.377496,
                  30.117717,
                  0.0
               ]
            ]
         },
         "properties": {
            "object_imcoords": "EMPTY",
            "building_imcoords": "781.330089, 515.057010, 755.923499, 487.993462, 760.297937, 483.886848, 785.578969, 510.816647, 810.985560, 537.880227, 806.611120, 541.98683",
            "road_imcoords": "EMPTY",
            "image_id": "BLD00716_PS3_K3A_NIA0277.png",
            "ingest_time": "2023-03-02T14:34:14.313313Z",
            "type_id": "1",
            "type_name": "건물"
         }
      },
      {
         "type": "Feature",
         "geometry": {
            "type": "Polygon",
            "coordinates": [
               [
                  31.377331,
                  30.118418,
                  0.0
               ],
               [
                  31.377281,
                  30.118463,
                  0.0
               ],
               [
                  31.377283,
                  30.118482,
                  0.0
               ],
               [
                  31.377341,
                  30.118523,
                  0.0
               ]
            ]
         },
         "properties": {
            "object_imcoords": "EMPTY",
            "building_imcoords": "758.766057, 369.251162, 750.106008, 359.891678, 750.505059, 356.050487, 760.736762, 348.030995, 764.996668, 353.466014, 769.181109, 358.804782, 768.849619, 362.16531",
            "road_imcoords": "EMPTY",
            "image_id": "BLD00716_PS3_K3A_NIA0277.png",
            "ingest_time": "2023-03-02T14:34:14.313313Z",
            "type_id": "1",
            "type_name": "건물"
         }
      },
      {
         "type": "Feature",
         "geometry": {
            "type": "Polygon",
            "coordinates": [
               [
                  31.377221,
                  30.118395,
                  0.0
               ],
               [
                  31.377222,
                  30.118414,
                  0.0
               ],
               [
                  31.377271,
                  30.118451,
                  0.0
               ],
               [
                  31.377308,
                  30.118426,
                  0.0
               ]
            ]
         },
         "properties": {
            "object_imcoords": "EMPTY",
            "building_imcoords": "739.352463, 373.500662, 739.668559, 369.740159, 748.278615, 362.294905, 754.709503, 367.561090, 756.431718, 371.321558, 746.656997, 378.47569",
            "road_imcoords": "EMPTY",
            "image_id": "BLD00716_PS3_K3A_NIA0277.png",
            "ingest_time": "2023-03-02T14:34:14.313313Z",
            "type_id": "1",
            "type_name": "건물"
         }
      }
   ]
}