{
   "type": "FeatureCollection",
   "features": [
      {
         "type": "Feature",
         "geometry": {
            "type": "Polygon",
            "coordinates": [
               [
                  31.31937,
                  29.953585,
                  0.0
               ],
               [
                  31.325204,
                  29.95366,
                  0.0
               ],
               [
                  31.325119,
                  29.95874,
                  0.0
               ],
               [
                  31.319285,
                  29.958666,
                  0.0
               ]
            ]
         },
         "properties": {
            "object_imcoords": "EMPTY",
            "building_imcoords": "329.393939, 120.606061, 330.909091, 178.181818, 404.848485, 179.696970, 404.242424, 143.030303, 367.272727, 141.818182, 366.060606, 120.30303",
            "road_imcoords": "EMPTY",
            "image_id": "BLD00359_PS3_K3A_NIA0276.png",
            "ingest_time": "2023-03-02T14:34:14.313313Z",
            "type_id": "1",
            "type_name": "건물"
         }
      },
      {
         "type": "Feature",
         "geometry": {
            "type": "Polygon",
            "coordinates": [
               [
                  31.320498,
                  29.957907,
                  0.0
               ],
               [
                  31.320492,
                  29.957485,
                  0.0
               ],
               [
                  31.320703,
                  29.957481,
                  0.0
               ],
               [
                  31.320728,
                  29.957525,
                  0.0
               ]
            ]
         },
         "properties": {
            "object_imcoords": "EMPTY",
            "building_imcoords": "210.710998, 155.981369, 208.405611, 241.053647, 245.434388, 242.337101, 249.855444, 233.636364, 251.673626, 170.750616, 239.050604, 160.051728, 236.377555, 156.06060",
            "road_imcoords": "EMPTY",
            "image_id": "BLD00359_PS3_K3A_NIA0276.png",
            "ingest_time": "2023-03-02T14:34:14.313313Z",
            "type_id": "1",
            "type_name": "건물"
         }
      },
      {
         "type": "Feature",
         "geometry": {
            "type": "Polygon",
            "coordinates": [
               [
                  31.31937,
                  29.953585,
                  0.0
               ],
               [
                  31.325204,
                  29.95366,
                  0.0
               ],
               [
                  31.325119,
                  29.95874,
                  0.0
               ],
               [
                  31.319285,
                  29.958666,
                  0.0
               ]
            ]
         },
         "properties": {
            "object_imcoords": "EMPTY",
            "building_imcoords": "199.090909, 235.151515, 196.969697, 153.333333, 157.575758, 153.030303, 151.818182, 241.212121, 193.333333, 240.30303",
            "road_imcoords": "EMPTY",
            "image_id": "BLD00359_PS3_K3A_NIA0276.png",
            "ingest_time": "2023-03-02T14:34:14.313313Z",
            "type_id": "1",
            "type_name": "건물"
         }
      },
      {
         "type": "Feature",
         "geometry": {
            "type": "Polygon",
            "coordinates": [
               [
                  31.320493,
                  29.957445,
                  0.0
               ],
               [
                  31.320475,
                  29.957204,
                  0.0
               ],
               [
                  31.320485,
                  29.957,
                  0.0
               ],
               [
                  31.320627,
                  29.957,
                  0.0
               ]
            ]
         },
         "properties": {
            "object_imcoords": "EMPTY",
            "building_imcoords": "208.484848, 249.065209, 204.545455, 297.575758, 205.757576, 338.787879, 230.606061, 339.090909, 248.787879, 325.757576, 250.606061, 263.636364, 246.686034, 256.556731, 235.602004, 256.632076, 236.522111, 249.65734",
            "road_imcoords": "EMPTY",
            "image_id": "BLD00359_PS3_K3A_NIA0276.png",
            "ingest_time": "2023-03-02T14:34:14.313313Z",
            "type_id": "1",
            "type_name": "건물"
         }
      },
      {
         "type": "Feature",
         "geometry": {
            "type": "Polygon",
            "coordinates": [
               [
                  31.31937,
                  29.953585,
                  0.0
               ],
               [
                  31.325204,
                  29.95366,
                  0.0
               ],
               [
                  31.325119,
                  29.95874,
                  0.0
               ],
               [
                  31.319285,
                  29.958666,
                  0.0
               ]
            ]
         },
         "properties": {
            "object_imcoords": "EMPTY",
            "building_imcoords": "153.939394, 253.030303, 151.212121, 337.878788, 193.939394, 339.090909, 195.454545, 253.93939",
            "road_imcoords": "EMPTY",
            "image_id": "BLD00359_PS3_K3A_NIA0276.png",
            "ingest_time": "2023-03-02T14:34:14.313313Z",
            "type_id": "1",
            "type_name": "건물"
         }
      },
      {
         "type": "Feature",
         "geometry": {
            "type": "Polygon",
            "coordinates": [
               [
                  31.320491,
                  29.956937,
                  0.0
               ],
               [
                  31.320484,
                  29.956583,
                  0.0
               ],
               [
                  31.320698,
                  29.956582,
                  0.0
               ],
               [
                  31.320722,
                  29.956624,
                  0.0
               ]
            ]
         },
         "properties": {
            "object_imcoords": "EMPTY",
            "building_imcoords": "206.587429, 351.515152, 204.242424, 422.727273, 241.818182, 423.636364, 246.219080, 415.072278, 247.431202, 367.839169, 242.391302, 363.261828, 240.724916, 355.414927, 234.387059, 354.557673, 232.121212, 350.90909",
            "road_imcoords": "EMPTY",
            "image_id": "BLD00359_PS3_K3A_NIA0276.png",
            "ingest_time": "2023-03-02T14:34:14.313313Z",
            "type_id": "1",
            "type_name": "건물"
         }
      },
      {
         "type": "Feature",
         "geometry": {
            "type": "Polygon",
            "coordinates": [
               [
                  31.31937,
                  29.953585,
                  0.0
               ],
               [
                  31.325204,
                  29.95366,
                  0.0
               ],
               [
                  31.325119,
                  29.95874,
                  0.0
               ],
               [
                  31.319285,
                  29.958666,
                  0.0
               ]
            ]
         },
         "properties": {
            "object_imcoords": "EMPTY",
            "building_imcoords": "201.818182, 427.272727, 200.606061, 527.272727, 206.969697, 536.666667, 235.757576, 535.757576, 243.030303, 531.515152, 244.848485, 429.090909, 244.848485, 428.78787",
            "road_imcoords": "EMPTY",
            "image_id": "BLD00359_PS3_K3A_NIA0276.png",
            "ingest_time": "2023-03-02T14:34:14.313313Z",
            "type_id": "1",
            "type_name": "건물"
         }
      },
      {
         "type": "Feature",
         "geometry": {
            "type": "Polygon",
            "coordinates": [
               [
                  31.32039,
                  29.955871,
                  0.0
               ],
               [
                  31.320389,
                  29.955531,
                  0.0
               ],
               [
                  31.320727,
                  29.955529,
                  0.0
               ],
               [
                  31.320728,
                  29.955774,
                  0.0
               ]
            ]
         },
         "properties": {
            "object_imcoords": "EMPTY",
            "building_imcoords": "185.704800, 565.922285, 184.545455, 634.545455, 243.939394, 635.757576, 244.789328, 586.390024, 224.545455, 567.27272",
            "road_imcoords": "EMPTY",
            "image_id": "BLD00359_PS3_K3A_NIA0276.png",
            "ingest_time": "2023-03-02T14:34:14.313313Z",
            "type_id": "1",
            "type_name": "건물"
         }
      },
      {
         "type": "Feature",
         "geometry": {
            "type": "Polygon",
            "coordinates": [
               [
                  31.320369,
                  29.954953,
                  0.0
               ],
               [
                  31.320361,
                  29.954621,
                  0.0
               ],
               [
                  31.320407,
                  29.954616,
                  0.0
               ],
               [
                  31.320734,
                  29.954617,
                  0.0
               ]
            ]
         },
         "properties": {
            "object_imcoords": "EMPTY",
            "building_imcoords": "179.393939, 750.909091, 176.969697, 817.878788, 184.943813, 818.958475, 242.424242, 819.696970, 243.636364, 751.21212",
            "road_imcoords": "EMPTY",
            "image_id": "BLD00359_PS3_K3A_NIA0276.png",
            "ingest_time": "2023-03-02T14:34:14.313313Z",
            "type_id": "1",
            "type_name": "건물"
         }
      },
      {
         "type": "Feature",
         "geometry": {
            "type": "Polygon",
            "coordinates": [
               [
                  31.31937,
                  29.953585,
                  0.0
               ],
               [
                  31.325204,
                  29.95366,
                  0.0
               ],
               [
                  31.325119,
                  29.95874,
                  0.0
               ],
               [
                  31.319285,
                  29.958666,
                  0.0
               ]
            ]
         },
         "properties": {
            "object_imcoords": "EMPTY",
            "building_imcoords": "180.606061, 693.636364, 180.000000, 740.303030, 186.060606, 747.575758, 245.454545, 747.575758, 247.272727, 694.84848",
            "road_imcoords": "EMPTY",
            "image_id": "BLD00359_PS3_K3A_NIA0276.png",
            "ingest_time": "2023-03-02T14:34:14.313313Z",
            "type_id": "1",
            "type_name": "건물"
         }
      },
      {
         "type": "Feature",
         "geometry": {
            "type": "Polygon",
            "coordinates": [
               [
                  31.31937,
                  29.953585,
                  0.0
               ],
               [
                  31.325204,
                  29.95366,
                  0.0
               ],
               [
                  31.325119,
                  29.95874,
                  0.0
               ],
               [
                  31.319285,
                  29.958666,
                  0.0
               ]
            ]
         },
         "properties": {
            "object_imcoords": "EMPTY",
            "building_imcoords": "164.848485, 749.393939, 163.939394, 802.727273, 156.666667, 815.454545, 107.878788, 816.363636, 96.969697, 807.878788, 99.393939, 743.63636",
            "road_imcoords": "EMPTY",
            "image_id": "BLD00359_PS3_K3A_NIA0276.png",
            "ingest_time": "2023-03-02T14:34:14.313313Z",
            "type_id": "1",
            "type_name": "건물"
         }
      },
      {
         "type": "Feature",
         "geometry": {
            "type": "Polygon",
            "coordinates": [
               [
                  31.319663,
                  29.954974,
                  0.0
               ],
               [
                  31.319683,
                  29.954959,
                  0.0
               ],
               [
                  31.319722,
                  29.954956,
                  0.0
               ],
               [
                  31.319739,
                  29.954844,
                  0.0
               ]
            ]
         },
         "properties": {
            "object_imcoords": "EMPTY",
            "building_imcoords": "55.523192, 744.906162, 58.932348, 747.918880, 65.757576, 748.787879, 68.484848, 771.212121, 66.969697, 797.878788, 44.848485, 820.909091, 12.727273, 819.696970, 0.000000, 794.545455, 0.000000, 741.51515",
            "road_imcoords": "EMPTY",
            "image_id": "BLD00359_PS3_K3A_NIA0276.png",
            "ingest_time": "2023-03-02T14:34:14.313313Z",
            "type_id": "1",
            "type_name": "건물"
         }
      },
      {
         "type": "Feature",
         "geometry": {
            "type": "Polygon",
            "coordinates": [
               [
                  31.31937,
                  29.953585,
                  0.0
               ],
               [
                  31.325204,
                  29.95366,
                  0.0
               ],
               [
                  31.325119,
                  29.95874,
                  0.0
               ],
               [
                  31.319285,
                  29.958666,
                  0.0
               ]
            ]
         },
         "properties": {
            "object_imcoords": "EMPTY",
            "building_imcoords": "99.696970, 697.575758, 98.787879, 731.818182, 104.545455, 745.151515, 160.303030, 748.181818, 169.090909, 737.878788, 167.575758, 694.242424, 111.818182, 689.09090",
            "road_imcoords": "EMPTY",
            "image_id": "BLD00359_PS3_K3A_NIA0276.png",
            "ingest_time": "2023-03-02T14:34:14.313313Z",
            "type_id": "1",
            "type_name": "건물"
         }
      },
      {
         "type": "Feature",
         "geometry": {
            "type": "Polygon",
            "coordinates": [
               [
                  31.319696,
                  29.954985,
                  0.0
               ],
               [
                  31.319705,
                  29.955221,
                  0.0
               ],
               [
                  31.319639,
                  29.955227,
                  0.0
               ],
               [
                  31.319631,
                  29.955239,
                  0.0
               ]
            ]
         },
         "properties": {
            "object_imcoords": "EMPTY",
            "building_imcoords": "61.363636, 742.857143, 63.636364, 695.205929, 52.133514, 693.850974, 50.750763, 691.492471, 16.558442, 689.285714, 14.900939, 691.876679, 1.623377, 691.883117, 0.000000, 739.93506",
            "road_imcoords": "EMPTY",
            "image_id": "BLD00359_PS3_K3A_NIA0276.png",
            "ingest_time": "2023-03-02T14:34:14.313313Z",
            "type_id": "1",
            "type_name": "건물"
         }
      },
      {
         "type": "Feature",
         "geometry": {
            "type": "Polygon",
            "coordinates": [
               [
                  31.31937,
                  29.953585,
                  0.0
               ],
               [
                  31.325204,
                  29.95366,
                  0.0
               ],
               [
                  31.325119,
                  29.95874,
                  0.0
               ],
               [
                  31.319285,
                  29.958666,
                  0.0
               ]
            ]
         },
         "properties": {
            "object_imcoords": "EMPTY",
            "building_imcoords": "97.077922, 169.805195, 100.974026, 240.259740, 144.805195, 241.558442, 142.532468, 165.909091, 102.272727, 163.63636",
            "road_imcoords": "EMPTY",
            "image_id": "BLD00359_PS3_K3A_NIA0276.png",
            "ingest_time": "2023-03-02T14:34:14.313313Z",
            "type_id": "1",
            "type_name": "건물"
         }
      },
      {
         "type": "Feature",
         "geometry": {
            "type": "Polygon",
            "coordinates": [
               [
                  31.319988,
                  29.95383,
                  0.0
               ],
               [
                  31.320005,
                  29.953778,
                  0.0
               ],
               [
                  31.320179,
                  29.953832,
                  0.0
               ],
               [
                  31.320165,
                  29.953887,
                  0.0
               ]
            ]
         },
         "properties": {
            "object_imcoords": "EMPTY",
            "building_imcoords": "109.162046, 976.281324, 112.023065, 986.807469, 142.639116, 976.423849, 140.335134, 965.34066",
            "road_imcoords": "EMPTY",
            "image_id": "BLD00359_PS3_K3A_NIA0276.png",
            "ingest_time": "2023-03-02T14:34:14.313313Z",
            "type_id": "1",
            "type_name": "건물"
         }
      },
      {
         "type": "Feature",
         "geometry": {
            "type": "Polygon",
            "coordinates": [
               [
                  31.320473,
                  29.953799,
                  0.0
               ],
               [
                  31.320467,
                  29.953763,
                  0.0
               ],
               [
                  31.320459,
                  29.953713,
                  0.0
               ],
               [
                  31.32052,
                  29.953703,
                  0.0
               ]
            ]
         },
         "properties": {
            "object_imcoords": "EMPTY",
            "building_imcoords": "194.129639, 983.750309, 193.037797, 990.956471, 191.509217, 1001.001425, 202.209276, 1003.185110, 205.921541, 987.02583",
            "road_imcoords": "EMPTY",
            "image_id": "BLD00359_PS3_K3A_NIA0276.png",
            "ingest_time": "2023-03-02T14:34:14.313313Z",
            "type_id": "1",
            "type_name": "건물"
         }
      },
      {
         "type": "Feature",
         "geometry": {
            "type": "Polygon",
            "coordinates": [
               [
                  31.319854,
                  29.953948,
                  0.0
               ],
               [
                  31.31986,
                  29.95391,
                  0.0
               ],
               [
                  31.320084,
                  29.953934,
                  0.0
               ],
               [
                  31.320123,
                  29.953939,
                  0.0
               ]
            ]
         },
         "properties": {
            "object_imcoords": "EMPTY",
            "building_imcoords": "86.071448, 952.165398, 87.020766, 959.759937, 126.259220, 955.646228, 133.220882, 954.696911, 132.588003, 948.051689, 126.259220, 948.684567, 125.626342, 946.46949",
            "road_imcoords": "EMPTY",
            "image_id": "BLD00359_PS3_K3A_NIA0276.png",
            "ingest_time": "2023-03-02T14:34:14.313313Z",
            "type_id": "1",
            "type_name": "건물"
         }
      },
      {
         "type": "Feature",
         "geometry": {
            "type": "Polygon",
            "coordinates": [
               [
                  31.32387,
                  29.953741,
                  0.0
               ],
               [
                  31.323824,
                  29.95376,
                  0.0
               ],
               [
                  31.323846,
                  29.9538,
                  0.0
               ],
               [
                  31.323893,
                  29.953781,
                  0.0
               ]
            ]
         },
         "properties": {
            "object_imcoords": "EMPTY",
            "building_imcoords": "790.195725, 1004.245990, 782.056279, 1000.235294, 786.034297, 992.162167, 794.214309, 996.192853, 802.353779, 1000.203622, 798.375713, 1008.27672",
            "road_imcoords": "EMPTY",
            "image_id": "BLD00359_PS3_K3A_NIA0276.png",
            "ingest_time": "2023-03-02T14:34:14.313313Z",
            "type_id": "1",
            "type_name": "건물"
         }
      }
   ]
}