{
   "type": "FeatureCollection",
   "features": [
      {
         "type": "Feature",
         "geometry": {
            "type": "Polygon",
            "coordinates": [
               [
                  121.645521,
                  31.325201,
                  0.0
               ],
               [
                  121.651439,
                  31.325264,
                  0.0
               ],
               [
                  121.651367,
                  31.330344,
                  0.0
               ],
               [
                  121.645448,
                  31.330282,
                  0.0
               ]
            ]
         },
         "properties": {
            "object_imcoords": "EMPTY",
            "building_imcoords": "370.062390, 794.368452, 493.918776, 874.227192, 512.904061, 844.694526, 499.945851, 836.557975, 507.178340, 823.901118, 490.603885, 815.463214, 490.905238, 810.641554, 481.864626, 806.422602, 481.261919, 808.230724, 452.030606, 786.231901, 458.961742, 770.862861, 399.896410, 731.084167, 392.362566, 731.988228, 383.623308, 740.426133, 381.815185, 746.754562, 373.979988, 762.123602, 379.404356, 772.670983, 375.185403, 782.91701",
            "road_imcoords": "EMPTY",
            "image_id": "BLD01145_PS3_K3A_NIA0373.png",
            "ingest_time": "2023-03-02T14:34:14.313313Z",
            "type_id": "1",
            "type_name": "건물"
         }
      },
      {
         "type": "Feature",
         "geometry": {
            "type": "Polygon",
            "coordinates": [
               [
                  121.645521,
                  31.325201,
                  0.0
               ],
               [
                  121.651439,
                  31.325264,
                  0.0
               ],
               [
                  121.651367,
                  31.330344,
                  0.0
               ],
               [
                  121.645448,
                  31.330282,
                  0.0
               ]
            ]
         },
         "properties": {
            "object_imcoords": "EMPTY",
            "building_imcoords": "228.124792, 704.565050, 339.927016, 779.903473, 349.570335, 766.643908, 375.788111, 782.917010, 379.103002, 772.670983, 372.774573, 761.822248, 382.116539, 746.453208, 342.036492, 718.728664, 255.849323, 661.471454, 235.055915, 693.41495",
            "road_imcoords": "EMPTY",
            "image_id": "BLD01145_PS3_K3A_NIA0373.png",
            "ingest_time": "2023-03-02T14:34:14.313313Z",
            "type_id": "1",
            "type_name": "건물"
         }
      },
      {
         "type": "Feature",
         "geometry": {
            "type": "Polygon",
            "coordinates": [
               [
                  121.645521,
                  31.325201,
                  0.0
               ],
               [
                  121.651439,
                  31.325264,
                  0.0
               ],
               [
                  121.651367,
                  31.330344,
                  0.0
               ],
               [
                  121.645448,
                  31.330282,
                  0.0
               ]
            ]
         },
         "properties": {
            "object_imcoords": "EMPTY",
            "building_imcoords": "79.211791, 876.193578, 154.949380, 923.095296, 254.311538, 766.408816, 192.818174, 727.150341, 193.165595, 721.939039, 184.827511, 716.727737, 182.742991, 720.549358, 176.142008, 717.422577, 150.780338, 757.723312, 192.818174, 784.127243, 186.217192, 794.897267, 158.771001, 777.526260, 159.465842, 773.357218, 152.864859, 768.840757, 150.780338, 771.620118, 143.137095, 766.756236, 119.859946, 809.836333, 169.193605, 834.155742, 166.414244, 839.714464, 157.728741, 835.198002, 151.822599, 847.357707, 125.766089, 831.028961, 127.503189, 827.207339, 120.554787, 822.690878, 118.470266, 824.080558, 110.827023, 820.258937, 82.338572, 861.60193",
            "road_imcoords": "EMPTY",
            "image_id": "BLD01145_PS3_K3A_NIA0373.png",
            "ingest_time": "2023-03-02T14:34:14.313313Z",
            "type_id": "1",
            "type_name": "건물"
         }
      },
      {
         "type": "Feature",
         "geometry": {
            "type": "Polygon",
            "coordinates": [
               [
                  121.645521,
                  31.325201,
                  0.0
               ],
               [
                  121.651439,
                  31.325264,
                  0.0
               ],
               [
                  121.651367,
                  31.330344,
                  0.0
               ],
               [
                  121.645448,
                  31.330282,
                  0.0
               ]
            ]
         },
         "properties": {
            "object_imcoords": "EMPTY",
            "building_imcoords": "6.938461, 245.767596, 26.658298, 215.822658, 25.562751, 211.805655, 34.327123, 197.928732, 36.153034, 199.754643, 62.446150, 161.775698, 289.954638, 314.421842, 283.381359, 320.995121, 295.067188, 329.759493, 268.043708, 369.929531, 260.374882, 365.547345, 234.812131, 396.953011, 4.382186, 250.51496",
            "road_imcoords": "EMPTY",
            "image_id": "BLD01145_PS3_K3A_NIA0373.png",
            "ingest_time": "2023-03-02T14:34:14.313313Z",
            "type_id": "1",
            "type_name": "건물"
         }
      },
      {
         "type": "Feature",
         "geometry": {
            "type": "Polygon",
            "coordinates": [
               [
                  121.645521,
                  31.325201,
                  0.0
               ],
               [
                  121.651439,
                  31.325264,
                  0.0
               ],
               [
                  121.651367,
                  31.330344,
                  0.0
               ],
               [
                  121.645448,
                  31.330282,
                  0.0
               ]
            ]
         },
         "properties": {
            "object_imcoords": "EMPTY",
            "building_imcoords": "427.974583, 397.052315, 381.201405, 470.590146, 492.937331, 543.348424, 541.529467, 467.21208",
            "road_imcoords": "EMPTY",
            "image_id": "BLD01145_PS3_K3A_NIA0373.png",
            "ingest_time": "2023-03-02T14:34:14.313313Z",
            "type_id": "1",
            "type_name": "건물"
         }
      },
      {
         "type": "Feature",
         "geometry": {
            "type": "Polygon",
            "coordinates": [
               [
                  121.645521,
                  31.325201,
                  0.0
               ],
               [
                  121.651439,
                  31.325264,
                  0.0
               ],
               [
                  121.651367,
                  31.330344,
                  0.0
               ],
               [
                  121.645448,
                  31.330282,
                  0.0
               ]
            ]
         },
         "properties": {
            "object_imcoords": "EMPTY",
            "building_imcoords": "437.415963, 566.645730, 434.736083, 571.707726, 430.269616, 569.921139, 403.470817, 622.029916, 439.202550, 644.660013, 438.607021, 649.722009, 467.490171, 669.969991, 468.978994, 666.396818, 544.015633, 715.825715, 580.045130, 655.081769, 466.894643, 582.427245, 466.596878, 579.449601, 446.348896, 567.24125",
            "road_imcoords": "EMPTY",
            "image_id": "BLD01145_PS3_K3A_NIA0373.png",
            "ingest_time": "2023-03-02T14:34:14.313313Z",
            "type_id": "1",
            "type_name": "건물"
         }
      },
      {
         "type": "Feature",
         "geometry": {
            "type": "Polygon",
            "coordinates": [
               [
                  121.645521,
                  31.325201,
                  0.0
               ],
               [
                  121.651439,
                  31.325264,
                  0.0
               ],
               [
                  121.651367,
                  31.330344,
                  0.0
               ],
               [
                  121.645448,
                  31.330282,
                  0.0
               ]
            ]
         },
         "properties": {
            "object_imcoords": "EMPTY",
            "building_imcoords": "661.564738, 578.445841, 625.238704, 633.858433, 658.794106, 654.792088, 691.733807, 599.37950",
            "road_imcoords": "EMPTY",
            "image_id": "BLD01145_PS3_K3A_NIA0373.png",
            "ingest_time": "2023-03-02T14:34:14.313313Z",
            "type_id": "1",
            "type_name": "건물"
         }
      },
      {
         "type": "Feature",
         "geometry": {
            "type": "Polygon",
            "coordinates": [
               [
                  121.645521,
                  31.325201,
                  0.0
               ],
               [
                  121.651439,
                  31.325264,
                  0.0
               ],
               [
                  121.651367,
                  31.330344,
                  0.0
               ],
               [
                  121.645448,
                  31.330282,
                  0.0
               ]
            ]
         },
         "properties": {
            "object_imcoords": "EMPTY",
            "building_imcoords": "980.475755, 810.532904, 953.096072, 852.546561, 1024.000000, 895.032270, 1024.000000, 837.91259",
            "road_imcoords": "EMPTY",
            "image_id": "BLD01145_PS3_K3A_NIA0373.png",
            "ingest_time": "2023-03-02T14:34:14.313313Z",
            "type_id": "1",
            "type_name": "건물"
         }
      },
      {
         "type": "Feature",
         "geometry": {
            "type": "Polygon",
            "coordinates": [
               [
                  121.645521,
                  31.325201,
                  0.0
               ],
               [
                  121.651439,
                  31.325264,
                  0.0
               ],
               [
                  121.651367,
                  31.330344,
                  0.0
               ],
               [
                  121.645448,
                  31.330282,
                  0.0
               ]
            ]
         },
         "properties": {
            "object_imcoords": "EMPTY",
            "building_imcoords": "285.852710, 516.933958, 268.878083, 544.546017, 325.460172, 581.890195, 340.397843, 553.146495, 330.213067, 544.772346, 339.039873, 529.382018, 311.880470, 511.954734, 302.601008, 525.53443",
            "road_imcoords": "EMPTY",
            "image_id": "BLD01145_PS3_K3A_NIA0373.png",
            "ingest_time": "2023-03-02T14:34:14.313313Z",
            "type_id": "1",
            "type_name": "건물"
         }
      },
      {
         "type": "Feature",
         "geometry": {
            "type": "Polygon",
            "coordinates": [
               [
                  121.645521,
                  31.325201,
                  0.0
               ],
               [
                  121.651439,
                  31.325264,
                  0.0
               ],
               [
                  121.651367,
                  31.330344,
                  0.0
               ],
               [
                  121.645448,
                  31.330282,
                  0.0
               ]
            ]
         },
         "properties": {
            "object_imcoords": "EMPTY",
            "building_imcoords": "393.807781, 314.270249, 381.059606, 337.272393, 383.553814, 340.320870, 376.625457, 352.791911, 381.613874, 360.551670, 401.013272, 371.359906, 409.881568, 359.720268, 412.930045, 361.660207, 429.280967, 336.44099",
            "road_imcoords": "EMPTY",
            "image_id": "BLD01145_PS3_K3A_NIA0373.png",
            "ingest_time": "2023-03-02T14:34:14.313313Z",
            "type_id": "1",
            "type_name": "건물"
         }
      },
      {
         "type": "Feature",
         "geometry": {
            "type": "Polygon",
            "coordinates": [
               [
                  121.645521,
                  31.325201,
                  0.0
               ],
               [
                  121.651439,
                  31.325264,
                  0.0
               ],
               [
                  121.651367,
                  31.330344,
                  0.0
               ],
               [
                  121.645448,
                  31.330282,
                  0.0
               ]
            ]
         },
         "properties": {
            "object_imcoords": "EMPTY",
            "building_imcoords": "845.540849, 889.268478, 807.699635, 948.553034, 826.620241, 959.905397, 823.256578, 963.269060, 845.540847, 974.200966, 921.643728, 1021.712709, 931.314259, 1024.000000, 986.814703, 1024.000000, 1004.473935, 993.542029, 995.223861, 986.814703, 983.451040, 979.24646",
            "road_imcoords": "EMPTY",
            "image_id": "BLD01145_PS3_K3A_NIA0373.png",
            "ingest_time": "2023-03-02T14:34:14.313313Z",
            "type_id": "1",
            "type_name": "건물"
         }
      },
      {
         "type": "Feature",
         "geometry": {
            "type": "Polygon",
            "coordinates": [
               [
                  121.645521,
                  31.325201,
                  0.0
               ],
               [
                  121.651439,
                  31.325264,
                  0.0
               ],
               [
                  121.651367,
                  31.330344,
                  0.0
               ],
               [
                  121.645448,
                  31.330282,
                  0.0
               ]
            ]
         },
         "properties": {
            "object_imcoords": "EMPTY",
            "building_imcoords": "661.693910, 661.298396, 630.843865, 709.551030, 742.378642, 781.138955, 770.855607, 732.09529",
            "road_imcoords": "EMPTY",
            "image_id": "BLD01145_PS3_K3A_NIA0373.png",
            "ingest_time": "2023-03-02T14:34:14.313313Z",
            "type_id": "1",
            "type_name": "건물"
         }
      },
      {
         "type": "Feature",
         "geometry": {
            "type": "Polygon",
            "coordinates": [
               [
                  121.645521,
                  31.325201,
                  0.0
               ],
               [
                  121.651439,
                  31.325264,
                  0.0
               ],
               [
                  121.651367,
                  31.330344,
                  0.0
               ],
               [
                  121.645448,
                  31.330282,
                  0.0
               ]
            ]
         },
         "properties": {
            "object_imcoords": "EMPTY",
            "building_imcoords": "334.499689, 396.577086, 319.878154, 426.589711, 348.095152, 442.237319, 350.403816, 438.902583, 362.716688, 444.545983, 376.312151, 419.150684, 357.586324, 409.402994, 360.664542, 402.990040, 345.273452, 395.037977, 342.195234, 399.14226",
            "road_imcoords": "EMPTY",
            "image_id": "BLD01145_PS3_K3A_NIA0373.png",
            "ingest_time": "2023-03-02T14:34:14.313313Z",
            "type_id": "1",
            "type_name": "건물"
         }
      },
      {
         "type": "Feature",
         "geometry": {
            "type": "Polygon",
            "coordinates": [
               [
                  121.645521,
                  31.325201,
                  0.0
               ],
               [
                  121.651439,
                  31.325264,
                  0.0
               ],
               [
                  121.651367,
                  31.330344,
                  0.0
               ],
               [
                  121.645448,
                  31.330282,
                  0.0
               ]
            ]
         },
         "properties": {
            "object_imcoords": "EMPTY",
            "building_imcoords": "711.235422, 916.774467, 727.537897, 890.562645, 742.881402, 900.471993, 753.749719, 883.210549, 780.920510, 902.389931, 771.970132, 917.733437, 783.797418, 928.282097, 764.618036, 958.010139, 722.103738, 931.159004, 725.300302, 927.00347",
            "road_imcoords": "EMPTY",
            "image_id": "BLD01145_PS3_K3A_NIA0373.png",
            "ingest_time": "2023-03-02T14:34:14.313313Z",
            "type_id": "1",
            "type_name": "건물"
         }
      },
      {
         "type": "Feature",
         "geometry": {
            "type": "Polygon",
            "coordinates": [
               [
                  121.645521,
                  31.325201,
                  0.0
               ],
               [
                  121.651439,
                  31.325264,
                  0.0
               ],
               [
                  121.651367,
                  31.330344,
                  0.0
               ],
               [
                  121.645448,
                  31.330282,
                  0.0
               ]
            ]
         },
         "properties": {
            "object_imcoords": "EMPTY",
            "building_imcoords": "770.052194, 876.817421, 788.911920, 887.366081, 802.017831, 862.752541, 784.756387, 851.88422",
            "road_imcoords": "EMPTY",
            "image_id": "BLD01145_PS3_K3A_NIA0373.png",
            "ingest_time": "2023-03-02T14:34:14.313313Z",
            "type_id": "1",
            "type_name": "건물"
         }
      },
      {
         "type": "Feature",
         "geometry": {
            "type": "Polygon",
            "coordinates": [
               [
                  121.645521,
                  31.325201,
                  0.0
               ],
               [
                  121.651439,
                  31.325264,
                  0.0
               ],
               [
                  121.651367,
                  31.330344,
                  0.0
               ],
               [
                  121.645448,
                  31.330282,
                  0.0
               ]
            ]
         },
         "properties": {
            "object_imcoords": "EMPTY",
            "building_imcoords": "65.988625, 805.132947, 129.108179, 705.791376, 158.874786, 707.225911, 95.396599, 808.71928",
            "road_imcoords": "EMPTY",
            "image_id": "BLD01145_PS3_K3A_NIA0373.png",
            "ingest_time": "2023-03-02T14:34:14.313313Z",
            "type_id": "1",
            "type_name": "건물"
         }
      },
      {
         "type": "Feature",
         "geometry": {
            "type": "Polygon",
            "coordinates": [
               [
                  121.645521,
                  31.325201,
                  0.0
               ],
               [
                  121.651439,
                  31.325264,
                  0.0
               ],
               [
                  121.651367,
                  31.330344,
                  0.0
               ],
               [
                  121.645448,
                  31.330282,
                  0.0
               ]
            ]
         },
         "properties": {
            "object_imcoords": "EMPTY",
            "building_imcoords": "861.794830, 744.333202, 871.132784, 750.968064, 851.719669, 781.685017, 842.540886, 775.32521",
            "road_imcoords": "EMPTY",
            "image_id": "BLD01145_PS3_K3A_NIA0373.png",
            "ingest_time": "2023-03-02T14:34:14.313313Z",
            "type_id": "1",
            "type_name": "건물"
         }
      },
      {
         "type": "Feature",
         "geometry": {
            "type": "Polygon",
            "coordinates": [
               [
                  121.645521,
                  31.325201,
                  0.0
               ],
               [
                  121.651439,
                  31.325264,
                  0.0
               ],
               [
                  121.651367,
                  31.330344,
                  0.0
               ],
               [
                  121.645448,
                  31.330282,
                  0.0
               ]
            ]
         },
         "properties": {
            "object_imcoords": "EMPTY",
            "building_imcoords": "876.824649, 686.113769, 845.444408, 733.892716, 868.119163, 748.469343, 883.100697, 724.579870, 899.094497, 701.70266",
            "road_imcoords": "EMPTY",
            "image_id": "BLD01145_PS3_K3A_NIA0373.png",
            "ingest_time": "2023-03-02T14:34:14.313313Z",
            "type_id": "1",
            "type_name": "건물"
         }
      },
      {
         "type": "Feature",
         "geometry": {
            "type": "Polygon",
            "coordinates": [
               [
                  121.645521,
                  31.325201,
                  0.0
               ],
               [
                  121.651439,
                  31.325264,
                  0.0
               ],
               [
                  121.651367,
                  31.330344,
                  0.0
               ],
               [
                  121.645448,
                  31.330282,
                  0.0
               ]
            ]
         },
         "properties": {
            "object_imcoords": "EMPTY",
            "building_imcoords": "845.631104, 733.413656, 861.421551, 743.730082, 841.263867, 776.198616, 832.341537, 771.094492, 823.208668, 765.310360, 830.998622, 753.414890, 833.903483, 755.093505, 838.383143, 748.566786, 843.309472, 743.724383, 839.027613, 741.82103",
            "road_imcoords": "EMPTY",
            "image_id": "BLD01145_PS3_K3A_NIA0373.png",
            "ingest_time": "2023-03-02T14:34:14.313313Z",
            "type_id": "1",
            "type_name": "건물"
         }
      },
      {
         "type": "Feature",
         "geometry": {
            "type": "Polygon",
            "coordinates": [
               [
                  121.648448,
                  31.326732,
                  0.0
               ],
               [
                  121.648241,
                  31.326484,
                  0.0
               ],
               [
                  121.648614,
                  31.326285,
                  0.0
               ],
               [
                  121.648782,
                  31.326544,
                  0.0
               ]
            ]
         },
         "properties": {
            "object_imcoords": "EMPTY",
            "building_imcoords": "510.182069, 721.747851, 473.819200, 771.333581, 537.729697, 812.104070, 567.481135, 760.31453",
            "road_imcoords": "EMPTY",
            "image_id": "BLD01145_PS3_K3A_NIA0373.png",
            "ingest_time": "2023-03-02T14:34:14.313313Z",
            "type_id": "1",
            "type_name": "건물"
         }
      },
      {
         "type": "Feature",
         "geometry": {
            "type": "Polygon",
            "coordinates": [
               [
                  121.64585,
                  31.327294,
                  0.0
               ],
               [
                  121.64579,
                  31.327332,
                  0.0
               ],
               [
                  121.645827,
                  31.327376,
                  0.0
               ],
               [
                  121.645887,
                  31.327338,
                  0.0
               ]
            ]
         },
         "properties": {
            "object_imcoords": "EMPTY",
            "building_imcoords": "62.038132, 602.939762, 51.749598, 595.183738, 58.371228, 586.400002, 68.651229, 594.149594, 78.939756, 601.905542, 72.318164, 610.68930",
            "road_imcoords": "EMPTY",
            "image_id": "BLD01145_PS3_K3A_NIA0373.png",
            "ingest_time": "2023-03-02T14:34:14.313313Z",
            "type_id": "1",
            "type_name": "건물"
         }
      },
      {
         "type": "Feature",
         "geometry": {
            "type": "Polygon",
            "coordinates": [
               [
                  121.645976,
                  31.32722,
                  0.0
               ],
               [
                  121.645916,
                  31.32725,
                  0.0
               ],
               [
                  121.645948,
                  31.327297,
                  0.0
               ],
               [
                  121.646008,
                  31.327267,
                  0.0
               ]
            ]
         },
         "properties": {
            "object_imcoords": "EMPTY",
            "building_imcoords": "83.722589, 618.137235, 73.432096, 611.962909, 79.091570, 602.530499, 89.369620, 608.697360, 99.660092, 614.871612, 94.000659, 624.30404",
            "road_imcoords": "EMPTY",
            "image_id": "BLD01145_PS3_K3A_NIA0373.png",
            "ingest_time": "2023-03-02T14:34:14.313313Z",
            "type_id": "1",
            "type_name": "건물"
         }
      },
      {
         "type": "Feature",
         "geometry": {
            "type": "Polygon",
            "coordinates": [
               [
                  121.646098,
                  31.327156,
                  0.0
               ],
               [
                  121.646043,
                  31.327186,
                  0.0
               ],
               [
                  121.646076,
                  31.327232,
                  0.0
               ],
               [
                  121.646131,
                  31.327203,
                  0.0
               ]
            ]
         },
         "properties": {
            "object_imcoords": "EMPTY",
            "building_imcoords": "104.646528, 631.196007, 95.153356, 625.183678, 101.038920, 615.890662, 110.532092, 621.902992, 120.025263, 627.915321, 114.139699, 637.20833",
            "road_imcoords": "EMPTY",
            "image_id": "BLD01145_PS3_K3A_NIA0373.png",
            "ingest_time": "2023-03-02T14:34:14.313313Z",
            "type_id": "1",
            "type_name": "건물"
         }
      },
      {
         "type": "Feature",
         "geometry": {
            "type": "Polygon",
            "coordinates": [
               [
                  121.646097,
                  31.32708,
                  0.0
               ],
               [
                  121.646136,
                  31.327132,
                  0.0
               ],
               [
                  121.64619,
                  31.327103,
                  0.0
               ],
               [
                  121.64615,
                  31.32705,
                  0.0
               ]
            ]
         },
         "properties": {
            "object_imcoords": "EMPTY",
            "building_imcoords": "104.257204, 646.631122, 111.240448, 636.156243, 120.393005, 642.257941, 113.452925, 652.668072, 106.469672, 663.142902, 97.317132, 657.04118",
            "road_imcoords": "EMPTY",
            "image_id": "BLD01145_PS3_K3A_NIA0373.png",
            "ingest_time": "2023-03-02T14:34:14.313313Z",
            "type_id": "1",
            "type_name": "건물"
         }
      },
      {
         "type": "Feature",
         "geometry": {
            "type": "Polygon",
            "coordinates": [
               [
                  121.64602,
                  31.326965,
                  0.0
               ],
               [
                  121.646057,
                  31.327018,
                  0.0
               ],
               [
                  121.646111,
                  31.326989,
                  0.0
               ],
               [
                  121.646075,
                  31.326937,
                  0.0
               ]
            ]
         },
         "properties": {
            "object_imcoords": "EMPTY",
            "building_imcoords": "90.703177, 669.581292, 97.221481, 659.088456, 106.565323, 664.892989, 100.109628, 675.285041, 93.591332, 685.777925, 84.247474, 679.97341",
            "road_imcoords": "EMPTY",
            "image_id": "BLD01145_PS3_K3A_NIA0373.png",
            "ingest_time": "2023-03-02T14:34:14.313313Z",
            "type_id": "1",
            "type_name": "건물"
         }
      }
   ]
}