{
   "type": "FeatureCollection",
   "features": [
      {
         "type": "Feature",
         "geometry": {
            "type": "Polygon",
            "coordinates": [
               [
                  31.431975,
                  30.085343,
                  0.0
               ],
               [
                  31.437817,
                  30.085412,
                  0.0
               ],
               [
                  31.437737,
                  30.090493,
                  0.0
               ],
               [
                  31.431895,
                  30.090423,
                  0.0
               ]
            ]
         },
         "properties": {
            "object_imcoords": "EMPTY",
            "building_imcoords": "682.731440, 964.867311, 647.230899, 959.635652, 651.341488, 908.440137, 686.842028, 912.17703",
            "road_imcoords": "EMPTY",
            "image_id": "BLD00877_PS3_K3A_NIA0277.png",
            "ingest_time": "2023-03-02T14:34:14.313313Z",
            "type_id": "1",
            "type_name": "건물"
         }
      },
      {
         "type": "Feature",
         "geometry": {
            "type": "Polygon",
            "coordinates": [
               [
                  31.431975,
                  30.085343,
                  0.0
               ],
               [
                  31.437817,
                  30.085412,
                  0.0
               ],
               [
                  31.437737,
                  30.090493,
                  0.0
               ],
               [
                  31.431895,
                  30.090423,
                  0.0
               ]
            ]
         },
         "properties": {
            "object_imcoords": "EMPTY",
            "building_imcoords": "793.105934, 932.560045, 793.315639, 938.431797, 817.222058, 942.625905, 861.797469, 818.698617, 909.924521, 691.916159, 963.259351, 579.679565, 1006.896939, 487.017032, 1023.956901, 453.256264, 1023.777323, 400.998906, 953.921266, 535.682819, 891.068773, 675.035775, 855.512220, 761.592637, 827.318387, 841.505093, 803.075283, 910.82241",
            "road_imcoords": "EMPTY",
            "image_id": "BLD00877_PS3_K3A_NIA0277.png",
            "ingest_time": "2023-03-02T14:34:14.313313Z",
            "type_id": "1",
            "type_name": "건물"
         }
      },
      {
         "type": "Feature",
         "geometry": {
            "type": "Polygon",
            "coordinates": [
               [
                  31.431975,
                  30.085343,
                  0.0
               ],
               [
                  31.437817,
                  30.085412,
                  0.0
               ],
               [
                  31.437737,
                  30.090493,
                  0.0
               ],
               [
                  31.431895,
                  30.090423,
                  0.0
               ]
            ]
         },
         "properties": {
            "object_imcoords": "EMPTY",
            "building_imcoords": "635.689738, 53.656356, 639.832324, 52.275494, 643.383112, 51.979595, 643.777644, 64.900519, 644.566708, 64.900519, 644.862607, 72.791160, 642.396782, 73.678857, 637.662398, 73.382958, 636.182903, 70.62123",
            "road_imcoords": "EMPTY",
            "image_id": "BLD00877_PS3_K3A_NIA0277.png",
            "ingest_time": "2023-03-02T14:34:14.313313Z",
            "type_id": "1",
            "type_name": "건물"
         }
      },
      {
         "type": "Feature",
         "geometry": {
            "type": "Polygon",
            "coordinates": [
               [
                  31.432727,
                  30.086988,
                  0.0
               ],
               [
                  31.432677,
                  30.086972,
                  0.0
               ],
               [
                  31.432675,
                  30.086926,
                  0.0
               ],
               [
                  31.432694,
                  30.086869,
                  0.0
               ]
            ]
         },
         "properties": {
            "object_imcoords": "EMPTY",
            "building_imcoords": "136.377613, 694.245907, 127.550583, 697.335367, 127.109231, 706.603749, 130.198692, 718.078887, 137.701667, 717.637536, 142.115182, 723.816457, 150.942212, 724.699160, 159.769242, 719.402942, 161.093297, 710.575912, 159.769242, 702.631585, 150.059509, 701.74888",
            "road_imcoords": "EMPTY",
            "image_id": "BLD00877_PS3_K3A_NIA0277.png",
            "ingest_time": "2023-03-02T14:34:14.313313Z",
            "type_id": "1",
            "type_name": "건물"
         }
      },
      {
         "type": "Feature",
         "geometry": {
            "type": "Polygon",
            "coordinates": [
               [
                  31.432928,
                  30.087196,
                  0.0
               ],
               [
                  31.432886,
                  30.087152,
                  0.0
               ],
               [
                  31.432939,
                  30.087109,
                  0.0
               ],
               [
                  31.432997,
                  30.087153,
                  0.0
               ]
            ]
         },
         "properties": {
            "object_imcoords": "EMPTY",
            "building_imcoords": "172.127084, 652.758866, 164.624109, 661.585896, 173.892490, 670.412926, 184.043575, 661.58589",
            "road_imcoords": "EMPTY",
            "image_id": "BLD00877_PS3_K3A_NIA0277.png",
            "ingest_time": "2023-03-02T14:34:14.313313Z",
            "type_id": "1",
            "type_name": "건물"
         }
      }
   ]
}