{
   "type": "FeatureCollection",
   "features": [
      {
         "type": "Feature",
         "geometry": {
            "type": "Polygon",
            "coordinates": [
               [
                  31.459083,
                  29.975621,
                  0.0
               ],
               [
                  31.464919,
                  29.975689,
                  0.0
               ],
               [
                  31.464841,
                  29.98077,
                  0.0
               ],
               [
                  31.459005,
                  29.980701,
                  0.0
               ]
            ]
         },
         "properties": {
            "object_imcoords": "EMPTY",
            "building_imcoords": "771.111022, 853.912604, 764.296077, 859.364560, 742.147506, 890.372559, 758.162627, 901.276471, 754.073660, 910.817394, 771.111022, 921.039812, 778.266715, 911.158141, 790.533616, 917.291592, 813.363681, 880.83163",
            "road_imcoords": "EMPTY",
            "image_id": "BLD00282_PS3_K3A_NIA0276.png",
            "ingest_time": "2023-03-02T14:34:14.313313Z",
            "type_id": "1",
            "type_name": "건물"
         }
      },
      {
         "type": "Feature",
         "geometry": {
            "type": "Polygon",
            "coordinates": [
               [
                  31.459083,
                  29.975621,
                  0.0
               ],
               [
                  31.464919,
                  29.975689,
                  0.0
               ],
               [
                  31.464841,
                  29.98077,
                  0.0
               ],
               [
                  31.459005,
                  29.980701,
                  0.0
               ]
            ]
         },
         "properties": {
            "object_imcoords": "EMPTY",
            "building_imcoords": "679.331925, 890.959742, 673.029530, 900.579188, 685.634321, 907.213289, 690.278192, 898.25725",
            "road_imcoords": "EMPTY",
            "image_id": "BLD00282_PS3_K3A_NIA0276.png",
            "ingest_time": "2023-03-02T14:34:14.313313Z",
            "type_id": "1",
            "type_name": "건물"
         }
      },
      {
         "type": "Feature",
         "geometry": {
            "type": "Polygon",
            "coordinates": [
               [
                  31.459083,
                  29.975621,
                  0.0
               ],
               [
                  31.464919,
                  29.975689,
                  0.0
               ],
               [
                  31.464841,
                  29.98077,
                  0.0
               ],
               [
                  31.459005,
                  29.980701,
                  0.0
               ]
            ]
         },
         "properties": {
            "object_imcoords": "EMPTY",
            "building_imcoords": "702.551278, 926.783886, 697.575703, 935.076512, 707.526854, 942.042318, 713.165840, 934.08139",
            "road_imcoords": "EMPTY",
            "image_id": "BLD00282_PS3_K3A_NIA0276.png",
            "ingest_time": "2023-03-02T14:34:14.313313Z",
            "type_id": "1",
            "type_name": "건물"
         }
      }
   ]
}