{
   "type": "FeatureCollection",
   "features": [
      {
         "type": "Feature",
         "geometry": {
            "type": "Polygon",
            "coordinates": [
               [
                  31.297957,
                  30.063349,
                  0.0
               ],
               [
                  31.303797,
                  30.063424,
                  0.0
               ],
               [
                  31.303711,
                  30.068505,
                  0.0
               ],
               [
                  31.29787,
                  30.068429,
                  0.0
               ]
            ]
         },
         "properties": {
            "object_imcoords": "EMPTY",
            "building_imcoords": "144.019326, 0.000000, 144.160522, 18.214209, 166.892984, 36.146027, 157.997672, 45.888511, 158.844845, 61.702398, 174.517536, 72.292054, 186.801538, 59.302075, 211.651931, 81.469756, 242.856119, 47.018074, 242.008946, 27.250716, 210.522368, 0.00000",
            "road_imcoords": "EMPTY",
            "image_id": "BLD00955_PS3_K3A_NIA0277.png",
            "ingest_time": "2023-03-02T14:34:14.313313Z",
            "type_id": "1",
            "type_name": "건물"
         }
      },
      {
         "type": "Feature",
         "geometry": {
            "type": "Polygon",
            "coordinates": [
               [
                  31.297957,
                  30.063349,
                  0.0
               ],
               [
                  31.303797,
                  30.063424,
                  0.0
               ],
               [
                  31.303711,
                  30.068505,
                  0.0
               ],
               [
                  31.29787,
                  30.068429,
                  0.0
               ]
            ]
         },
         "properties": {
            "object_imcoords": "EMPTY",
            "building_imcoords": "121.947168, 86.689715, 88.870589, 60.700975, 72.332299, 78.511440, 67.425334, 75.603609, 58.338362, 85.599279, 59.247059, 114.495851, 128.671527, 176.287262, 136.486323, 172.834212, 142.847204, 170.653339, 159.203754, 144.846338, 158.840275, 119.039337, 143.574162, 108.316709, 144.301120, 93.777554, 128.671527, 80.32883",
            "road_imcoords": "EMPTY",
            "image_id": "BLD00955_PS3_K3A_NIA0277.png",
            "ingest_time": "2023-03-02T14:34:14.313313Z",
            "type_id": "1",
            "type_name": "건물"
         }
      },
      {
         "type": "Feature",
         "geometry": {
            "type": "Polygon",
            "coordinates": [
               [
                  31.297957,
                  30.063349,
                  0.0
               ],
               [
                  31.303797,
                  30.063424,
                  0.0
               ],
               [
                  31.303711,
                  30.068505,
                  0.0
               ],
               [
                  31.29787,
                  30.068429,
                  0.0
               ]
            ]
         },
         "properties": {
            "object_imcoords": "EMPTY",
            "building_imcoords": "106.772155, 417.622221, 106.772155, 400.670766, 97.085609, 391.864815, 95.984865, 388.782732, 83.656534, 378.876037, 75.951326, 378.655889, 66.925227, 368.308896, 33.022316, 404.853592, 34.343208, 420.264007, 16.511158, 439.416950, 13.429075, 436.995313, 0.000000, 448.663198, 0.000000, 515.588425, 5.063422, 514.927979, 11.447736, 519.551103, 8.585802, 525.935417, 11.007439, 531.218988, 23.335770, 541.786129, 23.776067, 554.114460, 43.149159, 569.965172, 52.615557, 566.222643, 59.880466, 559.177882, 73.089392, 571.506213, 80.574451, 575.689040, 112.936320, 543.107022, 113.376618, 522.192888, 108.973642, 518.010061, 124.384056, 501.939201, 138.253429, 511.185450, 142.876553, 511.185450, 169.514555, 481.245216, 170.615299, 454.166917, 132.529561, 421.805048, 126.585544, 429.29010",
            "road_imcoords": "EMPTY",
            "image_id": "BLD00955_PS3_K3A_NIA0277.png",
            "ingest_time": "2023-03-02T14:34:14.313313Z",
            "type_id": "1",
            "type_name": "건물"
         }
      },
      {
         "type": "Feature",
         "geometry": {
            "type": "Polygon",
            "coordinates": [
               [
                  31.297957,
                  30.063349,
                  0.0
               ],
               [
                  31.303797,
                  30.063424,
                  0.0
               ],
               [
                  31.303711,
                  30.068505,
                  0.0
               ],
               [
                  31.29787,
                  30.068429,
                  0.0
               ]
            ]
         },
         "properties": {
            "object_imcoords": "EMPTY",
            "building_imcoords": "317.617866, 101.531402, 293.165277, 115.352430, 293.165277, 127.047146, 299.012635, 141.399753, 298.746846, 156.283937, 291.304754, 174.091801, 284.660029, 184.723361, 266.852165, 195.886500, 235.223273, 199.607546, 222.199612, 195.886500, 209.441739, 226.452236, 212.896996, 243.994310, 255.157449, 246.120623, 274.560047, 243.196943, 277.217937, 238.412741, 284.925818, 234.425906, 290.241598, 236.286429, 303.531049, 227.249603, 315.491554, 240.007475, 338.349409, 218.744355, 342.070455, 210.239106, 342.070455, 202.797014, 330.641527, 197.481234, 332.502051, 182.597049, 333.033629, 170.636544, 336.223097, 169.839177, 337.817831, 140.070808, 347.120446, 137.412918, 341.007299, 110.302439, 334.628363, 104.986659, 322.402068, 108.44191",
            "road_imcoords": "EMPTY",
            "image_id": "BLD00955_PS3_K3A_NIA0277.png",
            "ingest_time": "2023-03-02T14:34:14.313313Z",
            "type_id": "1",
            "type_name": "건물"
         }
      },
      {
         "type": "Feature",
         "geometry": {
            "type": "Polygon",
            "coordinates": [
               [
                  31.297957,
                  30.063349,
                  0.0
               ],
               [
                  31.303797,
                  30.063424,
                  0.0
               ],
               [
                  31.303711,
                  30.068505,
                  0.0
               ],
               [
                  31.29787,
                  30.068429,
                  0.0
               ]
            ]
         },
         "properties": {
            "object_imcoords": "EMPTY",
            "building_imcoords": "293.888797, 463.364670, 284.092504, 455.201092, 253.397451, 486.875773, 253.070908, 498.957868, 267.765348, 507.774532, 270.704236, 504.182558, 372.912229, 599.206602, 359.197418, 615.533758, 360.177048, 625.330051, 354.625815, 633.820172, 379.116548, 657.004732, 427.444928, 604.104749, 427.771471, 593.002283, 326.216564, 500.917127, 330.135082, 493.40663",
            "road_imcoords": "EMPTY",
            "image_id": "BLD00955_PS3_K3A_NIA0277.png",
            "ingest_time": "2023-03-02T14:34:14.313313Z",
            "type_id": "1",
            "type_name": "건물"
         }
      },
      {
         "type": "Feature",
         "geometry": {
            "type": "Polygon",
            "coordinates": [
               [
                  31.297957,
                  30.063349,
                  0.0
               ],
               [
                  31.303797,
                  30.063424,
                  0.0
               ],
               [
                  31.303711,
                  30.068505,
                  0.0
               ],
               [
                  31.29787,
                  30.068429,
                  0.0
               ]
            ]
         },
         "properties": {
            "object_imcoords": "EMPTY",
            "building_imcoords": "433.480720, 611.289166, 512.041837, 582.235498, 521.571440, 601.062275, 521.339011, 602.456851, 515.760707, 605.013574, 444.172470, 631.510518, 434.178008, 616.63504",
            "road_imcoords": "EMPTY",
            "image_id": "BLD00955_PS3_K3A_NIA0277.png",
            "ingest_time": "2023-03-02T14:34:14.313313Z",
            "type_id": "1",
            "type_name": "건물"
         }
      },
      {
         "type": "Feature",
         "geometry": {
            "type": "Polygon",
            "coordinates": [
               [
                  31.297957,
                  30.063349,
                  0.0
               ],
               [
                  31.303797,
                  30.063424,
                  0.0
               ],
               [
                  31.303711,
                  30.068505,
                  0.0
               ],
               [
                  31.29787,
                  30.068429,
                  0.0
               ]
            ]
         },
         "properties": {
            "object_imcoords": "EMPTY",
            "building_imcoords": "421.279387, 368.979327, 392.330424, 344.028839, 379.215424, 357.623656, 379.535302, 363.541400, 407.364692, 387.052436, 420.639631, 372.81786",
            "road_imcoords": "EMPTY",
            "image_id": "BLD00955_PS3_K3A_NIA0277.png",
            "ingest_time": "2023-03-02T14:34:14.313313Z",
            "type_id": "1",
            "type_name": "건물"
         }
      },
      {
         "type": "Feature",
         "geometry": {
            "type": "Polygon",
            "coordinates": [
               [
                  31.297957,
                  30.063349,
                  0.0
               ],
               [
                  31.303797,
                  30.063424,
                  0.0
               ],
               [
                  31.303711,
                  30.068505,
                  0.0
               ],
               [
                  31.29787,
                  30.068429,
                  0.0
               ]
            ]
         },
         "properties": {
            "object_imcoords": "EMPTY",
            "building_imcoords": "387.372314, 370.098900, 373.137741, 359.223046, 357.783595, 373.937436, 357.943534, 378.415729, 375.696766, 393.609936, 388.012070, 377.61603",
            "road_imcoords": "EMPTY",
            "image_id": "BLD00955_PS3_K3A_NIA0277.png",
            "ingest_time": "2023-03-02T14:34:14.313313Z",
            "type_id": "1",
            "type_name": "건물"
         }
      },
      {
         "type": "Feature",
         "geometry": {
            "type": "Polygon",
            "coordinates": [
               [
                  31.297957,
                  30.063349,
                  0.0
               ],
               [
                  31.303797,
                  30.063424,
                  0.0
               ],
               [
                  31.303711,
                  30.068505,
                  0.0
               ],
               [
                  31.29787,
                  30.068429,
                  0.0
               ]
            ]
         },
         "properties": {
            "object_imcoords": "EMPTY",
            "building_imcoords": "406.245119, 386.252741, 395.209326, 397.768351, 395.049387, 402.886400, 401.926765, 409.603839, 412.642680, 397.928290, 412.642680, 393.13011",
            "road_imcoords": "EMPTY",
            "image_id": "BLD00955_PS3_K3A_NIA0277.png",
            "ingest_time": "2023-03-02T14:34:14.313313Z",
            "type_id": "1",
            "type_name": "건물"
         }
      },
      {
         "type": "Feature",
         "geometry": {
            "type": "Polygon",
            "coordinates": [
               [
                  31.297957,
                  30.063349,
                  0.0
               ],
               [
                  31.303797,
                  30.063424,
                  0.0
               ],
               [
                  31.303711,
                  30.068505,
                  0.0
               ],
               [
                  31.29787,
                  30.068429,
                  0.0
               ]
            ]
         },
         "properties": {
            "object_imcoords": "EMPTY",
            "building_imcoords": "416.321278, 399.207802, 407.524631, 408.164387, 408.004448, 412.962558, 419.040241, 421.119448, 427.676948, 409.603839, 426.077558, 405.44542",
            "road_imcoords": "EMPTY",
            "image_id": "BLD00955_PS3_K3A_NIA0277.png",
            "ingest_time": "2023-03-02T14:34:14.313313Z",
            "type_id": "1",
            "type_name": "건물"
         }
      },
      {
         "type": "Feature",
         "geometry": {
            "type": "Polygon",
            "coordinates": [
               [
                  31.297957,
                  30.063349,
                  0.0
               ],
               [
                  31.303797,
                  30.063424,
                  0.0
               ],
               [
                  31.303711,
                  30.068505,
                  0.0
               ],
               [
                  31.29787,
                  30.068429,
                  0.0
               ]
            ]
         },
         "properties": {
            "object_imcoords": "EMPTY",
            "building_imcoords": "486.961285, 245.058271, 476.093179, 255.225209, 477.846099, 262.236891, 489.064790, 268.897988, 496.777639, 258.029882, 498.179976, 253.12170",
            "road_imcoords": "EMPTY",
            "image_id": "BLD00955_PS3_K3A_NIA0277.png",
            "ingest_time": "2023-03-02T14:34:14.313313Z",
            "type_id": "1",
            "type_name": "건물"
         }
      },
      {
         "type": "Feature",
         "geometry": {
            "type": "Polygon",
            "coordinates": [
               [
                  31.297957,
                  30.063349,
                  0.0
               ],
               [
                  31.303797,
                  30.063424,
                  0.0
               ],
               [
                  31.303711,
                  30.068505,
                  0.0
               ],
               [
                  31.29787,
                  30.068429,
                  0.0
               ]
            ]
         },
         "properties": {
            "object_imcoords": "EMPTY",
            "building_imcoords": "801.442124, 100.670253, 797.700397, 89.979607, 773.290088, 100.313899, 774.180975, 106.015577, 776.675460, 113.142674, 801.263946, 103.87744",
            "road_imcoords": "EMPTY",
            "image_id": "BLD00955_PS3_K3A_NIA0277.png",
            "ingest_time": "2023-03-02T14:34:14.313313Z",
            "type_id": "1",
            "type_name": "건물"
         }
      },
      {
         "type": "Feature",
         "geometry": {
            "type": "Polygon",
            "coordinates": [
               [
                  31.297957,
                  30.063349,
                  0.0
               ],
               [
                  31.303797,
                  30.063424,
                  0.0
               ],
               [
                  31.303711,
                  30.068505,
                  0.0
               ],
               [
                  31.29787,
                  30.068429,
                  0.0
               ]
            ]
         },
         "properties": {
            "object_imcoords": "EMPTY",
            "building_imcoords": "802.154833, 103.521092, 783.624380, 110.648190, 783.446202, 116.528046, 787.366106, 117.240755, 788.969703, 122.586078, 790.216945, 123.833321, 806.609269, 118.131643, 807.321979, 112.60814",
            "road_imcoords": "EMPTY",
            "image_id": "BLD00955_PS3_K3A_NIA0277.png",
            "ingest_time": "2023-03-02T14:34:14.313313Z",
            "type_id": "1",
            "type_name": "건물"
         }
      },
      {
         "type": "Feature",
         "geometry": {
            "type": "Polygon",
            "coordinates": [
               [
                  31.297957,
                  30.063349,
                  0.0
               ],
               [
                  31.303797,
                  30.063424,
                  0.0
               ],
               [
                  31.303711,
                  30.068505,
                  0.0
               ],
               [
                  31.29787,
                  30.068429,
                  0.0
               ]
            ]
         },
         "properties": {
            "object_imcoords": "EMPTY",
            "building_imcoords": "797.165865, 122.764256, 778.279056, 129.534999, 789.682413, 163.745067, 809.460108, 156.974324, 809.460108, 152.34171",
            "road_imcoords": "EMPTY",
            "image_id": "BLD00955_PS3_K3A_NIA0277.png",
            "ingest_time": "2023-03-02T14:34:14.313313Z",
            "type_id": "1",
            "type_name": "건물"
         }
      },
      {
         "type": "Feature",
         "geometry": {
            "type": "Polygon",
            "coordinates": [
               [
                  31.297957,
                  30.063349,
                  0.0
               ],
               [
                  31.303797,
                  30.063424,
                  0.0
               ],
               [
                  31.303711,
                  30.068505,
                  0.0
               ],
               [
                  31.29787,
                  30.068429,
                  0.0
               ]
            ]
         },
         "properties": {
            "object_imcoords": "EMPTY",
            "building_imcoords": "180.441510, 538.539939, 163.316274, 524.895442, 140.482626, 551.627517, 140.482626, 559.006684, 156.633255, 569.727360, 180.998428, 545.22295",
            "road_imcoords": "EMPTY",
            "image_id": "BLD00955_PS3_K3A_NIA0277.png",
            "ingest_time": "2023-03-02T14:34:14.313313Z",
            "type_id": "1",
            "type_name": "건물"
         }
      },
      {
         "type": "Feature",
         "geometry": {
            "type": "Polygon",
            "coordinates": [
               [
                  31.297957,
                  30.063349,
                  0.0
               ],
               [
                  31.303797,
                  30.063424,
                  0.0
               ],
               [
                  31.303711,
                  30.068505,
                  0.0
               ],
               [
                  31.29787,
                  30.068429,
                  0.0
               ]
            ]
         },
         "properties": {
            "object_imcoords": "EMPTY",
            "building_imcoords": "873.140017, 326.181181, 879.549691, 340.187505, 896.167364, 334.964808, 895.455178, 324.282018, 910.173688, 318.109740, 904.001410, 304.578206, 872.665226, 315.02360",
            "road_imcoords": "EMPTY",
            "image_id": "BLD00955_PS3_K3A_NIA0277.png",
            "ingest_time": "2023-03-02T14:34:14.313313Z",
            "type_id": "1",
            "type_name": "건물"
         }
      },
      {
         "type": "Feature",
         "geometry": {
            "type": "Polygon",
            "coordinates": [
               [
                  31.297957,
                  30.063349,
                  0.0
               ],
               [
                  31.303797,
                  30.063424,
                  0.0
               ],
               [
                  31.303711,
                  30.068505,
                  0.0
               ],
               [
                  31.29787,
                  30.068429,
                  0.0
               ]
            ]
         },
         "properties": {
            "object_imcoords": "EMPTY",
            "building_imcoords": "985.650436, 407.880604, 997.916145, 403.120776, 1002.675973, 412.823502, 1002.675973, 419.047891, 990.227193, 425.089211, 985.101225, 414.83727",
            "road_imcoords": "EMPTY",
            "image_id": "BLD00955_PS3_K3A_NIA0277.png",
            "ingest_time": "2023-03-02T14:34:14.313313Z",
            "type_id": "1",
            "type_name": "건물"
         }
      },
      {
         "type": "Feature",
         "geometry": {
            "type": "Polygon",
            "coordinates": [
               [
                  31.297957,
                  30.063349,
                  0.0
               ],
               [
                  31.303797,
                  30.063424,
                  0.0
               ],
               [
                  31.303711,
                  30.068505,
                  0.0
               ],
               [
                  31.29787,
                  30.068429,
                  0.0
               ]
            ]
         },
         "properties": {
            "object_imcoords": "EMPTY",
            "building_imcoords": "0.000000, 614.200820, 60.413195, 661.616024, 71.397413, 648.984174, 71.580483, 626.283459, 70.298991, 623.354334, 70.482061, 620.425209, 4.759828, 562.941139, 2.013773, 564.954912, 0.000000, 564.22263",
            "road_imcoords": "EMPTY",
            "image_id": "BLD00955_PS3_K3A_NIA0277.png",
            "ingest_time": "2023-03-02T14:34:14.313313Z",
            "type_id": "1",
            "type_name": "건물"
         }
      },
      {
         "type": "Feature",
         "geometry": {
            "type": "Polygon",
            "coordinates": [
               [
                  31.297957,
                  30.063349,
                  0.0
               ],
               [
                  31.303797,
                  30.063424,
                  0.0
               ],
               [
                  31.303711,
                  30.068505,
                  0.0
               ],
               [
                  31.29787,
                  30.068429,
                  0.0
               ]
            ]
         },
         "properties": {
            "object_imcoords": "EMPTY",
            "building_imcoords": "0.000000, 620.242139, 4.576757, 624.269685, 4.210617, 632.507848, 14.645623, 642.210574, 14.645623, 663.446727, 0.000000, 676.993929, 0.000000, 620.60828",
            "road_imcoords": "EMPTY",
            "image_id": "BLD00955_PS3_K3A_NIA0277.png",
            "ingest_time": "2023-03-02T14:34:14.313313Z",
            "type_id": "1",
            "type_name": "건물"
         }
      },
      {
         "type": "Feature",
         "geometry": {
            "type": "Polygon",
            "coordinates": [
               [
                  31.297957,
                  30.063349,
                  0.0
               ],
               [
                  31.303797,
                  30.063424,
                  0.0
               ],
               [
                  31.303711,
                  30.068505,
                  0.0
               ],
               [
                  31.29787,
                  30.068429,
                  0.0
               ]
            ]
         },
         "properties": {
            "object_imcoords": "EMPTY",
            "building_imcoords": "43.091946, 682.477152, 56.628683, 693.757766, 56.403070, 713.837260, 15.341635, 763.246349, 0.000000, 754.221858, 0.000000, 722.636139, 37.677251, 681.12347",
            "road_imcoords": "EMPTY",
            "image_id": "BLD00955_PS3_K3A_NIA0277.png",
            "ingest_time": "2023-03-02T14:34:14.313313Z",
            "type_id": "1",
            "type_name": "건물"
         }
      },
      {
         "type": "Feature",
         "geometry": {
            "type": "Polygon",
            "coordinates": [
               [
                  31.297957,
                  30.063349,
                  0.0
               ],
               [
                  31.303797,
                  30.063424,
                  0.0
               ],
               [
                  31.303711,
                  30.068505,
                  0.0
               ],
               [
                  31.29787,
                  30.068429,
                  0.0
               ]
            ]
         },
         "properties": {
            "object_imcoords": "EMPTY",
            "building_imcoords": "153.299533, 661.436385, 139.400375, 647.946026, 136.538784, 645.902032, 89.935726, 700.272266, 74.196974, 686.781907, 74.605773, 669.203561, 74.605773, 661.845183, 90.753323, 646.310831, 94.228113, 647.128428, 96.680905, 644.880035, 96.476506, 638.339255, 108.331670, 624.644497, 113.850453, 625.462094, 125.910016, 611.971735, 123.866023, 606.248553, 124.683620, 599.912172, 137.969580, 584.991018, 153.503932, 596.232983, 153.299533, 601.956166, 154.117130, 602.160565, 163.110703, 595.824185, 176.805461, 607.066150, 176.396663, 628.732484, 171.286678, 635.682063, 171.082279, 640.17884",
            "road_imcoords": "EMPTY",
            "image_id": "BLD00955_PS3_K3A_NIA0277.png",
            "ingest_time": "2023-03-02T14:34:14.313313Z",
            "type_id": "1",
            "type_name": "건물"
         }
      },
      {
         "type": "Feature",
         "geometry": {
            "type": "Polygon",
            "coordinates": [
               [
                  31.297957,
                  30.063349,
                  0.0
               ],
               [
                  31.303797,
                  30.063424,
                  0.0
               ],
               [
                  31.303711,
                  30.068505,
                  0.0
               ],
               [
                  31.29787,
                  30.068429,
                  0.0
               ]
            ]
         },
         "properties": {
            "object_imcoords": "EMPTY",
            "building_imcoords": "211.841366, 636.762030, 197.759872, 624.537437, 194.355555, 628.560721, 190.332271, 626.703821, 184.142604, 633.667197, 184.297346, 638.928414, 181.357254, 637.071514, 172.382236, 646.201273, 176.560262, 650.688782, 164.954635, 664.306050, 159.693418, 661.984925, 155.051168, 667.400884, 154.586942, 675.292710, 147.468825, 682.720310, 146.849858, 675.602193, 133.077848, 664.151308, 118.067905, 679.934960, 117.758422, 692.159553, 108.473921, 700.825087, 109.711854, 720.167798, 126.888181, 732.856616, 131.220948, 729.297557, 149.016242, 741.986375, 162.633510, 729.916524, 162.788252, 712.275972, 212.460332, 652.85516",
            "road_imcoords": "EMPTY",
            "image_id": "BLD00955_PS3_K3A_NIA0277.png",
            "ingest_time": "2023-03-02T14:34:14.313313Z",
            "type_id": "1",
            "type_name": "건물"
         }
      },
      {
         "type": "Feature",
         "geometry": {
            "type": "Polygon",
            "coordinates": [
               [
                  31.297957,
                  30.063349,
                  0.0
               ],
               [
                  31.303797,
                  30.063424,
                  0.0
               ],
               [
                  31.303711,
                  30.068505,
                  0.0
               ],
               [
                  31.29787,
                  30.068429,
                  0.0
               ]
            ]
         },
         "properties": {
            "object_imcoords": "EMPTY",
            "building_imcoords": "122.958145, 751.315679, 73.689202, 708.044695, 60.836434, 722.753973, 61.122051, 746.745806, 102.964951, 783.019173, 111.819079, 783.590407, 124.529039, 771.73729",
            "road_imcoords": "EMPTY",
            "image_id": "BLD00955_PS3_K3A_NIA0277.png",
            "ingest_time": "2023-03-02T14:34:14.313313Z",
            "type_id": "1",
            "type_name": "건물"
         }
      },
      {
         "type": "Feature",
         "geometry": {
            "type": "Polygon",
            "coordinates": [
               [
                  31.297957,
                  30.063349,
                  0.0
               ],
               [
                  31.303797,
                  30.063424,
                  0.0
               ],
               [
                  31.303711,
                  30.068505,
                  0.0
               ],
               [
                  31.29787,
                  30.068429,
                  0.0
               ]
            ]
         },
         "properties": {
            "object_imcoords": "EMPTY",
            "building_imcoords": "60.693625, 767.738660, 46.841198, 755.171510, 21.992514, 782.019513, 22.420939, 801.298665, 38.272686, 814.294241, 43.556602, 809.724368, 50.125794, 806.439772, 60.265200, 796.300367, 60.408008, 789.159940, 62.550136, 781.16266",
            "road_imcoords": "EMPTY",
            "image_id": "BLD00955_PS3_K3A_NIA0277.png",
            "ingest_time": "2023-03-02T14:34:14.313313Z",
            "type_id": "1",
            "type_name": "건물"
         }
      },
      {
         "type": "Feature",
         "geometry": {
            "type": "Polygon",
            "coordinates": [
               [
                  31.297957,
                  30.063349,
                  0.0
               ],
               [
                  31.303797,
                  30.063424,
                  0.0
               ],
               [
                  31.303711,
                  30.068505,
                  0.0
               ],
               [
                  31.29787,
                  30.068429,
                  0.0
               ]
            ]
         },
         "properties": {
            "object_imcoords": "EMPTY",
            "building_imcoords": "0.000000, 783.693243, 11.626675, 795.873569, 10.519372, 811.098976, 0.000000, 823.00247",
            "road_imcoords": "EMPTY",
            "image_id": "BLD00955_PS3_K3A_NIA0277.png",
            "ingest_time": "2023-03-02T14:34:14.313313Z",
            "type_id": "1",
            "type_name": "건물"
         }
      },
      {
         "type": "Feature",
         "geometry": {
            "type": "Polygon",
            "coordinates": [
               [
                  31.297957,
                  30.063349,
                  0.0
               ],
               [
                  31.303797,
                  30.063424,
                  0.0
               ],
               [
                  31.303711,
                  30.068505,
                  0.0
               ],
               [
                  31.29787,
                  30.068429,
                  0.0
               ]
            ]
         },
         "properties": {
            "object_imcoords": "EMPTY",
            "building_imcoords": "204.526321, 566.418174, 189.620579, 582.790054, 188.643154, 605.026488, 249.976614, 655.119553, 259.750871, 662.938959, 251.198396, 671.980146, 251.198396, 691.528659, 287.118790, 714.009450, 301.780175, 699.836778, 301.535818, 686.885887, 313.020570, 675.401136, 313.020570, 656.34133",
            "road_imcoords": "EMPTY",
            "image_id": "BLD00955_PS3_K3A_NIA0277.png",
            "ingest_time": "2023-03-02T14:34:14.313313Z",
            "type_id": "1",
            "type_name": "건물"
         }
      },
      {
         "type": "Feature",
         "geometry": {
            "type": "Polygon",
            "coordinates": [
               [
                  31.297957,
                  30.063349,
                  0.0
               ],
               [
                  31.303797,
                  30.063424,
                  0.0
               ],
               [
                  31.303711,
                  30.068505,
                  0.0
               ],
               [
                  31.29787,
                  30.068429,
                  0.0
               ]
            ]
         },
         "properties": {
            "object_imcoords": "EMPTY",
            "building_imcoords": "242.099656, 689.680885, 227.645729, 676.422386, 204.378586, 699.875666, 197.119237, 694.105415, 175.341191, 720.164615, 175.527328, 739.150604, 187.998517, 753.483164, 194.327180, 749.574284, 196.933100, 750.132695, 204.378586, 746.782227, 214.243854, 733.566489, 224.295260, 732.077392, 235.277352, 726.121004, 241.978289, 712.71912",
            "road_imcoords": "EMPTY",
            "image_id": "BLD00955_PS3_K3A_NIA0277.png",
            "ingest_time": "2023-03-02T14:34:14.313313Z",
            "type_id": "1",
            "type_name": "건물"
         }
      },
      {
         "type": "Feature",
         "geometry": {
            "type": "Polygon",
            "coordinates": [
               [
                  31.297957,
                  30.063349,
                  0.0
               ],
               [
                  31.303797,
                  30.063424,
                  0.0
               ],
               [
                  31.303711,
                  30.068505,
                  0.0
               ],
               [
                  31.29787,
                  30.068429,
                  0.0
               ]
            ]
         },
         "properties": {
            "object_imcoords": "EMPTY",
            "building_imcoords": "0.249228, 975.978660, 16.947535, 989.187768, 17.196764, 1009.375274, 16.947535, 1013.861386, 6.978397, 1022.085925, 0.000000, 1016.10444",
            "road_imcoords": "EMPTY",
            "image_id": "BLD00955_PS3_K3A_NIA0277.png",
            "ingest_time": "2023-03-02T14:34:14.313313Z",
            "type_id": "1",
            "type_name": "건물"
         }
      },
      {
         "type": "Feature",
         "geometry": {
            "type": "Polygon",
            "coordinates": [
               [
                  31.297957,
                  30.063349,
                  0.0
               ],
               [
                  31.303797,
                  30.063424,
                  0.0
               ],
               [
                  31.303711,
                  30.068505,
                  0.0
               ],
               [
                  31.29787,
                  30.068429,
                  0.0
               ]
            ]
         },
         "properties": {
            "object_imcoords": "EMPTY",
            "building_imcoords": "32.958842, 1005.765087, 22.897722, 1017.213948, 22.550787, 1024.000000, 57.938175, 1024.00000",
            "road_imcoords": "EMPTY",
            "image_id": "BLD00955_PS3_K3A_NIA0277.png",
            "ingest_time": "2023-03-02T14:34:14.313313Z",
            "type_id": "1",
            "type_name": "건물"
         }
      },
      {
         "type": "Feature",
         "geometry": {
            "type": "Polygon",
            "coordinates": [
               [
                  31.297957,
                  30.063349,
                  0.0
               ],
               [
                  31.303797,
                  30.063424,
                  0.0
               ],
               [
                  31.303711,
                  30.068505,
                  0.0
               ],
               [
                  31.29787,
                  30.068429,
                  0.0
               ]
            ]
         },
         "properties": {
            "object_imcoords": "EMPTY",
            "building_imcoords": "134.154445, 914.354608, 116.793281, 920.492393, 116.267185, 949.778396, 128.367390, 982.396339, 147.482207, 973.978805, 153.093896, 973.101979, 158.179489, 985.026819, 157.653393, 1020.099876, 162.738987, 1021.152068, 186.237935, 1012.033073, 189.219145, 1010.454785, 193.603277, 1017.294031, 192.200355, 1018.872319, 192.726451, 1024.000000, 244.809941, 1024.000000, 240.075078, 1012.208438, 242.705558, 1009.753324, 242.880923, 1002.212617, 233.060467, 982.922435, 212.542728, 991.515334, 205.352751, 978.538303, 204.826656, 965.912002, 196.233756, 948.024743, 175.540653, 955.916181, 169.578233, 942.763784, 169.578233, 927.857735, 159.933142, 909.795110, 137.837116, 918.91410",
            "road_imcoords": "EMPTY",
            "image_id": "BLD00955_PS3_K3A_NIA0277.png",
            "ingest_time": "2023-03-02T14:34:14.313313Z",
            "type_id": "1",
            "type_name": "건물"
         }
      },
      {
         "type": "Feature",
         "geometry": {
            "type": "Polygon",
            "coordinates": [
               [
                  31.297957,
                  30.063349,
                  0.0
               ],
               [
                  31.303797,
                  30.063424,
                  0.0
               ],
               [
                  31.303711,
                  30.068505,
                  0.0
               ],
               [
                  31.29787,
                  30.068429,
                  0.0
               ]
            ]
         },
         "properties": {
            "object_imcoords": "EMPTY",
            "building_imcoords": "221.828247, 869.929512, 201.421560, 879.943905, 201.610510, 901.295346, 206.901133, 905.830166, 207.090084, 928.315312, 215.592870, 940.975016, 232.598443, 933.983836, 235.810606, 937.196000, 256.784146, 927.559508, 257.539949, 907.341772, 254.516736, 899.405838, 310.824076, 872.763775, 311.390929, 848.767022, 302.321290, 834.028859, 275.679226, 844.421154, 244.880245, 859.537218, 244.880245, 865.205742, 225.796214, 874.84223",
            "road_imcoords": "EMPTY",
            "image_id": "BLD00955_PS3_K3A_NIA0277.png",
            "ingest_time": "2023-03-02T14:34:14.313313Z",
            "type_id": "1",
            "type_name": "건물"
         }
      },
      {
         "type": "Feature",
         "geometry": {
            "type": "Polygon",
            "coordinates": [
               [
                  31.297957,
                  30.063349,
                  0.0
               ],
               [
                  31.303797,
                  30.063424,
                  0.0
               ],
               [
                  31.303711,
                  30.068505,
                  0.0
               ],
               [
                  31.29787,
                  30.068429,
                  0.0
               ]
            ]
         },
         "properties": {
            "object_imcoords": "EMPTY",
            "building_imcoords": "361.140912, 801.942120, 343.414895, 810.057646, 343.201328, 818.173172, 323.339646, 828.637930, 323.339646, 844.228283, 369.470005, 941.401029, 373.527768, 939.265365, 375.236300, 945.031660, 394.030150, 933.285503, 394.030150, 913.423821, 370.537837, 859.177936, 385.487491, 851.703109, 385.701057, 836.539889, 374.382034, 813.474710, 367.334340, 813.68827",
            "road_imcoords": "EMPTY",
            "image_id": "BLD00955_PS3_K3A_NIA0277.png",
            "ingest_time": "2023-03-02T14:34:14.313313Z",
            "type_id": "1",
            "type_name": "건물"
         }
      },
      {
         "type": "Feature",
         "geometry": {
            "type": "Polygon",
            "coordinates": [
               [
                  31.297957,
                  30.063349,
                  0.0
               ],
               [
                  31.303797,
                  30.063424,
                  0.0
               ],
               [
                  31.303711,
                  30.068505,
                  0.0
               ],
               [
                  31.29787,
                  30.068429,
                  0.0
               ]
            ]
         },
         "properties": {
            "object_imcoords": "EMPTY",
            "building_imcoords": "297.224546, 899.477859, 277.464926, 908.776504, 278.129115, 933.849636, 268.830470, 940.159431, 262.188580, 940.823620, 258.867636, 944.144565, 252.557841, 949.458076, 252.225746, 966.726989, 262.686722, 986.984751, 267.003950, 984.494042, 267.834186, 986.984751, 270.989084, 986.984751, 288.257996, 977.520059, 288.424043, 971.210264, 308.017617, 962.575808, 310.010183, 967.723272, 331.928418, 956.764155, 331.762371, 936.340345, 326.947001, 924.550991, 328.939568, 922.558425, 328.773521, 911.765355, 320.139065, 893.998301, 302.205963, 903.79508",
            "road_imcoords": "EMPTY",
            "image_id": "BLD00955_PS3_K3A_NIA0277.png",
            "ingest_time": "2023-03-02T14:34:14.313313Z",
            "type_id": "1",
            "type_name": "건물"
         }
      },
      {
         "type": "Feature",
         "geometry": {
            "type": "Polygon",
            "coordinates": [
               [
                  31.297957,
                  30.063349,
                  0.0
               ],
               [
                  31.303797,
                  30.063424,
                  0.0
               ],
               [
                  31.303711,
                  30.068505,
                  0.0
               ],
               [
                  31.29787,
                  30.068429,
                  0.0
               ]
            ]
         },
         "properties": {
            "object_imcoords": "EMPTY",
            "building_imcoords": "343.792675, 967.997501, 323.377929, 980.822723, 320.668058, 985.339175, 320.969155, 989.554530, 321.721897, 1015.448852, 329.098768, 1024.000000, 335.120703, 1024.000000, 452.397895, 953.724014, 463.839572, 975.704078, 482.357023, 966.068982, 483.109765, 954.928401, 496.809668, 946.798789, 497.261313, 927.076950, 486.722926, 911.118821, 479.647152, 912.624305, 468.205475, 893.805757, 446.978153, 904.193596, 446.978153, 912.925402, 402.415831, 933.851628, 379.617124, 946.909085, 379.620058, 951.509197, 373.047009, 956.109308, 370.792383, 952.568560, 353.028414, 962.749025, 353.262536, 967.657385, 345.893175, 972.97674",
            "road_imcoords": "EMPTY",
            "image_id": "BLD00955_PS3_K3A_NIA0277.png",
            "ingest_time": "2023-03-02T14:34:14.313313Z",
            "type_id": "1",
            "type_name": "건물"
         }
      },
      {
         "type": "Feature",
         "geometry": {
            "type": "Polygon",
            "coordinates": [
               [
                  31.297957,
                  30.063349,
                  0.0
               ],
               [
                  31.303797,
                  30.063424,
                  0.0
               ],
               [
                  31.303711,
                  30.068505,
                  0.0
               ],
               [
                  31.29787,
                  30.068429,
                  0.0
               ]
            ]
         },
         "properties": {
            "object_imcoords": "EMPTY",
            "building_imcoords": "423.358595, 776.184080, 407.364692, 784.340970, 406.884875, 803.053836, 410.403534, 814.729384, 425.597741, 847.037067, 450.388289, 898.697372, 468.301460, 888.461274, 467.981582, 861.911396, 464.462924, 853.754506, 462.383716, 855.513835, 462.543655, 849.116274, 459.184936, 842.238896, 454.866582, 842.718713, 453.107253, 837.440726, 453.906948, 830.883226, 451.507863, 823.526031, 445.270241, 811.050787, 442.231399, 812.330299, 440.632009, 807.372189, 440.312131, 799.215299, 438.392863, 791.858104, 435.354021, 791.698165, 435.194082, 787.379811, 433.914570, 779.062982, 429.916094, 776.02414",
            "road_imcoords": "EMPTY",
            "image_id": "BLD00955_PS3_K3A_NIA0277.png",
            "ingest_time": "2023-03-02T14:34:14.313313Z",
            "type_id": "1",
            "type_name": "건물"
         }
      },
      {
         "type": "Feature",
         "geometry": {
            "type": "Polygon",
            "coordinates": [
               [
                  31.297957,
                  30.063349,
                  0.0
               ],
               [
                  31.303797,
                  30.063424,
                  0.0
               ],
               [
                  31.303711,
                  30.068505,
                  0.0
               ],
               [
                  31.29787,
                  30.068429,
                  0.0
               ]
            ]
         },
         "properties": {
            "object_imcoords": "EMPTY",
            "building_imcoords": "375.424483, 1024.000000, 393.359415, 1014.835048, 393.359415, 1004.960759, 413.712540, 994.481923, 423.385313, 1011.610791, 424.191377, 1018.059306, 468.121886, 993.071310, 515.881200, 962.440864, 526.763069, 980.778828, 525.553972, 1000.527405, 516.687264, 1008.789565, 510.238749, 1013.625951, 506.409944, 1016.245661, 495.125042, 1024.00000",
            "road_imcoords": "EMPTY",
            "image_id": "BLD00955_PS3_K3A_NIA0277.png",
            "ingest_time": "2023-03-02T14:34:14.313313Z",
            "type_id": "1",
            "type_name": "건물"
         }
      },
      {
         "type": "Feature",
         "geometry": {
            "type": "Polygon",
            "coordinates": [
               [
                  31.297957,
                  30.063349,
                  0.0
               ],
               [
                  31.303797,
                  30.063424,
                  0.0
               ],
               [
                  31.303711,
                  30.068505,
                  0.0
               ],
               [
                  31.29787,
                  30.068429,
                  0.0
               ]
            ]
         },
         "properties": {
            "object_imcoords": "EMPTY",
            "building_imcoords": "493.426971, 747.666534, 464.917563, 760.095590, 465.242113, 768.696159, 457.615193, 772.915306, 457.452918, 792.712843, 466.864862, 810.400806, 473.031308, 808.291233, 483.903725, 828.900144, 503.214437, 818.190001, 504.025812, 815.755878, 503.701262, 810.238531, 518.143727, 803.260711, 522.362875, 800.988863, 525.932922, 799.366114, 526.419747, 811.861280, 534.371216, 820.786399, 556.116052, 811.536731, 556.602877, 804.072086, 584.676433, 789.142796, 590.193779, 798.067915, 610.964965, 787.357772, 609.504491, 766.262036, 601.877571, 750.521371, 604.798519, 743.543551, 596.197950, 725.044214, 594.412926, 721.636441, 581.106385, 726.829237, 580.944110, 732.346584, 578.023162, 733.482508, 573.154915, 726.342413, 554.006478, 736.078906, 554.817853, 754.512907, 550.436431, 754.578244, 544.588641, 741.928831, 525.608372, 750.196822, 519.441927, 740.298053, 510.354533, 744.030376, 510.516807, 753.929144, 514.086855, 761.718339, 501.591688, 767.235685, 500.942589, 761.71833",
            "road_imcoords": "EMPTY",
            "image_id": "BLD00955_PS3_K3A_NIA0277.png",
            "ingest_time": "2023-03-02T14:34:14.313313Z",
            "type_id": "1",
            "type_name": "건물"
         }
      },
      {
         "type": "Feature",
         "geometry": {
            "type": "Polygon",
            "coordinates": [
               [
                  31.297957,
                  30.063349,
                  0.0
               ],
               [
                  31.303797,
                  30.063424,
                  0.0
               ],
               [
                  31.303711,
                  30.068505,
                  0.0
               ],
               [
                  31.29787,
                  30.068429,
                  0.0
               ]
            ]
         },
         "properties": {
            "object_imcoords": "EMPTY",
            "building_imcoords": "535.618383, 858.865782, 525.213057, 840.613818, 507.984568, 850.166248, 507.984568, 862.106785, 490.926658, 873.023848, 489.903183, 894.687394, 501.843720, 911.574725, 506.449356, 908.163143, 517.707577, 923.344683, 517.878156, 934.602904, 537.153594, 963.771930, 540.394597, 971.959727, 543.635600, 976.394784, 551.482239, 982.194474, 567.687254, 971.106832, 567.857833, 950.125602, 545.341391, 910.380671, 538.518227, 898.781292, 553.188030, 888.887704, 552.676293, 875.241376, 541.247493, 855.45420",
            "road_imcoords": "EMPTY",
            "image_id": "BLD00955_PS3_K3A_NIA0277.png",
            "ingest_time": "2023-03-02T14:34:14.313313Z",
            "type_id": "1",
            "type_name": "건물"
         }
      },
      {
         "type": "Feature",
         "geometry": {
            "type": "Polygon",
            "coordinates": [
               [
                  31.297957,
                  30.063349,
                  0.0
               ],
               [
                  31.303797,
                  30.063424,
                  0.0
               ],
               [
                  31.303711,
                  30.068505,
                  0.0
               ],
               [
                  31.29787,
                  30.068429,
                  0.0
               ]
            ]
         },
         "properties": {
            "object_imcoords": "EMPTY",
            "building_imcoords": "569.222466, 814.685795, 551.823397, 823.044171, 551.823397, 845.560612, 581.504161, 891.105233, 567.004937, 901.510558, 567.516675, 922.321208, 579.627791, 940.061435, 583.721690, 938.014486, 595.662227, 953.025447, 628.583994, 933.408850, 629.778047, 903.728086, 619.372722, 885.817280, 614.937665, 889.058283, 603.508865, 874.217901, 604.361761, 863.130260, 582.698215, 828.502702, 579.286633, 830.03791",
            "road_imcoords": "EMPTY",
            "image_id": "BLD00955_PS3_K3A_NIA0277.png",
            "ingest_time": "2023-03-02T14:34:14.313313Z",
            "type_id": "1",
            "type_name": "건물"
         }
      },
      {
         "type": "Feature",
         "geometry": {
            "type": "Polygon",
            "coordinates": [
               [
                  31.297957,
                  30.063349,
                  0.0
               ],
               [
                  31.303797,
                  30.063424,
                  0.0
               ],
               [
                  31.303711,
                  30.068505,
                  0.0
               ],
               [
                  31.29787,
                  30.068429,
                  0.0
               ]
            ]
         },
         "properties": {
            "object_imcoords": "EMPTY",
            "building_imcoords": "637.434484, 697.643642, 620.015482, 705.595795, 619.636808, 727.053986, 625.569367, 736.394610, 624.938244, 748.385952, 634.657542, 760.377293, 658.892675, 749.269524, 666.213704, 760.124844, 666.339929, 770.222816, 676.816575, 788.146716, 695.750272, 776.786498, 696.381396, 758.736373, 696.760070, 751.036669, 685.273626, 733.617668, 681.613112, 735.637262, 674.292082, 722.383674, 674.292082, 712.033252, 663.310537, 692.720881, 642.609695, 702.06150",
            "road_imcoords": "EMPTY",
            "image_id": "BLD00955_PS3_K3A_NIA0277.png",
            "ingest_time": "2023-03-02T14:34:14.313313Z",
            "type_id": "1",
            "type_name": "건물"
         }
      },
      {
         "type": "Feature",
         "geometry": {
            "type": "Polygon",
            "coordinates": [
               [
                  31.297957,
                  30.063349,
                  0.0
               ],
               [
                  31.303797,
                  30.063424,
                  0.0
               ],
               [
                  31.303711,
                  30.068505,
                  0.0
               ],
               [
                  31.29787,
                  30.068429,
                  0.0
               ]
            ]
         },
         "properties": {
            "object_imcoords": "EMPTY",
            "building_imcoords": "657.787282, 790.834591, 640.809891, 800.362718, 641.156368, 807.292266, 626.257841, 814.395052, 622.619829, 809.890846, 617.422669, 811.796472, 615.863520, 814.221813, 615.517043, 833.451307, 633.187389, 853.546994, 639.597220, 852.161085, 652.416883, 868.099044, 652.243644, 892.005982, 663.677397, 908.290418, 683.426607, 897.203143, 689.663200, 902.053826, 707.506784, 892.005982, 707.853261, 871.390579, 703.002578, 863.421599, 703.349056, 852.680801, 703.522294, 847.137163, 684.812516, 823.230225, 679.095640, 811.276756, 677.089755, 805.824359, 669.216672, 807.30106",
            "road_imcoords": "EMPTY",
            "image_id": "BLD00955_PS3_K3A_NIA0277.png",
            "ingest_time": "2023-03-02T14:34:14.313313Z",
            "type_id": "1",
            "type_name": "건물"
         }
      },
      {
         "type": "Feature",
         "geometry": {
            "type": "Polygon",
            "coordinates": [
               [
                  31.297957,
                  30.063349,
                  0.0
               ],
               [
                  31.303797,
                  30.063424,
                  0.0
               ],
               [
                  31.303711,
                  30.068505,
                  0.0
               ],
               [
                  31.29787,
                  30.068429,
                  0.0
               ]
            ]
         },
         "properties": {
            "object_imcoords": "EMPTY",
            "building_imcoords": "662.665269, 943.042588, 644.695520, 951.412060, 644.449359, 957.073762, 637.803014, 961.504659, 635.095243, 957.812245, 615.894689, 969.135648, 615.648528, 976.028155, 612.694597, 980.212891, 612.940758, 1003.352020, 623.279518, 1013.198458, 680.881179, 977.751281, 681.127340, 958.058406, 670.788580, 941.31946",
            "road_imcoords": "EMPTY",
            "image_id": "BLD00955_PS3_K3A_NIA0277.png",
            "ingest_time": "2023-03-02T14:34:14.313313Z",
            "type_id": "1",
            "type_name": "건물"
         }
      },
      {
         "type": "Feature",
         "geometry": {
            "type": "Polygon",
            "coordinates": [
               [
                  31.297957,
                  30.063349,
                  0.0
               ],
               [
                  31.303797,
                  30.063424,
                  0.0
               ],
               [
                  31.303711,
                  30.068505,
                  0.0
               ],
               [
                  31.29787,
                  30.068429,
                  0.0
               ]
            ]
         },
         "properties": {
            "object_imcoords": "EMPTY",
            "building_imcoords": "657.003567, 994.736387, 636.818370, 1005.321307, 637.310692, 1014.429262, 623.525679, 1021.814091, 623.279518, 1024.000000, 734.298105, 1024.000000, 743.406060, 1014.921584, 745.129186, 1009.752204, 744.636865, 1005.813629, 743.159899, 991.782455, 731.344173, 975.781994, 721.990057, 981.197535, 721.990057, 982.428339, 718.543804, 985.874593, 719.036126, 987.843880, 716.328356, 987.597719, 687.035203, 1001.875054, 687.281364, 1003.352020, 667.096166, 1015.660067, 667.588488, 1009.99836",
            "road_imcoords": "EMPTY",
            "image_id": "BLD00955_PS3_K3A_NIA0277.png",
            "ingest_time": "2023-03-02T14:34:14.313313Z",
            "type_id": "1",
            "type_name": "건물"
         }
      },
      {
         "type": "Feature",
         "geometry": {
            "type": "Polygon",
            "coordinates": [
               [
                  31.297957,
                  30.063349,
                  0.0
               ],
               [
                  31.303797,
                  30.063424,
                  0.0
               ],
               [
                  31.303711,
                  30.068505,
                  0.0
               ],
               [
                  31.29787,
                  30.068429,
                  0.0
               ]
            ]
         },
         "properties": {
            "object_imcoords": "EMPTY",
            "building_imcoords": "719.990220, 925.532541, 711.277932, 910.730110, 693.684186, 921.557031, 694.191698, 927.647173, 676.597952, 938.220338, 676.344196, 949.808527, 687.001946, 967.571443, 696.560087, 963.173007, 695.798819, 984.319336, 703.580668, 993.454550, 716.099295, 987.702749, 719.313537, 988.548602, 718.890611, 985.588116, 722.274023, 982.965971, 722.020267, 981.105094, 726.418704, 978.313778, 726.164948, 966.133493, 755.177712, 950.908136, 759.406978, 960.297106, 778.354089, 947.017211, 778.100333, 927.562588, 772.010190, 916.566497, 774.665433, 917.780524, 784.932841, 912.751590, 793.733476, 912.961129, 814.896908, 901.436488, 885.721068, 858.481006, 886.140146, 835.850802, 875.453660, 821.183076, 867.072103, 823.068927, 860.366857, 826.002472, 859.528701, 829.355095, 858.690545, 830.612328, 855.966539, 828.097861, 849.261293, 832.707718, 849.470832, 837.108035, 841.089275, 841.717892, 839.203425, 838.574808, 832.917257, 843.603742, 833.126796, 845.908670, 831.450484, 847.165904, 829.145556, 844.441898, 820.344921, 849.051754, 820.763999, 853.242533, 813.011058, 859.319162, 809.867974, 855.757000, 791.219009, 866.024408, 790.799931, 871.472420, 783.885146, 874.825043, 781.999296, 872.310576, 762.931253, 881.320750, 762.512175, 887.816457, 745.120444, 897.245709, 739.881971, 891.797697, 721.233006, 904.57957",
            "road_imcoords": "EMPTY",
            "image_id": "BLD00955_PS3_K3A_NIA0277.png",
            "ingest_time": "2023-03-02T14:34:14.313313Z",
            "type_id": "1",
            "type_name": "건물"
         }
      },
      {
         "type": "Feature",
         "geometry": {
            "type": "Polygon",
            "coordinates": [
               [
                  31.297957,
                  30.063349,
                  0.0
               ],
               [
                  31.303797,
                  30.063424,
                  0.0
               ],
               [
                  31.303711,
                  30.068505,
                  0.0
               ],
               [
                  31.29787,
                  30.068429,
                  0.0
               ]
            ]
         },
         "properties": {
            "object_imcoords": "EMPTY",
            "building_imcoords": "748.759300, 697.787755, 737.040081, 676.749637, 731.815850, 682.115063, 721.790976, 664.465636, 704.000353, 674.914097, 704.000353, 684.515385, 686.350926, 693.975478, 685.927340, 714.307618, 697.928950, 732.945414, 704.847525, 727.721183, 717.696309, 743.817461, 718.543481, 769.797418, 727.579988, 784.622937, 748.759300, 770.644590, 754.830703, 777.704361, 771.068176, 765.561555, 771.209372, 746.782565, 765.702751, 739.581598, 766.267532, 726.309229, 756.101462, 708.942193, 754.548313, 707.106652, 748.795409, 711.59601",
            "road_imcoords": "EMPTY",
            "image_id": "BLD00955_PS3_K3A_NIA0277.png",
            "ingest_time": "2023-03-02T14:34:14.313313Z",
            "type_id": "1",
            "type_name": "건물"
         }
      },
      {
         "type": "Feature",
         "geometry": {
            "type": "Polygon",
            "coordinates": [
               [
                  31.297957,
                  30.063349,
                  0.0
               ],
               [
                  31.303797,
                  30.063424,
                  0.0
               ],
               [
                  31.303711,
                  30.068505,
                  0.0
               ],
               [
                  31.29787,
                  30.068429,
                  0.0
               ]
            ]
         },
         "properties": {
            "object_imcoords": "EMPTY",
            "building_imcoords": "799.181489, 652.713775, 791.219009, 637.836511, 770.893733, 648.313457, 770.474655, 658.790404, 755.806930, 666.752883, 756.435546, 688.964010, 767.122032, 703.003119, 772.570044, 699.021879, 775.294050, 708.451131, 785.770997, 717.880383, 805.886734, 706.774819, 806.096273, 697.136028, 830.193251, 683.306459, 862.252707, 666.124266, 876.501355, 657.323631, 875.034582, 633.436193, 866.862564, 620.654318, 856.385617, 619.816162, 847.165904, 624.426019, 837.736652, 622.121091, 838.574808, 632.807576, 808.820279, 648.522996, 808.820279, 654.390086, 799.810105, 658.37132",
            "road_imcoords": "EMPTY",
            "image_id": "BLD00955_PS3_K3A_NIA0277.png",
            "ingest_time": "2023-03-02T14:34:14.313313Z",
            "type_id": "1",
            "type_name": "건물"
         }
      },
      {
         "type": "Feature",
         "geometry": {
            "type": "Polygon",
            "coordinates": [
               [
                  31.297957,
                  30.063349,
                  0.0
               ],
               [
                  31.303797,
                  30.063424,
                  0.0
               ],
               [
                  31.303711,
                  30.068505,
                  0.0
               ],
               [
                  31.29787,
                  30.068429,
                  0.0
               ]
            ]
         },
         "properties": {
            "object_imcoords": "EMPTY",
            "building_imcoords": "821.920621, 750.440606, 801.014210, 762.984452, 800.815101, 771.944343, 778.116712, 783.890864, 775.727408, 779.908690, 749.046845, 793.248971, 749.245954, 813.358948, 739.887846, 799.421340, 718.583217, 810.372318, 717.786783, 818.734882, 704.844719, 826.500121, 705.043827, 846.410988, 714.800152, 862.140574, 720.972521, 858.556618, 723.361826, 860.547704, 723.162717, 871.498682, 732.122607, 879.861246, 753.825453, 866.919182, 754.223671, 861.742356, 781.501559, 845.813662, 785.682842, 848.202966, 806.987470, 837.251989, 806.589253, 819.332208, 802.607079, 811.566970, 806.987470, 809.177666, 807.783905, 820.327752, 817.341121, 833.070707, 837.849315, 820.526860, 839.442185, 807.983014, 850.791379, 799.222232, 850.791379, 782.497103, 841.035054, 769.555039, 835.659120, 770.351473, 833.468924, 761.39158",
            "road_imcoords": "EMPTY",
            "image_id": "BLD00955_PS3_K3A_NIA0277.png",
            "ingest_time": "2023-03-02T14:34:14.313313Z",
            "type_id": "1",
            "type_name": "건물"
         }
      },
      {
         "type": "Feature",
         "geometry": {
            "type": "Polygon",
            "coordinates": [
               [
                  31.297957,
                  30.063349,
                  0.0
               ],
               [
                  31.303797,
                  30.063424,
                  0.0
               ],
               [
                  31.303711,
                  30.068505,
                  0.0
               ],
               [
                  31.29787,
                  30.068429,
                  0.0
               ]
            ]
         },
         "properties": {
            "object_imcoords": "EMPTY",
            "building_imcoords": "781.573758, 946.601135, 791.823906, 940.451047, 829.493198, 915.081931, 838.974585, 910.981872, 849.224732, 927.638362, 848.968479, 949.676179, 847.430957, 954.032492, 846.662196, 957.876298, 838.462077, 961.720103, 832.055735, 964.282640, 817.961782, 974.276534, 808.992903, 977.607832, 797.461487, 984.782935, 795.667711, 985.295442, 782.086265, 974.27653",
            "road_imcoords": "EMPTY",
            "image_id": "BLD00955_PS3_K3A_NIA0277.png",
            "ingest_time": "2023-03-02T14:34:14.313313Z",
            "type_id": "1",
            "type_name": "건물"
         }
      },
      {
         "type": "Feature",
         "geometry": {
            "type": "Polygon",
            "coordinates": [
               [
                  31.297957,
                  30.063349,
                  0.0
               ],
               [
                  31.303797,
                  30.063424,
                  0.0
               ],
               [
                  31.303711,
                  30.068505,
                  0.0
               ],
               [
                  31.29787,
                  30.068429,
                  0.0
               ]
            ]
         },
         "properties": {
            "object_imcoords": "EMPTY",
            "building_imcoords": "798.186035, 1024.000000, 807.001176, 1018.231904, 810.493968, 1022.389989, 816.481610, 1019.728815, 818.643815, 1010.581027, 825.629398, 1008.252500, 827.292632, 1012.410585, 829.288513, 1006.589266, 838.103653, 1003.595444, 839.267917, 1005.092355, 844.756590, 1003.262797, 854.735994, 1019.063521, 854.569671, 1024.00000",
            "road_imcoords": "EMPTY",
            "image_id": "BLD00955_PS3_K3A_NIA0277.png",
            "ingest_time": "2023-03-02T14:34:14.313313Z",
            "type_id": "1",
            "type_name": "건물"
         }
      },
      {
         "type": "Feature",
         "geometry": {
            "type": "Polygon",
            "coordinates": [
               [
                  31.297957,
                  30.063349,
                  0.0
               ],
               [
                  31.303797,
                  30.063424,
                  0.0
               ],
               [
                  31.303711,
                  30.068505,
                  0.0
               ],
               [
                  31.29787,
                  30.068429,
                  0.0
               ]
            ]
         },
         "properties": {
            "object_imcoords": "EMPTY",
            "building_imcoords": "878.204675, 884.243722, 885.515101, 895.527206, 886.468635, 901.089487, 901.884098, 925.245678, 903.155477, 929.536580, 924.451066, 967.201167, 943.521743, 1000.098085, 944.157432, 1020.122296, 937.482695, 1024.000000, 917.299562, 1024.000000, 892.825527, 982.775553, 890.918459, 980.073874, 891.713071, 970.220691, 890.282770, 966.724400, 888.375702, 968.790390, 885.356178, 968.472546, 876.933296, 952.739237, 875.344073, 945.428811, 873.754850, 936.847006, 869.940715, 938.912996, 867.715802, 938.912996, 858.021541, 923.815377, 858.339386, 893.77906",
            "road_imcoords": "EMPTY",
            "image_id": "BLD00955_PS3_K3A_NIA0277.png",
            "ingest_time": "2023-03-02T14:34:14.313313Z",
            "type_id": "1",
            "type_name": "건물"
         }
      },
      {
         "type": "Feature",
         "geometry": {
            "type": "Polygon",
            "coordinates": [
               [
                  31.297957,
                  30.063349,
                  0.0
               ],
               [
                  31.303797,
                  30.063424,
                  0.0
               ],
               [
                  31.303711,
                  30.068505,
                  0.0
               ],
               [
                  31.29787,
                  30.068429,
                  0.0
               ]
            ]
         },
         "properties": {
            "object_imcoords": "EMPTY",
            "building_imcoords": "1024.000000, 880.582271, 1019.950356, 873.258446, 1002.933232, 882.736337, 1000.132946, 878.643611, 977.730658, 888.983129, 978.161471, 906.215659, 978.376877, 910.739198, 968.898986, 896.737768, 947.573730, 908.369725, 946.496697, 914.831924, 934.218520, 924.094409, 933.572300, 949.296983, 943.265598, 960.498128, 952.528083, 953.174303, 953.605116, 972.991712, 962.652194, 979.023097, 984.192856, 963.083007, 984.192856, 958.344062, 1012.626530, 943.481005, 1014.349783, 945.635071, 1016.503850, 947.358324, 1024.000000, 942.61937",
            "road_imcoords": "EMPTY",
            "image_id": "BLD00955_PS3_K3A_NIA0277.png",
            "ingest_time": "2023-03-02T14:34:14.313313Z",
            "type_id": "1",
            "type_name": "건물"
         }
      },
      {
         "type": "Feature",
         "geometry": {
            "type": "Polygon",
            "coordinates": [
               [
                  31.297957,
                  30.063349,
                  0.0
               ],
               [
                  31.303797,
                  30.063424,
                  0.0
               ],
               [
                  31.303711,
                  30.068505,
                  0.0
               ],
               [
                  31.29787,
                  30.068429,
                  0.0
               ]
            ]
         },
         "properties": {
            "object_imcoords": "EMPTY",
            "building_imcoords": "1000.276803, 841.095176, 990.862836, 825.005850, 986.754923, 827.573296, 984.358640, 824.150035, 964.846054, 834.933307, 964.503727, 840.068198, 955.945576, 844.689600, 954.062782, 841.437502, 944.648815, 847.257045, 922.226457, 861.977067, 922.226457, 870.877545, 917.091566, 864.373349, 907.677598, 869.337078, 905.623642, 870.021730, 905.281316, 876.525925, 905.281316, 899.461772, 916.406913, 910.073881, 931.126935, 902.713870, 930.613446, 898.263631, 937.973456, 895.353860, 954.918597, 887.993849, 961.593956, 884.741751, 987.268412, 869.337078, 999.934477, 860.77892",
            "road_imcoords": "EMPTY",
            "image_id": "BLD00955_PS3_K3A_NIA0277.png",
            "ingest_time": "2023-03-02T14:34:14.313313Z",
            "type_id": "1",
            "type_name": "건물"
         }
      },
      {
         "type": "Feature",
         "geometry": {
            "type": "Polygon",
            "coordinates": [
               [
                  31.297957,
                  30.063349,
                  0.0
               ],
               [
                  31.303797,
                  30.063424,
                  0.0
               ],
               [
                  31.303711,
                  30.068505,
                  0.0
               ],
               [
                  31.29787,
                  30.068429,
                  0.0
               ]
            ]
         },
         "properties": {
            "object_imcoords": "EMPTY",
            "building_imcoords": "1024.000000, 745.928526, 1001.817270, 758.423428, 1002.159596, 764.071808, 985.043292, 775.026243, 978.539097, 774.170428, 962.792097, 783.926721, 962.278608, 790.088590, 952.008826, 796.250460, 938.486945, 797.790927, 932.496239, 806.349079, 932.325076, 827.059807, 943.793000, 839.212383, 1006.438672, 800.700699, 1006.438672, 815.249557, 1017.564270, 825.861665, 1024.000000, 821.24026",
            "road_imcoords": "EMPTY",
            "image_id": "BLD00955_PS3_K3A_NIA0277.png",
            "ingest_time": "2023-03-02T14:34:14.313313Z",
            "type_id": "1",
            "type_name": "건물"
         }
      },
      {
         "type": "Feature",
         "geometry": {
            "type": "Polygon",
            "coordinates": [
               [
                  31.297957,
                  30.063349,
                  0.0
               ],
               [
                  31.303797,
                  30.063424,
                  0.0
               ],
               [
                  31.303711,
                  30.068505,
                  0.0
               ],
               [
                  31.29787,
                  30.068429,
                  0.0
               ]
            ]
         },
         "properties": {
            "object_imcoords": "EMPTY",
            "building_imcoords": "866.024712, 680.312629, 859.076301, 681.575977, 854.496666, 680.312629, 825.755510, 695.156962, 825.281755, 720.423912, 826.229265, 730.214855, 840.915680, 754.850132, 847.390336, 750.744252, 847.706173, 769.062791, 857.655035, 781.222511, 862.708425, 779.169571, 872.815205, 795.593089, 891.449580, 786.907575, 893.186683, 779.643326, 893.502520, 775.379529, 908.188935, 769.062791, 908.978527, 749.796742, 897.608399, 733.215306, 893.660438, 735.742001, 877.868595, 709.685459, 877.079002, 697.05198",
            "road_imcoords": "EMPTY",
            "image_id": "BLD00955_PS3_K3A_NIA0277.png",
            "ingest_time": "2023-03-02T14:34:14.313313Z",
            "type_id": "1",
            "type_name": "건물"
         }
      },
      {
         "type": "Feature",
         "geometry": {
            "type": "Polygon",
            "coordinates": [
               [
                  31.297957,
                  30.063349,
                  0.0
               ],
               [
                  31.303797,
                  30.063424,
                  0.0
               ],
               [
                  31.303711,
                  30.068505,
                  0.0
               ],
               [
                  31.29787,
                  30.068429,
                  0.0
               ]
            ]
         },
         "properties": {
            "object_imcoords": "EMPTY",
            "building_imcoords": "953.727494, 589.079005, 944.325123, 574.975448, 923.067588, 587.648210, 922.863188, 596.846181, 897.517665, 611.971735, 894.451675, 609.314543, 886.480099, 613.402531, 886.888898, 618.716915, 884.640505, 621.169707, 883.414108, 646.515230, 895.064873, 656.530800, 930.630364, 634.660066, 930.017166, 645.697633, 941.463531, 657.348397, 962.516667, 644.266837, 962.925466, 632.002874, 973.349834, 626.075292, 973.554234, 607.474949, 964.151862, 590.305401, 955.567089, 595.41538",
            "road_imcoords": "EMPTY",
            "image_id": "BLD00955_PS3_K3A_NIA0277.png",
            "ingest_time": "2023-03-02T14:34:14.313313Z",
            "type_id": "1",
            "type_name": "건물"
         }
      },
      {
         "type": "Feature",
         "geometry": {
            "type": "Polygon",
            "coordinates": [
               [
                  31.297957,
                  30.063349,
                  0.0
               ],
               [
                  31.303797,
                  30.063424,
                  0.0
               ],
               [
                  31.303711,
                  30.068505,
                  0.0
               ],
               [
                  31.29787,
                  30.068429,
                  0.0
               ]
            ]
         },
         "properties": {
            "object_imcoords": "EMPTY",
            "building_imcoords": "1014.922524, 556.236036, 995.486656, 567.527350, 994.931345, 575.486801, 981.418789, 585.297286, 980.678375, 605.658672, 991.969689, 619.541435, 999.003623, 616.579779, 999.188726, 625.464747, 1011.220454, 632.868887, 1024.000000, 622.317988, 1024.000000, 560.863624, 1018.809698, 561.97424",
            "road_imcoords": "EMPTY",
            "image_id": "BLD00955_PS3_K3A_NIA0277.png",
            "ingest_time": "2023-03-02T14:34:14.313313Z",
            "type_id": "1",
            "type_name": "건물"
         }
      },
      {
         "type": "Feature",
         "geometry": {
            "type": "Polygon",
            "coordinates": [
               [
                  31.297957,
                  30.063349,
                  0.0
               ],
               [
                  31.303797,
                  30.063424,
                  0.0
               ],
               [
                  31.303711,
                  30.068505,
                  0.0
               ],
               [
                  31.29787,
                  30.068429,
                  0.0
               ]
            ]
         },
         "properties": {
            "object_imcoords": "EMPTY",
            "building_imcoords": "1012.431261, 640.745537, 992.605801, 652.907374, 993.605404, 670.400427, 990.606595, 670.733628, 984.442376, 660.570997, 961.618107, 672.066432, 961.784708, 678.730452, 932.629620, 694.890701, 928.631208, 688.893083, 909.638750, 701.388121, 909.971951, 723.046186, 918.135376, 731.709412, 917.635574, 745.037453, 926.632002, 760.864500, 942.958851, 752.034674, 947.457065, 756.366287, 967.282525, 743.704649, 966.616123, 730.043407, 963.617313, 721.380181, 964.450316, 720.047377, 976.778753, 739.872837, 997.603816, 727.044598, 997.937017, 717.215168, 1024.000000, 703.220726, 1024.000000, 673.732437, 1024.000000, 644.077547, 1017.262676, 645.74355",
            "road_imcoords": "EMPTY",
            "image_id": "BLD00955_PS3_K3A_NIA0277.png",
            "ingest_time": "2023-03-02T14:34:14.313313Z",
            "type_id": "1",
            "type_name": "건물"
         }
      },
      {
         "type": "Feature",
         "geometry": {
            "type": "Polygon",
            "coordinates": [
               [
                  31.297957,
                  30.063349,
                  0.0
               ],
               [
                  31.303797,
                  30.063424,
                  0.0
               ],
               [
                  31.303711,
                  30.068505,
                  0.0
               ],
               [
                  31.29787,
                  30.068429,
                  0.0
               ]
            ]
         },
         "properties": {
            "object_imcoords": "EMPTY",
            "building_imcoords": "42.729306, 209.843400, 33.557047, 215.659955, 35.346756, 223.266219, 27.964206, 231.991051, 54.599321, 255.791547, 70.469847, 269.798884, 89.932894, 289.485452, 117.673378, 312.304251, 132.438479, 293.288591, 78.299776, 245.63758",
            "road_imcoords": "EMPTY",
            "image_id": "BLD00955_PS3_K3A_NIA0277.png",
            "ingest_time": "2023-03-02T14:34:14.313313Z",
            "type_id": "1",
            "type_name": "건물"
         }
      },
      {
         "type": "Feature",
         "geometry": {
            "type": "Polygon",
            "coordinates": [
               [
                  31.297957,
                  30.063349,
                  0.0
               ],
               [
                  31.303797,
                  30.063424,
                  0.0
               ],
               [
                  31.303711,
                  30.068505,
                  0.0
               ],
               [
                  31.29787,
                  30.068429,
                  0.0
               ]
            ]
         },
         "properties": {
            "object_imcoords": "EMPTY",
            "building_imcoords": "220.000004, 277.349420, 212.289157, 286.506024, 206.265060, 285.301205, 197.349398, 294.457831, 185.542169, 287.710843, 182.650602, 289.397590, 171.325301, 282.409639, 158.554217, 294.939759, 162.168675, 300.481928, 144.578313, 317.108434, 145.542169, 322.168675, 148.915663, 325.301205, 155.180723, 329.879518, 160.240964, 326.746988, 191.566265, 349.638554, 184.578313, 357.108434, 185.542169, 364.337349, 204.578313, 372.530120, 228.674699, 345.060241, 248.915663, 323.132530, 241.927711, 313.734940, 250.361446, 302.89156",
            "road_imcoords": "EMPTY",
            "image_id": "BLD00955_PS3_K3A_NIA0277.png",
            "ingest_time": "2023-03-02T14:34:14.313313Z",
            "type_id": "1",
            "type_name": "건물"
         }
      },
      {
         "type": "Feature",
         "geometry": {
            "type": "Polygon",
            "coordinates": [
               [
                  31.299341,
                  30.068127,
                  0.0
               ],
               [
                  31.299393,
                  30.068175,
                  0.0
               ],
               [
                  31.299443,
                  30.068135,
                  0.0
               ],
               [
                  31.299384,
                  30.06808,
                  0.0
               ]
            ]
         },
         "properties": {
            "object_imcoords": "EMPTY",
            "building_imcoords": "256.927817, 64.824105, 266.221328, 55.143363, 274.877976, 63.453744, 264.405313, 74.362770, 255.111785, 84.043521, 246.455140, 75.73313",
            "road_imcoords": "EMPTY",
            "image_id": "BLD00955_PS3_K3A_NIA0277.png",
            "ingest_time": "2023-03-02T14:34:14.313313Z",
            "type_id": "1",
            "type_name": "건물"
         }
      },
      {
         "type": "Feature",
         "geometry": {
            "type": "Polygon",
            "coordinates": [
               [
                  31.298445,
                  30.067561,
                  0.0
               ],
               [
                  31.298377,
                  30.067608,
                  0.0
               ],
               [
                  31.298437,
                  30.067674,
                  0.0
               ],
               [
                  31.298533,
                  30.067608,
                  0.0
               ]
            ]
         },
         "properties": {
            "object_imcoords": "EMPTY",
            "building_imcoords": "98.267169, 176.530969, 86.416906, 166.741620, 97.243891, 153.635272, 113.807523, 167.318274, 125.657780, 177.107624, 114.830791, 190.21397",
            "road_imcoords": "EMPTY",
            "image_id": "BLD00955_PS3_K3A_NIA0277.png",
            "ingest_time": "2023-03-02T14:34:14.313313Z",
            "type_id": "1",
            "type_name": "건물"
         }
      },
      {
         "type": "Feature",
         "geometry": {
            "type": "Polygon",
            "coordinates": [
               [
                  31.300414,
                  30.067809,
                  0.0
               ],
               [
                  31.300383,
                  30.0678,
                  0.0
               ],
               [
                  31.300358,
                  30.067861,
                  0.0
               ],
               [
                  31.30039,
                  30.06787,
                  0.0
               ]
            ]
         },
         "properties": {
            "object_imcoords": "EMPTY",
            "building_imcoords": "444.117952, 131.558172, 438.558718, 133.411253, 434.447752, 121.078371, 440.006986, 119.225291, 445.566221, 117.372210, 449.677187, 129.70509",
            "road_imcoords": "EMPTY",
            "image_id": "BLD00955_PS3_K3A_NIA0277.png",
            "ingest_time": "2023-03-02T14:34:14.313313Z",
            "type_id": "1",
            "type_name": "건물"
         }
      },
      {
         "type": "Feature",
         "geometry": {
            "type": "Polygon",
            "coordinates": [
               [
                  31.300527,
                  30.067726,
                  0.0
               ],
               [
                  31.300472,
                  30.067706,
                  0.0
               ],
               [
                  31.300445,
                  30.067761,
                  0.0
               ],
               [
                  31.300498,
                  30.06778,
                  0.0
               ]
            ]
         },
         "properties": {
            "object_imcoords": "EMPTY",
            "building_imcoords": "463.693841, 148.565073, 454.030252, 152.556568, 449.449118, 141.465436, 458.728095, 137.632803, 468.391721, 133.641306, 472.972842, 144.73244",
            "road_imcoords": "EMPTY",
            "image_id": "BLD00955_PS3_K3A_NIA0277.png",
            "ingest_time": "2023-03-02T14:34:14.313313Z",
            "type_id": "1",
            "type_name": "건물"
         }
      },
      {
         "type": "Feature",
         "geometry": {
            "type": "Polygon",
            "coordinates": [
               [
                  31.298482,
                  30.066601,
                  0.0
               ],
               [
                  31.29839,
                  30.066676,
                  0.0
               ],
               [
                  31.298437,
                  30.066719,
                  0.0
               ],
               [
                  31.298549,
                  30.066627,
                  0.0
               ]
            ]
         },
         "properties": {
            "object_imcoords": "EMPTY",
            "building_imcoords": "101.744397, 370.113186, 85.991384, 354.730833, 94.375056, 346.145144, 113.624652, 364.941807, 129.377672, 380.324159, 120.994002, 388.90984",
            "road_imcoords": "EMPTY",
            "image_id": "BLD00955_PS3_K3A_NIA0277.png",
            "ingest_time": "2023-03-02T14:34:14.313313Z",
            "type_id": "1",
            "type_name": "건물"
         }
      },
      {
         "type": "Feature",
         "geometry": {
            "type": "Polygon",
            "coordinates": [
               [
                  31.301447,
                  30.066569,
                  0.0
               ],
               [
                  31.301416,
                  30.066553,
                  0.0
               ],
               [
                  31.301378,
                  30.066608,
                  0.0
               ],
               [
                  31.301408,
                  30.066624,
                  0.0
               ]
            ]
         },
         "properties": {
            "object_imcoords": "EMPTY",
            "building_imcoords": "621.353245, 384.276168, 615.999912, 387.364638, 609.503506, 376.104234, 614.856838, 373.015764, 620.210171, 369.927293, 626.706577, 381.18769",
            "road_imcoords": "EMPTY",
            "image_id": "BLD00955_PS3_K3A_NIA0277.png",
            "ingest_time": "2023-03-02T14:34:14.313313Z",
            "type_id": "1",
            "type_name": "건물"
         }
      }
   ]
}