{
   "type": "FeatureCollection",
   "features": [
      {
         "type": "Feature",
         "geometry": {
            "type": "Polygon",
            "coordinates": [
               [
                  31.371791,
                  29.98732,
                  0.0
               ],
               [
                  31.371736,
                  29.987295,
                  0.0
               ],
               [
                  31.371623,
                  29.987212,
                  0.0
               ],
               [
                  31.371622,
                  29.987122,
                  0.0
               ]
            ]
         },
         "properties": {
            "object_imcoords": "EMPTY",
            "building_imcoords": "79.241265, 502.706584, 69.521003, 507.778025, 49.446549, 524.048898, 49.023929, 542.221562, 55.151920, 554.688854, 54.940610, 562.296016, 64.238252, 569.691867, 91.102937, 552.091456, 89.590400, 547.555876, 102.062749, 538.629291, 101.006199, 524.048898, 96.146068, 515.385187, 91.497247, 505.664925, 81.354365, 502.28396",
            "road_imcoords": "EMPTY",
            "image_id": "BLD00216_PS3_K3A_NIA0276.png",
            "ingest_time": "2023-03-02T14:34:14.313313Z",
            "type_id": "1",
            "type_name": "건물"
         }
      },
      {
         "type": "Feature",
         "geometry": {
            "type": "Polygon",
            "coordinates": [
               [
                  31.371418,
                  29.987019,
                  0.0
               ],
               [
                  31.371362,
                  29.986976,
                  0.0
               ],
               [
                  31.371352,
                  29.986928,
                  0.0
               ],
               [
                  31.371343,
                  29.986915,
                  0.0
               ]
            ]
         },
         "properties": {
            "object_imcoords": "EMPTY",
            "building_imcoords": "13.026212, 562.452237, 3.010608, 571.011925, 1.204243, 580.645869, -0.537720, 583.362134, 0.256812, 602.679012, 4.391040, 602.534884, 8.228994, 600.716587, 29.102541, 601.920830, 33.908056, 599.634032, 33.772595, 593.431077, 35.774230, 592.320149, 37.130828, 577.635262, 27.296176, 562.782930, 20.472132, 564.99070",
            "road_imcoords": "EMPTY",
            "image_id": "BLD00216_PS3_K3A_NIA0276.png",
            "ingest_time": "2023-03-02T14:34:14.313313Z",
            "type_id": "1",
            "type_name": "건물"
         }
      },
      {
         "type": "Feature",
         "geometry": {
            "type": "Polygon",
            "coordinates": [
               [
                  31.371347,
                  29.986782,
                  0.0
               ],
               [
                  31.37136,
                  29.986788,
                  0.0
               ],
               [
                  31.371378,
                  29.986784,
                  0.0
               ],
               [
                  31.371383,
                  29.986816,
                  0.0
               ]
            ]
         },
         "properties": {
            "object_imcoords": "EMPTY",
            "building_imcoords": "-0.244180, 610.047748, 2.194683, 608.924882, 5.278420, 609.860920, 6.170956, 603.246762, 24.686983, 606.426864, 30.507491, 613.050201, 31.310320, 626.096168, 28.630405, 637.525020, 25.695059, 638.261758, 20.403703, 643.168180, 21.141199, 647.214636, 10.668693, 654.998002, 0.000000, 648.97678",
            "road_imcoords": "EMPTY",
            "image_id": "BLD00216_PS3_K3A_NIA0276.png",
            "ingest_time": "2023-03-02T14:34:14.313313Z",
            "type_id": "1",
            "type_name": "건물"
         }
      },
      {
         "type": "Feature",
         "geometry": {
            "type": "Polygon",
            "coordinates": [
               [
                  31.371607,
                  29.986,
                  0.0
               ],
               [
                  31.37156,
                  29.985986,
                  0.0
               ],
               [
                  31.371518,
                  29.985975,
                  0.0
               ],
               [
                  31.371507,
                  29.985945,
                  0.0
               ]
            ]
         },
         "properties": {
            "object_imcoords": "EMPTY",
            "building_imcoords": "43.206583, 768.360387, 34.844019, 770.948800, 27.476998, 773.138995, 25.485911, 779.112255, 26.978088, 785.186208, 21.190202, 792.643127, 20.869262, 795.363566, 17.597793, 800.156336, 20.508194, 806.987470, 34.644910, 814.155383, 42.609257, 816.544687, 66.104081, 785.483733, 65.904972, 776.722951, 54.153005, 770.313571, 50.983453, 773.66458",
            "road_imcoords": "EMPTY",
            "image_id": "BLD00216_PS3_K3A_NIA0276.png",
            "ingest_time": "2023-03-02T14:34:14.313313Z",
            "type_id": "1",
            "type_name": "건물"
         }
      },
      {
         "type": "Feature",
         "geometry": {
            "type": "Polygon",
            "coordinates": [
               [
                  31.371766,
                  29.985911,
                  0.0
               ],
               [
                  31.371734,
                  29.985881,
                  0.0
               ],
               [
                  31.371724,
                  29.985854,
                  0.0
               ],
               [
                  31.371682,
                  29.985814,
                  0.0
               ]
            ]
         },
         "properties": {
            "object_imcoords": "EMPTY",
            "building_imcoords": "70.847001, 786.721446, 65.125390, 792.611339, 63.274281, 797.996385, 55.869844, 805.905670, 51.494495, 811.795563, 50.571370, 821.854939, 53.682169, 827.950698, 69.500740, 838.889071, 75.390633, 837.542810, 91.714051, 818.358587, 92.050616, 810.281019, 94.911422, 803.044864, 89.800865, 795.839749, 86.209807, 792.556498, 82.527127, 793.27791",
            "road_imcoords": "EMPTY",
            "image_id": "BLD00216_PS3_K3A_NIA0276.png",
            "ingest_time": "2023-03-02T14:34:14.313313Z",
            "type_id": "1",
            "type_name": "건물"
         }
      },
      {
         "type": "Feature",
         "geometry": {
            "type": "Polygon",
            "coordinates": [
               [
                  31.371946,
                  29.98575,
                  0.0
               ],
               [
                  31.371908,
                  29.985705,
                  0.0
               ],
               [
                  31.371833,
                  29.985594,
                  0.0
               ],
               [
                  31.371877,
                  29.98556,
                  0.0
               ]
            ]
         },
         "properties": {
            "object_imcoords": "EMPTY",
            "building_imcoords": "101.873733, 819.576595, 95.114338, 828.508652, 81.769169, 850.650099, 89.305465, 857.747218, 108.331325, 871.028295, 114.500535, 864.923222, 132.021091, 840.246383, 131.527554, 830.622415, 124.124502, 823.959669, 119.929440, 822.972595, 116.474682, 826.92089",
            "road_imcoords": "EMPTY",
            "image_id": "BLD00216_PS3_K3A_NIA0276.png",
            "ingest_time": "2023-03-02T14:34:14.313313Z",
            "type_id": "1",
            "type_name": "건물"
         }
      },
      {
         "type": "Feature",
         "geometry": {
            "type": "Polygon",
            "coordinates": [
               [
                  31.372083,
                  29.985556,
                  0.0
               ],
               [
                  31.372067,
                  29.985553,
                  0.0
               ],
               [
                  31.372046,
                  29.98554,
                  0.0
               ],
               [
                  31.372045,
                  29.985498,
                  0.0
               ]
            ]
         },
         "properties": {
            "object_imcoords": "EMPTY",
            "building_imcoords": "125.420311, 859.057213, 122.623850, 859.472253, 118.920232, 862.051636, 118.605964, 870.666395, 114.650448, 877.614121, 116.213229, 879.987510, 108.448170, 889.301835, 107.305516, 893.621390, 122.127735, 903.667853, 125.442445, 901.752583, 129.534656, 904.488682, 133.041366, 905.382171, 140.558804, 895.456898, 145.030069, 894.035440, 147.073963, 890.340367, 146.865930, 876.342068, 138.532237, 873.633150, 138.532237, 868.759748, 130.624581, 862.45000",
            "road_imcoords": "EMPTY",
            "image_id": "BLD00216_PS3_K3A_NIA0276.png",
            "ingest_time": "2023-03-02T14:34:14.313313Z",
            "type_id": "1",
            "type_name": "건물"
         }
      },
      {
         "type": "Feature",
         "geometry": {
            "type": "Polygon",
            "coordinates": [
               [
                  31.37229,
                  29.98538,
                  0.0
               ],
               [
                  31.372268,
                  29.985381,
                  0.0
               ],
               [
                  31.372257,
                  29.985374,
                  0.0
               ],
               [
                  31.372252,
                  29.985365,
                  0.0
               ]
            ]
         },
         "properties": {
            "object_imcoords": "EMPTY",
            "building_imcoords": "161.199157, 895.004788, 157.351740, 894.792248, 155.370088, 896.023830, 154.467656, 897.857782, 153.150717, 910.457995, 148.799439, 910.467220, 147.247889, 924.834810, 150.422930, 925.788849, 152.174711, 932.032609, 170.937185, 934.363119, 172.079311, 930.228059, 179.276843, 931.819966, 183.465455, 910.992788, 181.641731, 899.209099, 172.113312, 898.441059, 171.678580, 897.010065, 163.141876, 896.19671",
            "road_imcoords": "EMPTY",
            "image_id": "BLD00216_PS3_K3A_NIA0276.png",
            "ingest_time": "2023-03-02T14:34:14.313313Z",
            "type_id": "1",
            "type_name": "건물"
         }
      },
      {
         "type": "Feature",
         "geometry": {
            "type": "Polygon",
            "coordinates": [
               [
                  31.372423,
                  29.985478,
                  0.0
               ],
               [
                  31.372427,
                  29.985423,
                  0.0
               ],
               [
                  31.372446,
                  29.985404,
                  0.0
               ],
               [
                  31.372454,
                  29.98536,
                  0.0
               ]
            ]
         },
         "properties": {
            "object_imcoords": "EMPTY",
            "building_imcoords": "184.873118, 875.566594, 185.342339, 886.593290, 188.626887, 890.581669, 189.983266, 899.320093, 202.260500, 908.521189, 211.024007, 914.508671, 230.387566, 893.396996, 227.103018, 881.901079, 220.768533, 877.208868, 209.741837, 868.997498, 200.122804, 863.366845, 190.503771, 867.58983",
            "road_imcoords": "EMPTY",
            "image_id": "BLD00216_PS3_K3A_NIA0276.png",
            "ingest_time": "2023-03-02T14:34:14.313313Z",
            "type_id": "1",
            "type_name": "건물"
         }
      },
      {
         "type": "Feature",
         "geometry": {
            "type": "Polygon",
            "coordinates": [
               [
                  31.372577,
                  29.985688,
                  0.0
               ],
               [
                  31.372572,
                  29.985625,
                  0.0
               ],
               [
                  31.372571,
                  29.985604,
                  0.0
               ],
               [
                  31.372576,
                  29.98556,
                  0.0
               ]
            ]
         },
         "properties": {
            "object_imcoords": "EMPTY",
            "building_imcoords": "212.478848, 833.588051, 211.345736, 846.379859, 211.151549, 850.512419, 211.890529, 859.452770, 214.585706, 870.305792, 217.317031, 870.038810, 218.378385, 865.499729, 224.867458, 865.740315, 225.696704, 867.653387, 231.634679, 867.320881, 232.466972, 865.881103, 240.470644, 865.266182, 242.435548, 861.976928, 242.633741, 855.123203, 245.498741, 852.271479, 244.243893, 830.429238, 224.065093, 832.060806, 222.176178, 829.791162, 219.819504, 828.186181, 215.107331, 828.89328",
            "road_imcoords": "EMPTY",
            "image_id": "BLD00216_PS3_K3A_NIA0276.png",
            "ingest_time": "2023-03-02T14:34:14.313313Z",
            "type_id": "1",
            "type_name": "건물"
         }
      },
      {
         "type": "Feature",
         "geometry": {
            "type": "Polygon",
            "coordinates": [
               [
                  31.372552,
                  29.985885,
                  0.0
               ],
               [
                  31.372554,
                  29.98584,
                  0.0
               ],
               [
                  31.37253,
                  29.985826,
                  0.0
               ],
               [
                  31.37254,
                  29.985752,
                  0.0
               ]
            ]
         },
         "properties": {
            "object_imcoords": "EMPTY",
            "building_imcoords": "208.604223, 793.792654, 208.853452, 803.014107, 204.616568, 805.755620, 206.111939, 820.709328, 214.585706, 822.204698, 216.579534, 826.940039, 223.950033, 827.880808, 224.079910, 824.153218, 246.505664, 822.596801, 247.234635, 816.970901, 246.985407, 803.263335, 242.250066, 799.524908, 238.013182, 791.300369, 226.548673, 789.804998, 217.077991, 791.79882",
            "road_imcoords": "EMPTY",
            "image_id": "BLD00216_PS3_K3A_NIA0276.png",
            "ingest_time": "2023-03-02T14:34:14.313313Z",
            "type_id": "1",
            "type_name": "건물"
         }
      },
      {
         "type": "Feature",
         "geometry": {
            "type": "Polygon",
            "coordinates": [
               [
                  31.372127,
                  29.986235,
                  0.0
               ],
               [
                  31.372047,
                  29.986165,
                  0.0
               ],
               [
                  31.371998,
                  29.986126,
                  0.0
               ],
               [
                  31.371998,
                  29.986107,
                  0.0
               ]
            ]
         },
         "properties": {
            "object_imcoords": "EMPTY",
            "building_imcoords": "135.008871, 722.344448, 120.912817, 736.127256, 112.182475, 743.944363, 112.031095, 747.697090, 106.768265, 753.161580, 108.184432, 759.779489, 111.515448, 764.319364, 115.107068, 766.116556, 118.672886, 763.827311, 119.890599, 763.606273, 124.271958, 767.578986, 125.187945, 772.507875, 132.679404, 777.475681, 138.330662, 771.953247, 140.896730, 771.627578, 149.654330, 761.480533, 151.012484, 758.344093, 157.919927, 750.086562, 154.743347, 742.392169, 147.247514, 734.653651, 144.181312, 731.775790, 143.801812, 726.88869",
            "road_imcoords": "EMPTY",
            "image_id": "BLD00216_PS3_K3A_NIA0276.png",
            "ingest_time": "2023-03-02T14:34:14.313313Z",
            "type_id": "1",
            "type_name": "건물"
         }
      },
      {
         "type": "Feature",
         "geometry": {
            "type": "Polygon",
            "coordinates": [
               [
                  31.372322,
                  29.986057,
                  0.0
               ],
               [
                  31.372222,
                  29.986011,
                  0.0
               ],
               [
                  31.372189,
                  29.985957,
                  0.0
               ],
               [
                  31.372186,
                  29.985905,
                  0.0
               ]
            ]
         },
         "properties": {
            "object_imcoords": "EMPTY",
            "building_imcoords": "168.871414, 758.536760, 151.115881, 767.701001, 145.225805, 778.519381, 144.512549, 788.966912, 151.385250, 798.678409, 160.005051, 804.065785, 167.547376, 802.449572, 171.067700, 802.183054, 183.728575, 789.822700, 190.460827, 781.163737, 189.095452, 773.342065, 179.130233, 763.391100, 172.665383, 757.73435",
            "road_imcoords": "EMPTY",
            "image_id": "BLD00216_PS3_K3A_NIA0276.png",
            "ingest_time": "2023-03-02T14:34:14.313313Z",
            "type_id": "1",
            "type_name": "건물"
         }
      },
      {
         "type": "Feature",
         "geometry": {
            "type": "Polygon",
            "coordinates": [
               [
                  31.372106,
                  29.9875,
                  0.0
               ],
               [
                  31.372048,
                  29.987478,
                  0.0
               ],
               [
                  31.372055,
                  29.987435,
                  0.0
               ],
               [
                  31.372022,
                  29.987402,
                  0.0
               ]
            ]
         },
         "properties": {
            "object_imcoords": "EMPTY",
            "building_imcoords": "134.940765, 467.349303, 124.786807, 471.624654, 125.951541, 480.223304, 119.977037, 486.855592, 117.839361, 494.871875, 115.701686, 505.025834, 119.977037, 512.240488, 125.588435, 515.179792, 132.268671, 522.661656, 150.390964, 513.771823, 149.524232, 510.308747, 156.851939, 507.430719, 153.378216, 493.268619, 142.689839, 476.16721",
            "road_imcoords": "EMPTY",
            "image_id": "BLD00216_PS3_K3A_NIA0276.png",
            "ingest_time": "2023-03-02T14:34:14.313313Z",
            "type_id": "1",
            "type_name": "건물"
         }
      },
      {
         "type": "Feature",
         "geometry": {
            "type": "Polygon",
            "coordinates": [
               [
                  31.373775,
                  29.986315,
                  0.0
               ],
               [
                  31.373747,
                  29.986227,
                  0.0
               ],
               [
                  31.373761,
                  29.986137,
                  0.0
               ],
               [
                  31.373785,
                  29.986084,
                  0.0
               ]
            ]
         },
         "properties": {
            "object_imcoords": "EMPTY",
            "building_imcoords": "424.492049, 710.178732, 419.192208, 727.844869, 421.491458, 746.118086, 425.552709, 756.764323, 437.187469, 753.963786, 440.240379, 758.355313, 452.227539, 755.074459, 452.505496, 739.958792, 448.972269, 724.059268, 448.215148, 711.945345, 442.158187, 706.897878, 432.820371, 707.40262",
            "road_imcoords": "EMPTY",
            "image_id": "BLD00216_PS3_K3A_NIA0276.png",
            "ingest_time": "2023-03-02T14:34:14.313313Z",
            "type_id": "1",
            "type_name": "건물"
         }
      },
      {
         "type": "Feature",
         "geometry": {
            "type": "Polygon",
            "coordinates": [
               [
                  31.375413,
                  29.987618,
                  0.0
               ],
               [
                  31.375412,
                  29.987634,
                  0.0
               ],
               [
                  31.37537,
                  29.987634,
                  0.0
               ],
               [
                  31.375363,
                  29.987597,
                  0.0
               ]
            ]
         },
         "properties": {
            "object_imcoords": "EMPTY",
            "building_imcoords": "715.526675, 451.768075, 715.291387, 448.581265, 707.891878, 448.415560, 706.666107, 455.913742, 701.838585, 455.624341, 701.656555, 457.670735, 695.091074, 457.926676, 694.039902, 467.048187, 693.890217, 471.336354, 697.052997, 471.508815, 697.474643, 481.658721, 710.391838, 482.584239, 718.771680, 483.104131, 727.752105, 483.246684, 728.224602, 476.660927, 728.771902, 464.317187, 725.086479, 463.991571, 724.942923, 456.930321, 724.191122, 454.831355, 721.757367, 454.084185, 721.454619, 452.23315",
            "road_imcoords": "EMPTY",
            "image_id": "BLD00216_PS3_K3A_NIA0276.png",
            "ingest_time": "2023-03-02T14:34:14.313313Z",
            "type_id": "1",
            "type_name": "건물"
         }
      },
      {
         "type": "Feature",
         "geometry": {
            "type": "Polygon",
            "coordinates": [
               [
                  31.375293,
                  29.987406,
                  0.0
               ],
               [
                  31.375231,
                  29.987403,
                  0.0
               ],
               [
                  31.375219,
                  29.987303,
                  0.0
               ],
               [
                  31.375234,
                  29.987267,
                  0.0
               ]
            ]
         },
         "properties": {
            "object_imcoords": "EMPTY",
            "building_imcoords": "693.844665, 494.172798, 682.862854, 494.572537, 680.511326, 514.836932, 683.150835, 521.980499, 691.575976, 521.529650, 693.656506, 523.218800, 703.362506, 523.477585, 705.439333, 522.794039, 710.321001, 522.972222, 716.720776, 520.140852, 718.571811, 509.034642, 719.127121, 497.002914, 717.090983, 489.598774, 704.061646, 487.894045, 695.501332, 487.07478",
            "road_imcoords": "EMPTY",
            "image_id": "BLD00216_PS3_K3A_NIA0276.png",
            "ingest_time": "2023-03-02T14:34:14.313313Z",
            "type_id": "1",
            "type_name": "건물"
         }
      },
      {
         "type": "Feature",
         "geometry": {
            "type": "Polygon",
            "coordinates": [
               [
                  31.375274,
                  29.986812,
                  0.0
               ],
               [
                  31.375267,
                  29.986789,
                  0.0
               ],
               [
                  31.375073,
                  29.986804,
                  0.0
               ],
               [
                  31.375068,
                  29.986836,
                  0.0
               ]
            ]
         },
         "properties": {
            "object_imcoords": "EMPTY",
            "building_imcoords": "688.828761, 613.840368, 687.456546, 618.529930, 653.531681, 614.861936, 652.698427, 608.512932, 657.058788, 588.734636, 659.884354, 576.243177, 662.161828, 565.831512, 675.358920, 568.406130, 677.118012, 564.641475, 681.432870, 563.069283, 684.577254, 569.807249, 689.743027, 573.400830, 690.205029, 579.335361, 688.598336, 588.281987, 690.385391, 591.653511, 689.774681, 593.943353, 692.485694, 594.516144, 693.589838, 601.636976, 693.838541, 609.893976, 692.131457, 614.02156",
            "road_imcoords": "EMPTY",
            "image_id": "BLD00216_PS3_K3A_NIA0276.png",
            "ingest_time": "2023-03-02T14:34:14.313313Z",
            "type_id": "1",
            "type_name": "건물"
         }
      },
      {
         "type": "Feature",
         "geometry": {
            "type": "Polygon",
            "coordinates": [
               [
                  31.373407,
                  29.984868,
                  0.0
               ],
               [
                  31.373408,
                  29.98484,
                  0.0
               ],
               [
                  31.373416,
                  29.984786,
                  0.0
               ],
               [
                  31.373448,
                  29.984754,
                  0.0
               ]
            ]
         },
         "properties": {
            "object_imcoords": "EMPTY",
            "building_imcoords": "355.747374, 1001.005782, 355.805691, 1006.554569, 357.145408, 1017.384201, 362.635877, 1024.000000, 408.339104, 1024.000000, 406.844138, 1012.732233, 403.427075, 1001.840342, 392.845681, 987.32964",
            "road_imcoords": "EMPTY",
            "image_id": "BLD00216_PS3_K3A_NIA0276.png",
            "ingest_time": "2023-03-02T14:34:14.313313Z",
            "type_id": "1",
            "type_name": "건물"
         }
      },
      {
         "type": "Feature",
         "geometry": {
            "type": "Polygon",
            "coordinates": [
               [
                  31.377016,
                  29.988816,
                  0.0
               ],
               [
                  31.376981,
                  29.988841,
                  0.0
               ],
               [
                  31.37697,
                  29.988829,
                  0.0
               ],
               [
                  31.376933,
                  29.988845,
                  0.0
               ]
            ]
         },
         "properties": {
            "object_imcoords": "EMPTY",
            "building_imcoords": "1000.074687, 214.256377, 994.032155, 209.301249, 992.009427, 211.633397, 985.594188, 208.257389, 983.947192, 209.851966, 979.342885, 208.081760, 974.637966, 214.453319, 972.366321, 214.200494, 967.180165, 227.461988, 965.619818, 239.163620, 985.659989, 247.865273, 997.262193, 229.934593, 999.722943, 220.09062",
            "road_imcoords": "EMPTY",
            "image_id": "BLD00216_PS3_K3A_NIA0276.png",
            "ingest_time": "2023-03-02T14:34:14.313313Z",
            "type_id": "1",
            "type_name": "건물"
         }
      },
      {
         "type": "Feature",
         "geometry": {
            "type": "Polygon",
            "coordinates": [
               [
                  31.377119,
                  29.988772,
                  0.0
               ],
               [
                  31.377111,
                  29.988759,
                  0.0
               ],
               [
                  31.377075,
                  29.988771,
                  0.0
               ],
               [
                  31.377063,
                  29.988752,
                  0.0
               ]
            ]
         },
         "properties": {
            "object_imcoords": "EMPTY",
            "building_imcoords": "1018.019540, 223.452347, 1016.641435, 226.126168, 1010.380716, 223.485888, 1008.165858, 227.268672, 1004.239241, 226.857928, 1000.305716, 233.812719, 1000.979431, 237.556518, 996.031818, 248.853733, 993.812497, 255.292037, 993.848802, 260.095336, 1008.721425, 265.015778, 1023.147495, 237.064529, 1024.000000, 225.44103",
            "road_imcoords": "EMPTY",
            "image_id": "BLD00216_PS3_K3A_NIA0276.png",
            "ingest_time": "2023-03-02T14:34:14.313313Z",
            "type_id": "1",
            "type_name": "건물"
         }
      },
      {
         "type": "Feature",
         "geometry": {
            "type": "Polygon",
            "coordinates": [
               [
                  31.376961,
                  29.98708,
                  0.0
               ],
               [
                  31.376926,
                  29.987014,
                  0.0
               ],
               [
                  31.376904,
                  29.986934,
                  0.0
               ],
               [
                  31.376901,
                  29.986906,
                  0.0
               ]
            ]
         },
         "properties": {
            "object_imcoords": "EMPTY",
            "building_imcoords": "985.437216, 564.058840, 979.233717, 577.155114, 975.098052, 593.238258, 974.522672, 598.983547, 974.140177, 611.313521, 1008.872654, 617.594043, 1013.697597, 613.916587, 1019.671337, 594.387055, 1024.000000, 576.695596, 1023.807002, 571.41113",
            "road_imcoords": "EMPTY",
            "image_id": "BLD00216_PS3_K3A_NIA0276.png",
            "ingest_time": "2023-03-02T14:34:14.313313Z",
            "type_id": "1",
            "type_name": "건물"
         }
      },
      {
         "type": "Feature",
         "geometry": {
            "type": "Polygon",
            "coordinates": [
               [
                  31.377084,
                  29.987186,
                  0.0
               ],
               [
                  31.37703,
                  29.987195,
                  0.0
               ],
               [
                  31.377044,
                  29.987258,
                  0.0
               ],
               [
                  31.3771,
                  29.987249,
                  0.0
               ]
            ]
         },
         "properties": {
            "object_imcoords": "EMPTY",
            "building_imcoords": "1007.367116, 543.038239, 997.892872, 541.087663, 1000.514355, 528.354720, 1010.299144, 530.369232, 1019.773335, 532.319810, 1017.151836, 545.05274",
            "road_imcoords": "EMPTY",
            "image_id": "BLD00216_PS3_K3A_NIA0276.png",
            "ingest_time": "2023-03-02T14:34:14.313313Z",
            "type_id": "1",
            "type_name": "건물"
         }
      },
      {
         "type": "Feature",
         "geometry": {
            "type": "Polygon",
            "coordinates": [
               [
                  31.375647,
                  29.988719,
                  0.0
               ],
               [
                  31.375626,
                  29.98871,
                  0.0
               ],
               [
                  31.375602,
                  29.988755,
                  0.0
               ],
               [
                  31.375623,
                  29.988763,
                  0.0
               ]
            ]
         },
         "properties": {
            "object_imcoords": "EMPTY",
            "building_imcoords": "759.711374, 230.550130, 756.029489, 232.249455, 751.838919, 223.169856, 755.520804, 221.470531, 759.202689, 219.771205, 763.393259, 228.85080",
            "road_imcoords": "EMPTY",
            "image_id": "BLD00216_PS3_K3A_NIA0276.png",
            "ingest_time": "2023-03-02T14:34:14.313313Z",
            "type_id": "1",
            "type_name": "건물"
         }
      },
      {
         "type": "Feature",
         "geometry": {
            "type": "Polygon",
            "coordinates": [
               [
                  31.375698,
                  29.988651,
                  0.0
               ],
               [
                  31.375664,
                  29.988635,
                  0.0
               ],
               [
                  31.375637,
                  29.988679,
                  0.0
               ],
               [
                  31.375671,
                  29.988695,
                  0.0
               ]
            ]
         },
         "properties": {
            "object_imcoords": "EMPTY",
            "building_imcoords": "768.409051, 244.329749, 762.485130, 247.432746, 757.845070, 238.574425, 763.816413, 235.446588, 769.740325, 232.343580, 774.380403, 241.20189",
            "road_imcoords": "EMPTY",
            "image_id": "BLD00216_PS3_K3A_NIA0276.png",
            "ingest_time": "2023-03-02T14:34:14.313313Z",
            "type_id": "1",
            "type_name": "건물"
         }
      },
      {
         "type": "Feature",
         "geometry": {
            "type": "Polygon",
            "coordinates": [
               [
                  31.371511,
                  29.987072,
                  0.0
               ],
               [
                  31.371466,
                  29.987092,
                  0.0
               ],
               [
                  31.371497,
                  29.987145,
                  0.0
               ],
               [
                  31.371543,
                  29.987124,
                  0.0
               ]
            ]
         },
         "properties": {
            "object_imcoords": "EMPTY",
            "building_imcoords": "29.411511, 552.165912, 21.523656, 547.940237, 27.190353, 537.362498, 35.162868, 541.633527, 43.050693, 545.859124, 37.384060, 556.43689",
            "road_imcoords": "EMPTY",
            "image_id": "BLD00216_PS3_K3A_NIA0276.png",
            "ingest_time": "2023-03-02T14:34:14.313313Z",
            "type_id": "1",
            "type_name": "건물"
         }
      },
      {
         "type": "Feature",
         "geometry": {
            "type": "Polygon",
            "coordinates": [
               [
                  31.373357,
                  29.987927,
                  0.0
               ],
               [
                  31.373353,
                  29.987973,
                  0.0
               ],
               [
                  31.373431,
                  29.988003,
                  0.0
               ],
               [
                  31.373444,
                  29.987977,
                  0.0
               ]
            ]
         },
         "properties": {
            "object_imcoords": "EMPTY",
            "building_imcoords": "355.612378, 384.413370, 355.044124, 375.062770, 368.868657, 369.241918, 371.132632, 374.618862, 373.966648, 385.668744, 360.142127, 391.48962",
            "road_imcoords": "EMPTY",
            "image_id": "BLD00216_PS3_K3A_NIA0276.png",
            "ingest_time": "2023-03-02T14:34:14.313313Z",
            "type_id": "1",
            "type_name": "건물"
         }
      },
      {
         "type": "Feature",
         "geometry": {
            "type": "Polygon",
            "coordinates": [
               [
                  31.373403,
                  29.985694,
                  0.0
               ],
               [
                  31.373378,
                  29.98568,
                  0.0
               ],
               [
                  31.373381,
                  29.98566,
                  0.0
               ],
               [
                  31.373414,
                  29.985647,
                  0.0
               ]
            ]
         },
         "properties": {
            "object_imcoords": "EMPTY",
            "building_imcoords": "357.424866, 834.368982, 352.893330, 837.201191, 353.459772, 841.166285, 359.124192, 843.998495, 362.522843, 842.299169, 362.522843, 836.06830",
            "road_imcoords": "EMPTY",
            "image_id": "BLD00216_PS3_K3A_NIA0276.png",
            "ingest_time": "2023-03-02T14:34:14.313313Z",
            "type_id": "1",
            "type_name": "건물"
         }
      },
      {
         "type": "Feature",
         "geometry": {
            "type": "Polygon",
            "coordinates": [
               [
                  31.373345,
                  29.985356,
                  0.0
               ],
               [
                  31.373318,
                  29.985359,
                  0.0
               ],
               [
                  31.373323,
                  29.985393,
                  0.0
               ],
               [
                  31.37335,
                  29.98539,
                  0.0
               ]
            ]
         },
         "properties": {
            "object_imcoords": "EMPTY",
            "building_imcoords": "346.180862, 902.470776, 341.592483, 901.837902, 342.548935, 894.903553, 347.137314, 895.536426, 351.725693, 896.169300, 350.769241, 903.10364",
            "road_imcoords": "EMPTY",
            "image_id": "BLD00216_PS3_K3A_NIA0276.png",
            "ingest_time": "2023-03-02T14:34:14.313313Z",
            "type_id": "1",
            "type_name": "건물"
         }
      },
      {
         "type": "Feature",
         "geometry": {
            "type": "Polygon",
            "coordinates": [
               [
                  31.37147,
                  29.985056,
                  0.0
               ],
               [
                  31.371495,
                  29.985063,
                  0.0
               ],
               [
                  31.371535,
                  29.985044,
                  0.0
               ],
               [
                  31.371537,
                  29.98503,
                  0.0
               ]
            ]
         },
         "properties": {
            "object_imcoords": "EMPTY",
            "building_imcoords": "16.454836, 958.177742, 20.884984, 956.911985, 27.846645, 960.709255, 28.163084, 963.557207, 23.100058, 966.721599, 17.087714, 964.506525, 17.087714, 964.50652",
            "road_imcoords": "EMPTY",
            "image_id": "BLD00216_PS3_K3A_NIA0276.png",
            "ingest_time": "2023-03-02T14:34:14.313313Z",
            "type_id": "1",
            "type_name": "건물"
         }
      }
   ]
}