{
   "type": "FeatureCollection",
   "features": [
      {
         "type": "Feature",
         "geometry": {
            "type": "Polygon",
            "coordinates": [
               [
                  121.651367,
                  31.330344,
                  0.0
               ],
               [
                  121.657285,
                  31.330406,
                  0.0
               ],
               [
                  121.657213,
                  31.335486,
                  0.0
               ],
               [
                  121.651294,
                  31.335424,
                  0.0
               ]
            ]
         },
         "properties": {
            "object_imcoords": "EMPTY",
            "building_imcoords": "66.908213, 135.990338, 77.294686, 141.304348, 85.990338, 125.603865, 74.637681, 120.048309, 69.082126, 129.46859",
            "road_imcoords": "EMPTY",
            "image_id": "BLD01142_PS3_K3A_NIA0373.png",
            "ingest_time": "2023-03-02T14:34:14.313313Z",
            "type_id": "1",
            "type_name": "건물"
         }
      },
      {
         "type": "Feature",
         "geometry": {
            "type": "Polygon",
            "coordinates": [
               [
                  121.651367,
                  31.330344,
                  0.0
               ],
               [
                  121.657285,
                  31.330406,
                  0.0
               ],
               [
                  121.657213,
                  31.335486,
                  0.0
               ],
               [
                  121.651294,
                  31.335424,
                  0.0
               ]
            ]
         },
         "properties": {
            "object_imcoords": "EMPTY",
            "building_imcoords": "393.624161, 305.704698, 414.093960, 272.818792, 394.966443, 260.738255, 373.154362, 295.63758",
            "road_imcoords": "EMPTY",
            "image_id": "BLD01142_PS3_K3A_NIA0373.png",
            "ingest_time": "2023-03-02T14:34:14.313313Z",
            "type_id": "1",
            "type_name": "건물"
         }
      },
      {
         "type": "Feature",
         "geometry": {
            "type": "Polygon",
            "coordinates": [
               [
                  121.651367,
                  31.330344,
                  0.0
               ],
               [
                  121.657285,
                  31.330406,
                  0.0
               ],
               [
                  121.657213,
                  31.335486,
                  0.0
               ],
               [
                  121.651294,
                  31.335424,
                  0.0
               ]
            ]
         },
         "properties": {
            "object_imcoords": "EMPTY",
            "building_imcoords": "471.180556, 382.638889, 515.972222, 316.319444, 517.013889, 304.513889, 476.388889, 278.125000, 424.305556, 351.38888",
            "road_imcoords": "EMPTY",
            "image_id": "BLD01142_PS3_K3A_NIA0373.png",
            "ingest_time": "2023-03-02T14:34:14.313313Z",
            "type_id": "1",
            "type_name": "건물"
         }
      },
      {
         "type": "Feature",
         "geometry": {
            "type": "Polygon",
            "coordinates": [
               [
                  121.651367,
                  31.330344,
                  0.0
               ],
               [
                  121.657285,
                  31.330406,
                  0.0
               ],
               [
                  121.657213,
                  31.335486,
                  0.0
               ],
               [
                  121.651294,
                  31.335424,
                  0.0
               ]
            ]
         },
         "properties": {
            "object_imcoords": "EMPTY",
            "building_imcoords": "411.352474, 551.522239, 398.321617, 573.005544, 394.460549, 580.931876, 401.673863, 585.145129, 402.195655, 587.445143, 425.414919, 601.074978, 429.183564, 594.655217, 430.561819, 594.544306, 434.244521, 586.036402, 435.283782, 585.671245, 440.936043, 574.062100, 442.701293, 570.74012",
            "road_imcoords": "EMPTY",
            "image_id": "BLD01142_PS3_K3A_NIA0373.png",
            "ingest_time": "2023-03-02T14:34:14.313313Z",
            "type_id": "1",
            "type_name": "건물"
         }
      },
      {
         "type": "Feature",
         "geometry": {
            "type": "Polygon",
            "coordinates": [
               [
                  121.654112,
                  31.333534,
                  0.0
               ],
               [
                  121.654309,
                  31.333824,
                  0.0
               ],
               [
                  121.654392,
                  31.333792,
                  0.0
               ],
               [
                  121.65439,
                  31.333735,
                  0.0
               ]
            ]
         },
         "properties": {
            "object_imcoords": "EMPTY",
            "building_imcoords": "482.833945, 386.910220, 517.666582, 328.766510, 531.867581, 335.465094, 531.331694, 346.986658, 534.814958, 353.149356, 508.824451, 390.125540, 500.250264, 397.09206",
            "road_imcoords": "EMPTY",
            "image_id": "BLD01142_PS3_K3A_NIA0373.png",
            "ingest_time": "2023-03-02T14:34:14.313313Z",
            "type_id": "1",
            "type_name": "건물"
         }
      },
      {
         "type": "Feature",
         "geometry": {
            "type": "Polygon",
            "coordinates": [
               [
                  121.65443,
                  31.333709,
                  0.0
               ],
               [
                  121.654285,
                  31.333497,
                  0.0
               ],
               [
                  121.654296,
                  31.333485,
                  0.0
               ],
               [
                  121.654281,
                  31.33346,
                  0.0
               ]
            ]
         },
         "properties": {
            "object_imcoords": "EMPTY",
            "building_imcoords": "538.298222, 352.345526, 512.575658, 394.680578, 514.451262, 397.092068, 511.771828, 402.182992, 525.436940, 411.025123, 528.920204, 405.666256, 536.154675, 406.470086, 561.877238, 364.93886",
            "road_imcoords": "EMPTY",
            "image_id": "BLD01142_PS3_K3A_NIA0373.png",
            "ingest_time": "2023-03-02T14:34:14.313313Z",
            "type_id": "1",
            "type_name": "건물"
         }
      },
      {
         "type": "Feature",
         "geometry": {
            "type": "Polygon",
            "coordinates": [
               [
                  121.654601,
                  31.333653,
                  0.0
               ],
               [
                  121.654555,
                  31.3336,
                  0.0
               ],
               [
                  121.654536,
                  31.333597,
                  0.0
               ],
               [
                  121.654499,
                  31.333547,
                  0.0
               ]
            ]
         },
         "properties": {
            "object_imcoords": "EMPTY",
            "building_imcoords": "567.604906, 363.883841, 559.521925, 374.511465, 556.378543, 375.110204, 549.792410, 385.139088, 540.062896, 402.801899, 545.002495, 406.843390, 539.913211, 415.974165, 538.053646, 419.009479, 552.486737, 426.452104, 555.031380, 422.859668, 556.827598, 423.159037, 561.617512, 419.716286, 577.035051, 396.215766, 580.028748, 385.139088, 585.716771, 386.037197, 591.105426, 376.90642",
            "road_imcoords": "EMPTY",
            "image_id": "BLD01142_PS3_K3A_NIA0373.png",
            "ingest_time": "2023-03-02T14:34:14.313313Z",
            "type_id": "1",
            "type_name": "건물"
         }
      },
      {
         "type": "Feature",
         "geometry": {
            "type": "Polygon",
            "coordinates": [
               [
                  121.65455,
                  31.333316,
                  0.0
               ],
               [
                  121.654607,
                  31.333393,
                  0.0
               ],
               [
                  121.6546,
                  31.333412,
                  0.0
               ],
               [
                  121.65466,
                  31.333494,
                  0.0
               ]
            ]
         },
         "properties": {
            "object_imcoords": "EMPTY",
            "building_imcoords": "558.084027, 431.688690, 568.160299, 416.309117, 566.922862, 412.596807, 577.529464, 396.156574, 584.839667, 385.898707, 585.716771, 386.037197, 588.713108, 380.960072, 605.106628, 394.388807, 600.156881, 405.879292, 588.136065, 424.264069, 583.186318, 428.506709, 578.943677, 434.693894, 571.695833, 437.345544, 565.685425, 437.34554",
            "road_imcoords": "EMPTY",
            "image_id": "BLD01142_PS3_K3A_NIA0373.png",
            "ingest_time": "2023-03-02T14:34:14.313313Z",
            "type_id": "1",
            "type_name": "건물"
         }
      },
      {
         "type": "Feature",
         "geometry": {
            "type": "Polygon",
            "coordinates": [
               [
                  121.654925,
                  31.333308,
                  0.0
               ],
               [
                  121.654981,
                  31.33339,
                  0.0
               ],
               [
                  121.654952,
                  31.333403,
                  0.0
               ],
               [
                  121.654898,
                  31.333321,
                  0.0
               ]
            ]
         },
         "properties": {
            "object_imcoords": "EMPTY",
            "building_imcoords": "622.889224, 434.219469, 632.762727, 417.692085, 627.825975, 415.116389, 618.167114, 431.42913",
            "road_imcoords": "EMPTY",
            "image_id": "BLD01142_PS3_K3A_NIA0373.png",
            "ingest_time": "2023-03-02T14:34:14.313313Z",
            "type_id": "1",
            "type_name": "건물"
         }
      },
      {
         "type": "Feature",
         "geometry": {
            "type": "Polygon",
            "coordinates": [
               [
                  121.651815,
                  31.334862,
                  0.0
               ],
               [
                  121.651798,
                  31.334839,
                  0.0
               ],
               [
                  121.651917,
                  31.334773,
                  0.0
               ],
               [
                  121.651938,
                  31.334799,
                  0.0
               ]
            ]
         },
         "properties": {
            "object_imcoords": "EMPTY",
            "building_imcoords": "88.646881, 114.403844, 85.641902, 119.018634, 106.140152, 132.541039, 109.789055, 127.28232",
            "road_imcoords": "EMPTY",
            "image_id": "BLD01142_PS3_K3A_NIA0373.png",
            "ingest_time": "2023-03-02T14:34:14.313313Z",
            "type_id": "1",
            "type_name": "건물"
         }
      },
      {
         "type": "Feature",
         "geometry": {
            "type": "Polygon",
            "coordinates": [
               [
                  121.651788,
                  31.334785,
                  0.0
               ],
               [
                  121.65178,
                  31.334774,
                  0.0
               ],
               [
                  121.651768,
                  31.334755,
                  0.0
               ],
               [
                  121.651922,
                  31.33467,
                  0.0
               ]
            ]
         },
         "properties": {
            "object_imcoords": "EMPTY",
            "building_imcoords": "83.817451, 129.750702, 82.406899, 132.073963, 80.312363, 135.855764, 106.784076, 153.361251, 110.969583, 145.95612",
            "road_imcoords": "EMPTY",
            "image_id": "BLD01142_PS3_K3A_NIA0373.png",
            "ingest_time": "2023-03-02T14:34:14.313313Z",
            "type_id": "1",
            "type_name": "건물"
         }
      }
   ]
}