{
   "type": "FeatureCollection",
   "features": [
      {
         "type": "Feature",
         "geometry": {
            "type": "Polygon",
            "coordinates": [
               [
                  31.361618,
                  30.099729,
                  0.0
               ],
               [
                  31.367461,
                  30.099801,
                  0.0
               ],
               [
                  31.367377,
                  30.104882,
                  0.0
               ],
               [
                  31.361534,
                  30.104809,
                  0.0
               ]
            ]
         },
         "properties": {
            "object_imcoords": "EMPTY",
            "building_imcoords": "60.828302, 17.786053, 63.318350, 24.011172, 56.381789, 30.414151, 63.496210, 39.129317, 65.808397, 40.374341, 74.167842, 34.860664, 90.531011, 58.160394, 107.783483, 63.851931, 117.210091, 56.915370, 139.086936, 35.572106, 138.019773, 30.947733, 140.687681, 27.924104, 136.774749, 23.121869, 137.130470, 19.920380, 138.375494, 9.070887, 136.419028, 0.533582, 80.926542, 0.889303, 70.788492, 9.070887, 71.677795, 14.228843, 65.808397, 16.89675",
            "road_imcoords": "EMPTY",
            "image_id": "BLD00789_PS3_K3A_NIA0277.png",
            "ingest_time": "2023-03-02T14:34:14.313313Z",
            "type_id": "1",
            "type_name": "건물"
         }
      },
      {
         "type": "Feature",
         "geometry": {
            "type": "Polygon",
            "coordinates": [
               [
                  31.361618,
                  30.099729,
                  0.0
               ],
               [
                  31.367461,
                  30.099801,
                  0.0
               ],
               [
                  31.367377,
                  30.104882,
                  0.0
               ],
               [
                  31.361534,
                  30.104809,
                  0.0
               ]
            ]
         },
         "properties": {
            "object_imcoords": "EMPTY",
            "building_imcoords": "208.370826, 415.276431, 215.469956, 422.902162, 212.718665, 427.640497, 256.586474, 476.246641, 259.490615, 477.469437, 268.508736, 486.487558, 270.037231, 488.016053, 274.164167, 489.391699, 293.881754, 467.992767, 284.252235, 455.611957, 289.601968, 448.428030, 282.876589, 441.855501, 281.042395, 439.868458, 284.863633, 436.811468, 276.304061, 424.583507, 270.954328, 427.640497, 261.324809, 416.635332, 264.993197, 413.272643, 255.669377, 400.280435, 250.778193, 403.031726, 242.524319, 397.529144, 237.785984, 400.127585, 227.810087, 391.165440, 220.972538, 396.612047, 216.998451, 391.873712, 206.451835, 401.808930, 210.884471, 410.06280",
            "road_imcoords": "EMPTY",
            "image_id": "BLD00789_PS3_K3A_NIA0277.png",
            "ingest_time": "2023-03-02T14:34:14.313313Z",
            "type_id": "1",
            "type_name": "건물"
         }
      },
      {
         "type": "Feature",
         "geometry": {
            "type": "Polygon",
            "coordinates": [
               [
                  31.361618,
                  30.099729,
                  0.0
               ],
               [
                  31.367461,
                  30.099801,
                  0.0
               ],
               [
                  31.367377,
                  30.104882,
                  0.0
               ],
               [
                  31.361534,
                  30.104809,
                  0.0
               ]
            ]
         },
         "properties": {
            "object_imcoords": "EMPTY",
            "building_imcoords": "507.568687, 84.594781, 495.342098, 92.195094, 493.689856, 100.456303, 488.237458, 104.091235, 482.785060, 107.726167, 484.767750, 136.309950, 504.594652, 152.171472, 509.881826, 149.527885, 510.707947, 138.292640, 535.491574, 114.665582, 534.665453, 108.717512, 510.047050, 84.76000",
            "road_imcoords": "EMPTY",
            "image_id": "BLD00789_PS3_K3A_NIA0277.png",
            "ingest_time": "2023-03-02T14:34:14.313313Z",
            "type_id": "1",
            "type_name": "건물"
         }
      },
      {
         "type": "Feature",
         "geometry": {
            "type": "Polygon",
            "coordinates": [
               [
                  31.361618,
                  30.099729,
                  0.0
               ],
               [
                  31.367461,
                  30.099801,
                  0.0
               ],
               [
                  31.367377,
                  30.104882,
                  0.0
               ],
               [
                  31.361534,
                  30.104809,
                  0.0
               ]
            ]
         },
         "properties": {
            "object_imcoords": "EMPTY",
            "building_imcoords": "535.987247, 114.169910, 510.707947, 138.457865, 510.212274, 155.971628, 555.979373, 200.582157, 561.927443, 199.590812, 585.224053, 174.807185, 580.763000, 157.29342",
            "road_imcoords": "EMPTY",
            "image_id": "BLD00789_PS3_K3A_NIA0277.png",
            "ingest_time": "2023-03-02T14:34:14.313313Z",
            "type_id": "1",
            "type_name": "건물"
         }
      },
      {
         "type": "Feature",
         "geometry": {
            "type": "Polygon",
            "coordinates": [
               [
                  31.361618,
                  30.099729,
                  0.0
               ],
               [
                  31.367461,
                  30.099801,
                  0.0
               ],
               [
                  31.367377,
                  30.104882,
                  0.0
               ],
               [
                  31.361534,
                  30.104809,
                  0.0
               ]
            ]
         },
         "properties": {
            "object_imcoords": "EMPTY",
            "building_imcoords": "568.040738, 144.901608, 569.197307, 133.501139, 595.798401, 109.874081, 613.642612, 129.700983, 612.970150, 134.575599, 594.737327, 153.924718, 595.109425, 166.576065, 587.543424, 170.793180, 586.303095, 169.800918, 581.713882, 157.02553",
            "road_imcoords": "EMPTY",
            "image_id": "BLD00789_PS3_K3A_NIA0277.png",
            "ingest_time": "2023-03-02T14:34:14.313313Z",
            "type_id": "1",
            "type_name": "건물"
         }
      },
      {
         "type": "Feature",
         "geometry": {
            "type": "Polygon",
            "coordinates": [
               [
                  31.361618,
                  30.099729,
                  0.0
               ],
               [
                  31.367461,
                  30.099801,
                  0.0
               ],
               [
                  31.367377,
                  30.104882,
                  0.0
               ],
               [
                  31.361534,
                  30.104809,
                  0.0
               ]
            ]
         },
         "properties": {
            "object_imcoords": "EMPTY",
            "building_imcoords": "594.737327, 168.188491, 594.489261, 177.739018, 614.582576, 193.987316, 621.156315, 186.669380, 641.001565, 166.327999, 639.513171, 145.986618, 621.280348, 129.738320, 613.218215, 134.575599, 594.613294, 154.17278",
            "road_imcoords": "EMPTY",
            "image_id": "BLD00789_PS3_K3A_NIA0277.png",
            "ingest_time": "2023-03-02T14:34:14.313313Z",
            "type_id": "1",
            "type_name": "건물"
         }
      },
      {
         "type": "Feature",
         "geometry": {
            "type": "Polygon",
            "coordinates": [
               [
                  31.361618,
                  30.099729,
                  0.0
               ],
               [
                  31.367461,
                  30.099801,
                  0.0
               ],
               [
                  31.367377,
                  30.104882,
                  0.0
               ],
               [
                  31.361534,
                  30.104809,
                  0.0
               ]
            ]
         },
         "properties": {
            "object_imcoords": "EMPTY",
            "building_imcoords": "621.404381, 186.917446, 620.660184, 203.289776, 642.613991, 222.762928, 658.862290, 203.909941, 660.598749, 199.196694, 663.575536, 197.088136, 667.296521, 196.716038, 667.420554, 181.956133, 646.831107, 160.994588, 641.125598, 166.70009",
            "road_imcoords": "EMPTY",
            "image_id": "BLD00789_PS3_K3A_NIA0277.png",
            "ingest_time": "2023-03-02T14:34:14.313313Z",
            "type_id": "1",
            "type_name": "건물"
         }
      },
      {
         "type": "Feature",
         "geometry": {
            "type": "Polygon",
            "coordinates": [
               [
                  31.361618,
                  30.099729,
                  0.0
               ],
               [
                  31.367461,
                  30.099801,
                  0.0
               ],
               [
                  31.367377,
                  30.104882,
                  0.0
               ],
               [
                  31.361534,
                  30.104809,
                  0.0
               ]
            ]
         },
         "properties": {
            "object_imcoords": "EMPTY",
            "building_imcoords": "613.218215, 198.700563, 594.737327, 212.840303, 590.396178, 225.243584, 591.388441, 237.150734, 609.745297, 250.918376, 615.202740, 249.305949, 637.652679, 226.483912, 636.635406, 218.784879, 631.114021, 212.869110, 620.071251, 203.00949",
            "road_imcoords": "EMPTY",
            "image_id": "BLD00789_PS3_K3A_NIA0277.png",
            "ingest_time": "2023-03-02T14:34:14.313313Z",
            "type_id": "1",
            "type_name": "건물"
         }
      },
      {
         "type": "Feature",
         "geometry": {
            "type": "Polygon",
            "coordinates": [
               [
                  31.361618,
                  30.099729,
                  0.0
               ],
               [
                  31.367461,
                  30.099801,
                  0.0
               ],
               [
                  31.367377,
                  30.104882,
                  0.0
               ],
               [
                  31.361534,
                  30.104809,
                  0.0
               ]
            ]
         },
         "properties": {
            "object_imcoords": "EMPTY",
            "building_imcoords": "647.776772, 218.784879, 648.171157, 228.151515, 668.777754, 246.687593, 674.496332, 242.250765, 674.989312, 228.545899, 680.017716, 223.320303, 694.314160, 209.516840, 674.200543, 190.980762, 668.087581, 196.797936, 661.721992, 198.355333, 660.109347, 200.169559, 659.370218, 203.260462, 659.101444, 204.80591",
            "road_imcoords": "EMPTY",
            "image_id": "BLD00789_PS3_K3A_NIA0277.png",
            "ingest_time": "2023-03-02T14:34:14.313313Z",
            "type_id": "1",
            "type_name": "건물"
         }
      },
      {
         "type": "Feature",
         "geometry": {
            "type": "Polygon",
            "coordinates": [
               [
                  31.361618,
                  30.099729,
                  0.0
               ],
               [
                  31.367461,
                  30.099801,
                  0.0
               ],
               [
                  31.367377,
                  30.104882,
                  0.0
               ],
               [
                  31.361534,
                  30.104809,
                  0.0
               ]
            ]
         },
         "properties": {
            "object_imcoords": "EMPTY",
            "building_imcoords": "675.276251, 243.280040, 675.405243, 256.695270, 692.561259, 268.949567, 715.650934, 246.891833, 719.262727, 244.698958, 718.101793, 224.060143, 711.910149, 215.030661, 699.397867, 206.130172, 694.625140, 210.128942, 679.997751, 223.086205, 674.904964, 229.50754",
            "road_imcoords": "EMPTY",
            "image_id": "BLD00789_PS3_K3A_NIA0277.png",
            "ingest_time": "2023-03-02T14:34:14.313313Z",
            "type_id": "1",
            "type_name": "건물"
         }
      },
      {
         "type": "Feature",
         "geometry": {
            "type": "Polygon",
            "coordinates": [
               [
                  31.361618,
                  30.099729,
                  0.0
               ],
               [
                  31.367461,
                  30.099801,
                  0.0
               ],
               [
                  31.367377,
                  30.104882,
                  0.0
               ],
               [
                  31.361534,
                  30.104809,
                  0.0
               ]
            ]
         },
         "properties": {
            "object_imcoords": "EMPTY",
            "building_imcoords": "701.143888, 261.614244, 700.368898, 279.328285, 720.961471, 298.481592, 728.932790, 292.945954, 739.671927, 280.656838, 740.557629, 274.789062, 747.089682, 272.464094, 746.868256, 256.078606, 726.829247, 237.257437, 719.743631, 245.118043, 714.872269, 248.43942",
            "road_imcoords": "EMPTY",
            "image_id": "BLD00789_PS3_K3A_NIA0277.png",
            "ingest_time": "2023-03-02T14:34:14.313313Z",
            "type_id": "1",
            "type_name": "건물"
         }
      },
      {
         "type": "Feature",
         "geometry": {
            "type": "Polygon",
            "coordinates": [
               [
                  31.361618,
                  30.099729,
                  0.0
               ],
               [
                  31.367461,
                  30.099801,
                  0.0
               ],
               [
                  31.367377,
                  30.104882,
                  0.0
               ],
               [
                  31.361534,
                  30.104809,
                  0.0
               ]
            ]
         },
         "properties": {
            "object_imcoords": "EMPTY",
            "building_imcoords": "727.493524, 295.603060, 727.272098, 308.335027, 746.314692, 324.277664, 774.325020, 301.692262, 772.885754, 289.956710, 769.564371, 285.749625, 765.135861, 284.642497, 765.025148, 281.542540, 754.728862, 271.689105, 741.000480, 275.231913, 740.336204, 280.878264, 732.364885, 290.17813",
            "road_imcoords": "EMPTY",
            "image_id": "BLD00789_PS3_K3A_NIA0277.png",
            "ingest_time": "2023-03-02T14:34:14.313313Z",
            "type_id": "1",
            "type_name": "건물"
         }
      },
      {
         "type": "Feature",
         "geometry": {
            "type": "Polygon",
            "coordinates": [
               [
                  31.361618,
                  30.099729,
                  0.0
               ],
               [
                  31.367461,
                  30.099801,
                  0.0
               ],
               [
                  31.367377,
                  30.104882,
                  0.0
               ],
               [
                  31.361534,
                  30.104809,
                  0.0
               ]
            ]
         },
         "properties": {
            "object_imcoords": "EMPTY",
            "building_imcoords": "577.027789, 0.000000, 570.586755, 5.108406, 568.809918, 25.986240, 568.809918, 48.640911, 591.020380, 71.961895, 595.018263, 67.519803, 598.571937, 77.736615, 614.119260, 91.729206, 636.329721, 90.840787, 654.764404, 69.740849, 685.192736, 42.199877, 714.954755, 15.547323, 696.964281, 0.00000",
            "road_imcoords": "EMPTY",
            "image_id": "BLD00789_PS3_K3A_NIA0277.png",
            "ingest_time": "2023-03-02T14:34:14.313313Z",
            "type_id": "1",
            "type_name": "건물"
         }
      },
      {
         "type": "Feature",
         "geometry": {
            "type": "Polygon",
            "coordinates": [
               [
                  31.361618,
                  30.099729,
                  0.0
               ],
               [
                  31.367461,
                  30.099801,
                  0.0
               ],
               [
                  31.367377,
                  30.104882,
                  0.0
               ],
               [
                  31.361534,
                  30.104809,
                  0.0
               ]
            ]
         },
         "properties": {
            "object_imcoords": "EMPTY",
            "building_imcoords": "655.764167, 107.719186, 662.483493, 101.209839, 662.693472, 93.650598, 687.890942, 69.083065, 696.500078, 66.983276, 705.949129, 58.584119, 714.978223, 59.634013, 736.186094, 79.582011, 736.816031, 85.881378, 737.235988, 106.039355, 731.356579, 113.178638, 712.878434, 128.927057, 708.468876, 138.166129, 704.269298, 142.785666, 680.541680, 155.174422, 657.863957, 137.116235, 654.084336, 131.23682",
            "road_imcoords": "EMPTY",
            "image_id": "BLD00789_PS3_K3A_NIA0277.png",
            "ingest_time": "2023-03-02T14:34:14.313313Z",
            "type_id": "1",
            "type_name": "건물"
         }
      },
      {
         "type": "Feature",
         "geometry": {
            "type": "Polygon",
            "coordinates": [
               [
                  31.361618,
                  30.099729,
                  0.0
               ],
               [
                  31.367461,
                  30.099801,
                  0.0
               ],
               [
                  31.367377,
                  30.104882,
                  0.0
               ],
               [
                  31.361534,
                  30.104809,
                  0.0
               ]
            ]
         },
         "properties": {
            "object_imcoords": "EMPTY",
            "building_imcoords": "706.540083, 142.159493, 701.542288, 149.008322, 701.542288, 178.069573, 722.273881, 195.099095, 744.301198, 201.207511, 748.928786, 200.096890, 786.134590, 164.742120, 787.800522, 140.493561, 779.285761, 131.978800, 781.321899, 128.276730, 764.292377, 105.694102, 757.628651, 109.766379, 748.373475, 103.472860, 730.973746, 114.393967, 712.680381, 129.54378",
            "road_imcoords": "EMPTY",
            "image_id": "BLD00789_PS3_K3A_NIA0277.png",
            "ingest_time": "2023-03-02T14:34:14.313313Z",
            "type_id": "1",
            "type_name": "건물"
         }
      },
      {
         "type": "Feature",
         "geometry": {
            "type": "Polygon",
            "coordinates": [
               [
                  31.361618,
                  30.099729,
                  0.0
               ],
               [
                  31.367461,
                  30.099801,
                  0.0
               ],
               [
                  31.367377,
                  30.104882,
                  0.0
               ],
               [
                  31.361534,
                  30.104809,
                  0.0
               ]
            ]
         },
         "properties": {
            "object_imcoords": "EMPTY",
            "building_imcoords": "764.642769, 188.546266, 752.185797, 209.615465, 753.416115, 232.991512, 775.100474, 247.293961, 783.712701, 248.370489, 802.936424, 234.990779, 816.008555, 221.457278, 829.542055, 207.308619, 832.002691, 183.009834, 828.311737, 178.703720, 830.003424, 175.935504, 822.313935, 163.170953, 809.856963, 153.635987, 805.089480, 154.712515, 798.784100, 151.482930, 789.095344, 160.864106, 789.095344, 165.016430, 769.871622, 181.16435",
            "road_imcoords": "EMPTY",
            "image_id": "BLD00789_PS3_K3A_NIA0277.png",
            "ingest_time": "2023-03-02T14:34:14.313313Z",
            "type_id": "1",
            "type_name": "건물"
         }
      },
      {
         "type": "Feature",
         "geometry": {
            "type": "Polygon",
            "coordinates": [
               [
                  31.361618,
                  30.099729,
                  0.0
               ],
               [
                  31.367461,
                  30.099801,
                  0.0
               ],
               [
                  31.367377,
                  30.104882,
                  0.0
               ],
               [
                  31.361534,
                  30.104809,
                  0.0
               ]
            ]
         },
         "properties": {
            "object_imcoords": "EMPTY",
            "building_imcoords": "927.980241, 529.478667, 927.378047, 556.276280, 936.410950, 572.234409, 946.949337, 572.686054, 953.272369, 567.868505, 981.876562, 536.855538, 993.167691, 533.995119, 1000.092917, 527.973184, 999.490723, 518.940281, 1020.115852, 497.261313, 1014.545561, 491.389926, 990.909465, 470.162604, 978.112852, 475.431797, 944.239466, 510.96121",
            "road_imcoords": "EMPTY",
            "image_id": "BLD00789_PS3_K3A_NIA0277.png",
            "ingest_time": "2023-03-02T14:34:14.313313Z",
            "type_id": "1",
            "type_name": "건물"
         }
      },
      {
         "type": "Feature",
         "geometry": {
            "type": "Polygon",
            "coordinates": [
               [
                  31.361618,
                  30.099729,
                  0.0
               ],
               [
                  31.367461,
                  30.099801,
                  0.0
               ],
               [
                  31.367377,
                  30.104882,
                  0.0
               ],
               [
                  31.361534,
                  30.104809,
                  0.0
               ]
            ]
         },
         "properties": {
            "object_imcoords": "EMPTY",
            "building_imcoords": "951.465788, 571.632215, 951.014143, 586.837602, 966.219530, 607.613279, 976.757917, 609.118763, 987.747949, 603.548472, 1011.986239, 575.245376, 1011.534594, 565.760828, 999.039078, 546.641183, 981.726014, 538.96321",
            "road_imcoords": "EMPTY",
            "image_id": "BLD00789_PS3_K3A_NIA0277.png",
            "ingest_time": "2023-03-02T14:34:14.313313Z",
            "type_id": "1",
            "type_name": "건물"
         }
      },
      {
         "type": "Feature",
         "geometry": {
            "type": "Polygon",
            "coordinates": [
               [
                  31.361618,
                  30.099729,
                  0.0
               ],
               [
                  31.367461,
                  30.099801,
                  0.0
               ],
               [
                  31.367377,
                  30.104882,
                  0.0
               ],
               [
                  31.361534,
                  30.104809,
                  0.0
               ]
            ]
         },
         "properties": {
            "object_imcoords": "EMPTY",
            "building_imcoords": "997.684142, 529.478667, 1014.545561, 558.685054, 1024.000000, 563.050957, 1024.000000, 494.551442, 999.189626, 520.144668, 999.340175, 529.62921",
            "road_imcoords": "EMPTY",
            "image_id": "BLD00789_PS3_K3A_NIA0277.png",
            "ingest_time": "2023-03-02T14:34:14.313313Z",
            "type_id": "1",
            "type_name": "건물"
         }
      },
      {
         "type": "Feature",
         "geometry": {
            "type": "Polygon",
            "coordinates": [
               [
                  31.361618,
                  30.099729,
                  0.0
               ],
               [
                  31.367461,
                  30.099801,
                  0.0
               ],
               [
                  31.367377,
                  30.104882,
                  0.0
               ],
               [
                  31.361534,
                  30.104809,
                  0.0
               ]
            ]
         },
         "properties": {
            "object_imcoords": "EMPTY",
            "building_imcoords": "84.866274, 840.264516, 174.152667, 845.568659, 170.616572, 948.999430, 78.236096, 940.159193, 76.910061, 923.362743, 88.402369, 924.246767, 93.706511, 851.314813, 83.982250, 848.66274",
            "road_imcoords": "EMPTY",
            "image_id": "BLD00789_PS3_K3A_NIA0277.png",
            "ingest_time": "2023-03-02T14:34:14.313313Z",
            "type_id": "1",
            "type_name": "건물"
         }
      },
      {
         "type": "Feature",
         "geometry": {
            "type": "Polygon",
            "coordinates": [
               [
                  31.361618,
                  30.099729,
                  0.0
               ],
               [
                  31.367461,
                  30.099801,
                  0.0
               ],
               [
                  31.367377,
                  30.104882,
                  0.0
               ],
               [
                  31.361534,
                  30.104809,
                  0.0
               ]
            ]
         },
         "properties": {
            "object_imcoords": "EMPTY",
            "building_imcoords": "178.667079, 776.717721, 201.550548, 778.918055, 197.149881, 839.647259, 174.266412, 839.20719",
            "road_imcoords": "EMPTY",
            "image_id": "BLD00789_PS3_K3A_NIA0277.png",
            "ingest_time": "2023-03-02T14:34:14.313313Z",
            "type_id": "1",
            "type_name": "건물"
         }
      },
      {
         "type": "Feature",
         "geometry": {
            "type": "Polygon",
            "coordinates": [
               [
                  31.361618,
                  30.099729,
                  0.0
               ],
               [
                  31.367461,
                  30.099801,
                  0.0
               ],
               [
                  31.367377,
                  30.104882,
                  0.0
               ],
               [
                  31.361534,
                  30.104809,
                  0.0
               ]
            ]
         },
         "properties": {
            "object_imcoords": "EMPTY",
            "building_imcoords": "543.220970, 916.471857, 543.790384, 925.297775, 568.559894, 927.006017, 569.129308, 917.041271, 567.705773, 915.048322, 567.990480, 909.923596, 542.651556, 909.63888",
            "road_imcoords": "EMPTY",
            "image_id": "BLD00789_PS3_K3A_NIA0277.png",
            "ingest_time": "2023-03-02T14:34:14.313313Z",
            "type_id": "1",
            "type_name": "건물"
         }
      },
      {
         "type": "Feature",
         "geometry": {
            "type": "Polygon",
            "coordinates": [
               [
                  31.361618,
                  30.099729,
                  0.0
               ],
               [
                  31.367461,
                  30.099801,
                  0.0
               ],
               [
                  31.367377,
                  30.104882,
                  0.0
               ],
               [
                  31.361534,
                  30.104809,
                  0.0
               ]
            ]
         },
         "properties": {
            "object_imcoords": "EMPTY",
            "building_imcoords": "699.835572, 443.335865, 683.588950, 458.844005, 683.342789, 461.305615, 684.081272, 464.998029, 695.404675, 472.382857, 696.881641, 472.382857, 700.081733, 473.613662, 709.682010, 483.213939, 721.005414, 474.598306, 722.236218, 468.198121, 708.943527, 454.905430, 710.174332, 450.96685",
            "road_imcoords": "EMPTY",
            "image_id": "BLD00789_PS3_K3A_NIA0277.png",
            "ingest_time": "2023-03-02T14:34:14.313313Z",
            "type_id": "1",
            "type_name": "건물"
         }
      },
      {
         "type": "Feature",
         "geometry": {
            "type": "Polygon",
            "coordinates": [
               [
                  31.361618,
                  30.099729,
                  0.0
               ],
               [
                  31.367461,
                  30.099801,
                  0.0
               ],
               [
                  31.367377,
                  30.104882,
                  0.0
               ],
               [
                  31.361534,
                  30.104809,
                  0.0
               ]
            ]
         },
         "properties": {
            "object_imcoords": "EMPTY",
            "building_imcoords": "826.674039, 339.729057, 789.870058, 302.453230, 784.679753, 302.453230, 759.671920, 325.573680, 759.671920, 332.179523, 762.502995, 336.426136, 765.334071, 335.482444, 779.961294, 347.750438, 783.264215, 363.793199, 791.757442, 359.546586, 809.687586, 371.814579, 826.674039, 357.18735",
            "road_imcoords": "EMPTY",
            "image_id": "BLD00789_PS3_K3A_NIA0277.png",
            "ingest_time": "2023-03-02T14:34:14.313313Z",
            "type_id": "1",
            "type_name": "건물"
         }
      },
      {
         "type": "Feature",
         "geometry": {
            "type": "Polygon",
            "coordinates": [
               [
                  31.361618,
                  30.099729,
                  0.0
               ],
               [
                  31.367461,
                  30.099801,
                  0.0
               ],
               [
                  31.367377,
                  30.104882,
                  0.0
               ],
               [
                  31.361534,
                  30.104809,
                  0.0
               ]
            ]
         },
         "properties": {
            "object_imcoords": "EMPTY",
            "building_imcoords": "757.241289, 330.521263, 730.104396, 353.846795, 729.342123, 371.074149, 767.608192, 405.833765, 768.370464, 393.332500, 784.835546, 378.087054, 782.396274, 375.190419, 789.256725, 369.549604, 787.884635, 361.621972, 783.615910, 363.451426, 779.957003, 347.596162, 765.473830, 335.552260, 762.424740, 336.46698",
            "road_imcoords": "EMPTY",
            "image_id": "BLD00789_PS3_K3A_NIA0277.png",
            "ingest_time": "2023-03-02T14:34:14.313313Z",
            "type_id": "1",
            "type_name": "건물"
         }
      },
      {
         "type": "Feature",
         "geometry": {
            "type": "Polygon",
            "coordinates": [
               [
                  31.361618,
                  30.099729,
                  0.0
               ],
               [
                  31.367461,
                  30.099801,
                  0.0
               ],
               [
                  31.367377,
                  30.104882,
                  0.0
               ],
               [
                  31.361534,
                  30.104809,
                  0.0
               ]
            ]
         },
         "properties": {
            "object_imcoords": "EMPTY",
            "building_imcoords": "785.773220, 377.799515, 768.353069, 393.664295, 767.575384, 406.729408, 805.370889, 444.369376, 807.237334, 443.747228, 832.745411, 421.972040, 832.900948, 408.595853, 827.146077, 402.529907, 828.390374, 399.885777, 813.303279, 385.576368, 810.503612, 386.198516, 808.792704, 384.487609, 800.549240, 389.464795, 797.594036, 389.93140",
            "road_imcoords": "EMPTY",
            "image_id": "BLD00789_PS3_K3A_NIA0277.png",
            "ingest_time": "2023-03-02T14:34:14.313313Z",
            "type_id": "1",
            "type_name": "건물"
         }
      },
      {
         "type": "Feature",
         "geometry": {
            "type": "Polygon",
            "coordinates": [
               [
                  31.361618,
                  30.099729,
                  0.0
               ],
               [
                  31.367461,
                  30.099801,
                  0.0
               ],
               [
                  31.367377,
                  30.104882,
                  0.0
               ],
               [
                  31.361534,
                  30.104809,
                  0.0
               ]
            ]
         },
         "properties": {
            "object_imcoords": "EMPTY",
            "building_imcoords": "838.083769, 358.392293, 812.759582, 380.229816, 813.082878, 385.711102, 828.476874, 399.813294, 827.077420, 403.042804, 833.213488, 408.748271, 833.428789, 422.527512, 837.842452, 421.235708, 846.239177, 412.838983, 856.993562, 419.016303, 858.868821, 420.474838, 862.202616, 408.598195, 878.454864, 394.429568, 842.824935, 358.38291",
            "road_imcoords": "EMPTY",
            "image_id": "BLD00789_PS3_K3A_NIA0277.png",
            "ingest_time": "2023-03-02T14:34:14.313313Z",
            "type_id": "1",
            "type_name": "건물"
         }
      },
      {
         "type": "Feature",
         "geometry": {
            "type": "Polygon",
            "coordinates": [
               [
                  31.361618,
                  30.099729,
                  0.0
               ],
               [
                  31.367461,
                  30.099801,
                  0.0
               ],
               [
                  31.367377,
                  30.104882,
                  0.0
               ],
               [
                  31.361534,
                  30.104809,
                  0.0
               ]
            ]
         },
         "properties": {
            "object_imcoords": "EMPTY",
            "building_imcoords": "856.269085, 418.089904, 844.623127, 428.425692, 845.787723, 432.792926, 844.331978, 434.976543, 842.730659, 452.154332, 856.996958, 465.110460, 876.795087, 449.970715, 885.966279, 455.793694, 886.548577, 438.324756, 901.833897, 424.058457, 875.776066, 396.981604, 861.946490, 408.773137, 858.743851, 420.27352",
            "road_imcoords": "EMPTY",
            "image_id": "BLD00789_PS3_K3A_NIA0277.png",
            "ingest_time": "2023-03-02T14:34:14.313313Z",
            "type_id": "1",
            "type_name": "건물"
         }
      },
      {
         "type": "Feature",
         "geometry": {
            "type": "Polygon",
            "coordinates": [
               [
                  31.361618,
                  30.099729,
                  0.0
               ],
               [
                  31.367461,
                  30.099801,
                  0.0
               ],
               [
                  31.367377,
                  30.104882,
                  0.0
               ],
               [
                  31.361534,
                  30.104809,
                  0.0
               ]
            ]
         },
         "properties": {
            "object_imcoords": "EMPTY",
            "building_imcoords": "905.698592, 420.908661, 901.601251, 424.261031, 886.329344, 438.415481, 885.956859, 455.922302, 888.564257, 460.205886, 888.711943, 463.882868, 890.855139, 467.216729, 895.379664, 464.597267, 896.332195, 463.644735, 899.904189, 466.264197, 898.237258, 468.883659, 905.857511, 476.265779, 908.715106, 475.075114, 911.334567, 477.694576, 911.334567, 484.124164, 913.477763, 487.458024, 913.477763, 494.840144, 918.240421, 495.078277, 939.910514, 475.075114, 939.196115, 451.02369",
            "road_imcoords": "EMPTY",
            "image_id": "BLD00789_PS3_K3A_NIA0277.png",
            "ingest_time": "2023-03-02T14:34:14.313313Z",
            "type_id": "1",
            "type_name": "건물"
         }
      },
      {
         "type": "Feature",
         "geometry": {
            "type": "Polygon",
            "coordinates": [
               [
                  31.366519,
                  30.102594,
                  0.0
               ],
               [
                  31.366417,
                  30.102514,
                  0.0
               ],
               [
                  31.36641,
                  30.102437,
                  0.0
               ],
               [
                  31.366489,
                  30.102368,
                  0.0
               ]
            ]
         },
         "properties": {
            "object_imcoords": "EMPTY",
            "building_imcoords": "867.041850, 458.882078, 848.943750, 474.836981, 847.514953, 490.315619, 861.088528, 504.365460, 863.707990, 488.886822, 883.305026, 470.11674",
            "road_imcoords": "EMPTY",
            "image_id": "BLD00789_PS3_K3A_NIA0277.png",
            "ingest_time": "2023-03-02T14:34:14.313313Z",
            "type_id": "1",
            "type_name": "건물"
         }
      },
      {
         "type": "Feature",
         "geometry": {
            "type": "Polygon",
            "coordinates": [
               [
                  31.361618,
                  30.099729,
                  0.0
               ],
               [
                  31.367461,
                  30.099801,
                  0.0
               ],
               [
                  31.367377,
                  30.104882,
                  0.0
               ],
               [
                  31.361534,
                  30.104809,
                  0.0
               ]
            ]
         },
         "properties": {
            "object_imcoords": "EMPTY",
            "building_imcoords": "888.668739, 465.093835, 882.123882, 470.616057, 883.760097, 471.843217, 862.693841, 489.227991, 861.466681, 505.181078, 876.397133, 516.634576, 883.964623, 521.543218, 892.145693, 523.179432, 896.849809, 521.134165, 913.825529, 500.067909, 913.366052, 487.823227, 913.366052, 487.703457, 911.329962, 484.230127, 911.329962, 477.762547, 908.934562, 475.367147, 905.700771, 476.325307, 898.275031, 468.899566, 899.951811, 466.264626, 896.478481, 463.629686, 894.801701, 465.186696, 891.088831, 466.98324",
            "road_imcoords": "EMPTY",
            "image_id": "BLD00789_PS3_K3A_NIA0277.png",
            "ingest_time": "2023-03-02T14:34:14.313313Z",
            "type_id": "1",
            "type_name": "건물"
         }
      },
      {
         "type": "Feature",
         "geometry": {
            "type": "Polygon",
            "coordinates": [
               [
                  31.361618,
                  30.099729,
                  0.0
               ],
               [
                  31.367461,
                  30.099801,
                  0.0
               ],
               [
                  31.367377,
                  30.104882,
                  0.0
               ],
               [
                  31.361534,
                  30.104809,
                  0.0
               ]
            ]
         },
         "properties": {
            "object_imcoords": "EMPTY",
            "building_imcoords": "878.682702, 260.649770, 860.497834, 275.298691, 858.224726, 280.855178, 865.296619, 285.906530, 870.600539, 287.674503, 871.105674, 291.715585, 880.198108, 301.313154, 891.058515, 290.452747, 891.311082, 276.05639",
            "road_imcoords": "EMPTY",
            "image_id": "BLD00789_PS3_K3A_NIA0277.png",
            "ingest_time": "2023-03-02T14:34:14.313313Z",
            "type_id": "1",
            "type_name": "건물"
         }
      },
      {
         "type": "Feature",
         "geometry": {
            "type": "Polygon",
            "coordinates": [
               [
                  31.361618,
                  30.099729,
                  0.0
               ],
               [
                  31.367461,
                  30.099801,
                  0.0
               ],
               [
                  31.367377,
                  30.104882,
                  0.0
               ],
               [
                  31.361534,
                  30.104809,
                  0.0
               ]
            ]
         },
         "properties": {
            "object_imcoords": "EMPTY",
            "building_imcoords": "875.904458, 301.313154, 859.992699, 317.224913, 858.729861, 337.935457, 870.347971, 353.089514, 892.068785, 369.506408, 899.645813, 371.779516, 910.253653, 367.485867, 922.629466, 354.099784, 923.387168, 330.610997, 919.851222, 323.033968, 904.697166, 307.374777, 895.099596, 307.627344, 887.775136, 312.93126",
            "road_imcoords": "EMPTY",
            "image_id": "BLD00789_PS3_K3A_NIA0277.png",
            "ingest_time": "2023-03-02T14:34:14.313313Z",
            "type_id": "1",
            "type_name": "건물"
         }
      },
      {
         "type": "Feature",
         "geometry": {
            "type": "Polygon",
            "coordinates": [
               [
                  31.361618,
                  30.099729,
                  0.0
               ],
               [
                  31.367461,
                  30.099801,
                  0.0
               ],
               [
                  31.367377,
                  30.104882,
                  0.0
               ],
               [
                  31.361534,
                  30.104809,
                  0.0
               ]
            ]
         },
         "properties": {
            "object_imcoords": "EMPTY",
            "building_imcoords": "848.985780, 270.182727, 833.498786, 285.296540, 832.752425, 306.381242, 846.186926, 319.255971, 843.014891, 322.614596, 848.612599, 328.025714, 852.530995, 324.480499, 859.061655, 326.532992, 859.965984, 317.267561, 876.312322, 301.069826, 876.906734, 298.097765, 870.962611, 291.707832, 870.516802, 287.546946, 865.530223, 286.144356, 857.707223, 280.821491, 858.513718, 278.64395",
            "road_imcoords": "EMPTY",
            "image_id": "BLD00789_PS3_K3A_NIA0277.png",
            "ingest_time": "2023-03-02T14:34:14.313313Z",
            "type_id": "1",
            "type_name": "건물"
         }
      },
      {
         "type": "Feature",
         "geometry": {
            "type": "Polygon",
            "coordinates": [
               [
                  31.361618,
                  30.099729,
                  0.0
               ],
               [
                  31.367461,
                  30.099801,
                  0.0
               ],
               [
                  31.367377,
                  30.104882,
                  0.0
               ],
               [
                  31.361534,
                  30.104809,
                  0.0
               ]
            ]
         },
         "properties": {
            "object_imcoords": "EMPTY",
            "building_imcoords": "843.259254, 241.429265, 828.006503, 228.355478, 824.302263, 229.009167, 818.636956, 223.561756, 801.641033, 237.942921, 796.193621, 245.569297, 795.322036, 251.452501, 795.322036, 270.191596, 810.138994, 284.790658, 810.138994, 289.584380, 817.111680, 296.557066, 817.765370, 294.160205, 831.928639, 306.580303, 833.467415, 285.405443, 848.083866, 271.008788, 841.929571, 264.634696, 843.468145, 248.04007",
            "road_imcoords": "EMPTY",
            "image_id": "BLD00789_PS3_K3A_NIA0277.png",
            "ingest_time": "2023-03-02T14:34:14.313313Z",
            "type_id": "1",
            "type_name": "건물"
         }
      },
      {
         "type": "Feature",
         "geometry": {
            "type": "Polygon",
            "coordinates": [
               [
                  31.361618,
                  30.099729,
                  0.0
               ],
               [
                  31.367461,
                  30.099801,
                  0.0
               ],
               [
                  31.367377,
                  30.104882,
                  0.0
               ],
               [
                  31.361534,
                  30.104809,
                  0.0
               ]
            ]
         },
         "properties": {
            "object_imcoords": "EMPTY",
            "building_imcoords": "847.486664, 196.044371, 823.478110, 218.982480, 822.713507, 227.240199, 824.548555, 229.075248, 827.912811, 228.463565, 843.510725, 241.308906, 844.734091, 260.118155, 852.380127, 253.695485, 869.966011, 267.917112, 888.775260, 251.707515, 888.163577, 231.216138, 879.905858, 225.099309, 879.752937, 221.276291, 853.909335, 196.96189",
            "road_imcoords": "EMPTY",
            "image_id": "BLD00789_PS3_K3A_NIA0277.png",
            "ingest_time": "2023-03-02T14:34:14.313313Z",
            "type_id": "1",
            "type_name": "건물"
         }
      },
      {
         "type": "Feature",
         "geometry": {
            "type": "Polygon",
            "coordinates": [
               [
                  31.361618,
                  30.099729,
                  0.0
               ],
               [
                  31.367461,
                  30.099801,
                  0.0
               ],
               [
                  31.367377,
                  30.104882,
                  0.0
               ],
               [
                  31.361534,
                  30.104809,
                  0.0
               ]
            ]
         },
         "properties": {
            "object_imcoords": "EMPTY",
            "building_imcoords": "919.956927, 268.833376, 896.035313, 293.210640, 895.132944, 307.647633, 904.759467, 307.246528, 920.001462, 323.023330, 923.076602, 330.644327, 928.290968, 326.499574, 940.190420, 334.120572, 940.858929, 326.098469, 960.379379, 305.24100",
            "road_imcoords": "EMPTY",
            "image_id": "BLD00789_PS3_K3A_NIA0277.png",
            "ingest_time": "2023-03-02T14:34:14.313313Z",
            "type_id": "1",
            "type_name": "건물"
         }
      },
      {
         "type": "Feature",
         "geometry": {
            "type": "Polygon",
            "coordinates": [
               [
                  31.361618,
                  30.099729,
                  0.0
               ],
               [
                  31.367461,
                  30.099801,
                  0.0
               ],
               [
                  31.367377,
                  30.104882,
                  0.0
               ],
               [
                  31.361534,
                  30.104809,
                  0.0
               ]
            ]
         },
         "properties": {
            "object_imcoords": "EMPTY",
            "building_imcoords": "957.432519, 308.425829, 940.633155, 326.537643, 939.976930, 334.674835, 944.832996, 339.005921, 947.326651, 339.005921, 959.098639, 328.776190, 961.788015, 331.801737, 960.947585, 337.516661, 954.896489, 346.761390, 956.913521, 361.048699, 970.192314, 370.293428, 971.032744, 350.795454, 984.983881, 336.17197",
            "road_imcoords": "EMPTY",
            "image_id": "BLD00789_PS3_K3A_NIA0277.png",
            "ingest_time": "2023-03-02T14:34:14.313313Z",
            "type_id": "1",
            "type_name": "건물"
         }
      },
      {
         "type": "Feature",
         "geometry": {
            "type": "Polygon",
            "coordinates": [
               [
                  31.361618,
                  30.099729,
                  0.0
               ],
               [
                  31.367461,
                  30.099801,
                  0.0
               ],
               [
                  31.367377,
                  30.104882,
                  0.0
               ],
               [
                  31.361534,
                  30.104809,
                  0.0
               ]
            ]
         },
         "properties": {
            "object_imcoords": "EMPTY",
            "building_imcoords": "939.600664, 333.650683, 928.675075, 343.063498, 926.489958, 350.459282, 926.153786, 366.091279, 940.273008, 379.370072, 948.004964, 370.125342, 950.862426, 373.318976, 961.025338, 363.855492, 956.876109, 361.302120, 954.748299, 346.833013, 960.812557, 337.577040, 961.982853, 331.831953, 959.003919, 328.853019, 947.513746, 338.853726, 945.173155, 339.172897, 939.960020, 334.81088",
            "road_imcoords": "EMPTY",
            "image_id": "BLD00789_PS3_K3A_NIA0277.png",
            "ingest_time": "2023-03-02T14:34:14.313313Z",
            "type_id": "1",
            "type_name": "건물"
         }
      },
      {
         "type": "Feature",
         "geometry": {
            "type": "Polygon",
            "coordinates": [
               [
                  31.361618,
                  30.099729,
                  0.0
               ],
               [
                  31.367461,
                  30.099801,
                  0.0
               ],
               [
                  31.367377,
                  30.104882,
                  0.0
               ],
               [
                  31.361534,
                  30.104809,
                  0.0
               ]
            ]
         },
         "properties": {
            "object_imcoords": "EMPTY",
            "building_imcoords": "975.701677, 377.058206, 991.200537, 391.346218, 995.075252, 398.853478, 995.075252, 419.922241, 972.795641, 437.358458, 968.436587, 437.358458, 964.077532, 435.421101, 928.236418, 406.118569, 932.837642, 387.713672, 940.429617, 379.581259, 947.674619, 370.205375, 951.084031, 373.614787, 961.880504, 384.553319, 965.716093, 383.27479",
            "road_imcoords": "EMPTY",
            "image_id": "BLD00789_PS3_K3A_NIA0277.png",
            "ingest_time": "2023-03-02T14:34:14.313313Z",
            "type_id": "1",
            "type_name": "건물"
         }
      },
      {
         "type": "Feature",
         "geometry": {
            "type": "Polygon",
            "coordinates": [
               [
                  31.361618,
                  30.099729,
                  0.0
               ],
               [
                  31.367461,
                  30.099801,
                  0.0
               ],
               [
                  31.367377,
                  30.104882,
                  0.0
               ],
               [
                  31.361534,
                  30.104809,
                  0.0
               ]
            ]
         },
         "properties": {
            "object_imcoords": "EMPTY",
            "building_imcoords": "989.008869, 333.940900, 984.945948, 336.128627, 971.194521, 350.817651, 969.944391, 371.132259, 980.101695, 372.226122, 976.195040, 377.851706, 991.040330, 391.446866, 994.946985, 399.260177, 1001.666433, 405.979624, 1003.697893, 411.448942, 1024.000000, 393.790860, 1024.000000, 368.006934, 1022.293573, 365.50667",
            "road_imcoords": "EMPTY",
            "image_id": "BLD00789_PS3_K3A_NIA0277.png",
            "ingest_time": "2023-03-02T14:34:14.313313Z",
            "type_id": "1",
            "type_name": "건물"
         }
      },
      {
         "type": "Feature",
         "geometry": {
            "type": "Polygon",
            "coordinates": [
               [
                  31.361618,
                  30.099729,
                  0.0
               ],
               [
                  31.367461,
                  30.099801,
                  0.0
               ],
               [
                  31.367377,
                  30.104882,
                  0.0
               ],
               [
                  31.361534,
                  30.104809,
                  0.0
               ]
            ]
         },
         "properties": {
            "object_imcoords": "EMPTY",
            "building_imcoords": "1024.000000, 437.043435, 1015.635216, 444.689112, 1011.502418, 453.574628, 1011.915697, 470.312462, 1024.000000, 482.71085",
            "road_imcoords": "EMPTY",
            "image_id": "BLD00789_PS3_K3A_NIA0277.png",
            "ingest_time": "2023-03-02T14:34:14.313313Z",
            "type_id": "1",
            "type_name": "건물"
         }
      },
      {
         "type": "Feature",
         "geometry": {
            "type": "Polygon",
            "coordinates": [
               [
                  31.361618,
                  30.099729,
                  0.0
               ],
               [
                  31.367461,
                  30.099801,
                  0.0
               ],
               [
                  31.367377,
                  30.104882,
                  0.0
               ],
               [
                  31.361534,
                  30.104809,
                  0.0
               ]
            ]
         },
         "properties": {
            "object_imcoords": "EMPTY",
            "building_imcoords": "1024.000000, 295.302401, 1012.314575, 307.705629, 1011.258981, 326.442422, 1012.314575, 331.456493, 1024.000000, 340.69294",
            "road_imcoords": "EMPTY",
            "image_id": "BLD00789_PS3_K3A_NIA0277.png",
            "ingest_time": "2023-03-02T14:34:14.313313Z",
            "type_id": "1",
            "type_name": "건물"
         }
      },
      {
         "type": "Feature",
         "geometry": {
            "type": "Polygon",
            "coordinates": [
               [
                  31.361618,
                  30.099729,
                  0.0
               ],
               [
                  31.367461,
                  30.099801,
                  0.0
               ],
               [
                  31.367377,
                  30.104882,
                  0.0
               ],
               [
                  31.361534,
                  30.104809,
                  0.0
               ]
            ]
         },
         "properties": {
            "object_imcoords": "EMPTY",
            "building_imcoords": "975.896585, 234.605750, 958.215387, 253.342542, 958.215387, 276.301710, 965.604544, 283.426969, 962.701661, 287.649345, 966.924036, 293.719010, 971.146412, 290.288330, 990.938798, 307.705629, 1001.230839, 309.289020, 1022.342718, 288.441040, 1021.287124, 263.898482, 1017.592545, 259.940004, 1018.384240, 255.453730, 1004.661519, 240.939314, 997.008463, 240.675415, 991.994392, 242.786603, 986.452524, 247.80067",
            "road_imcoords": "EMPTY",
            "image_id": "BLD00789_PS3_K3A_NIA0277.png",
            "ingest_time": "2023-03-02T14:34:14.313313Z",
            "type_id": "1",
            "type_name": "건물"
         }
      },
      {
         "type": "Feature",
         "geometry": {
            "type": "Polygon",
            "coordinates": [
               [
                  31.361618,
                  30.099729,
                  0.0
               ],
               [
                  31.367461,
                  30.099801,
                  0.0
               ],
               [
                  31.367377,
                  30.104882,
                  0.0
               ],
               [
                  31.361534,
                  30.104809,
                  0.0
               ]
            ]
         },
         "properties": {
            "object_imcoords": "EMPTY",
            "building_imcoords": "1024.000000, 209.799293, 1003.605925, 237.508633, 1005.056876, 241.046450, 1018.370938, 255.753845, 1016.977606, 260.398285, 1024.000000, 266.90050",
            "road_imcoords": "EMPTY",
            "image_id": "BLD00789_PS3_K3A_NIA0277.png",
            "ingest_time": "2023-03-02T14:34:14.313313Z",
            "type_id": "1",
            "type_name": "건물"
         }
      },
      {
         "type": "Feature",
         "geometry": {
            "type": "Polygon",
            "coordinates": [
               [
                  31.361618,
                  30.099729,
                  0.0
               ],
               [
                  31.367461,
                  30.099801,
                  0.0
               ],
               [
                  31.367377,
                  30.104882,
                  0.0
               ],
               [
                  31.361534,
                  30.104809,
                  0.0
               ]
            ]
         },
         "properties": {
            "object_imcoords": "EMPTY",
            "building_imcoords": "968.840271, 204.185266, 954.779016, 190.520102, 952.402466, 191.708377, 947.253274, 187.945506, 941.113853, 191.312286, 922.101452, 212.107099, 920.913177, 217.454337, 921.309269, 243.002251, 955.967291, 274.491541, 958.541887, 276.471999, 958.225103, 253.153898, 975.895746, 234.355342, 965.995173, 224.078797, 973.514596, 218.31390",
            "road_imcoords": "EMPTY",
            "image_id": "BLD00789_PS3_K3A_NIA0277.png",
            "ingest_time": "2023-03-02T14:34:14.313313Z",
            "type_id": "1",
            "type_name": "건물"
         }
      },
      {
         "type": "Feature",
         "geometry": {
            "type": "Polygon",
            "coordinates": [
               [
                  31.361618,
                  30.099729,
                  0.0
               ],
               [
                  31.367461,
                  30.099801,
                  0.0
               ],
               [
                  31.367377,
                  30.104882,
                  0.0
               ],
               [
                  31.361534,
                  30.104809,
                  0.0
               ]
            ]
         },
         "properties": {
            "object_imcoords": "EMPTY",
            "building_imcoords": "975.199929, 155.418677, 968.927427, 159.774582, 951.678044, 179.289035, 950.156860, 189.892663, 952.237496, 191.695880, 955.289095, 190.586208, 969.159998, 204.318402, 974.014814, 218.744141, 979.424466, 214.860289, 999.121148, 230.118282, 1018.262994, 210.421600, 1015.904941, 189.476536, 980.118011, 154.79927",
            "road_imcoords": "EMPTY",
            "image_id": "BLD00789_PS3_K3A_NIA0277.png",
            "ingest_time": "2023-03-02T14:34:14.313313Z",
            "type_id": "1",
            "type_name": "건물"
         }
      },
      {
         "type": "Feature",
         "geometry": {
            "type": "Polygon",
            "coordinates": [
               [
                  31.364522,
                  30.101095,
                  0.0
               ],
               [
                  31.364381,
                  30.100937,
                  0.0
               ],
               [
                  31.364361,
                  30.100817,
                  0.0
               ],
               [
                  31.36449,
                  30.100768,
                  0.0
               ]
            ]
         },
         "properties": {
            "object_imcoords": "EMPTY",
            "building_imcoords": "512.850441, 756.035116, 487.693405, 787.371073, 483.721242, 811.645405, 506.230168, 821.796490, 535.800719, 782.516206, 536.683422, 767.95160",
            "road_imcoords": "EMPTY",
            "image_id": "BLD00789_PS3_K3A_NIA0277.png",
            "ingest_time": "2023-03-02T14:34:14.313313Z",
            "type_id": "1",
            "type_name": "건물"
         }
      },
      {
         "type": "Feature",
         "geometry": {
            "type": "Polygon",
            "coordinates": [
               [
                  31.36485,
                  30.101066,
                  0.0
               ],
               [
                  31.364763,
                  30.100855,
                  0.0
               ],
               [
                  31.364789,
                  30.10084,
                  0.0
               ],
               [
                  31.364785,
                  30.100752,
                  0.0
               ]
            ]
         },
         "properties": {
            "object_imcoords": "EMPTY",
            "building_imcoords": "570.226136, 762.655389, 554.337482, 805.025133, 558.750997, 808.114593, 557.868294, 825.768653, 592.735062, 829.740817, 596.265874, 811.645405, 600.679389, 811.204054, 603.768849, 766.18620",
            "road_imcoords": "EMPTY",
            "image_id": "BLD00789_PS3_K3A_NIA0277.png",
            "ingest_time": "2023-03-02T14:34:14.313313Z",
            "type_id": "1",
            "type_name": "건물"
         }
      },
      {
         "type": "Feature",
         "geometry": {
            "type": "Polygon",
            "coordinates": [
               [
                  31.365342,
                  30.100603,
                  0.0
               ],
               [
                  31.36516,
                  30.100621,
                  0.0
               ],
               [
                  31.365059,
                  30.100604,
                  0.0
               ],
               [
                  31.365043,
                  30.100551,
                  0.0
               ]
            ]
         },
         "properties": {
            "object_imcoords": "EMPTY",
            "building_imcoords": "654.965623, 857.104609, 623.188315, 853.132446, 605.534255, 856.221906, 602.444795, 866.814342, 586.997493, 867.697045, 586.997493, 883.585699, 600.679389, 885.351105, 599.796686, 894.178135, 655.848326, 893.736784, 663.792653, 860.63542",
            "road_imcoords": "EMPTY",
            "image_id": "BLD00789_PS3_K3A_NIA0277.png",
            "ingest_time": "2023-03-02T14:34:14.313313Z",
            "type_id": "1",
            "type_name": "건물"
         }
      },
      {
         "type": "Feature",
         "geometry": {
            "type": "Polygon",
            "coordinates": [
               [
                  31.363402,
                  30.102528,
                  0.0
               ],
               [
                  31.363241,
                  30.102389,
                  0.0
               ],
               [
                  31.363378,
                  30.102269,
                  0.0
               ],
               [
                  31.363421,
                  30.102308,
                  0.0
               ]
            ]
         },
         "properties": {
            "object_imcoords": "EMPTY",
            "building_imcoords": "320.728209, 464.345853, 292.058269, 491.944019, 315.637285, 516.594809, 323.407642, 508.824451, 307.866927, 494.087566, 325.819133, 473.455927, 325.819133, 465.41762",
            "road_imcoords": "EMPTY",
            "image_id": "BLD00789_PS3_K3A_NIA0277.png",
            "ingest_time": "2023-03-02T14:34:14.313313Z",
            "type_id": "1",
            "type_name": "건물"
         }
      },
      {
         "type": "Feature",
         "geometry": {
            "type": "Polygon",
            "coordinates": [
               [
                  31.363513,
                  30.102422,
                  0.0
               ],
               [
                  31.363472,
                  30.102392,
                  0.0
               ],
               [
                  31.363462,
                  30.102362,
                  0.0
               ],
               [
                  31.363508,
                  30.102318,
                  0.0
               ]
            ]
         },
         "properties": {
            "object_imcoords": "EMPTY",
            "building_imcoords": "339.855645, 486.050532, 332.577545, 492.062876, 330.678910, 498.075220, 338.589889, 506.935516, 347.766624, 495.860146, 348.399502, 489.847802, 348.399502, 489.84780",
            "road_imcoords": "EMPTY",
            "image_id": "BLD00789_PS3_K3A_NIA0277.png",
            "ingest_time": "2023-03-02T14:34:14.313313Z",
            "type_id": "1",
            "type_name": "건물"
         }
      },
      {
         "type": "Feature",
         "geometry": {
            "type": "Polygon",
            "coordinates": [
               [
                  31.364294,
                  30.102939,
                  0.0
               ],
               [
                  31.364238,
                  30.102915,
                  0.0
               ],
               [
                  31.364241,
                  30.102886,
                  0.0
               ],
               [
                  31.364299,
                  30.102838,
                  0.0
               ]
            ]
         },
         "properties": {
            "object_imcoords": "EMPTY",
            "building_imcoords": "478.139553, 383.840687, 468.329940, 388.587274, 468.646379, 394.283179, 478.772432, 404.092793, 486.366971, 397.764010, 486.999850, 391.11878",
            "road_imcoords": "EMPTY",
            "image_id": "BLD00789_PS3_K3A_NIA0277.png",
            "ingest_time": "2023-03-02T14:34:14.313313Z",
            "type_id": "1",
            "type_name": "건물"
         }
      },
      {
         "type": "Feature",
         "geometry": {
            "type": "Polygon",
            "coordinates": [
               [
                  31.362865,
                  30.10331,
                  0.0
               ],
               [
                  31.362799,
                  30.103259,
                  0.0
               ],
               [
                  31.362861,
                  30.103211,
                  0.0
               ],
               [
                  31.36292,
                  30.103266,
                  0.0
               ]
            ]
         },
         "properties": {
            "object_imcoords": "EMPTY",
            "building_imcoords": "228.785504, 305.363778, 217.077256, 315.489831, 227.836187, 325.299445, 238.278679, 314.54051",
            "road_imcoords": "EMPTY",
            "image_id": "BLD00789_PS3_K3A_NIA0277.png",
            "ingest_time": "2023-03-02T14:34:14.313313Z",
            "type_id": "1",
            "type_name": "건물"
         }
      },
      {
         "type": "Feature",
         "geometry": {
            "type": "Polygon",
            "coordinates": [
               [
                  31.364005,
                  30.103574,
                  0.0
               ],
               [
                  31.363964,
                  30.103549,
                  0.0
               ],
               [
                  31.363961,
                  30.103505,
                  0.0
               ],
               [
                  31.363991,
                  30.103472,
                  0.0
               ]
            ]
         },
         "properties": {
            "object_imcoords": "EMPTY",
            "building_imcoords": "429.407925, 255.049954, 422.129824, 260.112980, 421.496946, 268.973276, 426.559972, 275.618498, 434.470951, 268.340398, 434.787390, 262.32805",
            "road_imcoords": "EMPTY",
            "image_id": "BLD00789_PS3_K3A_NIA0277.png",
            "ingest_time": "2023-03-02T14:34:14.313313Z",
            "type_id": "1",
            "type_name": "건물"
         }
      },
      {
         "type": "Feature",
         "geometry": {
            "type": "Polygon",
            "coordinates": [
               [
                  31.363601,
                  30.10435,
                  0.0
               ],
               [
                  31.363553,
                  30.104307,
                  0.0
               ],
               [
                  31.363555,
                  30.104286,
                  0.0
               ],
               [
                  31.363593,
                  30.104259,
                  0.0
               ]
            ]
         },
         "properties": {
            "object_imcoords": "EMPTY",
            "building_imcoords": "360.740629, 97.779697, 352.196772, 106.323554, 352.513211, 110.437263, 359.158434, 116.133167, 366.752973, 109.171506, 366.752973, 101.57696",
            "road_imcoords": "EMPTY",
            "image_id": "BLD00789_PS3_K3A_NIA0277.png",
            "ingest_time": "2023-03-02T14:34:14.313313Z",
            "type_id": "1",
            "type_name": "건물"
         }
      },
      {
         "type": "Feature",
         "geometry": {
            "type": "Polygon",
            "coordinates": [
               [
                  31.363677,
                  30.104125,
                  0.0
               ],
               [
                  31.36363,
                  30.104107,
                  0.0
               ],
               [
                  31.363627,
                  30.104078,
                  0.0
               ],
               [
                  31.363636,
                  30.104049,
                  0.0
               ]
            ]
         },
         "properties": {
            "object_imcoords": "EMPTY",
            "building_imcoords": "373.398195, 143.346934, 365.170777, 146.827765, 364.537899, 152.523670, 366.120095, 158.536013, 379.726978, 155.055183, 379.726978, 150.94147",
            "road_imcoords": "EMPTY",
            "image_id": "BLD00789_PS3_K3A_NIA0277.png",
            "ingest_time": "2023-03-02T14:34:14.313313Z",
            "type_id": "1",
            "type_name": "건물"
         }
      },
      {
         "type": "Feature",
         "geometry": {
            "type": "Polygon",
            "coordinates": [
               [
                  31.362827,
                  30.104825,
                  0.0
               ],
               [
                  31.362931,
                  30.104758,
                  0.0
               ],
               [
                  31.362987,
                  30.104807,
                  0.0
               ],
               [
                  31.362969,
                  30.104827,
                  0.0
               ]
            ]
         },
         "properties": {
            "object_imcoords": "EMPTY",
            "building_imcoords": "226.489511, 0.000000, 244.502558, 13.755418, 254.475236, 4.126625, 251.380267, 0.00000",
            "road_imcoords": "EMPTY",
            "image_id": "BLD00789_PS3_K3A_NIA0277.png",
            "ingest_time": "2023-03-02T14:34:14.313313Z",
            "type_id": "1",
            "type_name": "건물"
         }
      },
      {
         "type": "Feature",
         "geometry": {
            "type": "Polygon",
            "coordinates": [
               [
                  31.367419,
                  30.101722,
                  0.0
               ],
               [
                  31.367392,
                  30.101698,
                  0.0
               ],
               [
                  31.367354,
                  30.10168,
                  0.0
               ],
               [
                  31.367355,
                  30.101618,
                  0.0
               ]
            ]
         },
         "properties": {
            "object_imcoords": "EMPTY",
            "building_imcoords": "1022.170070, 636.870212, 1017.315203, 641.725078, 1010.694931, 645.255890, 1010.694931, 657.613732, 1024.000000, 666.737208, 1024.000000, 651.30632",
            "road_imcoords": "EMPTY",
            "image_id": "BLD00789_PS3_K3A_NIA0277.png",
            "ingest_time": "2023-03-02T14:34:14.313313Z",
            "type_id": "1",
            "type_name": "건물"
         }
      },
      {
         "type": "Feature",
         "geometry": {
            "type": "Polygon",
            "coordinates": [
               [
                  31.36601,
                  30.103634,
                  0.0
               ],
               [
                  31.365986,
                  30.103617,
                  0.0
               ],
               [
                  31.365982,
                  30.103591,
                  0.0
               ],
               [
                  31.366029,
                  30.103547,
                  0.0
               ]
            ]
         },
         "properties": {
            "object_imcoords": "EMPTY",
            "building_imcoords": "780.752809, 248.000503, 776.513291, 251.392117, 775.701039, 256.671757, 783.823562, 265.606534, 793.570591, 256.265631, 793.976717, 247.330855, 800.474737, 238.396078, 794.553465, 240.825318, 783.712701, 248.37048",
            "road_imcoords": "EMPTY",
            "image_id": "BLD00789_PS3_K3A_NIA0277.png",
            "ingest_time": "2023-03-02T14:34:14.313313Z",
            "type_id": "1",
            "type_name": "건물"
         }
      },
      {
         "type": "Feature",
         "geometry": {
            "type": "Polygon",
            "coordinates": [
               [
                  31.365749,
                  30.103875,
                  0.0
               ],
               [
                  31.365718,
                  30.103854,
                  0.0
               ],
               [
                  31.365781,
                  30.1038,
                  0.0
               ],
               [
                  31.365782,
                  30.10377,
                  0.0
               ]
            ]
         },
         "properties": {
            "object_imcoords": "EMPTY",
            "building_imcoords": "735.744442, 198.834629, 730.214904, 203.063099, 741.180312, 214.028506, 741.180312, 220.120399, 748.084457, 214.028506, 748.896709, 205.499856, 740.909762, 200.26702",
            "road_imcoords": "EMPTY",
            "image_id": "BLD00789_PS3_K3A_NIA0277.png",
            "ingest_time": "2023-03-02T14:34:14.313313Z",
            "type_id": "1",
            "type_name": "건물"
         }
      },
      {
         "type": "Feature",
         "geometry": {
            "type": "Polygon",
            "coordinates": [
               [
                  31.366735,
                  30.103042,
                  0.0
               ],
               [
                  31.366719,
                  30.103026,
                  0.0
               ],
               [
                  31.366694,
                  30.102993,
                  0.0
               ],
               [
                  31.366743,
                  30.102953,
                  0.0
               ]
            ]
         },
         "properties": {
            "object_imcoords": "EMPTY",
            "building_imcoords": "906.051929, 369.186565, 903.224665, 372.417724, 898.757277, 378.915743, 907.285927, 387.038267, 914.596198, 380.134121, 915.814577, 373.229976, 906.081583, 369.17456",
            "road_imcoords": "EMPTY",
            "image_id": "BLD00789_PS3_K3A_NIA0277.png",
            "ingest_time": "2023-03-02T14:34:14.313313Z",
            "type_id": "1",
            "type_name": "건물"
         }
      },
      {
         "type": "Feature",
         "geometry": {
            "type": "Polygon",
            "coordinates": [
               [
                  31.367264,
                  30.103347,
                  0.0
               ],
               [
                  31.367245,
                  30.103318,
                  0.0
               ],
               [
                  31.367243,
                  30.103294,
                  0.0
               ],
               [
                  31.367283,
                  30.103268,
                  0.0
               ]
            ]
         },
         "properties": {
            "object_imcoords": "EMPTY",
            "building_imcoords": "999.648863, 309.045639, 996.227564, 314.747804, 995.821438, 319.621318, 1002.725583, 324.900959, 1007.599098, 319.621318, 1010.441981, 311.904920, 1002.899138, 307.641574, 1001.230839, 309.28902",
            "road_imcoords": "EMPTY",
            "image_id": "BLD00789_PS3_K3A_NIA0277.png",
            "ingest_time": "2023-03-02T14:34:14.313313Z",
            "type_id": "1",
            "type_name": "건물"
         }
      },
      {
         "type": "Feature",
         "geometry": {
            "type": "Polygon",
            "coordinates": [
               [
                  31.366299,
                  30.102581,
                  0.0
               ],
               [
                  31.36627,
                  30.102565,
                  0.0
               ],
               [
                  31.366261,
                  30.102542,
                  0.0
               ],
               [
                  31.366312,
                  30.102497,
                  0.0
               ]
            ]
         },
         "properties": {
            "object_imcoords": "EMPTY",
            "building_imcoords": "828.497444, 460.953235, 823.217804, 464.202245, 821.593299, 468.669633, 830.528075, 478.010535, 835.401590, 473.543147, 837.026094, 467.85738",
            "road_imcoords": "EMPTY",
            "image_id": "BLD00789_PS3_K3A_NIA0277.png",
            "ingest_time": "2023-03-02T14:34:14.313313Z",
            "type_id": "1",
            "type_name": "건물"
         }
      },
      {
         "type": "Feature",
         "geometry": {
            "type": "Polygon",
            "coordinates": [
               [
                  31.365501,
                  30.104114,
                  0.0
               ],
               [
                  31.365444,
                  30.104062,
                  0.0
               ],
               [
                  31.365444,
                  30.104037,
                  0.0
               ],
               [
                  31.365495,
                  30.104006,
                  0.0
               ]
            ]
         },
         "properties": {
            "object_imcoords": "EMPTY",
            "building_imcoords": "693.001735, 149.992156, 682.875682, 160.434648, 682.875682, 165.497675, 691.735979, 171.826458, 700.596275, 164.548357, 701.542288, 151.619510, 701.542288, 151.57374",
            "road_imcoords": "EMPTY",
            "image_id": "BLD00789_PS3_K3A_NIA0277.png",
            "ingest_time": "2023-03-02T14:34:14.313313Z",
            "type_id": "1",
            "type_name": "건물"
         }
      }
   ]
}