{
   "type": "FeatureCollection",
   "features": [
      {
         "type": "Feature",
         "geometry": {
            "type": "Polygon",
            "coordinates": [
               [
                  31.420533,
                  30.069961,
                  0.0
               ],
               [
                  31.426374,
                  30.070031,
                  0.0
               ],
               [
                  31.426294,
                  30.075111,
                  0.0
               ],
               [
                  31.420452,
                  30.075041,
                  0.0
               ]
            ]
         },
         "properties": {
            "object_imcoords": "EMPTY",
            "building_imcoords": "EMPTY",
            "road_imcoords": "42.706785, 1024.000000, 438.715157, 726.015348, 1024.000000, 117.249537, 1023.409870, 147.532531, 451.138949, 740.768601, 75.319239, 1024.00000",
            "image_id": "BLD00951_PS3_K3A_NIA0277.png",
            "ingest_time": "2023-03-02T15:10:41.602602Z",
            "type_id": "5",
            "type_name": "기타 포장 도로"
         }
      },
      {
         "type": "Feature",
         "geometry": {
            "type": "Polygon",
            "coordinates": [
               [
                  31.426298,
                  30.074853,
                  0.0
               ],
               [
                  31.42513,
                  30.073784,
                  0.0
               ],
               [
                  31.42414,
                  30.072917,
                  0.0
               ],
               [
                  31.423355,
                  30.072115,
                  0.0
               ]
            ]
         },
         "properties": {
            "object_imcoords": "EMPTY",
            "building_imcoords": "EMPTY",
            "road_imcoords": "1024.000000, 52.081996, 816.408179, 264.646076, 640.393572, 436.915692, 500.580550, 596.702002, 420.687395, 675.346827, 337.049248, 747.749999, 0.000000, 999.912770, 343.290901, 763.978296, 428.177378, 686.581802, 511.815525, 606.688647, 661.615191, 444.405675, 1024.000000, 69.61042",
            "image_id": "BLD00951_PS3_K3A_NIA0277.png",
            "ingest_time": "2023-03-02T15:10:41.602602Z",
            "type_id": "9",
            "type_name": "건설중인 도로"
         }
      }
   ]
}