{
   "type": "FeatureCollection",
   "features": [
      {
         "type": "Feature",
         "geometry": {
            "type": "Polygon",
            "coordinates": [
               [
                  31.364673,
                  30.074359,
                  0.0
               ],
               [
                  31.366035,
                  30.074236,
                  0.0
               ],
               [
                  31.366136,
                  30.074207,
                  0.0
               ],
               [
                  31.366256,
                  30.074192,
                  0.0
               ]
            ]
         },
         "properties": {
            "object_imcoords": "EMPTY",
            "building_imcoords": "EMPTY",
            "road_imcoords": "462.185872, 0.000000, 700.441690, 28.102644, 718.063109, 34.247273, 739.045479, 37.704900, 756.370688, 33.022908, 762.858286, 14.183680, 768.803738, 5.700409, 780.314912, 0.000000, 746.290938, 0.000000, 749.682688, 11.975231, 748.795440, 18.230437, 740.535976, 22.963139, 726.864989, 22.554774, 721.336523, 17.838021, 721.515439, 7.238979, 724.297682, 0.000000, 708.406852, 0.000000, 705.227193, 7.825786, 706.121626, 18.820309, 529.305425, 0.00000",
            "image_id": "BLD00941_PS3_K3A_NIA0277.png",
            "ingest_time": "2023-03-02T15:10:41.602602Z",
            "type_id": "5",
            "type_name": "기타 포장 도로"
         }
      },
      {
         "type": "Feature",
         "geometry": {
            "type": "Polygon",
            "coordinates": [
               [
                  31.366488,
                  30.074382,
                  0.0
               ],
               [
                  31.367885,
                  30.074246,
                  0.0
               ],
               [
                  31.367883,
                  30.074308,
                  0.0
               ],
               [
                  31.366925,
                  30.074387,
                  0.0
               ]
            ]
         },
         "properties": {
            "object_imcoords": "EMPTY",
            "building_imcoords": "EMPTY",
            "road_imcoords": "780.373218, 0.000000, 1024.815051, 30.755740, 1024.543367, 18.342670, 856.861003, 0.00000",
            "image_id": "BLD00941_PS3_K3A_NIA0277.png",
            "ingest_time": "2023-03-02T15:10:41.602602Z",
            "type_id": "5",
            "type_name": "기타 포장 도로"
         }
      },
      {
         "type": "Feature",
         "geometry": {
            "type": "Polygon",
            "coordinates": [
               [
                  31.366368,
                  30.074248,
                  0.0
               ],
               [
                  31.367884,
                  30.074071,
                  0.0
               ],
               [
                  31.367883,
                  30.07403,
                  0.0
               ],
               [
                  31.366789,
                  30.074159,
                  0.0
               ]
            ]
         },
         "properties": {
            "object_imcoords": "EMPTY",
            "building_imcoords": "EMPTY",
            "road_imcoords": "758.807975, 26.712340, 1024.124910, 66.135122, 1023.853227, 74.264958, 832.320405, 45.634627, 827.945087, 79.130996, 820.603735, 78.281751, 825.630691, 44.677297, 755.886581, 33.78271",
            "image_id": "BLD00941_PS3_K3A_NIA0277.png",
            "ingest_time": "2023-03-02T15:10:41.602602Z",
            "type_id": "5",
            "type_name": "기타 포장 도로"
         }
      },
      {
         "type": "Feature",
         "geometry": {
            "type": "Polygon",
            "coordinates": [
               [
                  31.366251,
                  30.074191,
                  0.0
               ],
               [
                  31.366241,
                  30.074111,
                  0.0
               ],
               [
                  31.366182,
                  30.074118,
                  0.0
               ],
               [
                  31.366174,
                  30.07406,
                  0.0
               ]
            ]
         },
         "properties": {
            "object_imcoords": "EMPTY",
            "building_imcoords": "EMPTY",
            "road_imcoords": "738.225674, 37.862110, 736.263850, 53.965608, 725.862233, 52.329912, 724.294899, 64.003856, 735.208792, 66.136412, 692.837492, 410.427915, 670.369739, 597.163495, 649.260017, 783.899074, 657.120680, 784.911479, 747.148861, 59.399200, 755.044586, 46.052854, 761.466102, 42.626352, 766.959998, 35.489368, 752.902042, 33.73827",
            "image_id": "BLD00941_PS3_K3A_NIA0277.png",
            "ingest_time": "2023-03-02T15:10:41.602602Z",
            "type_id": "5",
            "type_name": "기타 포장 도로"
         }
      },
      {
         "type": "Feature",
         "geometry": {
            "type": "Polygon",
            "coordinates": [
               [
                  31.366124,
                  30.074101,
                  0.0
               ],
               [
                  31.365994,
                  30.073165,
                  0.0
               ],
               [
                  31.365824,
                  30.071832,
                  0.0
               ],
               [
                  31.365663,
                  30.070496,
                  0.0
               ]
            ]
         },
         "properties": {
            "object_imcoords": "EMPTY",
            "building_imcoords": "EMPTY",
            "road_imcoords": "715.712538, 55.538643, 690.269217, 243.831166, 656.493179, 512.200924, 624.527848, 781.023359, 633.487979, 782.351222, 728.076865, 35.485572, 708.206740, 30.417016, 713.734199, 43.84941",
            "image_id": "BLD00941_PS3_K3A_NIA0277.png",
            "ingest_time": "2023-03-02T15:10:41.602602Z",
            "type_id": "5",
            "type_name": "기타 포장 도로"
         }
      },
      {
         "type": "Feature",
         "geometry": {
            "type": "Polygon",
            "coordinates": [
               [
                  31.365928,
                  30.071557,
                  0.0
               ],
               [
                  31.365853,
                  30.071563,
                  0.0
               ],
               [
                  31.365846,
                  30.071524,
                  0.0
               ],
               [
                  31.365921,
                  30.071519,
                  0.0
               ]
            ]
         },
         "properties": {
            "object_imcoords": "EMPTY",
            "building_imcoords": "EMPTY",
            "road_imcoords": "674.076411, 567.864464, 660.958824, 566.342555, 659.564851, 574.137224, 672.731920, 575.34665",
            "image_id": "BLD00941_PS3_K3A_NIA0277.png",
            "ingest_time": "2023-03-02T15:10:41.602602Z",
            "type_id": "5",
            "type_name": "기타 포장 도로"
         }
      },
      {
         "type": "Feature",
         "geometry": {
            "type": "Polygon",
            "coordinates": [
               [
                  31.365984,
                  30.07155,
                  0.0
               ],
               [
                  31.36696,
                  30.071451,
                  0.0
               ],
               [
                  31.367197,
                  30.073017,
                  0.0
               ],
               [
                  31.367902,
                  30.072963,
                  0.0
               ]
            ]
         },
         "properties": {
            "object_imcoords": "EMPTY",
            "building_imcoords": "EMPTY",
            "road_imcoords": "683.776929, 569.371612, 854.556340, 591.687379, 900.535186, 276.801945, 1024.000000, 289.341630, 1024.000000, 299.559152, 907.037245, 286.555033, 864.309428, 593.545110, 1024.000000, 613.515720, 1024.000000, 623.268809, 683.122092, 576.68306",
            "image_id": "BLD00941_PS3_K3A_NIA0277.png",
            "ingest_time": "2023-03-02T15:10:41.602602Z",
            "type_id": "5",
            "type_name": "기타 포장 도로"
         }
      },
      {
         "type": "Feature",
         "geometry": {
            "type": "Polygon",
            "coordinates": [
               [
                  31.362121,
                  30.069246,
                  0.0
               ],
               [
                  31.367962,
                  30.069318,
                  0.0
               ],
               [
                  31.367878,
                  30.074399,
                  0.0
               ],
               [
                  31.362037,
                  30.074326,
                  0.0
               ]
            ]
         },
         "properties": {
            "object_imcoords": "EMPTY",
            "building_imcoords": "EMPTY",
            "road_imcoords": "622.854151, 799.898705, 623.883630, 780.998684, 644.141907, 781.859022, 657.345521, 785.293608, 661.093226, 802.516190, 655.265244, 815.447476, 644.709512, 820.037493, 621.832421, 813.866643, 623.206157, 800.076883, 628.128272, 801.683183, 627.544407, 811.444693, 643.126569, 815.049725, 651.640002, 810.896679, 656.515706, 802.853143, 653.765458, 790.753249, 643.288873, 786.305004, 632.650033, 788.671440, 628.847742, 799.71791",
            "image_id": "BLD00941_PS3_K3A_NIA0277.png",
            "ingest_time": "2023-03-02T15:10:41.602602Z",
            "type_id": "5",
            "type_name": "기타 포장 도로"
         }
      },
      {
         "type": "Feature",
         "geometry": {
            "type": "Polygon",
            "coordinates": [
               [
                  31.362121,
                  30.069246,
                  0.0
               ],
               [
                  31.367962,
                  30.069318,
                  0.0
               ],
               [
                  31.367878,
                  30.074399,
                  0.0
               ],
               [
                  31.362037,
                  30.074326,
                  0.0
               ]
            ]
         },
         "properties": {
            "object_imcoords": "EMPTY",
            "building_imcoords": "EMPTY",
            "road_imcoords": "621.001773, 814.336110, 592.500110, 1024.000000, 600.792097, 1024.000000, 628.916094, 813.82112",
            "image_id": "BLD00941_PS3_K3A_NIA0277.png",
            "ingest_time": "2023-03-02T15:10:41.602602Z",
            "type_id": "5",
            "type_name": "기타 포장 도로"
         }
      },
      {
         "type": "Feature",
         "geometry": {
            "type": "Polygon",
            "coordinates": [
               [
                  31.362121,
                  30.069246,
                  0.0
               ],
               [
                  31.367962,
                  30.069318,
                  0.0
               ],
               [
                  31.367878,
                  30.074399,
                  0.0
               ],
               [
                  31.362037,
                  30.074326,
                  0.0
               ]
            ]
         },
         "properties": {
            "object_imcoords": "EMPTY",
            "building_imcoords": "EMPTY",
            "road_imcoords": "645.114793, 818.719993, 616.469749, 1024.000000, 625.291147, 1024.000000, 653.659639, 816.35122",
            "image_id": "BLD00941_PS3_K3A_NIA0277.png",
            "ingest_time": "2023-03-02T15:10:41.602602Z",
            "type_id": "5",
            "type_name": "기타 포장 도로"
         }
      },
      {
         "type": "Feature",
         "geometry": {
            "type": "Polygon",
            "coordinates": [
               [
                  31.366091,
                  30.072461,
                  0.0
               ],
               [
                  31.366472,
                  30.07243,
                  0.0
               ],
               [
                  31.367102,
                  30.072377,
                  0.0
               ],
               [
                  31.367095,
                  30.072345,
                  0.0
               ]
            ]
         },
         "properties": {
            "object_imcoords": "EMPTY",
            "building_imcoords": "EMPTY",
            "road_imcoords": "705.221402, 386.019407, 771.816063, 393.222444, 882.179406, 405.493058, 880.821944, 411.883278, 704.939081, 391.71007",
            "image_id": "BLD00941_PS3_K3A_NIA0277.png",
            "ingest_time": "2023-03-02T15:10:41.602602Z",
            "type_id": "5",
            "type_name": "기타 포장 도로"
         }
      },
      {
         "type": "Feature",
         "geometry": {
            "type": "Polygon",
            "coordinates": [
               [
                  31.362121,
                  30.069246,
                  0.0
               ],
               [
                  31.367962,
                  30.069318,
                  0.0
               ],
               [
                  31.367878,
                  30.074399,
                  0.0
               ],
               [
                  31.362037,
                  30.074326,
                  0.0
               ]
            ]
         },
         "properties": {
            "object_imcoords": "EMPTY",
            "building_imcoords": "EMPTY",
            "road_imcoords": "926.948875, 289.263366, 910.814664, 369.934425, 916.576882, 369.166129, 932.553028, 290.12171",
            "image_id": "BLD00941_PS3_K3A_NIA0277.png",
            "ingest_time": "2023-03-02T15:10:41.602602Z",
            "type_id": "5",
            "type_name": "기타 포장 도로"
         }
      },
      {
         "type": "Feature",
         "geometry": {
            "type": "Polygon",
            "coordinates": [
               [
                  31.362121,
                  30.069246,
                  0.0
               ],
               [
                  31.367962,
                  30.069318,
                  0.0
               ],
               [
                  31.367878,
                  30.074399,
                  0.0
               ],
               [
                  31.362037,
                  30.074326,
                  0.0
               ]
            ]
         },
         "properties": {
            "object_imcoords": "EMPTY",
            "building_imcoords": "EMPTY",
            "road_imcoords": "894.218844, 382.737316, 1024.000000, 403.978861, 1024.000000, 410.189766, 892.750076, 389.39673",
            "image_id": "BLD00941_PS3_K3A_NIA0277.png",
            "ingest_time": "2023-03-02T15:10:41.602602Z",
            "type_id": "5",
            "type_name": "기타 포장 도로"
         }
      },
      {
         "type": "Feature",
         "geometry": {
            "type": "Polygon",
            "coordinates": [
               [
                  31.362121,
                  30.069246,
                  0.0
               ],
               [
                  31.367962,
                  30.069318,
                  0.0
               ],
               [
                  31.367878,
                  30.074399,
                  0.0
               ],
               [
                  31.362037,
                  30.074326,
                  0.0
               ]
            ]
         },
         "properties": {
            "object_imcoords": "EMPTY",
            "building_imcoords": "EMPTY",
            "road_imcoords": "1014.748772, 402.937293, 1024.000000, 347.490691, 1024.000000, 364.200626, 1018.926256, 404.07660",
            "image_id": "BLD00941_PS3_K3A_NIA0277.png",
            "ingest_time": "2023-03-02T15:10:41.602602Z",
            "type_id": "5",
            "type_name": "기타 포장 도로"
         }
      },
      {
         "type": "Feature",
         "geometry": {
            "type": "Polygon",
            "coordinates": [
               [
                  31.367466,
                  30.074343,
                  0.0
               ],
               [
                  31.367468,
                  30.074392,
                  0.0
               ],
               [
                  31.367496,
                  30.074393,
                  0.0
               ],
               [
                  31.367495,
                  30.074339,
                  0.0
               ]
            ]
         },
         "properties": {
            "object_imcoords": "EMPTY",
            "building_imcoords": "EMPTY",
            "road_imcoords": "951.547985, 10.206508, 952.041845, 0.271684, 956.997284, 0.271684, 956.649538, 11.01254",
            "image_id": "BLD00941_PS3_K3A_NIA0277.png",
            "ingest_time": "2023-03-02T15:10:41.602602Z",
            "type_id": "5",
            "type_name": "기타 포장 도로"
         }
      },
      {
         "type": "Feature",
         "geometry": {
            "type": "Polygon",
            "coordinates": [
               [
                  31.362121,
                  30.069246,
                  0.0
               ],
               [
                  31.367962,
                  30.069318,
                  0.0
               ],
               [
                  31.367878,
                  30.074399,
                  0.0
               ],
               [
                  31.362037,
                  30.074326,
                  0.0
               ]
            ]
         },
         "properties": {
            "object_imcoords": "EMPTY",
            "building_imcoords": "EMPTY",
            "road_imcoords": "0.000000, 227.180421, 39.866487, 233.000569, 77.017659, 0.000000, 90.120518, 0.000000, 50.986745, 237.205480, 373.703074, 293.336821, 300.958203, 833.764143, 280.155416, 989.360953, 0.000000, 959.616299, 0.000000, 950.866158, 274.862753, 981.059631, 316.333091, 639.440723, 362.366417, 299.125526, 0.000000, 237.65502",
            "image_id": "BLD00941_PS3_K3A_NIA0277.png",
            "ingest_time": "2023-03-02T15:10:41.602602Z",
            "type_id": "5",
            "type_name": "기타 포장 도로"
         }
      },
      {
         "type": "Feature",
         "geometry": {
            "type": "Polygon",
            "coordinates": [
               [
                  31.362101,
                  30.070449,
                  0.0
               ],
               [
                  31.362838,
                  30.070378,
                  0.0
               ],
               [
                  31.362897,
                  30.070853,
                  0.0
               ],
               [
                  31.363015,
                  30.070841,
                  0.0
               ]
            ]
         },
         "properties": {
            "object_imcoords": "EMPTY",
            "building_imcoords": "EMPTY",
            "road_imcoords": "0.000000, 781.542524, 129.004452, 797.644166, 140.658238, 701.974865, 161.324584, 704.793081, 148.443271, 800.883969, 295.129891, 822.051810, 293.889767, 831.888605, 0.000000, 796.62914",
            "image_id": "BLD00941_PS3_K3A_NIA0277.png",
            "ingest_time": "2023-03-02T15:10:41.602602Z",
            "type_id": "5",
            "type_name": "기타 포장 도로"
         }
      },
      {
         "type": "Feature",
         "geometry": {
            "type": "Polygon",
            "coordinates": [
               [
                  31.362121,
                  30.069246,
                  0.0
               ],
               [
                  31.367962,
                  30.069318,
                  0.0
               ],
               [
                  31.367878,
                  30.074399,
                  0.0
               ],
               [
                  31.362037,
                  30.074326,
                  0.0
               ]
            ]
         },
         "properties": {
            "object_imcoords": "EMPTY",
            "building_imcoords": "EMPTY",
            "road_imcoords": "48.086788, 575.583788, 42.822683, 604.637649, 5.524770, 596.951054, 0.000000, 641.487459, 0.000000, 514.984977, 15.885106, 396.771176, 1.207305, 394.186239, 0.000000, 382.102966, 14.548681, 384.257978, 34.720597, 243.112797, 50.291107, 246.857420, 28.849230, 386.955401, 344.103812, 430.070197, 342.249739, 441.284104, 196.393419, 422.087084, 183.377440, 518.226635, 163.554444, 516.575549, 175.840120, 419.547131, 28.402439, 400.333097, 6.356549, 566.98481",
            "image_id": "BLD00941_PS3_K3A_NIA0277.png",
            "ingest_time": "2023-03-02T15:10:41.602602Z",
            "type_id": "5",
            "type_name": "기타 포장 도로"
         }
      },
      {
         "type": "Feature",
         "geometry": {
            "type": "Polygon",
            "coordinates": [
               [
                  31.367621,
                  30.074393,
                  0.0
               ],
               [
                  31.367615,
                  30.074329,
                  0.0
               ],
               [
                  31.367654,
                  30.074327,
                  0.0
               ],
               [
                  31.367654,
                  30.074395,
                  0.0
               ]
            ]
         },
         "properties": {
            "object_imcoords": "EMPTY",
            "building_imcoords": "EMPTY",
            "road_imcoords": "978.825503, 0.584373, 977.656756, 13.440589, 984.483214, 13.960514, 984.669238, 0.19479",
            "image_id": "BLD00941_PS3_K3A_NIA0277.png",
            "ingest_time": "2023-03-02T15:10:41.602602Z",
            "type_id": "6",
            "type_name": "보도"
         }
      },
      {
         "type": "Feature",
         "geometry": {
            "type": "Polygon",
            "coordinates": [
               [
                  31.367785,
                  30.074399,
                  0.0
               ],
               [
                  31.36778,
                  30.074316,
                  0.0
               ],
               [
                  31.367805,
                  30.074314,
                  0.0
               ],
               [
                  31.367813,
                  30.074314,
                  0.0
               ]
            ]
         },
         "properties": {
            "object_imcoords": "EMPTY",
            "building_imcoords": "EMPTY",
            "road_imcoords": "1007.654593, -0.194791, 1006.499798, 16.368895, 1010.930293, 16.853544, 1012.329580, 16.946830, 1013.472063, 0.00000",
            "image_id": "BLD00941_PS3_K3A_NIA0277.png",
            "ingest_time": "2023-03-02T15:10:41.602602Z",
            "type_id": "6",
            "type_name": "보도"
         }
      },
      {
         "type": "Feature",
         "geometry": {
            "type": "Polygon",
            "coordinates": [
               [
                  31.366281,
                  30.073907,
                  0.0
               ],
               [
                  31.366662,
                  30.073878,
                  0.0
               ],
               [
                  31.36668,
                  30.073974,
                  0.0
               ],
               [
                  31.366719,
                  30.073993,
                  0.0
               ]
            ]
         },
         "properties": {
            "object_imcoords": "EMPTY",
            "building_imcoords": "EMPTY",
            "road_imcoords": "742.715184, 95.128977, 809.392647, 101.931939, 812.803009, 82.606553, 819.623733, 78.817261, 827.960174, 79.196191, 821.518379, 82.985482, 818.865875, 105.342301, 936.712838, 121.257325, 943.111747, 62.195720, 951.805506, 63.495263, 946.564996, 122.394113, 1004.541154, 130.730554, 1009.786082, 72.162201, 1018.628375, 73.483947, 1014.014383, 131.488412, 1024.757858, 132.796544, 1024.000000, 141.788612, 1023.866541, 140.961641, 857.480303, 117.213228, 848.740908, 193.290547, 909.388984, 200.967963, 908.931968, 210.546427, 837.679805, 202.475055, 848.273830, 115.608244, 741.564330, 102.310868, 742.460306, 97.18297",
            "image_id": "BLD00941_PS3_K3A_NIA0277.png",
            "ingest_time": "2023-03-02T15:10:41.602602Z",
            "type_id": "6",
            "type_name": "보도"
         }
      },
      {
         "type": "Feature",
         "geometry": {
            "type": "Polygon",
            "coordinates": [
               [
                  31.367411,
                  30.073758,
                  0.0
               ],
               [
                  31.367384,
                  30.073387,
                  0.0
               ],
               [
                  31.36724,
                  30.0734,
                  0.0
               ],
               [
                  31.367198,
                  30.073017,
                  0.0
               ]
            ]
         },
         "properties": {
            "object_imcoords": "EMPTY",
            "building_imcoords": "EMPTY",
            "road_imcoords": "940.223837, 127.988585, 934.406174, 202.723179, 909.345472, 199.590591, 900.861392, 276.835076, 902.586235, 277.010259, 912.030547, 277.010259, 919.190748, 209.435867, 1010.930818, 220.623680, 1008.245742, 287.303048, 1021.671118, 288.645585, 1023.461169, 213.015967, 946.041500, 203.618204, 953.201701, 129.77863",
            "image_id": "BLD00941_PS3_K3A_NIA0277.png",
            "ingest_time": "2023-03-02T15:10:41.602602Z",
            "type_id": "6",
            "type_name": "보도"
         }
      },
      {
         "type": "Feature",
         "geometry": {
            "type": "Polygon",
            "coordinates": [
               [
                  31.36675,
                  30.073234,
                  0.0
               ],
               [
                  31.366805,
                  30.073191,
                  0.0
               ],
               [
                  31.366867,
                  30.073146,
                  0.0
               ],
               [
                  31.366949,
                  30.073117,
                  0.0
               ]
            ]
         },
         "properties": {
            "object_imcoords": "EMPTY",
            "building_imcoords": "EMPTY",
            "road_imcoords": "822.975553, 231.811493, 832.373316, 240.761744, 843.196418, 249.937424, 857.434018, 255.977170, 876.293307, 256.724616, 896.367609, 255.082145, 903.080297, 254.187120, 902.775768, 262.108643, 885.170515, 264.784437, 871.574440, 265.350774, 853.853918, 264.032396, 838.121155, 255.528214, 827.898191, 247.474432, 814.025302, 230.91646",
            "image_id": "BLD00941_PS3_K3A_NIA0277.png",
            "ingest_time": "2023-03-02T15:10:41.602602Z",
            "type_id": "6",
            "type_name": "보도"
         }
      },
      {
         "type": "Feature",
         "geometry": {
            "type": "Polygon",
            "coordinates": [
               [
                  31.366536,
                  30.073252,
                  0.0
               ],
               [
                  31.366493,
                  30.072734,
                  0.0
               ],
               [
                  31.366141,
                  30.072767,
                  0.0
               ],
               [
                  31.366133,
                  30.072739,
                  0.0
               ]
            ]
         },
         "properties": {
            "object_imcoords": "EMPTY",
            "building_imcoords": "EMPTY",
            "road_imcoords": "785.364404, 227.787388, 776.371770, 332.035328, 714.874693, 324.447209, 713.418284, 330.202251, 774.977541, 337.627398, 771.100327, 393.145028, 771.816063, 393.222444, 771.817282, 393.346203, 779.550805, 394.796238, 787.598679, 306.745368, 894.461534, 321.343125, 895.557858, 313.726456, 787.424843, 299.096386, 793.242958, 228.383914, 787.070203, 227.78738",
            "image_id": "BLD00941_PS3_K3A_NIA0277.png",
            "ingest_time": "2023-03-02T15:10:41.602602Z",
            "type_id": "6",
            "type_name": "보도"
         }
      },
      {
         "type": "Feature",
         "geometry": {
            "type": "Polygon",
            "coordinates": [
               [
                  31.366246,
                  30.073618,
                  0.0
               ],
               [
                  31.366702,
                  30.073579,
                  0.0
               ],
               [
                  31.366689,
                  30.073484,
                  0.0
               ],
               [
                  31.366664,
                  30.073484,
                  0.0
               ]
            ]
         },
         "properties": {
            "object_imcoords": "EMPTY",
            "building_imcoords": "EMPTY",
            "road_imcoords": "735.684556, 153.267616, 815.489418, 162.252269, 812.846873, 181.278594, 808.538555, 181.278594, 807.840300, 181.220406, 807.832313, 181.278594, 807.561783, 181.278594, 809.147310, 166.480341, 735.684556, 158.02419",
            "image_id": "BLD00941_PS3_K3A_NIA0277.png",
            "ingest_time": "2023-03-02T15:10:41.602602Z",
            "type_id": "6",
            "type_name": "보도"
         }
      },
      {
         "type": "Feature",
         "geometry": {
            "type": "Polygon",
            "coordinates": [
               [
                  31.366461,
                  30.072401,
                  0.0
               ],
               [
                  31.366424,
                  30.072075,
                  0.0
               ],
               [
                  31.366055,
                  30.072098,
                  0.0
               ],
               [
                  31.36605,
                  30.072067,
                  0.0
               ]
            ]
         },
         "properties": {
            "object_imcoords": "EMPTY",
            "building_imcoords": "EMPTY",
            "road_imcoords": "769.872956, 399.086529, 762.494057, 464.579693, 697.890380, 459.112569, 696.870797, 465.245986, 761.793588, 470.112768, 756.985215, 513.474738, 864.113387, 526.236088, 865.419085, 517.294035, 763.768236, 505.335112, 769.194654, 457.853961, 872.230055, 470.649206, 873.283027, 463.437942, 770.970637, 450.623426, 777.809926, 399.98155",
            "image_id": "BLD00941_PS3_K3A_NIA0277.png",
            "ingest_time": "2023-03-02T15:10:41.602602Z",
            "type_id": "6",
            "type_name": "보도"
         }
      },
      {
         "type": "Feature",
         "geometry": {
            "type": "Polygon",
            "coordinates": [
               [
                  31.367063,
                  30.071772,
                  0.0
               ],
               [
                  31.367633,
                  30.07172,
                  0.0
               ],
               [
                  31.367608,
                  30.07139,
                  0.0
               ],
               [
                  31.367674,
                  30.07138,
                  0.0
               ]
            ]
         },
         "properties": {
            "object_imcoords": "EMPTY",
            "building_imcoords": "EMPTY",
            "road_imcoords": "873.521715, 527.356829, 973.363605, 539.250220, 967.937188, 605.723832, 979.468324, 607.758739, 987.607950, 476.846421, 975.643368, 481.853459, 971.328698, 529.753990, 874.769183, 518.39404",
            "image_id": "BLD00941_PS3_K3A_NIA0277.png",
            "ingest_time": "2023-03-02T15:10:41.602602Z",
            "type_id": "6",
            "type_name": "보도"
         }
      },
      {
         "type": "Feature",
         "geometry": {
            "type": "Polygon",
            "coordinates": [
               [
                  31.367102,
                  30.072048,
                  0.0
               ],
               [
                  31.367648,
                  30.071996,
                  0.0
               ],
               [
                  31.36771,
                  30.07203,
                  0.0
               ],
               [
                  31.367108,
                  30.072084,
                  0.0
               ]
            ]
         },
         "properties": {
            "object_imcoords": "EMPTY",
            "building_imcoords": "EMPTY",
            "road_imcoords": "881.258408, 471.770374, 976.755116, 483.629443, 987.607950, 476.846421, 882.271415, 464.49213",
            "image_id": "BLD00941_PS3_K3A_NIA0277.png",
            "ingest_time": "2023-03-02T15:10:41.602602Z",
            "type_id": "6",
            "type_name": "보도"
         }
      },
      {
         "type": "Feature",
         "geometry": {
            "type": "Polygon",
            "coordinates": [
               [
                  31.367485,
                  30.07242,
                  0.0
               ],
               [
                  31.367466,
                  30.072281,
                  0.0
               ],
               [
                  31.367818,
                  30.072234,
                  0.0
               ],
               [
                  31.367802,
                  30.072081,
                  0.0
               ]
            ]
         },
         "properties": {
            "object_imcoords": "EMPTY",
            "building_imcoords": "EMPTY",
            "road_imcoords": "949.414308, 397.862028, 945.564030, 425.776542, 1007.168473, 436.043949, 1003.959908, 466.846170, 1023.912051, 468.797129, 1023.986690, 463.578649, 1010.604804, 461.912933, 1013.196765, 436.101937, 1024.291989, 437.563980, 1024.874694, 432.472481, 1013.904038, 430.316591, 1016.135738, 408.943884, 1010.697894, 408.129435, 1007.810186, 429.626819, 951.660303, 420.963694, 954.548011, 398.50374",
            "image_id": "BLD00941_PS3_K3A_NIA0277.png",
            "ingest_time": "2023-03-02T15:10:41.602602Z",
            "type_id": "6",
            "type_name": "보도"
         }
      },
      {
         "type": "Feature",
         "geometry": {
            "type": "Polygon",
            "coordinates": [
               [
                  31.366485,
                  30.070328,
                  0.0
               ],
               [
                  31.366451,
                  30.070058,
                  0.0
               ],
               [
                  31.366138,
                  30.070083,
                  0.0
               ],
               [
                  31.365803,
                  30.070115,
                  0.0
               ]
            ]
         },
         "properties": {
            "object_imcoords": "EMPTY",
            "building_imcoords": "EMPTY",
            "road_imcoords": "768.130400, 816.900584, 761.392414, 871.125328, 706.525957, 865.349911, 647.929586, 857.956225, 647.087300, 865.152247, 707.931676, 873.458966, 705.884244, 892.943568, 713.976512, 894.014425, 716.472507, 874.975606, 762.968109, 880.050347, 760.534389, 899.630902, 768.776303, 900.415227, 771.437033, 880.693079, 813.696280, 885.526618, 811.820357, 905.910767, 821.126293, 907.826328, 823.776278, 878.755027, 771.018108, 872.729610, 778.718663, 818.50486",
            "image_id": "BLD00941_PS3_K3A_NIA0277.png",
            "ingest_time": "2023-03-02T15:10:41.602602Z",
            "type_id": "6",
            "type_name": "보도"
         }
      },
      {
         "type": "Feature",
         "geometry": {
            "type": "Polygon",
            "coordinates": [
               [
                  31.366136,
                  30.069947,
                  0.0
               ],
               [
                  31.36775,
                  30.069792,
                  0.0
               ],
               [
                  31.367744,
                  30.069759,
                  0.0
               ],
               [
                  31.366131,
                  30.069918,
                  0.0
               ]
            ]
         },
         "properties": {
            "object_imcoords": "EMPTY",
            "building_imcoords": "EMPTY",
            "road_imcoords": "705.879533, 892.806069, 988.258598, 927.945611, 987.060389, 934.719983, 704.832243, 898.49002",
            "image_id": "BLD00941_PS3_K3A_NIA0277.png",
            "ingest_time": "2023-03-02T15:10:41.602602Z",
            "type_id": "6",
            "type_name": "보도"
         }
      },
      {
         "type": "Feature",
         "geometry": {
            "type": "Polygon",
            "coordinates": [
               [
                  31.367135,
                  30.070155,
                  0.0
               ],
               [
                  31.367108,
                  30.069855,
                  0.0
               ],
               [
                  31.367137,
                  30.069852,
                  0.0
               ],
               [
                  31.367163,
                  30.070151,
                  0.0
               ]
            ]
         },
         "properties": {
            "object_imcoords": "EMPTY",
            "building_imcoords": "EMPTY",
            "road_imcoords": "881.573627, 853.384424, 875.932413, 913.764773, 881.071950, 914.471960, 886.478128, 854.14198",
            "image_id": "BLD00941_PS3_K3A_NIA0277.png",
            "ingest_time": "2023-03-02T15:10:41.602602Z",
            "type_id": "6",
            "type_name": "보도"
         }
      },
      {
         "type": "Feature",
         "geometry": {
            "type": "Polygon",
            "coordinates": [
               [
                  31.365987,
                  30.069698,
                  0.0
               ],
               [
                  31.366588,
                  30.069647,
                  0.0
               ],
               [
                  31.366631,
                  30.069871,
                  0.0
               ],
               [
                  31.366676,
                  30.069863,
                  0.0
               ]
            ]
         },
         "properties": {
            "object_imcoords": "EMPTY",
            "building_imcoords": "EMPTY",
            "road_imcoords": "678.921140, 942.472399, 784.124381, 954.370499, 792.356712, 909.298877, 800.173067, 911.008212, 792.954367, 957.216622, 909.244483, 971.436395, 914.597825, 924.991311, 921.977277, 925.847769, 916.952600, 971.913923, 982.890146, 980.215017, 981.425244, 987.268054, 879.226368, 975.621394, 872.804328, 1024.124159, 866.688397, 1024.057148, 873.071309, 973.633734, 803.161817, 965.573705, 797.602731, 1013.111406, 789.822529, 1011.774133, 795.797574, 963.910277, 678.402039, 949.13824",
            "image_id": "BLD00941_PS3_K3A_NIA0277.png",
            "ingest_time": "2023-03-02T15:10:41.602602Z",
            "type_id": "6",
            "type_name": "보도"
         }
      },
      {
         "type": "Feature",
         "geometry": {
            "type": "Polygon",
            "coordinates": [
               [
                  31.365711,
                  30.069468,
                  0.0
               ],
               [
                  31.367061,
                  30.06931,
                  0.0
               ],
               [
                  31.366839,
                  30.069304,
                  0.0
               ],
               [
                  31.365711,
                  30.069432,
                  0.0
               ]
            ]
         },
         "properties": {
            "object_imcoords": "EMPTY",
            "building_imcoords": "EMPTY",
            "road_imcoords": "629.924096, 988.160569, 866.137527, 1023.443411, 827.138038, 1024.000000, 629.809465, 995.447929, 629.313927, 995.09783",
            "image_id": "BLD00941_PS3_K3A_NIA0277.png",
            "ingest_time": "2023-03-02T15:10:41.602602Z",
            "type_id": "6",
            "type_name": "보도"
         }
      },
      {
         "type": "Feature",
         "geometry": {
            "type": "Polygon",
            "coordinates": [
               [
                  31.367811,
                  30.069912,
                  0.0
               ],
               [
                  31.367951,
                  30.069909,
                  0.0
               ],
               [
                  31.367954,
                  30.069888,
                  0.0
               ],
               [
                  31.367811,
                  30.069889,
                  0.0
               ]
            ]
         },
         "properties": {
            "object_imcoords": "EMPTY",
            "building_imcoords": "EMPTY",
            "road_imcoords": "999.231971, 903.990398, 1023.852996, 904.851851, 1024.353457, 909.122454, 999.215198, 908.57855",
            "image_id": "BLD00941_PS3_K3A_NIA0277.png",
            "ingest_time": "2023-03-02T15:10:41.602602Z",
            "type_id": "6",
            "type_name": "보도"
         }
      },
      {
         "type": "Feature",
         "geometry": {
            "type": "Polygon",
            "coordinates": [
               [
                  31.367783,
                  30.069634,
                  0.0
               ],
               [
                  31.367957,
                  30.069618,
                  0.0
               ],
               [
                  31.367958,
                  30.069602,
                  0.0
               ],
               [
                  31.367782,
                  30.069617,
                  0.0
               ]
            ]
         },
         "properties": {
            "object_imcoords": "EMPTY",
            "building_imcoords": "EMPTY",
            "road_imcoords": "993.532046, 960.029274, 1023.971898, 963.620310, 1024.201945, 966.913278, 993.406176, 963.41918",
            "image_id": "BLD00941_PS3_K3A_NIA0277.png",
            "ingest_time": "2023-03-02T15:10:41.602602Z",
            "type_id": "6",
            "type_name": "보도"
         }
      }
   ]
}