{
   "type": "FeatureCollection",
   "features": [
      {
         "type": "Feature",
         "geometry": {
            "type": "Polygon",
            "coordinates": [
               [
                  31.368836,
                  29.999942,
                  0.0
               ],
               [
                  31.368626,
                  29.997444,
                  0.0
               ],
               [
                  31.368453,
                  29.99546,
                  0.0
               ],
               [
                  31.368392,
                  29.994855,
                  0.0
               ]
            ]
         },
         "properties": {
            "object_imcoords": "EMPTY",
            "building_imcoords": "EMPTY",
            "road_imcoords": "621.153846, 0.000000, 577.117020, 502.901891, 541.009060, 902.114214, 528.589500, 1024.000000, 544.355801, 1024.000000, 635.762452, 0.00000",
            "image_id": "BLD00165_PS3_K3A_NIA0276.png",
            "ingest_time": "2023-03-02T15:10:41.602602Z",
            "type_id": "3",
            "type_name": "1차 도로"
         }
      },
      {
         "type": "Feature",
         "geometry": {
            "type": "Polygon",
            "coordinates": [
               [
                  31.368958,
                  29.999943,
                  0.0
               ],
               [
                  31.369041,
                  29.999944,
                  0.0
               ],
               [
                  31.36891,
                  29.99855,
                  0.0
               ],
               [
                  31.368882,
                  29.998476,
                  0.0
               ]
            ]
         },
         "properties": {
            "object_imcoords": "EMPTY",
            "building_imcoords": "EMPTY",
            "road_imcoords": "642.543528, 0.000000, 657.077971, 0.000000, 630.128690, 280.696442, 624.981075, 295.533687, 622.861469, 322.785768, 618.016654, 356.396669, 616.805450, 404.844815, 612.263437, 479.333838, 606.510220, 548.069644, 601.968206, 613.171840, 585.616957, 800.605602, 563.512491, 1024.000000, 552.308857, 1024.000000, 598.334595, 542.619228, 600.277686, 540.409526, 601.145112, 535.452283, 599.849483, 529.295988, 601.362604, 472.672218, 604.087812, 430.280091, 609.235428, 379.106737, 615.897048, 303.103709, 634.670704, 89.32626",
            "image_id": "BLD00165_PS3_K3A_NIA0276.png",
            "ingest_time": "2023-03-02T15:10:41.602602Z",
            "type_id": "3",
            "type_name": "1차 도로"
         }
      }
   ]
}