{
   "type": "FeatureCollection",
   "features": [
      {
         "type": "Feature",
         "geometry": {
            "type": "Polygon",
            "coordinates": [
               [
                  31.297783,
                  30.07351,
                  0.0
               ],
               [
                  31.303624,
                  30.073585,
                  0.0
               ],
               [
                  31.303537,
                  30.078666,
                  0.0
               ],
               [
                  31.297696,
                  30.07859,
                  0.0
               ]
            ]
         },
         "properties": {
            "object_imcoords": "EMPTY",
            "building_imcoords": "EMPTY",
            "road_imcoords": "525.550010, 515.594278, 739.336937, 1024.000000, 752.378453, 1024.000000, 698.877675, 896.923247, 644.981595, 769.451192, 536.794131, 512.92587",
            "image_id": "BLD00904_PS3_K3A_NIA0277.png",
            "ingest_time": "2023-03-02T15:10:41.602602Z",
            "type_id": "4",
            "type_name": "2차 도로"
         }
      },
      {
         "type": "Feature",
         "geometry": {
            "type": "Polygon",
            "coordinates": [
               [
                  31.297783,
                  30.07351,
                  0.0
               ],
               [
                  31.303624,
                  30.073585,
                  0.0
               ],
               [
                  31.303537,
                  30.078666,
                  0.0
               ],
               [
                  31.297696,
                  30.07859,
                  0.0
               ]
            ]
         },
         "properties": {
            "object_imcoords": "EMPTY",
            "building_imcoords": "EMPTY",
            "road_imcoords": "541.775611, 511.313797, 758.092885, 1024.000000, 769.733154, 1024.000000, 549.229999, 505.567516, 543.234609, 477.621350, 538.223518, 448.975972, 536.491803, 426.754552, 519.221069, 426.245184, 523.633580, 452.472946, 529.789005, 482.03040",
            "image_id": "BLD00904_PS3_K3A_NIA0277.png",
            "ingest_time": "2023-03-02T15:10:41.602602Z",
            "type_id": "4",
            "type_name": "2차 도로"
         }
      },
      {
         "type": "Feature",
         "geometry": {
            "type": "Polygon",
            "coordinates": [
               [
                  31.297783,
                  30.07351,
                  0.0
               ],
               [
                  31.303624,
                  30.073585,
                  0.0
               ],
               [
                  31.303537,
                  30.078666,
                  0.0
               ],
               [
                  31.297696,
                  30.07859,
                  0.0
               ]
            ]
         },
         "properties": {
            "object_imcoords": "EMPTY",
            "building_imcoords": "EMPTY",
            "road_imcoords": "673.672758, 956.069397, 678.024649, 931.304717, 674.543136, 907.804505, 541.810455, 597.514662, 530.930727, 567.486613, 515.952875, 518.128821, 525.691053, 515.467365, 539.634509, 567.051424, 551.991055, 595.773906, 618.284687, 749.946028, 683.722070, 904.460650, 689.397351, 930.746164, 687.270485, 951.54717",
            "image_id": "BLD00904_PS3_K3A_NIA0277.png",
            "ingest_time": "2023-03-02T15:10:41.602602Z",
            "type_id": "4",
            "type_name": "2차 도로"
         }
      },
      {
         "type": "Feature",
         "geometry": {
            "type": "Polygon",
            "coordinates": [
               [
                  31.297783,
                  30.07351,
                  0.0
               ],
               [
                  31.303624,
                  30.073585,
                  0.0
               ],
               [
                  31.303537,
                  30.078666,
                  0.0
               ],
               [
                  31.297696,
                  30.07859,
                  0.0
               ]
            ]
         },
         "properties": {
            "object_imcoords": "EMPTY",
            "building_imcoords": "EMPTY",
            "road_imcoords": "747.898333, 931.181952, 733.306108, 920.291698, 720.481822, 896.009475, 701.171439, 850.444452, 681.861057, 805.393179, 643.754042, 715.804383, 568.225012, 537.996792, 553.833942, 503.209388, 548.166638, 477.198841, 545.917740, 463.093767, 543.453298, 448.126515, 543.734009, 438.134629, 544.104245, 426.539413, 551.658557, 426.510592, 568.346988, 513.911466, 595.731038, 580.116888, 725.539933, 893.408786, 741.370982, 908.941135, 752.721545, 917.006009, 766.359866, 923.89756",
            "image_id": "BLD00904_PS3_K3A_NIA0277.png",
            "ingest_time": "2023-03-02T15:10:41.602602Z",
            "type_id": "4",
            "type_name": "2차 도로"
         }
      },
      {
         "type": "Feature",
         "geometry": {
            "type": "Polygon",
            "coordinates": [
               [
                  31.297783,
                  30.07351,
                  0.0
               ],
               [
                  31.303624,
                  30.073585,
                  0.0
               ],
               [
                  31.303537,
                  30.078666,
                  0.0
               ],
               [
                  31.297696,
                  30.07859,
                  0.0
               ]
            ]
         },
         "properties": {
            "object_imcoords": "EMPTY",
            "building_imcoords": "EMPTY",
            "road_imcoords": "515.817369, 518.032166, 465.644422, 270.294915, 444.143690, 181.834761, 393.770547, 0.000000, 414.656972, 0.000000, 467.885842, 203.759450, 482.230701, 268.451995, 536.516354, 512.95369",
            "image_id": "BLD00904_PS3_K3A_NIA0277.png",
            "ingest_time": "2023-03-02T15:10:41.602602Z",
            "type_id": "4",
            "type_name": "2차 도로"
         }
      },
      {
         "type": "Feature",
         "geometry": {
            "type": "Polygon",
            "coordinates": [
               [
                  31.297783,
                  30.07351,
                  0.0
               ],
               [
                  31.303624,
                  30.073585,
                  0.0
               ],
               [
                  31.303537,
                  30.078666,
                  0.0
               ],
               [
                  31.297696,
                  30.07859,
                  0.0
               ]
            ]
         },
         "properties": {
            "object_imcoords": "EMPTY",
            "building_imcoords": "EMPTY",
            "road_imcoords": "423.203038, 0.000000, 481.415285, 232.848989, 500.043204, 330.645565, 519.239328, 426.308882, 536.460364, 426.730278, 552.434227, 426.113650, 527.985083, 298.046706, 473.847693, 108.274780, 444.741569, 0.58212",
            "image_id": "BLD00904_PS3_K3A_NIA0277.png",
            "ingest_time": "2023-03-02T15:10:41.602602Z",
            "type_id": "4",
            "type_name": "2차 도로"
         }
      },
      {
         "type": "Feature",
         "geometry": {
            "type": "Polygon",
            "coordinates": [
               [
                  31.297783,
                  30.07351,
                  0.0
               ],
               [
                  31.303624,
                  30.073585,
                  0.0
               ],
               [
                  31.303537,
                  30.078666,
                  0.0
               ],
               [
                  31.297696,
                  30.07859,
                  0.0
               ]
            ]
         },
         "properties": {
            "object_imcoords": "EMPTY",
            "building_imcoords": "EMPTY",
            "road_imcoords": "447.905468, 13.489091, 485.758580, 0.000000, 454.151001, 0.000000, 444.911121, 0.00000",
            "image_id": "BLD00904_PS3_K3A_NIA0277.png",
            "ingest_time": "2023-03-02T15:10:41.602602Z",
            "type_id": "5",
            "type_name": "기타 포장 도로"
         }
      },
      {
         "type": "Feature",
         "geometry": {
            "type": "Polygon",
            "coordinates": [
               [
                  31.297783,
                  30.07351,
                  0.0
               ],
               [
                  31.303624,
                  30.073585,
                  0.0
               ],
               [
                  31.303537,
                  30.078666,
                  0.0
               ],
               [
                  31.297696,
                  30.07859,
                  0.0
               ]
            ]
         },
         "properties": {
            "object_imcoords": "EMPTY",
            "building_imcoords": "EMPTY",
            "road_imcoords": "631.003065, 0.541169, 688.908149, 145.033295, 699.190360, 141.786281, 643.449952, 0.00000",
            "image_id": "BLD00904_PS3_K3A_NIA0277.png",
            "ingest_time": "2023-03-02T15:10:41.602602Z",
            "type_id": "5",
            "type_name": "기타 포장 도로"
         }
      },
      {
         "type": "Feature",
         "geometry": {
            "type": "Polygon",
            "coordinates": [
               [
                  31.297783,
                  30.07351,
                  0.0
               ],
               [
                  31.303624,
                  30.073585,
                  0.0
               ],
               [
                  31.303537,
                  30.078666,
                  0.0
               ],
               [
                  31.297696,
                  30.07859,
                  0.0
               ]
            ]
         },
         "properties": {
            "object_imcoords": "EMPTY",
            "building_imcoords": "EMPTY",
            "road_imcoords": "983.304090, 1.082338, 1023.891766, 113.645492, 1024.000000, 89.292887, 1010.362541, 48.705211, 1024.000000, 42.752352, 1024.000000, 29.764296, 1006.574358, 37.881831, 991.962795, 0.00000",
            "image_id": "BLD00904_PS3_K3A_NIA0277.png",
            "ingest_time": "2023-03-02T15:10:41.602602Z",
            "type_id": "5",
            "type_name": "기타 포장 도로"
         }
      },
      {
         "type": "Feature",
         "geometry": {
            "type": "Polygon",
            "coordinates": [
               [
                  31.297783,
                  30.07351,
                  0.0
               ],
               [
                  31.303624,
                  30.073585,
                  0.0
               ],
               [
                  31.303537,
                  30.078666,
                  0.0
               ],
               [
                  31.297696,
                  30.07859,
                  0.0
               ]
            ]
         },
         "properties": {
            "object_imcoords": "EMPTY",
            "building_imcoords": "EMPTY",
            "road_imcoords": "657.239595, 728.578098, 1024.000000, 584.922102, 1024.000000, 572.407490, 651.766744, 715.20084",
            "image_id": "BLD00904_PS3_K3A_NIA0277.png",
            "ingest_time": "2023-03-02T15:10:41.602602Z",
            "type_id": "5",
            "type_name": "기타 포장 도로"
         }
      },
      {
         "type": "Feature",
         "geometry": {
            "type": "Polygon",
            "coordinates": [
               [
                  31.297783,
                  30.07351,
                  0.0
               ],
               [
                  31.303624,
                  30.073585,
                  0.0
               ],
               [
                  31.303537,
                  30.078666,
                  0.0
               ],
               [
                  31.297696,
                  30.07859,
                  0.0
               ]
            ]
         },
         "properties": {
            "object_imcoords": "EMPTY",
            "building_imcoords": "EMPTY",
            "road_imcoords": "741.326036, 909.063773, 994.095517, 819.979171, 1024.000000, 819.979171, 1024.000000, 808.008672, 993.007290, 810.729240, 733.465111, 901.16479",
            "image_id": "BLD00904_PS3_K3A_NIA0277.png",
            "ingest_time": "2023-03-02T15:10:41.602602Z",
            "type_id": "5",
            "type_name": "기타 포장 도로"
         }
      },
      {
         "type": "Feature",
         "geometry": {
            "type": "Polygon",
            "coordinates": [
               [
                  31.297783,
                  30.07351,
                  0.0
               ],
               [
                  31.303624,
                  30.073585,
                  0.0
               ],
               [
                  31.303537,
                  30.078666,
                  0.0
               ],
               [
                  31.297696,
                  30.07859,
                  0.0
               ]
            ]
         },
         "properties": {
            "object_imcoords": "EMPTY",
            "building_imcoords": "EMPTY",
            "road_imcoords": "686.752672, 717.377294, 757.156779, 892.182007, 763.965068, 890.052618, 693.119376, 715.03818",
            "image_id": "BLD00904_PS3_K3A_NIA0277.png",
            "ingest_time": "2023-03-02T15:10:41.602602Z",
            "type_id": "5",
            "type_name": "기타 포장 도로"
         }
      },
      {
         "type": "Feature",
         "geometry": {
            "type": "Polygon",
            "coordinates": [
               [
                  31.297783,
                  30.07351,
                  0.0
               ],
               [
                  31.303624,
                  30.073585,
                  0.0
               ],
               [
                  31.303537,
                  30.078666,
                  0.0
               ],
               [
                  31.297696,
                  30.07859,
                  0.0
               ]
            ]
         },
         "properties": {
            "object_imcoords": "EMPTY",
            "building_imcoords": "EMPTY",
            "road_imcoords": "465.761228, 1024.000000, 675.883110, 943.492954, 678.190927, 931.334378, 437.467321, 1024.00000",
            "image_id": "BLD00904_PS3_K3A_NIA0277.png",
            "ingest_time": "2023-03-02T15:10:41.602602Z",
            "type_id": "5",
            "type_name": "기타 포장 도로"
         }
      },
      {
         "type": "Feature",
         "geometry": {
            "type": "Polygon",
            "coordinates": [
               [
                  31.297783,
                  30.07351,
                  0.0
               ],
               [
                  31.303624,
                  30.073585,
                  0.0
               ],
               [
                  31.303537,
                  30.078666,
                  0.0
               ],
               [
                  31.297696,
                  30.07859,
                  0.0
               ]
            ]
         },
         "properties": {
            "object_imcoords": "EMPTY",
            "building_imcoords": "EMPTY",
            "road_imcoords": "0.000000, 468.175285, 129.575521, 415.819625, 145.477971, 420.531462, 156.079604, 437.022892, 452.277044, 321.123563, 454.921603, 334.994244, 147.833889, 452.925342, 133.698378, 448.802485, 128.397561, 434.666973, 0.000000, 482.37432",
            "image_id": "BLD00904_PS3_K3A_NIA0277.png",
            "ingest_time": "2023-03-02T15:10:41.602602Z",
            "type_id": "5",
            "type_name": "기타 포장 도로"
         }
      },
      {
         "type": "Feature",
         "geometry": {
            "type": "Polygon",
            "coordinates": [
               [
                  31.297783,
                  30.07351,
                  0.0
               ],
               [
                  31.303624,
                  30.073585,
                  0.0
               ],
               [
                  31.303537,
                  30.078666,
                  0.0
               ],
               [
                  31.297696,
                  30.07859,
                  0.0
               ]
            ]
         },
         "properties": {
            "object_imcoords": "EMPTY",
            "building_imcoords": "EMPTY",
            "road_imcoords": "133.634850, 448.798178, 183.761647, 576.022087, 282.431224, 539.462730, 277.757373, 527.746666, 190.494289, 560.289724, 147.907419, 453.01050",
            "image_id": "BLD00904_PS3_K3A_NIA0277.png",
            "ingest_time": "2023-03-02T15:10:41.602602Z",
            "type_id": "5",
            "type_name": "기타 포장 도로"
         }
      },
      {
         "type": "Feature",
         "geometry": {
            "type": "Polygon",
            "coordinates": [
               [
                  31.297783,
                  30.07351,
                  0.0
               ],
               [
                  31.303624,
                  30.073585,
                  0.0
               ],
               [
                  31.303537,
                  30.078666,
                  0.0
               ],
               [
                  31.297696,
                  30.07859,
                  0.0
               ]
            ]
         },
         "properties": {
            "object_imcoords": "EMPTY",
            "building_imcoords": "EMPTY",
            "road_imcoords": "85.596939, 450.696480, 158.562579, 513.001265, 167.537250, 535.251129, 74.732579, 454.55661",
            "image_id": "BLD00904_PS3_K3A_NIA0277.png",
            "ingest_time": "2023-03-02T15:10:41.602602Z",
            "type_id": "5",
            "type_name": "기타 포장 도로"
         }
      },
      {
         "type": "Feature",
         "geometry": {
            "type": "Polygon",
            "coordinates": [
               [
                  31.297783,
                  30.07351,
                  0.0
               ],
               [
                  31.303624,
                  30.073585,
                  0.0
               ],
               [
                  31.303537,
                  30.078666,
                  0.0
               ],
               [
                  31.297696,
                  30.07859,
                  0.0
               ]
            ]
         },
         "properties": {
            "object_imcoords": "EMPTY",
            "building_imcoords": "EMPTY",
            "road_imcoords": "236.343043, 420.712500, 336.460582, 676.750796, 358.891287, 718.876755, 386.792896, 758.814353, 488.551706, 846.895903, 568.973992, 813.523390, 573.350715, 797.657769, 620.190763, 781.673542, 615.588878, 770.731735, 567.879811, 787.810143, 561.314727, 805.317035, 491.834249, 833.218644, 396.640523, 750.060907, 385.698716, 732.554014, 367.097643, 709.576219, 346.855299, 672.374073, 245.643579, 415.78868",
            "image_id": "BLD00904_PS3_K3A_NIA0277.png",
            "ingest_time": "2023-03-02T15:10:41.602602Z",
            "type_id": "5",
            "type_name": "기타 포장 도로"
         }
      },
      {
         "type": "Feature",
         "geometry": {
            "type": "Polygon",
            "coordinates": [
               [
                  31.297783,
                  30.07351,
                  0.0
               ],
               [
                  31.303624,
                  30.073585,
                  0.0
               ],
               [
                  31.303537,
                  30.078666,
                  0.0
               ],
               [
                  31.297696,
                  30.07859,
                  0.0
               ]
            ]
         },
         "properties": {
            "object_imcoords": "EMPTY",
            "building_imcoords": "EMPTY",
            "road_imcoords": "491.442081, 400.345866, 472.258963, 384.201798, 456.010319, 337.552466, 421.416433, 170.872832, 389.967445, 52.939129, 374.242952, 0.000000, 385.397672, 0.000000, 400.555852, 52.414979, 417.077111, 110.333531, 433.598371, 168.252083, 452.499386, 251.843434, 462.495126, 294.184341, 471.127786, 334.344321, 480.666442, 369.860014, 488.508880, 383.67764",
            "image_id": "BLD00904_PS3_K3A_NIA0277.png",
            "ingest_time": "2023-03-02T15:10:41.602602Z",
            "type_id": "5",
            "type_name": "기타 포장 도로"
         }
      },
      {
         "type": "Feature",
         "geometry": {
            "type": "Polygon",
            "coordinates": [
               [
                  31.297783,
                  30.07351,
                  0.0
               ],
               [
                  31.303624,
                  30.073585,
                  0.0
               ],
               [
                  31.303537,
                  30.078666,
                  0.0
               ],
               [
                  31.297696,
                  30.07859,
                  0.0
               ]
            ]
         },
         "properties": {
            "object_imcoords": "EMPTY",
            "building_imcoords": "EMPTY",
            "road_imcoords": "294.100850, 568.539686, 233.500554, 591.423546, 230.831976, 599.095707, 235.168415, 619.777184, 243.841293, 623.780051, 306.931993, 601.430712, 303.929843, 594.092123, 245.509154, 614.773601, 242.173431, 610.103590, 238.504137, 598.762134, 240.839143, 595.426412, 297.156899, 576.26086",
            "image_id": "BLD00904_PS3_K3A_NIA0277.png",
            "ingest_time": "2023-03-02T15:10:41.602602Z",
            "type_id": "5",
            "type_name": "기타 포장 도로"
         }
      },
      {
         "type": "Feature",
         "geometry": {
            "type": "Polygon",
            "coordinates": [
               [
                  31.297783,
                  30.07351,
                  0.0
               ],
               [
                  31.303624,
                  30.073585,
                  0.0
               ],
               [
                  31.303537,
                  30.078666,
                  0.0
               ],
               [
                  31.297696,
                  30.07859,
                  0.0
               ]
            ]
         },
         "properties": {
            "object_imcoords": "EMPTY",
            "building_imcoords": "EMPTY",
            "road_imcoords": "348.017662, 673.411465, 471.003974, 627.115773, 500.358330, 634.787934, 567.779774, 787.887253, 561.523079, 805.364371, 551.991177, 808.437368, 486.681869, 642.460095, 471.003974, 639.791517, 353.667729, 683.46881",
            "image_id": "BLD00904_PS3_K3A_NIA0277.png",
            "ingest_time": "2023-03-02T15:10:41.602602Z",
            "type_id": "5",
            "type_name": "기타 포장 도로"
         }
      },
      {
         "type": "Feature",
         "geometry": {
            "type": "Polygon",
            "coordinates": [
               [
                  31.297783,
                  30.07351,
                  0.0
               ],
               [
                  31.303624,
                  30.073585,
                  0.0
               ],
               [
                  31.303537,
                  30.078666,
                  0.0
               ],
               [
                  31.297696,
                  30.07859,
                  0.0
               ]
            ]
         },
         "properties": {
            "object_imcoords": "EMPTY",
            "building_imcoords": "EMPTY",
            "road_imcoords": "377.937325, 722.183856, 499.134744, 674.361995, 502.814368, 684.440008, 383.274480, 729.52244",
            "image_id": "BLD00904_PS3_K3A_NIA0277.png",
            "ingest_time": "2023-03-02T15:10:41.602602Z",
            "type_id": "5",
            "type_name": "기타 포장 도로"
         }
      },
      {
         "type": "Feature",
         "geometry": {
            "type": "Polygon",
            "coordinates": [
               [
                  31.297783,
                  30.07351,
                  0.0
               ],
               [
                  31.303624,
                  30.073585,
                  0.0
               ],
               [
                  31.303537,
                  30.078666,
                  0.0
               ],
               [
                  31.297696,
                  30.07859,
                  0.0
               ]
            ]
         },
         "properties": {
            "object_imcoords": "EMPTY",
            "building_imcoords": "EMPTY",
            "road_imcoords": "0.000000, 663.192679, 168.416172, 804.984785, 249.633444, 1024.000000, 268.575569, 1024.000000, 178.803072, 791.630199, 0.000000, 635.34749",
            "image_id": "BLD00904_PS3_K3A_NIA0277.png",
            "ingest_time": "2023-03-02T15:10:41.602602Z",
            "type_id": "5",
            "type_name": "기타 포장 도로"
         }
      },
      {
         "type": "Feature",
         "geometry": {
            "type": "Polygon",
            "coordinates": [
               [
                  31.297783,
                  30.07351,
                  0.0
               ],
               [
                  31.303624,
                  30.073585,
                  0.0
               ],
               [
                  31.303537,
                  30.078666,
                  0.0
               ],
               [
                  31.297696,
                  30.07859,
                  0.0
               ]
            ]
         },
         "properties": {
            "object_imcoords": "EMPTY",
            "building_imcoords": "EMPTY",
            "road_imcoords": "0.000000, 631.142980, 6.084570, 626.157602, 53.616377, 669.991432, 47.770268, 676.734815, 58.652098, 686.290221, 65.202560, 678.178480, 125.250769, 731.433783, 119.876367, 738.941113, 128.828366, 747.534727, 135.565871, 738.573883, 177.705482, 774.918452, 170.230909, 783.635895, 178.772766, 791.504065, 188.399269, 782.031693, 221.467012, 869.355529, 211.147261, 873.553084, 215.279193, 885.618623, 226.042612, 880.685827, 279.337093, 1024.000000, 290.399948, 1024.000000, 196.365679, 771.634148, 0.000000, 601.819321, 0.000000, 618.12318",
            "image_id": "BLD00904_PS3_K3A_NIA0277.png",
            "ingest_time": "2023-03-02T15:10:41.602602Z",
            "type_id": "5",
            "type_name": "기타 포장 도로"
         }
      },
      {
         "type": "Feature",
         "geometry": {
            "type": "Polygon",
            "coordinates": [
               [
                  31.297783,
                  30.07351,
                  0.0
               ],
               [
                  31.303624,
                  30.073585,
                  0.0
               ],
               [
                  31.303537,
                  30.078666,
                  0.0
               ],
               [
                  31.297696,
                  30.07859,
                  0.0
               ]
            ]
         },
         "properties": {
            "object_imcoords": "EMPTY",
            "building_imcoords": "EMPTY",
            "road_imcoords": "34.454493, 691.904793, 0.000000, 734.769295, 0.000000, 755.142645, 45.969865, 700.49297",
            "image_id": "BLD00904_PS3_K3A_NIA0277.png",
            "ingest_time": "2023-03-02T15:10:41.602602Z",
            "type_id": "5",
            "type_name": "기타 포장 도로"
         }
      },
      {
         "type": "Feature",
         "geometry": {
            "type": "Polygon",
            "coordinates": [
               [
                  31.297783,
                  30.07351,
                  0.0
               ],
               [
                  31.303624,
                  30.073585,
                  0.0
               ],
               [
                  31.303537,
                  30.078666,
                  0.0
               ],
               [
                  31.297696,
                  30.07859,
                  0.0
               ]
            ]
         },
         "properties": {
            "object_imcoords": "EMPTY",
            "building_imcoords": "EMPTY",
            "road_imcoords": "582.104538, 795.218877, 602.623993, 860.377146, 612.703725, 856.777242, 590.218857, 792.13939",
            "image_id": "BLD00904_PS3_K3A_NIA0277.png",
            "ingest_time": "2023-03-02T15:10:41.602602Z",
            "type_id": "5",
            "type_name": "기타 포장 도로"
         }
      },
      {
         "type": "Feature",
         "geometry": {
            "type": "Polygon",
            "coordinates": [
               [
                  31.297783,
                  30.07351,
                  0.0
               ],
               [
                  31.303624,
                  30.073585,
                  0.0
               ],
               [
                  31.303537,
                  30.078666,
                  0.0
               ],
               [
                  31.297696,
                  30.07859,
                  0.0
               ]
            ]
         },
         "properties": {
            "object_imcoords": "EMPTY",
            "building_imcoords": "EMPTY",
            "road_imcoords": "0.000000, 100.131174, 210.031243, 0.000000, 229.569033, 0.610556, 0.000000, 113.56340",
            "image_id": "BLD00904_PS3_K3A_NIA0277.png",
            "ingest_time": "2023-03-02T15:10:41.602602Z",
            "type_id": "5",
            "type_name": "기타 포장 도로"
         }
      },
      {
         "type": "Feature",
         "geometry": {
            "type": "Polygon",
            "coordinates": [
               [
                  31.297783,
                  30.07351,
                  0.0
               ],
               [
                  31.303624,
                  30.073585,
                  0.0
               ],
               [
                  31.303537,
                  30.078666,
                  0.0
               ],
               [
                  31.297696,
                  30.07859,
                  0.0
               ]
            ]
         },
         "properties": {
            "object_imcoords": "EMPTY",
            "building_imcoords": "EMPTY",
            "road_imcoords": "1024.000000, 281.800804, 997.271109, 304.299870, 977.584426, 319.486740, 852.714609, 377.984312, 943.441738, 603.274725, 959.022697, 597.350208, 871.276339, 383.046602, 985.459100, 327.923890, 1012.457979, 308.237207, 1024.000000, 294.73776",
            "image_id": "BLD00904_PS3_K3A_NIA0277.png",
            "ingest_time": "2023-03-02T15:10:41.602602Z",
            "type_id": "5",
            "type_name": "기타 포장 도로"
         }
      },
      {
         "type": "Feature",
         "geometry": {
            "type": "Polygon",
            "coordinates": [
               [
                  31.297783,
                  30.07351,
                  0.0
               ],
               [
                  31.303624,
                  30.073585,
                  0.0
               ],
               [
                  31.303537,
                  30.078666,
                  0.0
               ],
               [
                  31.297696,
                  30.07859,
                  0.0
               ]
            ]
         },
         "properties": {
            "object_imcoords": "EMPTY",
            "building_imcoords": "EMPTY",
            "road_imcoords": "873.006388, 386.022774, 1007.846418, 319.722531, 1024.000000, 299.861570, 1024.000000, 316.996516, 1011.351294, 332.963171, 877.679555, 396.80521",
            "image_id": "BLD00904_PS3_K3A_NIA0277.png",
            "ingest_time": "2023-03-02T15:10:41.602602Z",
            "type_id": "5",
            "type_name": "기타 포장 도로"
         }
      },
      {
         "type": "Feature",
         "geometry": {
            "type": "Polygon",
            "coordinates": [
               [
                  31.297783,
                  30.07351,
                  0.0
               ],
               [
                  31.303624,
                  30.073585,
                  0.0
               ],
               [
                  31.303537,
                  30.078666,
                  0.0
               ],
               [
                  31.297696,
                  30.07859,
                  0.0
               ]
            ]
         },
         "properties": {
            "object_imcoords": "EMPTY",
            "building_imcoords": "EMPTY",
            "road_imcoords": "564.549175, 488.454356, 677.417354, 441.757977, 852.818149, 378.007249, 860.700704, 397.371027, 567.442319, 508.965241, 566.548999, 500.20966",
            "image_id": "BLD00904_PS3_K3A_NIA0277.png",
            "ingest_time": "2023-03-02T15:10:41.602602Z",
            "type_id": "5",
            "type_name": "기타 포장 도로"
         }
      },
      {
         "type": "Feature",
         "geometry": {
            "type": "Polygon",
            "coordinates": [
               [
                  31.297783,
                  30.07351,
                  0.0
               ],
               [
                  31.303624,
                  30.073585,
                  0.0
               ],
               [
                  31.303537,
                  30.078666,
                  0.0
               ],
               [
                  31.297696,
                  30.07859,
                  0.0
               ]
            ]
         },
         "properties": {
            "object_imcoords": "EMPTY",
            "building_imcoords": "EMPTY",
            "road_imcoords": "717.906197, 451.711411, 787.798507, 648.445321, 936.660932, 586.187460, 931.830886, 574.548487, 796.427187, 629.893658, 729.592260, 447.58379",
            "image_id": "BLD00904_PS3_K3A_NIA0277.png",
            "ingest_time": "2023-03-02T15:10:41.602602Z",
            "type_id": "5",
            "type_name": "기타 포장 도로"
         }
      },
      {
         "type": "Feature",
         "geometry": {
            "type": "Polygon",
            "coordinates": [
               [
                  31.297783,
                  30.07351,
                  0.0
               ],
               [
                  31.303624,
                  30.073585,
                  0.0
               ],
               [
                  31.303537,
                  30.078666,
                  0.0
               ],
               [
                  31.297696,
                  30.07859,
                  0.0
               ]
            ]
         },
         "properties": {
            "object_imcoords": "EMPTY",
            "building_imcoords": "EMPTY",
            "road_imcoords": "757.692144, 523.329457, 798.152923, 506.503531, 794.270017, 496.149114, 754.091618, 513.95952",
            "image_id": "BLD00904_PS3_K3A_NIA0277.png",
            "ingest_time": "2023-03-02T15:10:41.602602Z",
            "type_id": "5",
            "type_name": "기타 포장 도로"
         }
      },
      {
         "type": "Feature",
         "geometry": {
            "type": "Polygon",
            "coordinates": [
               [
                  31.297783,
                  30.07351,
                  0.0
               ],
               [
                  31.303624,
                  30.073585,
                  0.0
               ],
               [
                  31.303537,
                  30.078666,
                  0.0
               ],
               [
                  31.297696,
                  30.07859,
                  0.0
               ]
            ]
         },
         "properties": {
            "object_imcoords": "EMPTY",
            "building_imcoords": "EMPTY",
            "road_imcoords": "775.585192, 573.320767, 909.761169, 519.203316, 914.208672, 530.663835, 780.032695, 585.45595",
            "image_id": "BLD00904_PS3_K3A_NIA0277.png",
            "ingest_time": "2023-03-02T15:10:41.602602Z",
            "type_id": "5",
            "type_name": "기타 포장 도로"
         }
      },
      {
         "type": "Feature",
         "geometry": {
            "type": "Polygon",
            "coordinates": [
               [
                  31.297783,
                  30.07351,
                  0.0
               ],
               [
                  31.303624,
                  30.073585,
                  0.0
               ],
               [
                  31.303537,
                  30.078666,
                  0.0
               ],
               [
                  31.297696,
                  30.07859,
                  0.0
               ]
            ]
         },
         "properties": {
            "object_imcoords": "EMPTY",
            "building_imcoords": "EMPTY",
            "road_imcoords": "863.524839, 537.923523, 814.172818, 415.312155, 802.504609, 419.859985, 851.519378, 542.64997",
            "image_id": "BLD00904_PS3_K3A_NIA0277.png",
            "ingest_time": "2023-03-02T15:10:41.602602Z",
            "type_id": "5",
            "type_name": "기타 포장 도로"
         }
      },
      {
         "type": "Feature",
         "geometry": {
            "type": "Polygon",
            "coordinates": [
               [
                  31.297783,
                  30.07351,
                  0.0
               ],
               [
                  31.303624,
                  30.073585,
                  0.0
               ],
               [
                  31.303537,
                  30.078666,
                  0.0
               ],
               [
                  31.297696,
                  30.07859,
                  0.0
               ]
            ]
         },
         "properties": {
            "object_imcoords": "EMPTY",
            "building_imcoords": "EMPTY",
            "road_imcoords": "828.286723, 552.290572, 813.684548, 509.955003, 834.957977, 501.326323, 838.707720, 511.249305, 824.470398, 515.995079, 836.813276, 548.31528",
            "image_id": "BLD00904_PS3_K3A_NIA0277.png",
            "ingest_time": "2023-03-02T15:10:41.602602Z",
            "type_id": "5",
            "type_name": "기타 포장 도로"
         }
      },
      {
         "type": "Feature",
         "geometry": {
            "type": "Polygon",
            "coordinates": [
               [
                  31.297783,
                  30.07351,
                  0.0
               ],
               [
                  31.303624,
                  30.073585,
                  0.0
               ],
               [
                  31.303537,
                  30.078666,
                  0.0
               ],
               [
                  31.297696,
                  30.07859,
                  0.0
               ]
            ]
         },
         "properties": {
            "object_imcoords": "EMPTY",
            "building_imcoords": "EMPTY",
            "road_imcoords": "835.913063, 469.400206, 865.025195, 458.614355, 862.436591, 452.142845, 833.493167, 462.79733",
            "image_id": "BLD00904_PS3_K3A_NIA0277.png",
            "ingest_time": "2023-03-02T15:10:41.602602Z",
            "type_id": "5",
            "type_name": "기타 포장 도로"
         }
      },
      {
         "type": "Feature",
         "geometry": {
            "type": "Polygon",
            "coordinates": [
               [
                  31.297783,
                  30.07351,
                  0.0
               ],
               [
                  31.303624,
                  30.073585,
                  0.0
               ],
               [
                  31.303537,
                  30.078666,
                  0.0
               ],
               [
                  31.297696,
                  30.07859,
                  0.0
               ]
            ]
         },
         "properties": {
            "object_imcoords": "EMPTY",
            "building_imcoords": "EMPTY",
            "road_imcoords": "805.149885, 426.425513, 782.189865, 435.748353, 784.009618, 441.919792, 807.644471, 432.72831",
            "image_id": "BLD00904_PS3_K3A_NIA0277.png",
            "ingest_time": "2023-03-02T15:10:41.602602Z",
            "type_id": "5",
            "type_name": "기타 포장 도로"
         }
      },
      {
         "type": "Feature",
         "geometry": {
            "type": "Polygon",
            "coordinates": [
               [
                  31.297783,
                  30.07351,
                  0.0
               ],
               [
                  31.303624,
                  30.073585,
                  0.0
               ],
               [
                  31.303537,
                  30.078666,
                  0.0
               ],
               [
                  31.297696,
                  30.07859,
                  0.0
               ]
            ]
         },
         "properties": {
            "object_imcoords": "EMPTY",
            "building_imcoords": "EMPTY",
            "road_imcoords": "828.851200, 763.877695, 831.924271, 773.096908, 1005.333288, 716.903606, 1024.000000, 720.415688, 1024.000000, 710.318454, 1006.650318, 706.80637",
            "image_id": "BLD00904_PS3_K3A_NIA0277.png",
            "ingest_time": "2023-03-02T15:10:41.602602Z",
            "type_id": "5",
            "type_name": "기타 포장 도로"
         }
      },
      {
         "type": "Feature",
         "geometry": {
            "type": "Polygon",
            "coordinates": [
               [
                  31.297783,
                  30.07351,
                  0.0
               ],
               [
                  31.303624,
                  30.073585,
                  0.0
               ],
               [
                  31.303537,
                  30.078666,
                  0.0
               ],
               [
                  31.297696,
                  30.07859,
                  0.0
               ]
            ]
         },
         "properties": {
            "object_imcoords": "EMPTY",
            "building_imcoords": "EMPTY",
            "road_imcoords": "938.508604, 879.190815, 964.384037, 880.136665, 991.092991, 870.482873, 968.084722, 868.17734",
            "image_id": "BLD00904_PS3_K3A_NIA0277.png",
            "ingest_time": "2023-03-02T15:10:41.602602Z",
            "type_id": "2",
            "type_name": "고속도로"
         }
      },
      {
         "type": "Feature",
         "geometry": {
            "type": "Polygon",
            "coordinates": [
               [
                  31.297783,
                  30.07351,
                  0.0
               ],
               [
                  31.303624,
                  30.073585,
                  0.0
               ],
               [
                  31.303537,
                  30.078666,
                  0.0
               ],
               [
                  31.297696,
                  30.07859,
                  0.0
               ]
            ]
         },
         "properties": {
            "object_imcoords": "EMPTY",
            "building_imcoords": "EMPTY",
            "road_imcoords": "1024.000000, 909.058927, 763.864631, 1009.614901, 769.730809, 1024.000000, 787.592563, 1024.000000, 814.775726, 1013.192612, 809.146878, 1024.000000, 822.580647, 1024.000000, 827.440633, 1008.970976, 1024.000000, 935.15050",
            "image_id": "BLD00904_PS3_K3A_NIA0277.png",
            "ingest_time": "2023-03-02T15:10:41.602602Z",
            "type_id": "2",
            "type_name": "고속도로"
         }
      },
      {
         "type": "Feature",
         "geometry": {
            "type": "Polygon",
            "coordinates": [
               [
                  31.297783,
                  30.07351,
                  0.0
               ],
               [
                  31.303624,
                  30.073585,
                  0.0
               ],
               [
                  31.303537,
                  30.078666,
                  0.0
               ],
               [
                  31.297696,
                  30.07859,
                  0.0
               ]
            ]
         },
         "properties": {
            "object_imcoords": "EMPTY",
            "building_imcoords": "EMPTY",
            "road_imcoords": "1024.000000, 861.917326, 990.892928, 870.292550, 743.763310, 962.806998, 752.076170, 982.633948, 995.954266, 891.820580, 1024.000000, 885.12922",
            "image_id": "BLD00904_PS3_K3A_NIA0277.png",
            "ingest_time": "2023-03-02T15:10:41.602602Z",
            "type_id": "2",
            "type_name": "고속도로"
         }
      },
      {
         "type": "Feature",
         "geometry": {
            "type": "Polygon",
            "coordinates": [
               [
                  31.297783,
                  30.07351,
                  0.0
               ],
               [
                  31.303624,
                  30.073585,
                  0.0
               ],
               [
                  31.303537,
                  30.078666,
                  0.0
               ],
               [
                  31.297696,
                  30.07859,
                  0.0
               ]
            ]
         },
         "properties": {
            "object_imcoords": "EMPTY",
            "building_imcoords": "EMPTY",
            "road_imcoords": "1024.000000, 834.059635, 991.029024, 840.809147, 732.308054, 936.517665, 739.862951, 953.600439, 993.843448, 858.399296, 1024.000000, 851.54835",
            "image_id": "BLD00904_PS3_K3A_NIA0277.png",
            "ingest_time": "2023-03-02T15:10:41.602602Z",
            "type_id": "4",
            "type_name": "2차 도로"
         }
      },
      {
         "type": "Feature",
         "geometry": {
            "type": "Polygon",
            "coordinates": [
               [
                  31.297783,
                  30.07351,
                  0.0
               ],
               [
                  31.303624,
                  30.073585,
                  0.0
               ],
               [
                  31.303537,
                  30.078666,
                  0.0
               ],
               [
                  31.297696,
                  30.07859,
                  0.0
               ]
            ]
         },
         "properties": {
            "object_imcoords": "EMPTY",
            "building_imcoords": "EMPTY",
            "road_imcoords": "716.513630, 969.924545, 720.911168, 979.764229, 725.428923, 990.619292, 633.245383, 1024.000000, 567.106420, 1024.00000",
            "image_id": "BLD00904_PS3_K3A_NIA0277.png",
            "ingest_time": "2023-03-02T15:10:41.602602Z",
            "type_id": "2",
            "type_name": "고속도로"
         }
      },
      {
         "type": "Feature",
         "geometry": {
            "type": "Polygon",
            "coordinates": [
               [
                  31.297783,
                  30.07351,
                  0.0
               ],
               [
                  31.303624,
                  30.073585,
                  0.0
               ],
               [
                  31.303537,
                  30.078666,
                  0.0
               ],
               [
                  31.297696,
                  30.07859,
                  0.0
               ]
            ]
         },
         "properties": {
            "object_imcoords": "EMPTY",
            "building_imcoords": "EMPTY",
            "road_imcoords": "705.886631, 944.309423, 712.543900, 960.546657, 542.480211, 1024.000000, 492.172383, 1024.00000",
            "image_id": "BLD00904_PS3_K3A_NIA0277.png",
            "ingest_time": "2023-03-02T15:10:41.602602Z",
            "type_id": "4",
            "type_name": "2차 도로"
         }
      },
      {
         "type": "Feature",
         "geometry": {
            "type": "Polygon",
            "coordinates": [
               [
                  31.297783,
                  30.07351,
                  0.0
               ],
               [
                  31.303624,
                  30.073585,
                  0.0
               ],
               [
                  31.303537,
                  30.078666,
                  0.0
               ],
               [
                  31.297696,
                  30.07859,
                  0.0
               ]
            ]
         },
         "properties": {
            "object_imcoords": "EMPTY",
            "building_imcoords": "EMPTY",
            "road_imcoords": "738.831926, 1024.000000, 723.306948, 1024.000000, 736.530960, 1017.79246",
            "image_id": "BLD00904_PS3_K3A_NIA0277.png",
            "ingest_time": "2023-03-02T15:10:41.602602Z",
            "type_id": "2",
            "type_name": "고속도로"
         }
      },
      {
         "type": "Feature",
         "geometry": {
            "type": "Polygon",
            "coordinates": [
               [
                  31.297783,
                  30.07351,
                  0.0
               ],
               [
                  31.303624,
                  30.073585,
                  0.0
               ],
               [
                  31.303537,
                  30.078666,
                  0.0
               ],
               [
                  31.297696,
                  30.07859,
                  0.0
               ]
            ]
         },
         "properties": {
            "object_imcoords": "EMPTY",
            "building_imcoords": "EMPTY",
            "road_imcoords": "753.010464, 1011.947046, 748.184241, 1013.986311, 752.419179, 1024.000000, 757.825346, 1024.00000",
            "image_id": "BLD00904_PS3_K3A_NIA0277.png",
            "ingest_time": "2023-03-02T15:10:41.602602Z",
            "type_id": "5",
            "type_name": "기타 포장 도로"
         }
      },
      {
         "type": "Feature",
         "geometry": {
            "type": "Polygon",
            "coordinates": [
               [
                  31.297783,
                  30.07351,
                  0.0
               ],
               [
                  31.303624,
                  30.073585,
                  0.0
               ],
               [
                  31.303537,
                  30.078666,
                  0.0
               ],
               [
                  31.297696,
                  30.07859,
                  0.0
               ]
            ]
         },
         "properties": {
            "object_imcoords": "EMPTY",
            "building_imcoords": "EMPTY",
            "road_imcoords": "733.096545, 964.804650, 728.188570, 966.612851, 737.100420, 987.665483, 742.137552, 985.98643",
            "image_id": "BLD00904_PS3_K3A_NIA0277.png",
            "ingest_time": "2023-03-02T15:10:41.602602Z",
            "type_id": "5",
            "type_name": "기타 포장 도로"
         }
      },
      {
         "type": "Feature",
         "geometry": {
            "type": "Polygon",
            "coordinates": [
               [
                  31.297783,
                  30.07351,
                  0.0
               ],
               [
                  31.303624,
                  30.073585,
                  0.0
               ],
               [
                  31.303537,
                  30.078666,
                  0.0
               ],
               [
                  31.297696,
                  30.07859,
                  0.0
               ]
            ]
         },
         "properties": {
            "object_imcoords": "EMPTY",
            "building_imcoords": "EMPTY",
            "road_imcoords": "722.183468, 938.973200, 717.444816, 940.883308, 724.830481, 958.217630, 729.787423, 956.52226",
            "image_id": "BLD00904_PS3_K3A_NIA0277.png",
            "ingest_time": "2023-03-02T15:10:41.602602Z",
            "type_id": "5",
            "type_name": "기타 포장 도로"
         }
      },
      {
         "type": "Feature",
         "geometry": {
            "type": "Polygon",
            "coordinates": [
               [
                  31.298378,
                  30.075144,
                  0.0
               ],
               [
                  31.298674,
                  30.075448,
                  0.0
               ],
               [
                  31.298776,
                  30.075378,
                  0.0
               ],
               [
                  31.298485,
                  30.075068,
                  0.0
               ]
            ]
         },
         "properties": {
            "object_imcoords": "EMPTY",
            "building_imcoords": "EMPTY",
            "road_imcoords": "109.211014, 696.263775, 161.980052, 635.799252, 179.610534, 650.124018, 127.820993, 711.830705, 115.053666, 701.31643",
            "image_id": "BLD00904_PS3_K3A_NIA0277.png",
            "ingest_time": "2023-03-02T15:10:41.602602Z",
            "type_id": "5",
            "type_name": "기타 포장 도로"
         }
      },
      {
         "type": "Feature",
         "geometry": {
            "type": "Polygon",
            "coordinates": [
               [
                  31.298973,
                  30.074573,
                  0.0
               ],
               [
                  31.299132,
                  30.074732,
                  0.0
               ],
               [
                  31.29938,
                  30.074959,
                  0.0
               ],
               [
                  31.299412,
                  30.074954,
                  0.0
               ]
            ]
         },
         "properties": {
            "object_imcoords": "EMPTY",
            "building_imcoords": "EMPTY",
            "road_imcoords": "211.738619, 812.891501, 240.215315, 781.250727, 284.291520, 736.072617, 289.801045, 737.174523, 289.801045, 745.989763, 216.258170, 825.02091",
            "image_id": "BLD00904_PS3_K3A_NIA0277.png",
            "ingest_time": "2023-03-02T15:10:41.602602Z",
            "type_id": "5",
            "type_name": "기타 포장 도로"
         }
      },
      {
         "type": "Feature",
         "geometry": {
            "type": "Polygon",
            "coordinates": [
               [
                  31.299431,
                  30.078603,
                  0.0
               ],
               [
                  31.298827,
                  30.07841,
                  0.0
               ],
               [
                  31.298468,
                  30.078257,
                  0.0
               ],
               [
                  31.297913,
                  30.078005,
                  0.0
               ]
            ]
         },
         "properties": {
            "object_imcoords": "EMPTY",
            "building_imcoords": "EMPTY",
            "road_imcoords": "304.168755, 1.866066, 197.802994, 39.187386, 134.356751, 69.044441, 36.388287, 118.495190, 1.866066, 134.356751, 0.000000, 138.088883, 0.000000, 149.191349, 136.222817, 417.065747, 139.774283, 418.841480, 144.873205, 420.352272, 10.263363, 147.419213, 13.995495, 137.155850, 191.271763, 50.383782, 329.392820, 0.000000, 315.987173, 0.00000",
            "image_id": "BLD00904_PS3_K3A_NIA0277.png",
            "ingest_time": "2023-03-02T15:10:41.602602Z",
            "type_id": "5",
            "type_name": "기타 포장 도로"
         }
      },
      {
         "type": "Feature",
         "geometry": {
            "type": "Polygon",
            "coordinates": [
               [
                  31.299915,
                  30.078336,
                  0.0
               ],
               [
                  31.298916,
                  30.077907,
                  0.0
               ],
               [
                  31.298896,
                  30.077851,
                  0.0
               ],
               [
                  31.298919,
                  30.077731,
                  0.0
               ]
            ]
         },
         "properties": {
            "object_imcoords": "EMPTY",
            "building_imcoords": "EMPTY",
            "road_imcoords": "388.141724, 56.915012, 211.798489, 140.887982, 208.066357, 152.084378, 211.798489, 176.343235, 265.914403, 317.231217, 281.775963, 338.690976, 296.704491, 342.423108, 354.552537, 324.695481, 426.396077, 301.369656, 431.994275, 288.307194, 372.280164, 80.240837, 356.418603, 89.571167, 406.802384, 257.517106, 410.534516, 276.177765, 408.668450, 293.905392, 299.503590, 331.226712, 285.508095, 320.963349, 227.660050, 160.481675, 227.660050, 148.352246, 392.806889, 70.91050",
            "image_id": "BLD00904_PS3_K3A_NIA0277.png",
            "ingest_time": "2023-03-02T15:10:41.602602Z",
            "type_id": "5",
            "type_name": "기타 포장 도로"
         }
      },
      {
         "type": "Feature",
         "geometry": {
            "type": "Polygon",
            "coordinates": [
               [
                  31.300603,
                  30.076373,
                  0.0
               ],
               [
                  31.300455,
                  30.076315,
                  0.0
               ],
               [
                  31.300387,
                  30.076259,
                  0.0
               ],
               [
                  31.300404,
                  30.076194,
                  0.0
               ]
            ]
         },
         "properties": {
            "object_imcoords": "EMPTY",
            "building_imcoords": "EMPTY",
            "road_imcoords": "502.904782, 454.387067, 476.779859, 465.583463, 464.650430, 476.779859, 467.449529, 489.842321, 473.980760, 508.502980, 479.578958, 521.565442, 497.306584, 518.766343, 514.730954, 512.667814, 512.909195, 503.672574, 511.302079, 499.172650, 494.507486, 506.636914, 485.177156, 506.636914, 477.712892, 500.105683, 473.980760, 488.909288, 481.445024, 477.712892, 499.172650, 469.315595, 505.703881, 466.51649",
            "image_id": "BLD00904_PS3_K3A_NIA0277.png",
            "ingest_time": "2023-03-02T15:10:41.602602Z",
            "type_id": "5",
            "type_name": "기타 포장 도로"
         }
      },
      {
         "type": "Feature",
         "geometry": {
            "type": "Polygon",
            "coordinates": [
               [
                  31.29986,
                  30.073537,
                  0.0
               ],
               [
                  31.299863,
                  30.073549,
                  0.0
               ],
               [
                  31.299802,
                  30.073698,
                  0.0
               ],
               [
                  31.299855,
                  30.07371,
                  0.0
               ]
            ]
         },
         "properties": {
            "object_imcoords": "EMPTY",
            "building_imcoords": "EMPTY",
            "road_imcoords": "364.064756, 1024.000000, 364.792562, 1021.439668, 354.550802, 991.404318, 363.748087, 988.985608, 364.585259, 992.742246, 376.566200, 1024.00000",
            "image_id": "BLD00904_PS3_K3A_NIA0277.png",
            "ingest_time": "2023-03-02T15:10:41.602602Z",
            "type_id": "5",
            "type_name": "기타 포장 도로"
         }
      },
      {
         "type": "Feature",
         "geometry": {
            "type": "Polygon",
            "coordinates": [
               [
                  31.298218,
                  30.078392,
                  0.0
               ],
               [
                  31.297703,
                  30.078168,
                  0.0
               ],
               [
                  31.297702,
                  30.078228,
                  0.0
               ],
               [
                  31.298043,
                  30.078378,
                  0.0
               ]
            ]
         },
         "properties": {
            "object_imcoords": "EMPTY",
            "building_imcoords": "EMPTY",
            "road_imcoords": "91.004624, 41.351713, 0.000000, 85.117294, 0.000000, 72.911358, 60.181196, 43.606689, 40.554113, -0.248597, 48.098497, 0.000000, 70.667714, 0.00000",
            "image_id": "BLD00904_PS3_K3A_NIA0277.png",
            "ingest_time": "2023-03-02T15:10:41.602602Z",
            "type_id": "5",
            "type_name": "기타 포장 도로"
         }
      },
      {
         "type": "Feature",
         "geometry": {
            "type": "Polygon",
            "coordinates": [
               [
                  31.297881,
                  30.07849,
                  0.0
               ],
               [
                  31.297958,
                  30.078336,
                  0.0
               ],
               [
                  31.297907,
                  30.078317,
                  0.0
               ],
               [
                  31.297877,
                  30.078307,
                  0.0
               ]
            ]
         },
         "properties": {
            "object_imcoords": "EMPTY",
            "building_imcoords": "EMPTY",
            "road_imcoords": "32.209929, 20.592947, 45.120667, 51.804471, 36.257818, 55.474392, 30.967123, 57.436110, 20.638209, 29.579338, 9.670590, 0.000000, 24.078257, -0.66896",
            "image_id": "BLD00904_PS3_K3A_NIA0277.png",
            "ingest_time": "2023-03-02T15:10:41.602602Z",
            "type_id": "5",
            "type_name": "기타 포장 도로"
         }
      },
      {
         "type": "Feature",
         "geometry": {
            "type": "Polygon",
            "coordinates": [
               [
                  31.297712,
                  30.0785,
                  0.0
               ],
               [
                  31.297697,
                  30.078495,
                  0.0
               ],
               [
                  31.297696,
                  30.078553,
                  0.0
               ],
               [
                  31.297724,
                  30.078561,
                  0.0
               ]
            ]
         },
         "properties": {
            "object_imcoords": "EMPTY",
            "building_imcoords": "EMPTY",
            "road_imcoords": "2.566618, 18.242842, 0.000000, 19.127882, 0.000000, 7.492263, 4.791984, 5.839855, 11.037406, 3.686261, 14.862651, 14.00283",
            "image_id": "BLD00904_PS3_K3A_NIA0277.png",
            "ingest_time": "2023-03-02T15:10:41.602602Z",
            "type_id": "5",
            "type_name": "기타 포장 도로"
         }
      },
      {
         "type": "Feature",
         "geometry": {
            "type": "Polygon",
            "coordinates": [
               [
                  31.297759,
                  30.078356,
                  0.0
               ],
               [
                  31.2977,
                  30.078335,
                  0.0
               ],
               [
                  31.297699,
                  30.078394,
                  0.0
               ],
               [
                  31.297746,
                  30.07841,
                  0.0
               ]
            ]
         },
         "properties": {
            "object_imcoords": "EMPTY",
            "building_imcoords": "EMPTY",
            "road_imcoords": "10.395511, 47.308514, 0.000000, 51.324961, 0.000000, 39.532485, 8.335474, 36.311961, 21.280142, 31.310610, 25.104728, 41.62540",
            "image_id": "BLD00904_PS3_K3A_NIA0277.png",
            "ingest_time": "2023-03-02T15:10:41.602602Z",
            "type_id": "5",
            "type_name": "기타 포장 도로"
         }
      }
   ]
}