{
   "type": "FeatureCollection",
   "features": [
      {
         "type": "Feature",
         "geometry": {
            "type": "Polygon",
            "coordinates": [
               [
                  31.326105,
                  29.994326,
                  0.0
               ],
               [
                  31.325948,
                  29.993885,
                  0.0
               ],
               [
                  31.326024,
                  29.993863,
                  0.0
               ],
               [
                  31.32619,
                  29.994325,
                  0.0
               ]
            ]
         },
         "properties": {
            "object_imcoords": "EMPTY",
            "building_imcoords": "EMPTY",
            "road_imcoords": "277.747866, -0.537102, 248.922363, 88.002539, 262.183861, 92.665906, 292.679019, 0.00000",
            "image_id": "BLD00183_PS3_K3A_NIA0276.png",
            "ingest_time": "2023-03-02T15:10:41.602602Z",
            "type_id": "5",
            "type_name": "기타 포장 도로"
         }
      },
      {
         "type": "Feature",
         "geometry": {
            "type": "Polygon",
            "coordinates": [
               [
                  31.325379,
                  29.994317,
                  0.0
               ],
               [
                  31.324998,
                  29.993316,
                  0.0
               ],
               [
                  31.325065,
                  29.993293,
                  0.0
               ],
               [
                  31.32546,
                  29.994316,
                  0.0
               ]
            ]
         },
         "properties": {
            "object_imcoords": "EMPTY",
            "building_imcoords": "EMPTY",
            "road_imcoords": "150.316911, -0.441351, 80.489088, 200.230599, 92.224554, 205.022082, 164.461112, 0.00000",
            "image_id": "BLD00183_PS3_K3A_NIA0276.png",
            "ingest_time": "2023-03-02T15:10:41.602602Z",
            "type_id": "5",
            "type_name": "기타 포장 도로"
         }
      },
      {
         "type": "Feature",
         "geometry": {
            "type": "Polygon",
            "coordinates": [
               [
                  31.326768,
                  29.994332,
                  0.0
               ],
               [
                  31.326037,
                  29.992058,
                  0.0
               ],
               [
                  31.326124,
                  29.992035,
                  0.0
               ],
               [
                  31.326878,
                  29.994334,
                  0.0
               ]
            ]
         },
         "properties": {
            "object_imcoords": "EMPTY",
            "building_imcoords": "EMPTY",
            "road_imcoords": "394.038806, 0.000000, 259.182339, 456.331051, 274.360295, 461.199304, 413.239850, 0.00000",
            "image_id": "BLD00183_PS3_K3A_NIA0276.png",
            "ingest_time": "2023-03-02T15:10:41.602602Z",
            "type_id": "5",
            "type_name": "기타 포장 도로"
         }
      },
      {
         "type": "Feature",
         "geometry": {
            "type": "Polygon",
            "coordinates": [
               [
                  31.325312,
                  29.993935,
                  0.0
               ],
               [
                  31.325324,
                  29.993911,
                  0.0
               ],
               [
                  31.325359,
                  29.993874,
                  0.0
               ],
               [
                  31.326426,
                  29.993572,
                  0.0
               ]
            ]
         },
         "properties": {
            "object_imcoords": "EMPTY",
            "building_imcoords": "EMPTY",
            "road_imcoords": "137.545225, 76.229674, 139.573828, 81.148431, 145.507995, 88.674993, 331.730926, 152.253670, 340.446508, 154.490069, 345.582716, 155.287820, 350.401545, 149.244463, 341.196547, 180.167572, 339.573589, 173.767564, 335.869252, 169.919375, 332.617744, 168.199102, 129.205667, 100.62884",
            "image_id": "BLD00183_PS3_K3A_NIA0276.png",
            "ingest_time": "2023-03-02T15:10:41.602602Z",
            "type_id": "5",
            "type_name": "기타 포장 도로"
         }
      },
      {
         "type": "Feature",
         "geometry": {
            "type": "Polygon",
            "coordinates": [
               [
                  31.325183,
                  29.993594,
                  0.0
               ],
               [
                  31.326414,
                  29.993222,
                  0.0
               ],
               [
                  31.326385,
                  29.99315,
                  0.0
               ],
               [
                  31.325155,
                  29.993526,
                  0.0
               ]
            ]
         },
         "properties": {
            "object_imcoords": "EMPTY",
            "building_imcoords": "EMPTY",
            "road_imcoords": "113.796239, 144.781209, 328.667558, 222.868073, 323.442707, 237.241693, 108.685968, 158.26297",
            "image_id": "BLD00183_PS3_K3A_NIA0276.png",
            "ingest_time": "2023-03-02T15:10:41.602602Z",
            "type_id": "5",
            "type_name": "기타 포장 도로"
         }
      },
      {
         "type": "Feature",
         "geometry": {
            "type": "Polygon",
            "coordinates": [
               [
                  31.324537,
                  29.993438,
                  0.0
               ],
               [
                  31.326324,
                  29.992946,
                  0.0
               ],
               [
                  31.326302,
                  29.992875,
                  0.0
               ],
               [
                  31.324538,
                  29.993362,
                  0.0
               ]
            ]
         },
         "properties": {
            "object_imcoords": "EMPTY",
            "building_imcoords": "EMPTY",
            "road_imcoords": "0.000000, 174.479048, 312.111609, 278.229695, 307.958531, 292.506980, 0.000000, 189.77886",
            "image_id": "BLD00183_PS3_K3A_NIA0276.png",
            "ingest_time": "2023-03-02T15:10:41.602602Z",
            "type_id": "5",
            "type_name": "기타 포장 도로"
         }
      },
      {
         "type": "Feature",
         "geometry": {
            "type": "Polygon",
            "coordinates": [
               [
                  31.32524,
                  29.993175,
                  0.0
               ],
               [
                  31.324725,
                  29.991466,
                  0.0
               ],
               [
                  31.3248,
                  29.991429,
                  0.0
               ],
               [
                  31.325312,
                  29.993149,
                  0.0
               ]
            ]
         },
         "properties": {
            "object_imcoords": "EMPTY",
            "building_imcoords": "EMPTY",
            "road_imcoords": "122.641116, 229.285566, 27.253581, 572.247128, 40.287903, 580.027309, 135.082969, 234.61778",
            "image_id": "BLD00183_PS3_K3A_NIA0276.png",
            "ingest_time": "2023-03-02T15:10:41.602602Z",
            "type_id": "5",
            "type_name": "기타 포장 도로"
         }
      },
      {
         "type": "Feature",
         "geometry": {
            "type": "Polygon",
            "coordinates": [
               [
                  31.325059,
                  29.992302,
                  0.0
               ],
               [
                  31.327041,
                  29.991811,
                  0.0
               ],
               [
                  31.327711,
                  29.991641,
                  0.0
               ],
               [
                  31.327631,
                  29.99156,
                  0.0
               ]
            ]
         },
         "properties": {
            "object_imcoords": "EMPTY",
            "building_imcoords": "EMPTY",
            "road_imcoords": "88.355987, 404.786573, 434.533607, 508.725997, 551.542772, 544.652424, 537.234849, 560.854353, 537.216138, 557.471350, 536.381668, 553.703388, 533.585099, 549.617411, 530.809817, 547.637708, 84.775145, 416.60992",
            "image_id": "BLD00183_PS3_K3A_NIA0276.png",
            "ingest_time": "2023-03-02T15:10:41.602602Z",
            "type_id": "5",
            "type_name": "기타 포장 도로"
         }
      },
      {
         "type": "Feature",
         "geometry": {
            "type": "Polygon",
            "coordinates": [
               [
                  31.325719,
                  29.992779,
                  0.0
               ],
               [
                  31.325767,
                  29.992801,
                  0.0
               ],
               [
                  31.325909,
                  29.992984,
                  0.0
               ],
               [
                  31.325981,
                  29.992964,
                  0.0
               ]
            ]
         },
         "properties": {
            "object_imcoords": "EMPTY",
            "building_imcoords": "EMPTY",
            "road_imcoords": "205.425957, 310.265140, 213.931833, 306.009899, 239.447873, 269.464698, 251.887744, 273.608030, 228.192805, 312.227800, 231.392424, 325.273851, 224.515987, 318.22055",
            "image_id": "BLD00183_PS3_K3A_NIA0276.png",
            "ingest_time": "2023-03-02T15:10:41.602602Z",
            "type_id": "5",
            "type_name": "기타 포장 도로"
         }
      },
      {
         "type": "Feature",
         "geometry": {
            "type": "Polygon",
            "coordinates": [
               [
                  31.32523,
                  29.992866,
                  0.0
               ],
               [
                  31.325489,
                  29.99279,
                  0.0
               ],
               [
                  31.325569,
                  29.992746,
                  0.0
               ],
               [
                  31.325614,
                  29.992755,
                  0.0
               ]
            ]
         },
         "properties": {
            "object_imcoords": "EMPTY",
            "building_imcoords": "EMPTY",
            "road_imcoords": "119.909311, 291.481675, 165.194210, 307.427062, 179.098031, 316.493424, 186.986588, 314.893004, 194.023579, 312.457895, 204.607205, 310.195782, 212.857053, 313.359515, 224.318274, 318.311870, 230.813878, 324.224139, 233.677893, 332.886417, 234.345363, 341.373545, 233.793823, 349.981731, 233.194931, 356.755605, 232.005000, 362.501761, 227.783722, 369.321227, 223.034228, 372.870101, 217.091031, 374.945248, 210.231708, 375.407420, 202.018478, 374.582463, 193.666111, 373.707676, 198.294623, 361.165328, 202.573965, 362.448339, 206.618623, 362.370224, 211.317079, 360.648833, 214.601327, 356.352093, 218.225182, 351.404738, 218.872852, 346.001321, 215.185676, 340.443467, 210.670761, 336.650720, 205.980304, 334.042104, 203.137038, 333.588785, 199.032131, 332.766411, 194.401155, 333.214372, 190.917162, 334.065973, 188.233002, 336.105087, 185.887190, 340.936465, 185.835677, 346.928222, 186.518061, 351.526681, 190.116938, 356.639587, 198.267261, 361.329474, 193.461382, 373.477127, 168.119388, 428.940784, 152.749654, 423.076809, 167.559573, 392.669104, 172.943306, 375.858972, 175.874708, 366.068514, 171.810452, 350.436000, 171.509836, 344.153216, 171.799275, 335.847794, 171.644796, 330.137791, 169.534685, 322.922667, 161.367317, 316.356479, 117.358049, 300.41109",
            "image_id": "BLD00183_PS3_K3A_NIA0276.png",
            "ingest_time": "2023-03-02T15:10:41.602602Z",
            "type_id": "5",
            "type_name": "기타 포장 도로"
         }
      },
      {
         "type": "Feature",
         "geometry": {
            "type": "Polygon",
            "coordinates": [
               [
                  31.325824,
                  29.992471,
                  0.0
               ],
               [
                  31.325855,
                  29.99249,
                  0.0
               ],
               [
                  31.325879,
                  29.992529,
                  0.0
               ],
               [
                  31.325881,
                  29.992571,
                  0.0
               ]
            ]
         },
         "properties": {
            "object_imcoords": "EMPTY",
            "building_imcoords": "EMPTY",
            "road_imcoords": "222.951562, 372.609148, 228.459666, 368.780861, 232.726130, 361.023919, 233.254279, 352.677143, 248.748038, 375.035503, 279.041805, 387.791813, 275.205038, 401.176064, 241.888374, 384.12122",
            "image_id": "BLD00183_PS3_K3A_NIA0276.png",
            "ingest_time": "2023-03-02T15:10:41.602602Z",
            "type_id": "5",
            "type_name": "기타 포장 도로"
         }
      },
      {
         "type": "Feature",
         "geometry": {
            "type": "Polygon",
            "coordinates": [
               [
                  31.324607,
                  29.989223,
                  0.0
               ],
               [
                  31.330444,
                  29.989297,
                  0.0
               ],
               [
                  31.330359,
                  29.994378,
                  0.0
               ],
               [
                  31.324522,
                  29.994304,
                  0.0
               ]
            ]
         },
         "properties": {
            "object_imcoords": "EMPTY",
            "building_imcoords": "EMPTY",
            "road_imcoords": "0.000000, 376.252749, 75.053042, 396.991089, 71.761242, 410.158289, 0.000000, 388.76158",
            "image_id": "BLD00183_PS3_K3A_NIA0276.png",
            "ingest_time": "2023-03-02T15:10:41.602602Z",
            "type_id": "5",
            "type_name": "기타 포장 도로"
         }
      },
      {
         "type": "Feature",
         "geometry": {
            "type": "Polygon",
            "coordinates": [
               [
                  31.324892,
                  29.991724,
                  0.0
               ],
               [
                  31.325438,
                  29.991602,
                  0.0
               ],
               [
                  31.325425,
                  29.991527,
                  0.0
               ],
               [
                  31.324865,
                  29.991658,
                  0.0
               ]
            ]
         },
         "properties": {
            "object_imcoords": "EMPTY",
            "building_imcoords": "EMPTY",
            "road_imcoords": "57.355746, 520.820672, 152.779741, 546.774777, 150.260614, 561.889540, 52.392197, 534.04609",
            "image_id": "BLD00183_PS3_K3A_NIA0276.png",
            "ingest_time": "2023-03-02T15:10:41.602602Z",
            "type_id": "5",
            "type_name": "기타 포장 도로"
         }
      },
      {
         "type": "Feature",
         "geometry": {
            "type": "Polygon",
            "coordinates": [
               [
                  31.325276,
                  29.992189,
                  0.0
               ],
               [
                  31.325106,
                  29.991675,
                  0.0
               ],
               [
                  31.325178,
                  29.99166,
                  0.0
               ],
               [
                  31.325341,
                  29.992169,
                  0.0
               ]
            ]
         },
         "properties": {
            "object_imcoords": "EMPTY",
            "building_imcoords": "EMPTY",
            "road_imcoords": "126.074001, 428.037115, 94.605695, 531.258978, 107.201331, 534.407887, 137.292430, 432.18951",
            "image_id": "BLD00183_PS3_K3A_NIA0276.png",
            "ingest_time": "2023-03-02T15:10:41.602602Z",
            "type_id": "5",
            "type_name": "기타 포장 도로"
         }
      },
      {
         "type": "Feature",
         "geometry": {
            "type": "Polygon",
            "coordinates": [
               [
                  31.325282,
                  29.991979,
                  0.0
               ],
               [
                  31.325834,
                  29.991859,
                  0.0
               ],
               [
                  31.325881,
                  29.992037,
                  0.0
               ],
               [
                  31.325958,
                  29.992022,
                  0.0
               ]
            ]
         },
         "properties": {
            "object_imcoords": "EMPTY",
            "building_imcoords": "EMPTY",
            "road_imcoords": "126.468497, 470.329354, 222.942754, 495.886634, 231.759699, 460.135203, 245.102759, 463.540182, 232.141115, 513.884204, 121.685148, 484.31876",
            "image_id": "BLD00183_PS3_K3A_NIA0276.png",
            "ingest_time": "2023-03-02T15:10:41.602602Z",
            "type_id": "5",
            "type_name": "기타 포장 도로"
         }
      },
      {
         "type": "Feature",
         "geometry": {
            "type": "Polygon",
            "coordinates": [
               [
                  31.325494,
                  29.991861,
                  0.0
               ],
               [
                  31.325348,
                  29.991151,
                  0.0
               ],
               [
                  31.325424,
                  29.991111,
                  0.0
               ],
               [
                  31.325567,
                  29.991843,
                  0.0
               ]
            ]
         },
         "properties": {
            "object_imcoords": "EMPTY",
            "building_imcoords": "EMPTY",
            "road_imcoords": "163.308514, 494.738162, 135.628919, 637.331136, 148.759659, 645.632923, 175.948492, 498.52072",
            "image_id": "BLD00183_PS3_K3A_NIA0276.png",
            "ingest_time": "2023-03-02T15:10:41.602602Z",
            "type_id": "5",
            "type_name": "기타 포장 도로"
         }
      },
      {
         "type": "Feature",
         "geometry": {
            "type": "Polygon",
            "coordinates": [
               [
                  31.326211,
                  29.991954,
                  0.0
               ],
               [
                  31.325855,
                  29.990891,
                  0.0
               ],
               [
                  31.325918,
                  29.990862,
                  0.0
               ],
               [
                  31.32627,
                  29.991939,
                  0.0
               ]
            ]
         },
         "properties": {
            "object_imcoords": "EMPTY",
            "building_imcoords": "EMPTY",
            "road_imcoords": "289.285761, 477.813104, 223.793225, 691.161427, 234.796382, 697.039916, 299.680478, 480.89244",
            "image_id": "BLD00183_PS3_K3A_NIA0276.png",
            "ingest_time": "2023-03-02T15:10:41.602602Z",
            "type_id": "5",
            "type_name": "기타 포장 도로"
         }
      },
      {
         "type": "Feature",
         "geometry": {
            "type": "Polygon",
            "coordinates": [
               [
                  31.326839,
                  29.991805,
                  0.0
               ],
               [
                  31.32643,
                  29.990612,
                  0.0
               ],
               [
                  31.326493,
                  29.990579,
                  0.0
               ],
               [
                  31.326904,
                  29.99179,
                  0.0
               ]
            ]
         },
         "properties": {
            "object_imcoords": "EMPTY",
            "building_imcoords": "EMPTY",
            "road_imcoords": "399.032090, 509.341141, 323.727068, 748.862714, 334.668875, 755.586460, 410.317783, 512.62368",
            "image_id": "BLD00183_PS3_K3A_NIA0276.png",
            "ingest_time": "2023-03-02T15:10:41.602602Z",
            "type_id": "5",
            "type_name": "기타 포장 도로"
         }
      },
      {
         "type": "Feature",
         "geometry": {
            "type": "Polygon",
            "coordinates": [
               [
                  31.326202,
                  29.991723,
                  0.0
               ],
               [
                  31.326766,
                  29.991593,
                  0.0
               ],
               [
                  31.32675,
                  29.991544,
                  0.0
               ],
               [
                  31.326183,
                  29.991675,
                  0.0
               ]
            ]
         },
         "properties": {
            "object_imcoords": "EMPTY",
            "building_imcoords": "EMPTY",
            "road_imcoords": "287.019243, 524.253261, 385.558035, 551.889141, 382.697534, 561.861817, 283.533496, 534.02273",
            "image_id": "BLD00183_PS3_K3A_NIA0276.png",
            "ingest_time": "2023-03-02T15:10:41.602602Z",
            "type_id": "5",
            "type_name": "기타 포장 도로"
         }
      },
      {
         "type": "Feature",
         "geometry": {
            "type": "Polygon",
            "coordinates": [
               [
                  31.326126,
                  29.99149,
                  0.0
               ],
               [
                  31.326685,
                  29.991355,
                  0.0
               ],
               [
                  31.326661,
                  29.99129,
                  0.0
               ],
               [
                  31.326104,
                  29.991421,
                  0.0
               ]
            ]
         },
         "properties": {
            "object_imcoords": "EMPTY",
            "building_imcoords": "EMPTY",
            "road_imcoords": "272.998098, 571.177985, 370.786595, 599.626685, 366.347348, 612.756854, 269.027785, 584.85524",
            "image_id": "BLD00183_PS3_K3A_NIA0276.png",
            "ingest_time": "2023-03-02T15:10:41.602602Z",
            "type_id": "5",
            "type_name": "기타 포장 도로"
         }
      },
      {
         "type": "Feature",
         "geometry": {
            "type": "Polygon",
            "coordinates": [
               [
                  31.326834,
                  29.991579,
                  0.0
               ],
               [
                  31.327436,
                  29.991411,
                  0.0
               ],
               [
                  31.327458,
                  29.991409,
                  0.0
               ],
               [
                  31.327474,
                  29.991408,
                  0.0
               ]
            ]
         },
         "properties": {
            "object_imcoords": "EMPTY",
            "building_imcoords": "EMPTY",
            "road_imcoords": "397.453343, 555.031003, 502.692265, 590.319284, 506.534919, 590.829444, 509.285913, 590.965705, 512.868884, 590.404304, 497.158394, 609.893380, 498.439179, 604.371366, 497.983762, 600.495806, 496.782223, 597.015302, 394.248957, 564.17522",
            "image_id": "BLD00183_PS3_K3A_NIA0276.png",
            "ingest_time": "2023-03-02T15:10:41.602602Z",
            "type_id": "5",
            "type_name": "기타 포장 도로"
         }
      },
      {
         "type": "Feature",
         "geometry": {
            "type": "Polygon",
            "coordinates": [
               [
                  31.326754,
                  29.991339,
                  0.0
               ],
               [
                  31.327161,
                  29.991226,
                  0.0
               ],
               [
                  31.327117,
                  29.99117,
                  0.0
               ],
               [
                  31.326729,
                  29.991272,
                  0.0
               ]
            ]
         },
         "properties": {
            "object_imcoords": "EMPTY",
            "building_imcoords": "EMPTY",
            "road_imcoords": "382.681903, 603.164677, 453.802198, 626.850914, 446.004694, 638.160776, 378.164499, 616.58648",
            "image_id": "BLD00183_PS3_K3A_NIA0276.png",
            "ingest_time": "2023-03-02T15:10:41.602602Z",
            "type_id": "5",
            "type_name": "기타 포장 도로"
         }
      },
      {
         "type": "Feature",
         "geometry": {
            "type": "Polygon",
            "coordinates": [
               [
                  31.324567,
                  29.991541,
                  0.0
               ],
               [
                  31.326597,
                  29.99052,
                  0.0
               ],
               [
                  31.326781,
                  29.990396,
                  0.0
               ],
               [
                  31.327057,
                  29.990193,
                  0.0
               ]
            ]
         },
         "properties": {
            "object_imcoords": "EMPTY",
            "building_imcoords": "EMPTY",
            "road_imcoords": "-0.234816, 556.829059, 352.737676, 767.772699, 384.728205, 793.182465, 432.595629, 834.741581, 470.041386, 862.357520, 462.151397, 877.085456, 457.710329, 876.163511, 452.905072, 876.610186, 448.013798, 878.068441, 442.875848, 879.826355, 361.156237, 1024.000000, 335.699897, 1024.000000, 428.775076, 861.459655, 429.273589, 854.895873, 428.449770, 851.359644, 426.804476, 847.314810, 425.289775, 844.251503, 376.535161, 803.094937, 341.793548, 778.183141, 0.000000, 571.62024",
            "image_id": "BLD00183_PS3_K3A_NIA0276.png",
            "ingest_time": "2023-03-02T15:10:41.602602Z",
            "type_id": "5",
            "type_name": "기타 포장 도로"
         }
      },
      {
         "type": "Feature",
         "geometry": {
            "type": "Polygon",
            "coordinates": [
               [
                  31.324595,
                  29.989965,
                  0.0
               ],
               [
                  31.326043,
                  29.989241,
                  0.0
               ],
               [
                  31.325847,
                  29.989239,
                  0.0
               ],
               [
                  31.324597,
                  29.989867,
                  0.0
               ]
            ]
         },
         "properties": {
            "object_imcoords": "EMPTY",
            "building_imcoords": "EMPTY",
            "road_imcoords": "0.000000, 874.549939, 251.841352, 1024.000000, 217.471501, 1024.000000, 0.000000, 894.14566",
            "image_id": "BLD00183_PS3_K3A_NIA0276.png",
            "ingest_time": "2023-03-02T15:10:41.602602Z",
            "type_id": "5",
            "type_name": "기타 포장 도로"
         }
      },
      {
         "type": "Feature",
         "geometry": {
            "type": "Polygon",
            "coordinates": [
               [
                  31.326581,
                  29.990526,
                  0.0
               ],
               [
                  31.326624,
                  29.990522,
                  0.0
               ],
               [
                  31.326656,
                  29.99053,
                  0.0
               ],
               [
                  31.326682,
                  29.990545,
                  0.0
               ]
            ]
         },
         "properties": {
            "object_imcoords": "EMPTY",
            "building_imcoords": "EMPTY",
            "road_imcoords": "350.063663, 766.455122, 357.495705, 767.339704, 363.236470, 765.857184, 367.742860, 762.981166, 624.576296, 457.498066, 628.431881, 451.649349, 630.653171, 442.715148, 632.602880, 435.906524, 633.850493, 430.715616, 637.578394, 426.184182, 739.439250, 319.844901, 842.468409, 212.915366, 912.464619, 136.869693, 934.091738, 109.582970, 951.804815, 80.490561, 959.425182, 64.215186, 965.244435, 46.517804, 964.512603, 34.388156, 961.374959, 22.364329, 953.060150, 9.887797, 944.981459, -0.291183, 962.833832, -0.291183, 968.220596, 6.380253, 974.470510, 15.867633, 979.603621, 28.724888, 981.065751, 38.687533, 977.734441, 60.389451, 973.186828, 74.677150, 960.882019, 100.098845, 932.126413, 137.493795, 899.474183, 174.266537, 844.546868, 233.932205, 756.809563, 325.557143, 649.831295, 432.395273, 646.849520, 442.755759, 644.620400, 449.324742, 643.796393, 453.923349, 643.185881, 457.612375, 641.157100, 461.914248, 379.504011, 773.743258, 377.306400, 779.102935, 377.895528, 785.105815, 381.578897, 790.74907",
            "image_id": "BLD00183_PS3_K3A_NIA0276.png",
            "ingest_time": "2023-03-02T15:10:41.602602Z",
            "type_id": "5",
            "type_name": "기타 포장 도로"
         }
      },
      {
         "type": "Feature",
         "geometry": {
            "type": "Polygon",
            "coordinates": [
               [
                  31.327088,
                  29.991801,
                  0.0
               ],
               [
                  31.327116,
                  29.9918,
                  0.0
               ],
               [
                  31.327127,
                  29.991809,
                  0.0
               ],
               [
                  31.327133,
                  29.991823,
                  0.0
               ]
            ]
         },
         "properties": {
            "object_imcoords": "EMPTY",
            "building_imcoords": "EMPTY",
            "road_imcoords": "442.795273, 510.839899, 447.677033, 511.190768, 449.605753, 509.267507, 450.646736, 506.588230, 597.219920, 0.000000, 615.062107, 0.000000, 465.629535, 513.816040, 467.032444, 518.53864",
            "image_id": "BLD00183_PS3_K3A_NIA0276.png",
            "ingest_time": "2023-03-02T15:10:41.602602Z",
            "type_id": "5",
            "type_name": "기타 포장 도로"
         }
      },
      {
         "type": "Feature",
         "geometry": {
            "type": "Polygon",
            "coordinates": [
               [
                  31.326526,
                  29.993266,
                  0.0
               ],
               [
                  31.327509,
                  29.993039,
                  0.0
               ],
               [
                  31.327486,
                  29.992959,
                  0.0
               ],
               [
                  31.326499,
                  29.993196,
                  0.0
               ]
            ]
         },
         "properties": {
            "object_imcoords": "EMPTY",
            "building_imcoords": "EMPTY",
            "road_imcoords": "348.391784, 214.280423, 520.251153, 262.545759, 515.852140, 278.451517, 343.490812, 228.31406",
            "image_id": "BLD00183_PS3_K3A_NIA0276.png",
            "ingest_time": "2023-03-02T15:10:41.602602Z",
            "type_id": "5",
            "type_name": "기타 포장 도로"
         }
      },
      {
         "type": "Feature",
         "geometry": {
            "type": "Polygon",
            "coordinates": [
               [
                  31.326822,
                  29.99312,
                  0.0
               ],
               [
                  31.32644,
                  29.991959,
                  0.0
               ],
               [
                  31.326528,
                  29.991938,
                  0.0
               ],
               [
                  31.326894,
                  29.993099,
                  0.0
               ]
            ]
         },
         "properties": {
            "object_imcoords": "EMPTY",
            "building_imcoords": "EMPTY",
            "road_imcoords": "399.899399, 244.326532, 329.523253, 477.280439, 344.963808, 481.841299, 412.502271, 248.78615",
            "image_id": "BLD00183_PS3_K3A_NIA0276.png",
            "ingest_time": "2023-03-02T15:10:41.602602Z",
            "type_id": "5",
            "type_name": "기타 포장 도로"
         }
      },
      {
         "type": "Feature",
         "geometry": {
            "type": "Polygon",
            "coordinates": [
               [
                  31.327436,
                  29.992475,
                  0.0
               ],
               [
                  31.327687,
                  29.992403,
                  0.0
               ],
               [
                  31.327704,
                  29.992394,
                  0.0
               ],
               [
                  31.327702,
                  29.992378,
                  0.0
               ]
            ]
         },
         "properties": {
            "object_imcoords": "EMPTY",
            "building_imcoords": "EMPTY",
            "road_imcoords": "505.667241, 375.879590, 549.603086, 391.137403, 552.467853, 392.864880, 552.137670, 396.089971, 525.221512, 451.573887, 523.083397, 456.007181, 523.206416, 460.679388, 525.730566, 464.075099, 581.799599, 508.122939, 592.846625, 495.671230, 541.584299, 456.036596, 539.770688, 453.566207, 541.356292, 450.183838, 568.066186, 393.207001, 567.148551, 386.568159, 561.881834, 380.764052, 509.669354, 363.07095",
            "image_id": "BLD00183_PS3_K3A_NIA0276.png",
            "ingest_time": "2023-03-02T15:10:41.602602Z",
            "type_id": "5",
            "type_name": "기타 포장 도로"
         }
      },
      {
         "type": "Feature",
         "geometry": {
            "type": "Polygon",
            "coordinates": [
               [
                  31.327775,
                  29.99354,
                  0.0
               ],
               [
                  31.32863,
                  29.993382,
                  0.0
               ],
               [
                  31.32872,
                  29.993362,
                  0.0
               ],
               [
                  31.328806,
                  29.993333,
                  0.0
               ]
            ]
         },
         "properties": {
            "object_imcoords": "EMPTY",
            "building_imcoords": "EMPTY",
            "road_imcoords": "568.373357, 162.232364, 717.776073, 196.291608, 733.610853, 200.577227, 748.620348, 206.521747, 779.634417, 219.470064, 820.011233, 236.327314, 832.707259, 222.318425, 756.416743, 193.610640, 572.152823, 148.21228",
            "image_id": "BLD00183_PS3_K3A_NIA0276.png",
            "ingest_time": "2023-03-02T15:10:41.602602Z",
            "type_id": "5",
            "type_name": "기타 포장 도로"
         }
      },
      {
         "type": "Feature",
         "geometry": {
            "type": "Polygon",
            "coordinates": [
               [
                  31.327608,
                  29.993014,
                  0.0
               ],
               [
                  31.328203,
                  29.992893,
                  0.0
               ],
               [
                  31.328387,
                  29.993426,
                  0.0
               ],
               [
                  31.328466,
                  29.993413,
                  0.0
               ]
            ]
         },
         "properties": {
            "object_imcoords": "EMPTY",
            "building_imcoords": "EMPTY",
            "road_imcoords": "537.436432, 267.716782, 641.585604, 293.754075, 675.408101, 186.730522, 689.190719, 189.638477, 647.594210, 312.447516, 532.095449, 283.07210",
            "image_id": "BLD00183_PS3_K3A_NIA0276.png",
            "ingest_time": "2023-03-02T15:10:41.602602Z",
            "type_id": "5",
            "type_name": "기타 포장 도로"
         }
      },
      {
         "type": "Feature",
         "geometry": {
            "type": "Polygon",
            "coordinates": [
               [
                  31.327712,
                  29.99335,
                  0.0
               ],
               [
                  31.328307,
                  29.993209,
                  0.0
               ],
               [
                  31.328284,
                  29.993136,
                  0.0
               ],
               [
                  31.327691,
                  29.993277,
                  0.0
               ]
            ]
         },
         "properties": {
            "object_imcoords": "EMPTY",
            "building_imcoords": "EMPTY",
            "road_imcoords": "556.797496, 200.286869, 660.720397, 230.329900, 656.488388, 245.017603, 552.791759, 214.97457",
            "image_id": "BLD00183_PS3_K3A_NIA0276.png",
            "ingest_time": "2023-03-02T15:10:41.602602Z",
            "type_id": "5",
            "type_name": "기타 포장 도로"
         }
      },
      {
         "type": "Feature",
         "geometry": {
            "type": "Polygon",
            "coordinates": [
               [
                  31.329142,
                  29.994362,
                  0.0
               ],
               [
                  31.328833,
                  29.993404,
                  0.0
               ],
               [
                  31.328899,
                  29.993379,
                  0.0
               ],
               [
                  31.329214,
                  29.994363,
                  0.0
               ]
            ]
         },
         "properties": {
            "object_imcoords": "EMPTY",
            "building_imcoords": "EMPTY",
            "road_imcoords": "810.494197, 0.000000, 753.455068, 192.396066, 765.095840, 197.616378, 823.179032, 0.00000",
            "image_id": "BLD00183_PS3_K3A_NIA0276.png",
            "ingest_time": "2023-03-02T15:10:41.602602Z",
            "type_id": "5",
            "type_name": "기타 포장 도로"
         }
      },
      {
         "type": "Feature",
         "geometry": {
            "type": "Polygon",
            "coordinates": [
               [
                  31.327999,
                  29.994255,
                  0.0
               ],
               [
                  31.328648,
                  29.994104,
                  0.0
               ],
               [
                  31.328868,
                  29.994127,
                  0.0
               ],
               [
                  31.329055,
                  29.994096,
                  0.0
               ]
            ]
         },
         "properties": {
            "object_imcoords": "EMPTY",
            "building_imcoords": "EMPTY",
            "road_imcoords": "609.765977, 18.704632, 723.035598, 50.739340, 761.757726, 46.733603, 794.471248, 53.409832, 799.144608, 40.724997, 777.755297, 34.542621, 777.732320, 22.518528, 776.029944, 13.913919, 772.442723, 6.575445, 768.009061, 0.386512, 756.534040, -0.087442, 761.945990, 6.816735, 764.719173, 15.124398, 764.965954, 22.538174, 763.092972, 32.045899, 725.038467, 36.719259, 614.213066, 4.67336",
            "image_id": "BLD00183_PS3_K3A_NIA0276.png",
            "ingest_time": "2023-03-02T15:10:41.602602Z",
            "type_id": "5",
            "type_name": "기타 포장 도로"
         }
      },
      {
         "type": "Feature",
         "geometry": {
            "type": "Polygon",
            "coordinates": [
               [
                  31.328647,
                  29.994103,
                  0.0
               ],
               [
                  31.328442,
                  29.993479,
                  0.0
               ],
               [
                  31.328511,
                  29.993463,
                  0.0
               ],
               [
                  31.328721,
                  29.994109,
                  0.0
               ]
            ]
         },
         "properties": {
            "object_imcoords": "EMPTY",
            "building_imcoords": "EMPTY",
            "road_imcoords": "722.921841, 50.936472, 685.203955, 176.275500, 697.216860, 179.515471, 735.935820, 49.99458",
            "image_id": "BLD00183_PS3_K3A_NIA0276.png",
            "ingest_time": "2023-03-02T15:10:41.602602Z",
            "type_id": "5",
            "type_name": "기타 포장 도로"
         }
      },
      {
         "type": "Feature",
         "geometry": {
            "type": "Polygon",
            "coordinates": [
               [
                  31.327958,
                  29.994123,
                  0.0
               ],
               [
                  31.328595,
                  29.993959,
                  0.0
               ],
               [
                  31.328574,
                  29.993899,
                  0.0
               ],
               [
                  31.327935,
                  29.994064,
                  0.0
               ]
            ]
         },
         "properties": {
            "object_imcoords": "EMPTY",
            "building_imcoords": "EMPTY",
            "road_imcoords": "602.206024, 45.166764, 713.411624, 79.967658, 709.466509, 91.862190, 597.878743, 57.12048",
            "image_id": "BLD00183_PS3_K3A_NIA0276.png",
            "ingest_time": "2023-03-02T15:10:41.602602Z",
            "type_id": "5",
            "type_name": "기타 포장 도로"
         }
      },
      {
         "type": "Feature",
         "geometry": {
            "type": "Polygon",
            "coordinates": [
               [
                  31.327885,
                  29.993892,
                  0.0
               ],
               [
                  31.328529,
                  29.993747,
                  0.0
               ],
               [
                  31.32851,
                  29.993689,
                  0.0
               ],
               [
                  31.327866,
                  29.993834,
                  0.0
               ]
            ]
         },
         "properties": {
            "object_imcoords": "EMPTY",
            "building_imcoords": "EMPTY",
            "road_imcoords": "588.632320, 91.598397, 701.221161, 122.394989, 697.658211, 133.966542, 585.187742, 103.11076",
            "image_id": "BLD00183_PS3_K3A_NIA0276.png",
            "ingest_time": "2023-03-02T15:10:41.602602Z",
            "type_id": "5",
            "type_name": "기타 포장 도로"
         }
      },
      {
         "type": "Feature",
         "geometry": {
            "type": "Polygon",
            "coordinates": [
               [
                  31.3283,
                  29.993971,
                  0.0
               ],
               [
                  31.328241,
                  29.993815,
                  0.0
               ],
               [
                  31.328303,
                  29.993798,
                  0.0
               ],
               [
                  31.328363,
                  29.993957,
                  0.0
               ]
            ]
         },
         "properties": {
            "object_imcoords": "EMPTY",
            "building_imcoords": "EMPTY",
            "road_imcoords": "661.710822, 76.641452, 650.817365, 108.056954, 661.710822, 111.501532, 672.722651, 79.58549",
            "image_id": "BLD00183_PS3_K3A_NIA0276.png",
            "ingest_time": "2023-03-02T15:10:41.602602Z",
            "type_id": "5",
            "type_name": "기타 포장 도로"
         }
      },
      {
         "type": "Feature",
         "geometry": {
            "type": "Polygon",
            "coordinates": [
               [
                  31.329569,
                  29.994368,
                  0.0
               ],
               [
                  31.329552,
                  29.994279,
                  0.0
               ],
               [
                  31.329508,
                  29.994237,
                  0.0
               ],
               [
                  31.329447,
                  29.994205,
                  0.0
               ]
            ]
         },
         "properties": {
            "object_imcoords": "EMPTY",
            "building_imcoords": "EMPTY",
            "road_imcoords": "885.381130, 0.000000, 882.212265, 17.745649, 874.315183, 26.150035, 863.651340, 32.523677, 853.058698, 43.730349, 839.998391, 90.686073, 843.756663, 113.788405, 853.307628, 139.373591, 884.803865, 165.471308, 894.502885, 156.847413, 879.839964, 145.045966, 865.100389, 132.956454, 856.498051, 109.036424, 853.692471, 89.362018, 865.100389, 50.068081, 884.079973, 34.087838, 893.786103, 22.449721, 898.056594, 0.00000",
            "image_id": "BLD00183_PS3_K3A_NIA0276.png",
            "ingest_time": "2023-03-02T15:10:41.602602Z",
            "type_id": "5",
            "type_name": "기타 포장 도로"
         }
      },
      {
         "type": "Feature",
         "geometry": {
            "type": "Polygon",
            "coordinates": [
               [
                  31.326838,
                  29.994208,
                  0.0
               ],
               [
                  31.32775,
                  29.994038,
                  0.0
               ],
               [
                  31.327857,
                  29.994346,
                  0.0
               ],
               [
                  31.32778,
                  29.994344,
                  0.0
               ]
            ]
         },
         "properties": {
            "object_imcoords": "EMPTY",
            "building_imcoords": "EMPTY",
            "road_imcoords": "405.987065, 25.214557, 565.474659, 61.824418, 584.997870, 0.000000, 571.489197, 0.161597, 555.011095, 46.265442, 524.013942, 39.353849, 535.252644, -0.024712, 522.753873, -0.213380, 510.838018, 36.415946, 478.926592, 29.300493, 487.388904, 0.034980, 475.567287, 0.057436, 465.889856, 26.393627, 409.168544, 13.06030",
            "image_id": "BLD00183_PS3_K3A_NIA0276.png",
            "ingest_time": "2023-03-02T15:10:41.602602Z",
            "type_id": "5",
            "type_name": "기타 포장 도로"
         }
      },
      {
         "type": "Feature",
         "geometry": {
            "type": "Polygon",
            "coordinates": [
               [
                  31.327342,
                  29.991128,
                  0.0
               ],
               [
                  31.328557,
                  29.990505,
                  0.0
               ],
               [
                  31.328936,
                  29.990297,
                  0.0
               ],
               [
                  31.328964,
                  29.990275,
                  0.0
               ]
            ]
         },
         "properties": {
            "object_imcoords": "EMPTY",
            "building_imcoords": "EMPTY",
            "road_imcoords": "485.301779, 647.163468, 696.507077, 775.763254, 762.391653, 818.580639, 767.225512, 823.109251, 770.936395, 827.202666, 771.777764, 831.753909, 770.163894, 840.295384, 737.570488, 917.455348, 714.357096, 961.299740, 699.112463, 986.342934, 694.119646, 987.856666, 687.863936, 988.780730, 681.275110, 988.090253, 673.060022, 1004.690048, 678.842536, 1007.791276, 682.648339, 1013.645933, 684.229735, 1021.470945, 683.556630, 1024.141727, 702.090185, 1024.954707, 724.801167, 967.841940, 730.626046, 956.113433, 736.153036, 948.143982, 742.949891, 942.566262, 751.609307, 939.042922, 761.338369, 938.570452, 842.432230, 974.358693, 942.139400, 1024.049688, 950.393776, 1024.023253, 954.296915, 1016.389991, 764.786663, 922.927633, 759.750790, 919.435851, 756.033614, 914.171918, 756.083441, 908.285841, 784.425351, 843.146721, 787.032053, 834.100816, 784.610998, 824.389464, 782.824250, 816.606965, 778.936833, 809.357763, 774.493416, 805.282725, 495.107286, 631.91045",
            "image_id": "BLD00183_PS3_K3A_NIA0276.png",
            "ingest_time": "2023-03-02T15:10:41.602602Z",
            "type_id": "5",
            "type_name": "기타 포장 도로"
         }
      },
      {
         "type": "Feature",
         "geometry": {
            "type": "Polygon",
            "coordinates": [
               [
                  31.327668,
                  29.990958,
                  0.0
               ],
               [
                  31.327153,
                  29.990132,
                  0.0
               ],
               [
                  31.327216,
                  29.990094,
                  0.0
               ],
               [
                  31.327736,
                  29.990924,
                  0.0
               ]
            ]
         },
         "properties": {
            "object_imcoords": "EMPTY",
            "building_imcoords": "EMPTY",
            "road_imcoords": "542.052112, 682.233373, 449.271949, 847.284398, 460.159347, 855.241896, 553.771711, 689.21423",
            "image_id": "BLD00183_PS3_K3A_NIA0276.png",
            "ingest_time": "2023-03-02T15:10:41.602602Z",
            "type_id": "5",
            "type_name": "기타 포장 도로"
         }
      },
      {
         "type": "Feature",
         "geometry": {
            "type": "Polygon",
            "coordinates": [
               [
                  31.327274,
                  29.990057,
                  0.0
               ],
               [
                  31.327723,
                  29.989843,
                  0.0
               ],
               [
                  31.328485,
                  29.989451,
                  0.0
               ],
               [
                  31.328446,
                  29.989367,
                  0.0
               ]
            ]
         },
         "properties": {
            "object_imcoords": "EMPTY",
            "building_imcoords": "EMPTY",
            "road_imcoords": "470.132025, 862.752353, 548.408851, 906.975409, 680.819442, 987.943353, 673.766379, 1004.779890, 539.155345, 923.201798, 462.318959, 877.40185",
            "image_id": "BLD00183_PS3_K3A_NIA0276.png",
            "ingest_time": "2023-03-02T15:10:41.602602Z",
            "type_id": "5",
            "type_name": "기타 포장 도로"
         }
      },
      {
         "type": "Feature",
         "geometry": {
            "type": "Polygon",
            "coordinates": [
               [
                  31.330431,
                  29.990036,
                  0.0
               ],
               [
                  31.330025,
                  29.989292,
                  0.0
               ],
               [
                  31.330102,
                  29.989293,
                  0.0
               ],
               [
                  31.330433,
                  29.989939,
                  0.0
               ]
            ]
         },
         "properties": {
            "object_imcoords": "EMPTY",
            "building_imcoords": "EMPTY",
            "road_imcoords": "1024.000000, 875.063424, 950.602819, 1024.000000, 964.086738, 1024.031898, 1024.000000, 894.59609",
            "image_id": "BLD00183_PS3_K3A_NIA0276.png",
            "ingest_time": "2023-03-02T15:10:41.602602Z",
            "type_id": "5",
            "type_name": "기타 포장 도로"
         }
      },
      {
         "type": "Feature",
         "geometry": {
            "type": "Polygon",
            "coordinates": [
               [
                  31.328607,
                  29.990481,
                  0.0
               ],
               [
                  31.328612,
                  29.990458,
                  0.0
               ],
               [
                  31.328618,
                  29.990434,
                  0.0
               ],
               [
                  31.328616,
                  29.990414,
                  0.0
               ]
            ]
         },
         "properties": {
            "object_imcoords": "EMPTY",
            "building_imcoords": "EMPTY",
            "road_imcoords": "705.254193, 780.848012, 706.062642, 785.392497, 707.040443, 790.270010, 706.637753, 794.382384, 628.237834, 937.591865, 624.309675, 941.917252, 621.475242, 942.417362, 617.085715, 943.020146, 612.207420, 943.376583, 605.362328, 941.966500, 638.141605, 962.521719, 636.821688, 959.015877, 636.406721, 955.602358, 637.556435, 952.246150, 720.708781, 800.438819, 723.464905, 798.579067, 728.596577, 797.08470",
            "image_id": "BLD00183_PS3_K3A_NIA0276.png",
            "ingest_time": "2023-03-02T15:10:41.602602Z",
            "type_id": "5",
            "type_name": "기타 포장 도로"
         }
      },
      {
         "type": "Feature",
         "geometry": {
            "type": "Polygon",
            "coordinates": [
               [
                  31.324683,
                  29.993319,
                  0.0
               ],
               [
                  31.324611,
                  29.993107,
                  0.0
               ],
               [
                  31.324543,
                  29.993132,
                  0.0
               ],
               [
                  31.324543,
                  29.993055,
                  0.0
               ]
            ]
         },
         "properties": {
            "object_imcoords": "EMPTY",
            "building_imcoords": "EMPTY",
            "road_imcoords": "25.235016, 198.802683, 12.146168, 241.261625, 0.141670, 236.228665, -0.063148, 251.740832, 7.876199, 255.429429, 0.000000, 280.662611, 0.000000, 323.746784, 36.929291, 203.11110",
            "image_id": "BLD00183_PS3_K3A_NIA0276.png",
            "ingest_time": "2023-03-02T15:10:41.602602Z",
            "type_id": "5",
            "type_name": "기타 포장 도로"
         }
      },
      {
         "type": "Feature",
         "geometry": {
            "type": "Polygon",
            "coordinates": [
               [
                  31.326945,
                  29.992582,
                  0.0
               ],
               [
                  31.327091,
                  29.993051,
                  0.0
               ],
               [
                  31.327135,
                  29.993041,
                  0.0
               ],
               [
                  31.326988,
                  29.992566,
                  0.0
               ]
            ]
         },
         "properties": {
            "object_imcoords": "EMPTY",
            "building_imcoords": "EMPTY",
            "road_imcoords": "419.988648, 353.180240, 446.832261, 258.953691, 454.526138, 261.145552, 427.376403, 356.446652, 400.532791, 450.673231, 392.838913, 448.48137",
            "image_id": "BLD00183_PS3_K3A_NIA0276.png",
            "ingest_time": "2023-03-02T15:10:41.602602Z",
            "type_id": "6",
            "type_name": "보도"
         }
      },
      {
         "type": "Feature",
         "geometry": {
            "type": "Polygon",
            "coordinates": [
               [
                  31.326342,
                  29.994104,
                  0.0
               ],
               [
                  31.326437,
                  29.994328,
                  0.0
               ],
               [
                  31.326486,
                  29.994329,
                  0.0
               ],
               [
                  31.326384,
                  29.99409,
                  0.0
               ]
            ]
         },
         "properties": {
            "object_imcoords": "EMPTY",
            "building_imcoords": "EMPTY",
            "road_imcoords": "318.576596, 44.837025, 335.919216, 0.000000, 344.496799, 0.000000, 326.037906, 47.723003, 303.448855, 106.123973, 295.987546, 103.23799",
            "image_id": "BLD00183_PS3_K3A_NIA0276.png",
            "ingest_time": "2023-03-02T15:10:41.602602Z",
            "type_id": "6",
            "type_name": "보도"
         }
      }
   ]
}