{
   "type": "FeatureCollection",
   "features": [
      {
         "type": "Feature",
         "geometry": {
            "type": "Polygon",
            "coordinates": [
               [
                  31.407465,
                  30.15619,
                  0.0
               ],
               [
                  31.413311,
                  30.156261,
                  0.0
               ],
               [
                  31.41323,
                  30.161341,
                  0.0
               ],
               [
                  31.407383,
                  30.161271,
                  0.0
               ]
            ]
         },
         "properties": {
            "object_imcoords": "EMPTY",
            "building_imcoords": "EMPTY",
            "road_imcoords": "404.253670, 1024.000000, 1024.000000, 396.487857, 1024.000000, 408.737321, 418.812880, 1024.00000",
            "image_id": "BLD00571_PS3_K3A_NIA0277.png",
            "ingest_time": "2023-03-02T15:10:41.602602Z",
            "type_id": "5",
            "type_name": "기타 포장 도로"
         }
      },
      {
         "type": "Feature",
         "geometry": {
            "type": "Polygon",
            "coordinates": [
               [
                  31.407465,
                  30.15619,
                  0.0
               ],
               [
                  31.413311,
                  30.156261,
                  0.0
               ],
               [
                  31.41323,
                  30.161341,
                  0.0
               ],
               [
                  31.407383,
                  30.161271,
                  0.0
               ]
            ]
         },
         "properties": {
            "object_imcoords": "EMPTY",
            "building_imcoords": "EMPTY",
            "road_imcoords": "432.424489, 1024.000000, 444.377033, 1024.000000, 1024.000000, 434.454051, 1023.524879, 421.56559",
            "image_id": "BLD00571_PS3_K3A_NIA0277.png",
            "ingest_time": "2023-03-02T15:10:41.602602Z",
            "type_id": "5",
            "type_name": "기타 포장 도로"
         }
      },
      {
         "type": "Feature",
         "geometry": {
            "type": "Polygon",
            "coordinates": [
               [
                  31.407465,
                  30.15619,
                  0.0
               ],
               [
                  31.413311,
                  30.156261,
                  0.0
               ],
               [
                  31.41323,
                  30.161341,
                  0.0
               ],
               [
                  31.407383,
                  30.161271,
                  0.0
               ]
            ]
         },
         "properties": {
            "object_imcoords": "EMPTY",
            "building_imcoords": "EMPTY",
            "road_imcoords": "0.000000, 926.628544, 116.205860, 1024.000000, 143.873922, 1024.000000, 0.000000, 902.48187",
            "image_id": "BLD00571_PS3_K3A_NIA0277.png",
            "ingest_time": "2023-03-02T15:10:41.602602Z",
            "type_id": "5",
            "type_name": "기타 포장 도로"
         }
      },
      {
         "type": "Feature",
         "geometry": {
            "type": "Polygon",
            "coordinates": [
               [
                  31.407465,
                  30.15619,
                  0.0
               ],
               [
                  31.413311,
                  30.156261,
                  0.0
               ],
               [
                  31.41323,
                  30.161341,
                  0.0
               ],
               [
                  31.407383,
                  30.161271,
                  0.0
               ]
            ]
         },
         "properties": {
            "object_imcoords": "EMPTY",
            "building_imcoords": "EMPTY",
            "road_imcoords": "100.389641, 1012.235489, 90.767631, 1020.253831, 0.000000, 939.890706, 0.000000, 964.446171, 70.737220, 1024.000000, 114.360894, 1024.000000, 109.358590, 1019.29163",
            "image_id": "BLD00571_PS3_K3A_NIA0277.png",
            "ingest_time": "2023-03-02T15:10:41.602602Z",
            "type_id": "2",
            "type_name": "고속도로"
         }
      },
      {
         "type": "Feature",
         "geometry": {
            "type": "Polygon",
            "coordinates": [
               [
                  31.407465,
                  30.15619,
                  0.0
               ],
               [
                  31.413311,
                  30.156261,
                  0.0
               ],
               [
                  31.41323,
                  30.161341,
                  0.0
               ],
               [
                  31.407383,
                  30.161271,
                  0.0
               ]
            ]
         },
         "properties": {
            "object_imcoords": "EMPTY",
            "building_imcoords": "EMPTY",
            "road_imcoords": "0.000000, 972.785246, 61.260133, 1024.000000, 8.659809, 1023.781901, 0.000000, 1016.40502",
            "image_id": "BLD00571_PS3_K3A_NIA0277.png",
            "ingest_time": "2023-03-02T15:10:41.602602Z",
            "type_id": "2",
            "type_name": "고속도로"
         }
      },
      {
         "type": "Feature",
         "geometry": {
            "type": "Polygon",
            "coordinates": [
               [
                  31.408247,
                  30.157645,
                  0.0
               ],
               [
                  31.409544,
                  30.15656,
                  0.0
               ],
               [
                  31.409583,
                  30.156589,
                  0.0
               ],
               [
                  31.408302,
                  30.157685,
                  0.0
               ]
            ]
         },
         "properties": {
            "object_imcoords": "EMPTY",
            "building_imcoords": "EMPTY",
            "road_imcoords": "141.040887, 732.691495, 365.063042, 954.413207, 371.966770, 948.673453, 150.769721, 724.74247",
            "image_id": "BLD00571_PS3_K3A_NIA0277.png",
            "ingest_time": "2023-03-02T15:10:41.602602Z",
            "type_id": "5",
            "type_name": "기타 포장 도로"
         }
      },
      {
         "type": "Feature",
         "geometry": {
            "type": "Polygon",
            "coordinates": [
               [
                  31.408023,
                  30.157454,
                  0.0
               ],
               [
                  31.409305,
                  30.156384,
                  0.0
               ],
               [
                  31.409378,
                  30.156402,
                  0.0
               ],
               [
                  31.408085,
                  30.157497,
                  0.0
               ]
            ]
         },
         "properties": {
            "object_imcoords": "EMPTY",
            "building_imcoords": "EMPTY",
            "road_imcoords": "101.254476, 770.609476, 322.713721, 989.439183, 335.687935, 985.975861, 112.214453, 762.04488",
            "image_id": "BLD00571_PS3_K3A_NIA0277.png",
            "ingest_time": "2023-03-02T15:10:41.602602Z",
            "type_id": "5",
            "type_name": "기타 포장 도로"
         }
      },
      {
         "type": "Feature",
         "geometry": {
            "type": "Polygon",
            "coordinates": [
               [
                  31.407815,
                  30.157275,
                  0.0
               ],
               [
                  31.409062,
                  30.156234,
                  0.0
               ],
               [
                  31.409114,
                  30.156271,
                  0.0
               ],
               [
                  31.407866,
                  30.157324,
                  0.0
               ]
            ]
         },
         "properties": {
            "object_imcoords": "EMPTY",
            "building_imcoords": "EMPTY",
            "road_imcoords": "64.354448, 806.215926, 279.776752, 1019.075422, 288.956913, 1011.775428, 73.467710, 796.44243",
            "image_id": "BLD00571_PS3_K3A_NIA0277.png",
            "ingest_time": "2023-03-02T15:10:41.602602Z",
            "type_id": "5",
            "type_name": "기타 포장 도로"
         }
      },
      {
         "type": "Feature",
         "geometry": {
            "type": "Polygon",
            "coordinates": [
               [
                  31.408018,
                  30.157109,
                  0.0
               ],
               [
                  31.407577,
                  30.156704,
                  0.0
               ],
               [
                  31.407628,
                  30.156678,
                  0.0
               ],
               [
                  31.408056,
                  30.157078,
                  0.0
               ]
            ]
         },
         "properties": {
            "object_imcoords": "EMPTY",
            "building_imcoords": "EMPTY",
            "road_imcoords": "99.387999, 840.047477, 21.007116, 920.671820, 29.914261, 926.108051, 105.966343, 846.51459",
            "image_id": "BLD00571_PS3_K3A_NIA0277.png",
            "ingest_time": "2023-03-02T15:10:41.602602Z",
            "type_id": "5",
            "type_name": "기타 포장 도로"
         }
      },
      {
         "type": "Feature",
         "geometry": {
            "type": "Polygon",
            "coordinates": [
               [
                  31.40861,
                  30.156621,
                  0.0
               ],
               [
                  31.408198,
                  30.15627,
                  0.0
               ],
               [
                  31.408258,
                  30.15622,
                  0.0
               ],
               [
                  31.408647,
                  30.156581,
                  0.0
               ]
            ]
         },
         "properties": {
            "object_imcoords": "EMPTY",
            "building_imcoords": "EMPTY",
            "road_imcoords": "201.714413, 939.961678, 128.651747, 1009.695137, 139.043775, 1019.866956, 208.106189, 948.07493",
            "image_id": "BLD00571_PS3_K3A_NIA0277.png",
            "ingest_time": "2023-03-02T15:10:41.602602Z",
            "type_id": "5",
            "type_name": "기타 포장 도로"
         }
      },
      {
         "type": "Feature",
         "geometry": {
            "type": "Polygon",
            "coordinates": [
               [
                  31.407918,
                  30.156948,
                  0.0
               ],
               [
                  31.407911,
                  30.156866,
                  0.0
               ],
               [
                  31.408404,
                  30.156452,
                  0.0
               ],
               [
                  31.408354,
                  30.156411,
                  0.0
               ]
            ]
         },
         "properties": {
            "object_imcoords": "EMPTY",
            "building_imcoords": "EMPTY",
            "road_imcoords": "81.417949, 872.338629, 80.058398, 888.854584, 165.228094, 973.484598, 156.291095, 981.557232, 71.984800, 896.513252, 61.071813, 892.97980",
            "image_id": "BLD00571_PS3_K3A_NIA0277.png",
            "ingest_time": "2023-03-02T15:10:41.602602Z",
            "type_id": "5",
            "type_name": "기타 포장 도로"
         }
      },
      {
         "type": "Feature",
         "geometry": {
            "type": "Polygon",
            "coordinates": [
               [
                  31.408765,
                  30.157205,
                  0.0
               ],
               [
                  31.408597,
                  30.157063,
                  0.0
               ],
               [
                  31.408638,
                  30.157028,
                  0.0
               ],
               [
                  31.408807,
                  30.157175,
                  0.0
               ]
            ]
         },
         "properties": {
            "object_imcoords": "EMPTY",
            "building_imcoords": "EMPTY",
            "road_imcoords": "230.458084, 822.705694, 200.708377, 850.768914, 207.791077, 857.955932, 237.749471, 828.70025",
            "image_id": "BLD00571_PS3_K3A_NIA0277.png",
            "ingest_time": "2023-03-02T15:10:41.602602Z",
            "type_id": "5",
            "type_name": "기타 포장 도로"
         }
      },
      {
         "type": "Feature",
         "geometry": {
            "type": "Polygon",
            "coordinates": [
               [
                  31.408545,
                  30.157011,
                  0.0
               ],
               [
                  31.408397,
                  30.156877,
                  0.0
               ],
               [
                  31.408446,
                  30.156845,
                  0.0
               ],
               [
                  31.408582,
                  30.156981,
                  0.0
               ]
            ]
         },
         "properties": {
            "object_imcoords": "EMPTY",
            "building_imcoords": "EMPTY",
            "road_imcoords": "191.467262, 861.139874, 165.216453, 887.750178, 173.662707, 894.404800, 197.861960, 867.34032",
            "image_id": "BLD00571_PS3_K3A_NIA0277.png",
            "ingest_time": "2023-03-02T15:10:41.602602Z",
            "type_id": "5",
            "type_name": "기타 포장 도로"
         }
      },
      {
         "type": "Feature",
         "geometry": {
            "type": "Polygon",
            "coordinates": [
               [
                  31.408653,
                  30.156665,
                  0.0
               ],
               [
                  31.408795,
                  30.156802,
                  0.0
               ],
               [
                  31.408836,
                  30.156764,
                  0.0
               ],
               [
                  31.408689,
                  30.156625,
                  0.0
               ]
            ]
         },
         "properties": {
            "object_imcoords": "EMPTY",
            "building_imcoords": "EMPTY",
            "road_imcoords": "209.362491, 931.253265, 234.604881, 903.917998, 241.687581, 911.638513, 215.516728, 939.25421",
            "image_id": "BLD00571_PS3_K3A_NIA0277.png",
            "ingest_time": "2023-03-02T15:10:41.602602Z",
            "type_id": "5",
            "type_name": "기타 포장 도로"
         }
      },
      {
         "type": "Feature",
         "geometry": {
            "type": "Polygon",
            "coordinates": [
               [
                  31.408857,
                  30.156845,
                  0.0
               ],
               [
                  31.409017,
                  30.156997,
                  0.0
               ],
               [
                  31.409062,
                  30.15696,
                  0.0
               ],
               [
                  31.408908,
                  30.156804,
                  0.0
               ]
            ]
         },
         "properties": {
            "object_imcoords": "EMPTY",
            "building_imcoords": "EMPTY",
            "road_imcoords": "245.558961, 895.492937, 274.104954, 865.100226, 281.803227, 872.754012, 254.361817, 903.70759",
            "image_id": "BLD00571_PS3_K3A_NIA0277.png",
            "ingest_time": "2023-03-02T15:10:41.602602Z",
            "type_id": "5",
            "type_name": "기타 포장 도로"
         }
      },
      {
         "type": "Feature",
         "geometry": {
            "type": "Polygon",
            "coordinates": [
               [
                  31.409102,
                  30.15664,
                  0.0
               ],
               [
                  31.409263,
                  30.15679,
                  0.0
               ],
               [
                  31.409307,
                  30.156749,
                  0.0
               ],
               [
                  31.409143,
                  30.156596,
                  0.0
               ]
            ]
         },
         "properties": {
            "object_imcoords": "EMPTY",
            "building_imcoords": "EMPTY",
            "road_imcoords": "287.985026, 937.281187, 316.531020, 907.504049, 324.229292, 915.773406, 295.000997, 946.21060",
            "image_id": "BLD00571_PS3_K3A_NIA0277.png",
            "ingest_time": "2023-03-02T15:10:41.602602Z",
            "type_id": "5",
            "type_name": "기타 포장 도로"
         }
      },
      {
         "type": "Feature",
         "geometry": {
            "type": "Polygon",
            "coordinates": [
               [
                  31.409366,
                  30.157235,
                  0.0
               ],
               [
                  31.409562,
                  30.157075,
                  0.0
               ],
               [
                  31.409511,
                  30.157038,
                  0.0
               ],
               [
                  31.409316,
                  30.15718,
                  0.0
               ]
            ]
         },
         "properties": {
            "object_imcoords": "EMPTY",
            "building_imcoords": "EMPTY",
            "road_imcoords": "335.897942, 818.113825, 369.679806, 850.753034, 360.728145, 858.029977, 326.921021, 829.02096",
            "image_id": "BLD00571_PS3_K3A_NIA0277.png",
            "ingest_time": "2023-03-02T15:10:41.602602Z",
            "type_id": "5",
            "type_name": "기타 포장 도로"
         }
      },
      {
         "type": "Feature",
         "geometry": {
            "type": "Polygon",
            "coordinates": [
               [
                  31.407423,
                  30.158786,
                  0.0
               ],
               [
                  31.407555,
                  30.158788,
                  0.0
               ],
               [
                  31.407626,
                  30.158848,
                  0.0
               ],
               [
                  31.407668,
                  30.158903,
                  0.0
               ]
            ]
         },
         "properties": {
            "object_imcoords": "EMPTY",
            "building_imcoords": "EMPTY",
            "road_imcoords": "0.000000, 500.727356, 23.024734, 500.612322, 35.678680, 488.789616, 43.285811, 477.856434, 51.666789, 467.180284, 72.821057, 446.615516, 79.892264, 453.519369, 54.560999, 476.949939, 38.705647, 501.758619, 25.527422, 512.050054, 0.500538, 512.05005",
            "image_id": "BLD00571_PS3_K3A_NIA0277.png",
            "ingest_time": "2023-03-02T15:10:41.602602Z",
            "type_id": "5",
            "type_name": "기타 포장 도로"
         }
      },
      {
         "type": "Feature",
         "geometry": {
            "type": "Polygon",
            "coordinates": [
               [
                  31.407578,
                  30.158732,
                  0.0
               ],
               [
                  31.407902,
                  30.158341,
                  0.0
               ],
               [
                  31.407829,
                  30.158034,
                  0.0
               ],
               [
                  31.407882,
                  30.157968,
                  0.0
               ]
            ]
         },
         "properties": {
            "object_imcoords": "EMPTY",
            "building_imcoords": "EMPTY",
            "road_imcoords": "27.029035, 512.050054, 82.588718, 591.635546, 68.914689, 653.324890, 78.083879, 666.716199, 93.042376, 600.239963, 95.236306, 594.601045, 95.470064, 589.973015, 94.101085, 584.628018, 35.538176, 503.04037",
            "image_id": "BLD00571_PS3_K3A_NIA0277.png",
            "ingest_time": "2023-03-02T15:10:41.602602Z",
            "type_id": "5",
            "type_name": "기타 포장 도로"
         }
      },
      {
         "type": "Feature",
         "geometry": {
            "type": "Polygon",
            "coordinates": [
               [
                  31.407546,
                  30.158288,
                  0.0
               ],
               [
                  31.407662,
                  30.158402,
                  0.0
               ],
               [
                  31.407736,
                  30.158479,
                  0.0
               ],
               [
                  31.407743,
                  30.158527,
                  0.0
               ]
            ]
         },
         "properties": {
            "object_imcoords": "EMPTY",
            "building_imcoords": "EMPTY",
            "road_imcoords": "20.130416, 601.499040, 40.676984, 578.658115, 53.982423, 563.323529, 55.338955, 553.661324, 70.495015, 574.607023, 61.409730, 571.408563, 49.908312, 579.583305, 44.170332, 584.706925, 39.276972, 589.382699, 36.492049, 593.863894, 33.035487, 605.41848",
            "image_id": "BLD00571_PS3_K3A_NIA0277.png",
            "ingest_time": "2023-03-02T15:10:41.602602Z",
            "type_id": "5",
            "type_name": "기타 포장 도로"
         }
      },
      {
         "type": "Feature",
         "geometry": {
            "type": "Polygon",
            "coordinates": [
               [
                  31.409354,
                  30.157864,
                  0.0
               ],
               [
                  31.412329,
                  30.160476,
                  0.0
               ],
               [
                  31.412345,
                  30.160576,
                  0.0
               ],
               [
                  31.41246,
                  30.160462,
                  0.0
               ]
            ]
         },
         "properties": {
            "object_imcoords": "EMPTY",
            "building_imcoords": "EMPTY",
            "road_imcoords": "335.533034, 691.224060, 863.899245, 172.271362, 866.965737, 152.035456, 886.726354, 175.411227, 887.911384, 177.429419, 877.475676, 182.974405, 343.986385, 702.92870",
            "image_id": "BLD00571_PS3_K3A_NIA0277.png",
            "ingest_time": "2023-03-02T15:10:41.602602Z",
            "type_id": "5",
            "type_name": "기타 포장 도로"
         }
      },
      {
         "type": "Feature",
         "geometry": {
            "type": "Polygon",
            "coordinates": [
               [
                  31.411588,
                  30.161173,
                  0.0
               ],
               [
                  31.412019,
                  30.160866,
                  0.0
               ],
               [
                  31.412238,
                  30.16067,
                  0.0
               ],
               [
                  31.4124,
                  30.160527,
                  0.0
               ]
            ]
         },
         "properties": {
            "object_imcoords": "EMPTY",
            "building_imcoords": "EMPTY",
            "road_imcoords": "736.091849, 29.911860, 810.695240, 92.877423, 848.443867, 132.918088, 876.328773, 162.079559, 975.935395, 276.695440, 987.509179, 288.876300, 997.305961, 296.807873, 1024.000000, 316.025299, 1024.000000, 299.118596, 1005.038128, 285.881205, 994.220664, 278.124978, 978.170672, 259.388801, 968.601527, 247.304028, 859.904769, 124.296510, 754.949326, 23.40928",
            "image_id": "BLD00571_PS3_K3A_NIA0277.png",
            "ingest_time": "2023-03-02T15:10:41.602602Z",
            "type_id": "5",
            "type_name": "기타 포장 도로"
         }
      },
      {
         "type": "Feature",
         "geometry": {
            "type": "Polygon",
            "coordinates": [
               [
                  31.411182,
                  30.161055,
                  0.0
               ],
               [
                  31.41163,
                  30.161053,
                  0.0
               ],
               [
                  31.411708,
                  30.161071,
                  0.0
               ],
               [
                  31.411803,
                  30.16101,
                  0.0
               ]
            ]
         },
         "properties": {
            "object_imcoords": "EMPTY",
            "building_imcoords": "EMPTY",
            "road_imcoords": "664.563489, 52.670883, 742.950055, 54.109779, 756.761719, 50.752355, 773.262679, 63.277880, 716.392199, 66.146857, 688.407173, 68.331108, 678.218903, 70.878102, 811.521756, 220.491992, 800.702323, 231.726733, 640.503950, 52.020625, 661.637329, 48.44420",
            "image_id": "BLD00571_PS3_K3A_NIA0277.png",
            "ingest_time": "2023-03-02T15:10:41.602602Z",
            "type_id": "5",
            "type_name": "기타 포장 도로"
         }
      },
      {
         "type": "Feature",
         "geometry": {
            "type": "Polygon",
            "coordinates": [
               [
                  31.409651,
                  30.159708,
                  0.0
               ],
               [
                  31.408976,
                  30.160271,
                  0.0
               ],
               [
                  31.408915,
                  30.16022,
                  0.0
               ],
               [
                  31.409601,
                  30.159663,
                  0.0
               ]
            ]
         },
         "properties": {
            "object_imcoords": "EMPTY",
            "building_imcoords": "EMPTY",
            "road_imcoords": "392.745564, 320.491826, 276.138047, 205.315076, 265.227611, 215.527762, 383.743183, 329.35494",
            "image_id": "BLD00571_PS3_K3A_NIA0277.png",
            "ingest_time": "2023-03-02T15:10:41.602602Z",
            "type_id": "5",
            "type_name": "기타 포장 도로"
         }
      },
      {
         "type": "Feature",
         "geometry": {
            "type": "Polygon",
            "coordinates": [
               [
                  31.409653,
                  30.158732,
                  0.0
               ],
               [
                  31.41025,
                  30.159287,
                  0.0
               ],
               [
                  31.41054,
                  30.15956,
                  0.0
               ],
               [
                  31.410595,
                  30.159515,
                  0.0
               ]
            ]
         },
         "properties": {
            "object_imcoords": "EMPTY",
            "building_imcoords": "EMPTY",
            "road_imcoords": "390.265284, 516.996903, 496.483766, 406.772294, 547.976502, 352.391816, 557.450394, 361.608419, 509.763954, 411.359756, 399.491310, 524.38323",
            "image_id": "BLD00571_PS3_K3A_NIA0277.png",
            "ingest_time": "2023-03-02T15:10:41.602602Z",
            "type_id": "5",
            "type_name": "기타 포장 도로"
         }
      },
      {
         "type": "Feature",
         "geometry": {
            "type": "Polygon",
            "coordinates": [
               [
                  31.410125,
                  30.159996,
                  0.0
               ],
               [
                  31.410506,
                  30.160365,
                  0.0
               ],
               [
                  31.411136,
                  30.160972,
                  0.0
               ],
               [
                  31.411205,
                  30.160908,
                  0.0
               ]
            ]
         },
         "properties": {
            "object_imcoords": "EMPTY",
            "building_imcoords": "EMPTY",
            "road_imcoords": "476.507640, 263.612575, 544.305449, 190.186503, 656.307956, 69.367437, 668.284866, 82.297512, 484.665882, 270.98882",
            "image_id": "BLD00571_PS3_K3A_NIA0277.png",
            "ingest_time": "2023-03-02T15:10:41.602602Z",
            "type_id": "5",
            "type_name": "기타 포장 도로"
         }
      },
      {
         "type": "Feature",
         "geometry": {
            "type": "Polygon",
            "coordinates": [
               [
                  31.410502,
                  30.160931,
                  0.0
               ],
               [
                  31.410785,
                  30.160722,
                  0.0
               ],
               [
                  31.410844,
                  30.160695,
                  0.0
               ],
               [
                  31.410754,
                  30.160603,
                  0.0
               ]
            ]
         },
         "properties": {
            "object_imcoords": "EMPTY",
            "building_imcoords": "EMPTY",
            "road_imcoords": "545.241667, 76.062719, 594.098616, 118.745790, 604.453423, 124.487373, 588.403719, 142.705402, 582.632755, 133.328313, 524.154973, 79.82820",
            "image_id": "BLD00571_PS3_K3A_NIA0277.png",
            "ingest_time": "2023-03-02T15:10:41.602602Z",
            "type_id": "5",
            "type_name": "기타 포장 도로"
         }
      },
      {
         "type": "Feature",
         "geometry": {
            "type": "Polygon",
            "coordinates": [
               [
                  31.410709,
                  30.160456,
                  0.0
               ],
               [
                  31.410715,
                  30.160402,
                  0.0
               ],
               [
                  31.411428,
                  30.15976,
                  0.0
               ],
               [
                  31.411485,
                  30.159732,
                  0.0
               ]
            ]
         },
         "properties": {
            "object_imcoords": "EMPTY",
            "building_imcoords": "EMPTY",
            "road_imcoords": "580.076600, 172.199482, 580.981811, 183.117685, 704.099485, 314.211860, 713.933009, 319.980875, 699.967223, 334.431339, 691.261311, 323.368335, 567.851637, 200.403365, 556.665716, 197.30160",
            "image_id": "BLD00571_PS3_K3A_NIA0277.png",
            "ingest_time": "2023-03-02T15:10:41.602602Z",
            "type_id": "5",
            "type_name": "기타 포장 도로"
         }
      },
      {
         "type": "Feature",
         "geometry": {
            "type": "Polygon",
            "coordinates": [
               [
                  31.410937,
                  30.160666,
                  0.0
               ],
               [
                  31.410961,
                  30.160588,
                  0.0
               ],
               [
                  31.411684,
                  30.159917,
                  0.0
               ],
               [
                  31.411638,
                  30.159871,
                  0.0
               ]
            ]
         },
         "properties": {
            "object_imcoords": "EMPTY",
            "building_imcoords": "EMPTY",
            "road_imcoords": "620.625494, 130.578542, 624.643713, 146.361064, 749.277543, 283.311050, 741.046336, 292.436204, 614.560252, 150.610642, 606.748304, 146.45790",
            "image_id": "BLD00571_PS3_K3A_NIA0277.png",
            "ingest_time": "2023-03-02T15:10:41.602602Z",
            "type_id": "5",
            "type_name": "기타 포장 도로"
         }
      },
      {
         "type": "Feature",
         "geometry": {
            "type": "Polygon",
            "coordinates": [
               [
                  31.411188,
                  30.160375,
                  0.0
               ],
               [
                  31.411491,
                  30.160639,
                  0.0
               ],
               [
                  31.41152,
                  30.160612,
                  0.0
               ],
               [
                  31.411226,
                  30.160355,
                  0.0
               ]
            ]
         },
         "properties": {
            "object_imcoords": "EMPTY",
            "building_imcoords": "EMPTY",
            "road_imcoords": "663.657087, 189.833450, 717.527059, 137.269601, 722.557155, 142.731933, 670.249970, 193.90095",
            "image_id": "BLD00571_PS3_K3A_NIA0277.png",
            "ingest_time": "2023-03-02T15:10:41.602602Z",
            "type_id": "5",
            "type_name": "기타 포장 도로"
         }
      },
      {
         "type": "Feature",
         "geometry": {
            "type": "Polygon",
            "coordinates": [
               [
                  31.411351,
                  30.160522,
                  0.0
               ],
               [
                  31.411118,
                  30.160748,
                  0.0
               ],
               [
                  31.411088,
                  30.160801,
                  0.0
               ],
               [
                  31.411015,
                  30.160733,
                  0.0
               ]
            ]
         },
         "properties": {
            "object_imcoords": "EMPTY",
            "building_imcoords": "EMPTY",
            "road_imcoords": "692.701309, 160.626920, 652.459831, 114.506315, 647.446116, 103.744756, 634.374087, 117.187096, 642.235262, 120.494113, 686.176364, 167.60485",
            "image_id": "BLD00571_PS3_K3A_NIA0277.png",
            "ingest_time": "2023-03-02T15:10:41.602602Z",
            "type_id": "5",
            "type_name": "기타 포장 도로"
         }
      },
      {
         "type": "Feature",
         "geometry": {
            "type": "Polygon",
            "coordinates": [
               [
                  31.411326,
                  30.160242,
                  0.0
               ],
               [
                  31.411634,
                  30.160502,
                  0.0
               ],
               [
                  31.411667,
                  30.160468,
                  0.0
               ],
               [
                  31.411363,
                  30.160212,
                  0.0
               ]
            ]
         },
         "properties": {
            "object_imcoords": "EMPTY",
            "building_imcoords": "EMPTY",
            "road_imcoords": "687.576854, 216.891713, 742.162152, 165.313129, 747.830223, 172.119353, 693.998023, 222.93916",
            "image_id": "BLD00571_PS3_K3A_NIA0277.png",
            "ingest_time": "2023-03-02T15:10:41.602602Z",
            "type_id": "5",
            "type_name": "기타 포장 도로"
         }
      },
      {
         "type": "Feature",
         "geometry": {
            "type": "Polygon",
            "coordinates": [
               [
                  31.411524,
                  30.160343,
                  0.0
               ],
               [
                  31.411842,
                  30.160058,
                  0.0
               ],
               [
                  31.411812,
                  30.160035,
                  0.0
               ],
               [
                  31.411796,
                  30.160018,
                  0.0
               ]
            ]
         },
         "properties": {
            "object_imcoords": "EMPTY",
            "building_imcoords": "EMPTY",
            "road_imcoords": "722.419350, 196.997956, 777.283649, 255.167315, 772.132685, 259.765652, 769.152605, 263.166548, 716.020866, 203.06423",
            "image_id": "BLD00571_PS3_K3A_NIA0277.png",
            "ingest_time": "2023-03-02T15:10:41.602602Z",
            "type_id": "5",
            "type_name": "기타 포장 도로"
         }
      },
      {
         "type": "Feature",
         "geometry": {
            "type": "Polygon",
            "coordinates": [
               [
                  31.4103,
                  30.159847,
                  0.0
               ],
               [
                  31.410753,
                  30.160221,
                  0.0
               ],
               [
                  31.410798,
                  30.160178,
                  0.0
               ],
               [
                  31.410353,
                  30.159796,
                  0.0
               ]
            ]
         },
         "properties": {
            "object_imcoords": "EMPTY",
            "building_imcoords": "EMPTY",
            "road_imcoords": "506.705413, 293.957078, 587.127909, 219.694823, 594.967472, 228.592506, 515.934732, 304.29116",
            "image_id": "BLD00571_PS3_K3A_NIA0277.png",
            "ingest_time": "2023-03-02T15:10:41.602602Z",
            "type_id": "5",
            "type_name": "기타 포장 도로"
         }
      },
      {
         "type": "Feature",
         "geometry": {
            "type": "Polygon",
            "coordinates": [
               [
                  31.410589,
                  30.159588,
                  0.0
               ],
               [
                  31.411026,
                  30.159992,
                  0.0
               ],
               [
                  31.41107,
                  30.159952,
                  0.0
               ],
               [
                  31.410628,
                  30.159552,
                  0.0
               ]
            ]
         },
         "properties": {
            "object_imcoords": "EMPTY",
            "building_imcoords": "EMPTY",
            "road_imcoords": "556.636346, 346.958548, 634.325811, 266.617976, 641.909536, 274.627997, 563.279537, 354.22763",
            "image_id": "BLD00571_PS3_K3A_NIA0277.png",
            "ingest_time": "2023-03-02T15:10:41.602602Z",
            "type_id": "5",
            "type_name": "기타 포장 도로"
         }
      },
      {
         "type": "Feature",
         "geometry": {
            "type": "Polygon",
            "coordinates": [
               [
                  31.411907,
                  30.15893,
                  0.0
               ],
               [
                  31.412094,
                  30.1591,
                  0.0
               ],
               [
                  31.412131,
                  30.159131,
                  0.0
               ],
               [
                  31.412164,
                  30.159138,
                  0.0
               ]
            ]
         },
         "properties": {
            "object_imcoords": "EMPTY",
            "building_imcoords": "EMPTY",
            "road_imcoords": "785.589534, 482.643985, 818.804054, 448.900614, 825.352492, 442.747760, 831.084179, 441.322485, 836.577431, 446.015019, 909.601214, 514.151572, 900.488549, 522.296551, 834.984246, 459.134217, 827.615788, 457.826496, 820.262473, 462.225224, 793.075520, 488.88771",
            "image_id": "BLD00571_PS3_K3A_NIA0277.png",
            "ingest_time": "2023-03-02T15:10:41.602602Z",
            "type_id": "5",
            "type_name": "기타 포장 도로"
         }
      },
      {
         "type": "Feature",
         "geometry": {
            "type": "Polygon",
            "coordinates": [
               [
                  31.409595,
                  30.157635,
                  0.0
               ],
               [
                  31.409995,
                  30.157982,
                  0.0
               ],
               [
                  31.410121,
                  30.158136,
                  0.0
               ],
               [
                  31.411014,
                  30.158855,
                  0.0
               ]
            ]
         },
         "properties": {
            "object_imcoords": "EMPTY",
            "building_imcoords": "EMPTY",
            "road_imcoords": "377.123696, 738.089560, 448.112634, 669.020212, 470.554386, 638.241733, 629.065620, 495.586855, 647.530775, 478.955970, 668.789838, 459.606184, 689.745618, 433.560270, 735.791304, 381.569065, 736.993659, 371.476752, 751.240607, 357.336052, 759.208346, 359.624846, 767.229944, 357.983453, 917.791116, 211.475523, 928.676770, 223.929670, 834.611261, 319.257374, 823.605100, 329.480889, 800.685372, 347.725819, 794.955162, 355.066425, 790.728514, 361.323651, 779.332280, 369.027312, 776.859071, 365.562136, 772.383629, 362.779846, 767.581543, 364.171729, 744.652880, 383.790920, 739.472264, 392.271602, 742.948620, 404.631763, 731.711690, 414.382840, 727.691154, 411.822290, 696.718402, 448.518599, 686.415164, 461.148575, 678.495269, 471.626465, 634.706441, 507.878403, 474.141964, 655.514686, 470.330237, 668.159757, 460.793958, 681.602954, 388.079074, 750.48062",
            "image_id": "BLD00571_PS3_K3A_NIA0277.png",
            "ingest_time": "2023-03-02T15:10:41.602602Z",
            "type_id": "5",
            "type_name": "기타 포장 도로"
         }
      },
      {
         "type": "Feature",
         "geometry": {
            "type": "Polygon",
            "coordinates": [
               [
                  31.413031,
                  30.159668,
                  0.0
               ],
               [
                  31.41326,
                  30.159473,
                  0.0
               ],
               [
                  31.413264,
                  30.159391,
                  0.0
               ],
               [
                  31.412985,
                  30.159626,
                  0.0
               ]
            ]
         },
         "properties": {
            "object_imcoords": "EMPTY",
            "building_imcoords": "EMPTY",
            "road_imcoords": "984.457431, 336.759996, 1024.000000, 376.597035, 1024.441351, 393.044782, 976.263676, 345.02080",
            "image_id": "BLD00571_PS3_K3A_NIA0277.png",
            "ingest_time": "2023-03-02T15:10:41.602602Z",
            "type_id": "5",
            "type_name": "기타 포장 도로"
         }
      },
      {
         "type": "Feature",
         "geometry": {
            "type": "Polygon",
            "coordinates": [
               [
                  31.412634,
                  30.159354,
                  0.0
               ],
               [
                  31.412655,
                  30.159365,
                  0.0
               ],
               [
                  31.412972,
                  30.159118,
                  0.0
               ],
               [
                  31.412922,
                  30.159056,
                  0.0
               ]
            ]
         },
         "properties": {
            "object_imcoords": "EMPTY",
            "building_imcoords": "EMPTY",
            "road_imcoords": "914.087286, 398.990774, 917.756847, 396.927981, 972.659035, 447.378641, 963.701651, 459.753722, 905.902261, 408.02448",
            "image_id": "BLD00571_PS3_K3A_NIA0277.png",
            "ingest_time": "2023-03-02T15:10:41.602602Z",
            "type_id": "5",
            "type_name": "기타 포장 도로"
         }
      },
      {
         "type": "Feature",
         "geometry": {
            "type": "Polygon",
            "coordinates": [
               [
                  31.412835,
                  30.159231,
                  0.0
               ],
               [
                  31.413146,
                  30.159491,
                  0.0
               ],
               [
                  31.413188,
                  30.15945,
                  0.0
               ],
               [
                  31.412878,
                  30.159191,
                  0.0
               ]
            ]
         },
         "properties": {
            "object_imcoords": "EMPTY",
            "building_imcoords": "EMPTY",
            "road_imcoords": "948.917548, 424.379075, 1004.138617, 372.694829, 1011.355412, 380.998249, 956.336763, 432.54021",
            "image_id": "BLD00571_PS3_K3A_NIA0277.png",
            "ingest_time": "2023-03-02T15:10:41.602602Z",
            "type_id": "5",
            "type_name": "기타 포장 도로"
         }
      },
      {
         "type": "Feature",
         "geometry": {
            "type": "Polygon",
            "coordinates": [
               [
                  31.411552,
                  30.159677,
                  0.0
               ],
               [
                  31.411705,
                  30.159546,
                  0.0
               ],
               [
                  31.411619,
                  30.159474,
                  0.0
               ],
               [
                  31.411464,
                  30.1596,
                  0.0
               ]
            ]
         },
         "properties": {
            "object_imcoords": "EMPTY",
            "building_imcoords": "EMPTY",
            "road_imcoords": "725.523400, 331.256971, 751.947197, 358.149575, 736.667476, 372.378536, 709.826298, 346.59079",
            "image_id": "BLD00571_PS3_K3A_NIA0277.png",
            "ingest_time": "2023-03-02T15:10:41.602602Z",
            "type_id": "5",
            "type_name": "기타 포장 도로"
         }
      },
      {
         "type": "Feature",
         "geometry": {
            "type": "Polygon",
            "coordinates": [
               [
                  31.409871,
                  30.158212,
                  0.0
               ],
               [
                  31.410059,
                  30.158054,
                  0.0
               ],
               [
                  31.410008,
                  30.15798,
                  0.0
               ],
               [
                  31.409805,
                  30.158149,
                  0.0
               ]
            ]
         },
         "properties": {
            "object_imcoords": "EMPTY",
            "building_imcoords": "EMPTY",
            "road_imcoords": "427.008488, 622.400711, 459.428234, 654.640704, 450.414943, 669.511798, 415.315564, 634.84867",
            "image_id": "BLD00571_PS3_K3A_NIA0277.png",
            "ingest_time": "2023-03-02T15:10:41.602602Z",
            "type_id": "5",
            "type_name": "기타 포장 도로"
         }
      },
      {
         "type": "Feature",
         "geometry": {
            "type": "Polygon",
            "coordinates": [
               [
                  31.410065,
                  30.157904,
                  0.0
               ],
               [
                  31.410363,
                  30.157662,
                  0.0
               ],
               [
                  31.410294,
                  30.157601,
                  0.0
               ],
               [
                  31.410011,
                  30.157858,
                  0.0
               ]
            ]
         },
         "properties": {
            "object_imcoords": "EMPTY",
            "building_imcoords": "EMPTY",
            "road_imcoords": "460.164426, 684.917630, 511.602016, 734.344675, 499.405732, 746.540959, 450.620596, 694.00122",
            "image_id": "BLD00571_PS3_K3A_NIA0277.png",
            "ingest_time": "2023-03-02T15:10:41.602602Z",
            "type_id": "5",
            "type_name": "기타 포장 도로"
         }
      },
      {
         "type": "Feature",
         "geometry": {
            "type": "Polygon",
            "coordinates": [
               [
                  31.410984,
                  30.158738,
                  0.0
               ],
               [
                  31.411333,
                  30.158455,
                  0.0
               ],
               [
                  31.411372,
                  30.15849,
                  0.0
               ],
               [
                  31.411034,
                  30.158776,
                  0.0
               ]
            ]
         },
         "properties": {
            "object_imcoords": "EMPTY",
            "building_imcoords": "EMPTY",
            "road_imcoords": "623.419592, 519.121041, 683.711871, 577.021046, 690.672514, 570.071555, 632.206765, 511.59538",
            "image_id": "BLD00571_PS3_K3A_NIA0277.png",
            "ingest_time": "2023-03-02T15:10:41.602602Z",
            "type_id": "5",
            "type_name": "기타 포장 도로"
         }
      },
      {
         "type": "Feature",
         "geometry": {
            "type": "Polygon",
            "coordinates": [
               [
                  31.411294,
                  30.158979,
                  0.0
               ],
               [
                  31.411629,
                  30.15871,
                  0.0
               ],
               [
                  31.411568,
                  30.158652,
                  0.0
               ],
               [
                  31.411239,
                  30.158934,
                  0.0
               ]
            ]
         },
         "properties": {
            "object_imcoords": "EMPTY",
            "building_imcoords": "EMPTY",
            "road_imcoords": "678.350729, 471.323113, 736.270404, 526.365939, 725.495316, 537.846882, 668.536223, 480.28538",
            "image_id": "BLD00571_PS3_K3A_NIA0277.png",
            "ingest_time": "2023-03-02T15:10:41.602602Z",
            "type_id": "5",
            "type_name": "기타 포장 도로"
         }
      },
      {
         "type": "Feature",
         "geometry": {
            "type": "Polygon",
            "coordinates": [
               [
                  31.411354,
                  30.15892,
                  0.0
               ],
               [
                  31.411673,
                  30.159191,
                  0.0
               ],
               [
                  31.41172,
                  30.159154,
                  0.0
               ],
               [
                  31.411401,
                  30.15888,
                  0.0
               ]
            ]
         },
         "properties": {
            "object_imcoords": "EMPTY",
            "building_imcoords": "EMPTY",
            "road_imcoords": "688.769088, 483.357990, 745.257140, 429.437577, 753.453424, 437.133861, 696.852242, 491.52549",
            "image_id": "BLD00571_PS3_K3A_NIA0277.png",
            "ingest_time": "2023-03-02T15:10:41.602602Z",
            "type_id": "5",
            "type_name": "기타 포장 도로"
         }
      },
      {
         "type": "Feature",
         "geometry": {
            "type": "Polygon",
            "coordinates": [
               [
                  31.411763,
                  30.157824,
                  0.0
               ],
               [
                  31.413308,
                  30.156442,
                  0.0
               ],
               [
                  31.41331,
                  30.156337,
                  0.0
               ],
               [
                  31.411696,
                  30.157761,
                  0.0
               ]
            ]
         },
         "properties": {
            "object_imcoords": "EMPTY",
            "building_imcoords": "EMPTY",
            "road_imcoords": "757.280308, 705.220136, 1024.000000, 987.407072, 1024.000000, 1008.709398, 745.421441, 717.73782",
            "image_id": "BLD00571_PS3_K3A_NIA0277.png",
            "ingest_time": "2023-03-02T15:10:41.602602Z",
            "type_id": "5",
            "type_name": "기타 포장 도로"
         }
      },
      {
         "type": "Feature",
         "geometry": {
            "type": "Polygon",
            "coordinates": [
               [
                  31.412595,
                  30.157077,
                  0.0
               ],
               [
                  31.413283,
                  30.157656,
                  0.0
               ],
               [
                  31.413285,
                  30.157566,
                  0.0
               ],
               [
                  31.41265,
                  30.15703,
                  0.0
               ]
            ]
         },
         "properties": {
            "object_imcoords": "EMPTY",
            "building_imcoords": "EMPTY",
            "road_imcoords": "900.781639, 857.732593, 1023.000000, 742.850860, 1023.000000, 760.821570, 910.294152, 867.44842",
            "image_id": "BLD00571_PS3_K3A_NIA0277.png",
            "ingest_time": "2023-03-02T15:10:41.602602Z",
            "type_id": "5",
            "type_name": "기타 포장 도로"
         }
      },
      {
         "type": "Feature",
         "geometry": {
            "type": "Polygon",
            "coordinates": [
               [
                  31.412353,
                  30.158356,
                  0.0
               ],
               [
                  31.413226,
                  30.157601,
                  0.0
               ],
               [
                  31.413287,
                  30.157646,
                  0.0
               ],
               [
                  31.4124,
                  30.158398,
                  0.0
               ]
            ]
         },
         "properties": {
            "object_imcoords": "EMPTY",
            "building_imcoords": "EMPTY",
            "road_imcoords": "862.113377, 599.378029, 1012.823042, 753.802972, 1023.620904, 744.889436, 870.373488, 591.17684",
            "image_id": "BLD00571_PS3_K3A_NIA0277.png",
            "ingest_time": "2023-03-02T15:10:41.602602Z",
            "type_id": "5",
            "type_name": "기타 포장 도로"
         }
      },
      {
         "type": "Feature",
         "geometry": {
            "type": "Polygon",
            "coordinates": [
               [
                  31.412211,
                  30.157413,
                  0.0
               ],
               [
                  31.412795,
                  30.157971,
                  0.0
               ],
               [
                  31.412852,
                  30.157925,
                  0.0
               ],
               [
                  31.412262,
                  30.157371,
                  0.0
               ]
            ]
         },
         "properties": {
            "object_imcoords": "EMPTY",
            "building_imcoords": "EMPTY",
            "road_imcoords": "834.541455, 789.031355, 938.357107, 678.100487, 948.316704, 687.537903, 843.420653, 797.79584",
            "image_id": "BLD00571_PS3_K3A_NIA0277.png",
            "ingest_time": "2023-03-02T15:10:41.602602Z",
            "type_id": "5",
            "type_name": "기타 포장 도로"
         }
      },
      {
         "type": "Feature",
         "geometry": {
            "type": "Polygon",
            "coordinates": [
               [
                  31.412354,
                  30.157168,
                  0.0
               ],
               [
                  31.411359,
                  30.156237,
                  0.0
               ],
               [
                  31.411496,
                  30.156239,
                  0.0
               ],
               [
                  31.412427,
                  30.157106,
                  0.0
               ]
            ]
         },
         "properties": {
            "object_imcoords": "EMPTY",
            "building_imcoords": "EMPTY",
            "road_imcoords": "858.882963, 838.862783, 682.082620, 1024.000000, 705.975423, 1023.977245, 871.441139, 851.49442",
            "image_id": "BLD00571_PS3_K3A_NIA0277.png",
            "ingest_time": "2023-03-02T15:10:41.602602Z",
            "type_id": "5",
            "type_name": "기타 포장 도로"
         }
      },
      {
         "type": "Feature",
         "geometry": {
            "type": "Polygon",
            "coordinates": [
               [
                  31.407465,
                  30.15619,
                  0.0
               ],
               [
                  31.413311,
                  30.156261,
                  0.0
               ],
               [
                  31.41323,
                  30.161341,
                  0.0
               ],
               [
                  31.407383,
                  30.161271,
                  0.0
               ]
            ]
         },
         "properties": {
            "object_imcoords": "EMPTY",
            "building_imcoords": "EMPTY",
            "road_imcoords": "502.814755, 938.959081, 507.149365, 945.770611, 515.199355, 938.133441, 510.245515, 930.90909",
            "image_id": "BLD00571_PS3_K3A_NIA0277.png",
            "ingest_time": "2023-03-02T15:10:41.602602Z",
            "type_id": "5",
            "type_name": "기타 포장 도로"
         }
      },
      {
         "type": "Feature",
         "geometry": {
            "type": "Polygon",
            "coordinates": [
               [
                  31.407465,
                  30.15619,
                  0.0
               ],
               [
                  31.413311,
                  30.156261,
                  0.0
               ],
               [
                  31.41323,
                  30.161341,
                  0.0
               ],
               [
                  31.407383,
                  30.161271,
                  0.0
               ]
            ]
         },
         "properties": {
            "object_imcoords": "EMPTY",
            "building_imcoords": "EMPTY",
            "road_imcoords": "517.676275, 924.923201, 521.391655, 930.909091, 528.203185, 925.955251, 524.281395, 917.49244",
            "image_id": "BLD00571_PS3_K3A_NIA0277.png",
            "ingest_time": "2023-03-02T15:10:41.602602Z",
            "type_id": "5",
            "type_name": "기타 포장 도로"
         }
      },
      {
         "type": "Feature",
         "geometry": {
            "type": "Polygon",
            "coordinates": [
               [
                  31.408535,
                  30.157889,
                  0.0
               ],
               [
                  31.408738,
                  30.157702,
                  0.0
               ],
               [
                  31.408697,
                  30.157674,
                  0.0
               ],
               [
                  31.408499,
                  30.157854,
                  0.0
               ]
            ]
         },
         "properties": {
            "object_imcoords": "EMPTY",
            "building_imcoords": "EMPTY",
            "road_imcoords": "192.218710, 684.265751, 227.130228, 722.463059, 219.941023, 728.010396, 185.850953, 691.25010",
            "image_id": "BLD00571_PS3_K3A_NIA0277.png",
            "ingest_time": "2023-03-02T15:10:41.602602Z",
            "type_id": "5",
            "type_name": "기타 포장 도로"
         }
      },
      {
         "type": "Feature",
         "geometry": {
            "type": "Polygon",
            "coordinates": [
               [
                  31.412887,
                  30.158041,
                  0.0
               ],
               [
                  31.412444,
                  30.158428,
                  0.0
               ],
               [
                  31.41248,
                  30.158459,
                  0.0
               ],
               [
                  31.412888,
                  30.158104,
                  0.0
               ]
            ]
         },
         "properties": {
            "object_imcoords": "EMPTY",
            "building_imcoords": "EMPTY",
            "road_imcoords": "954.756720, 664.134922, 878.159098, 585.168317, 884.619223, 578.901995, 955.046136, 651.507046, 1024.000000, 586.649426, 1024.000000, 599.00507",
            "image_id": "BLD00571_PS3_K3A_NIA0277.png",
            "ingest_time": "2023-03-02T15:10:41.602602Z",
            "type_id": "5",
            "type_name": "기타 포장 도로"
         }
      },
      {
         "type": "Feature",
         "geometry": {
            "type": "Polygon",
            "coordinates": [
               [
                  31.412071,
                  30.161178,
                  0.0
               ],
               [
                  31.411915,
                  30.161029,
                  0.0
               ],
               [
                  31.411832,
                  30.161072,
                  0.0
               ],
               [
                  31.411994,
                  30.16122,
                  0.0
               ]
            ]
         },
         "properties": {
            "object_imcoords": "EMPTY",
            "building_imcoords": "EMPTY",
            "road_imcoords": "820.598087, 30.189670, 792.823748, 59.815639, 778.457462, 50.805983, 807.325745, 21.344693, 831.081424, 0.000000, 848.900956, 0.00000",
            "image_id": "BLD00571_PS3_K3A_NIA0277.png",
            "ingest_time": "2023-03-02T15:10:41.602602Z",
            "type_id": "5",
            "type_name": "기타 포장 도로"
         }
      },
      {
         "type": "Feature",
         "geometry": {
            "type": "Polygon",
            "coordinates": [
               [
                  31.407983,
                  30.158671,
                  0.0
               ],
               [
                  31.407841,
                  30.158524,
                  0.0
               ],
               [
                  31.407806,
                  30.158565,
                  0.0
               ],
               [
                  31.407939,
                  30.158703,
                  0.0
               ]
            ]
         },
         "properties": {
            "object_imcoords": "EMPTY",
            "building_imcoords": "EMPTY",
            "road_imcoords": "97.720767, 525.211388, 72.501420, 554.536175, 66.501115, 546.176776, 90.057065, 518.786170, 114.984297, 489.800992, 121.916488, 497.07680",
            "image_id": "BLD00571_PS3_K3A_NIA0277.png",
            "ingest_time": "2023-03-02T15:10:41.602602Z",
            "type_id": "6",
            "type_name": "보도"
         }
      },
      {
         "type": "Feature",
         "geometry": {
            "type": "Polygon",
            "coordinates": [
               [
                  31.413108,
                  30.15668,
                  0.0
               ],
               [
                  31.412711,
                  30.157033,
                  0.0
               ],
               [
                  31.413277,
                  30.157486,
                  0.0
               ],
               [
                  31.413235,
                  30.157524,
                  0.0
               ]
            ]
         },
         "properties": {
            "object_imcoords": "EMPTY",
            "building_imcoords": "EMPTY",
            "road_imcoords": "989.581332, 938.926818, 921.039960, 866.847813, 1021.385381, 777.065113, 1014.100724, 769.240848, 1019.912316, 763.742714, 1024.000000, 768.133190, 1024.000000, 785.460494, 932.519976, 867.311000, 989.877775, 927.629213, 1024.000000, 895.321954, 1024.000000, 906.33888",
            "image_id": "BLD00571_PS3_K3A_NIA0277.png",
            "ingest_time": "2023-03-02T15:10:41.602602Z",
            "type_id": "5",
            "type_name": "기타 포장 도로"
         }
      }
   ]
}