{
   "type": "FeatureCollection",
   "features": [
      {
         "type": "Feature",
         "geometry": {
            "type": "Polygon",
            "coordinates": [
               [
                  31.411993,
                  30.00047,
                  0.0
               ],
               [
                  31.41783,
                  30.00054,
                  0.0
               ],
               [
                  31.417749,
                  30.005621,
                  0.0
               ],
               [
                  31.411912,
                  30.00555,
                  0.0
               ]
            ]
         },
         "properties": {
            "object_imcoords": "EMPTY",
            "building_imcoords": "EMPTY",
            "road_imcoords": "426.760563, 0.000000, 361.971831, 112.323944, 243.661972, 317.957746, 108.098592, 544.718310, 0.000000, 722.535211, 0.000000, 740.845070, 76.760563, 612.676056, 213.028169, 390.492958, 441.901408, 0.00000",
            "image_id": "BLD00148_PS3_K3A_NIA0276.png",
            "ingest_time": "2023-03-02T15:10:41.602602Z",
            "type_id": "5",
            "type_name": "기타 포장 도로"
         }
      },
      {
         "type": "Feature",
         "geometry": {
            "type": "Polygon",
            "coordinates": [
               [
                  31.411993,
                  30.00047,
                  0.0
               ],
               [
                  31.41783,
                  30.00054,
                  0.0
               ],
               [
                  31.417749,
                  30.005621,
                  0.0
               ],
               [
                  31.411912,
                  30.00555,
                  0.0
               ]
            ]
         },
         "properties": {
            "object_imcoords": "EMPTY",
            "building_imcoords": "EMPTY",
            "road_imcoords": "419.014085, 0.000000, 374.295775, 75.352113, 381.265882, 78.100099, 373.449412, 93.238790, 365.845070, 88.028169, 283.450704, 230.281690, 186.891540, 397.779223, 193.379851, 401.762717, 186.725336, 413.986750, 177.844698, 411.843250, 175.352113, 415.140845, 181.690141, 421.478873, 176.056338, 431.338028, 168.989413, 427.276397, 0.000000, 715.140845, 0.000000, 695.527498, 72.890462, 565.008072, 109.821658, 498.067867, 151.877100, 434.787837, 232.083796, 298.223296, 333.398223, 122.671122, 404.783365, 0.00000",
            "image_id": "BLD00148_PS3_K3A_NIA0276.png",
            "ingest_time": "2023-03-02T15:10:41.602602Z",
            "type_id": "5",
            "type_name": "기타 포장 도로"
         }
      },
      {
         "type": "Feature",
         "geometry": {
            "type": "Polygon",
            "coordinates": [
               [
                  31.415911,
                  30.005598,
                  0.0
               ],
               [
                  31.417511,
                  30.004859,
                  0.0
               ],
               [
                  31.417494,
                  30.004811,
                  0.0
               ],
               [
                  31.41745,
                  30.004787,
                  0.0
               ]
            ]
         },
         "properties": {
            "object_imcoords": "EMPTY",
            "building_imcoords": "EMPTY",
            "road_imcoords": "701.526718, 0.000000, 980.067726, 152.951072, 977.011564, 162.439195, 969.270943, 167.192820, 1002.290076, 189.312977, 999.687392, 174.496553, 1013.584154, 166.793893, 1024.000000, 169.847328, 1024.000000, 116.412214, 1010.525136, 135.801453, 998.625835, 135.233570, 771.498973, 22.320467, 734.412095, 0.00000",
            "image_id": "BLD00148_PS3_K3A_NIA0276.png",
            "ingest_time": "2023-03-02T15:10:41.602602Z",
            "type_id": "5",
            "type_name": "기타 포장 도로"
         }
      },
      {
         "type": "Feature",
         "geometry": {
            "type": "Polygon",
            "coordinates": [
               [
                  31.411993,
                  30.00047,
                  0.0
               ],
               [
                  31.41783,
                  30.00054,
                  0.0
               ],
               [
                  31.417749,
                  30.005621,
                  0.0
               ],
               [
                  31.411912,
                  30.00555,
                  0.0
               ]
            ]
         },
         "properties": {
            "object_imcoords": "EMPTY",
            "building_imcoords": "EMPTY",
            "road_imcoords": "684.574811, 0.000000, 970.415981, 167.956179, 1001.883975, 189.264132, 1011.832061, 196.183206, 1024.000000, 192.366412, 1024.000000, 204.961832, 1024.000000, 223.291522, 996.516041, 208.757230, 974.175340, 196.005403, 650.841442, 0.00000",
            "image_id": "BLD00148_PS3_K3A_NIA0276.png",
            "ingest_time": "2023-03-02T15:10:41.602602Z",
            "type_id": "5",
            "type_name": "기타 포장 도로"
         }
      },
      {
         "type": "Feature",
         "geometry": {
            "type": "Polygon",
            "coordinates": [
               [
                  31.411993,
                  30.00047,
                  0.0
               ],
               [
                  31.41783,
                  30.00054,
                  0.0
               ],
               [
                  31.417749,
                  30.005621,
                  0.0
               ],
               [
                  31.411912,
                  30.00555,
                  0.0
               ]
            ]
         },
         "properties": {
            "object_imcoords": "EMPTY",
            "building_imcoords": "EMPTY",
            "road_imcoords": "1024.000000, 250.895863, 993.167453, 268.397224, 979.363510, 284.156401, 929.230769, 363.384615, 741.167134, 678.520430, 724.346319, 704.109876, 691.085587, 762.078313, 652.947070, 825.870147, 626.663371, 868.498639, 602.743016, 908.763788, 595.032761, 928.724132, 590.473632, 949.734851, 586.448527, 968.725576, 586.624923, 988.766676, 590.750961, 1024.000000, 580.586282, 1024.000000, 577.150014, 984.071647, 580.015995, 950.445543, 587.671202, 921.557012, 599.790503, 893.981450, 724.923077, 682.461538, 834.769231, 503.076923, 964.274145, 279.823384, 969.935906, 270.966844, 982.687697, 251.343961, 1010.345126, 216.341905, 1024.000000, 223.254263, 1011.658095, 230.518051, 1005.093252, 241.458151, 1024.000000, 237.42649",
            "image_id": "BLD00148_PS3_K3A_NIA0276.png",
            "ingest_time": "2023-03-02T15:10:41.602602Z",
            "type_id": "5",
            "type_name": "기타 포장 도로"
         }
      },
      {
         "type": "Feature",
         "geometry": {
            "type": "Polygon",
            "coordinates": [
               [
                  31.411993,
                  30.00047,
                  0.0
               ],
               [
                  31.41783,
                  30.00054,
                  0.0
               ],
               [
                  31.417749,
                  30.005621,
                  0.0
               ],
               [
                  31.411912,
                  30.00555,
                  0.0
               ]
            ]
         },
         "properties": {
            "object_imcoords": "EMPTY",
            "building_imcoords": "EMPTY",
            "road_imcoords": "980.399643, 199.990861, 962.497960, 247.906123, 963.873440, 240.252895, 963.935951, 231.811886, 966.424317, 213.616900, 963.398215, 198.835633, 958.965833, 186.535450, 942.925295, 177.347256, 952.938154, 199.357348, 956.020493, 221.377212, 956.905178, 242.497002, 952.537989, 263.616793, 939.076923, 288.000000, 758.461538, 587.384615, 648.622682, 772.337632, 578.620827, 890.410664, 562.462186, 925.915629, 557.857669, 949.341283, 557.690382, 992.002099, 561.240271, 1024.000000, 568.931075, 1024.000000, 567.692308, 986.153846, 567.880700, 954.448431, 571.913802, 933.606442, 581.723966, 904.886642, 687.946904, 728.029103, 695.076923, 732.000000, 702.273146, 720.368786, 695.856707, 717.095473, 703.249320, 704.615385, 708.923077, 709.538462, 716.968176, 695.400611, 710.416440, 690.453541, 951.384615, 286.461538, 991.445709, 206.04765",
            "image_id": "BLD00148_PS3_K3A_NIA0276.png",
            "ingest_time": "2023-03-02T15:10:41.602602Z",
            "type_id": "5",
            "type_name": "기타 포장 도로"
         }
      },
      {
         "type": "Feature",
         "geometry": {
            "type": "Polygon",
            "coordinates": [
               [
                  31.411993,
                  30.00047,
                  0.0
               ],
               [
                  31.41783,
                  30.00054,
                  0.0
               ],
               [
                  31.417749,
                  30.005621,
                  0.0
               ],
               [
                  31.411912,
                  30.00555,
                  0.0
               ]
            ]
         },
         "properties": {
            "object_imcoords": "EMPTY",
            "building_imcoords": "EMPTY",
            "road_imcoords": "881.621160, 77.214052, 909.830044, 81.354071, 933.837429, 82.605559, 970.510397, 79.013876, 1006.805293, 69.562080, 1024.000000, 60.110284, 1024.000000, 81.410303, 1008.864123, 87.458007, 978.956106, 93.549076, 952.495447, 97.185816, 929.976027, 100.60746",
            "image_id": "BLD00148_PS3_K3A_NIA0276.png",
            "ingest_time": "2023-03-02T15:10:41.602602Z",
            "type_id": "5",
            "type_name": "기타 포장 도로"
         }
      },
      {
         "type": "Feature",
         "geometry": {
            "type": "Polygon",
            "coordinates": [
               [
                  31.411993,
                  30.00047,
                  0.0
               ],
               [
                  31.41783,
                  30.00054,
                  0.0
               ],
               [
                  31.417749,
                  30.005621,
                  0.0
               ],
               [
                  31.411912,
                  30.00555,
                  0.0
               ]
            ]
         },
         "properties": {
            "object_imcoords": "EMPTY",
            "building_imcoords": "EMPTY",
            "road_imcoords": "719.801815, 711.487108, 1024.000000, 893.043980, 1024.000000, 902.080458, 714.985414, 720.30518",
            "image_id": "BLD00148_PS3_K3A_NIA0276.png",
            "ingest_time": "2023-03-02T15:10:41.602602Z",
            "type_id": "5",
            "type_name": "기타 포장 도로"
         }
      },
      {
         "type": "Feature",
         "geometry": {
            "type": "Polygon",
            "coordinates": [
               [
                  31.411993,
                  30.00047,
                  0.0
               ],
               [
                  31.41783,
                  30.00054,
                  0.0
               ],
               [
                  31.417749,
                  30.005621,
                  0.0
               ],
               [
                  31.411912,
                  30.00555,
                  0.0
               ]
            ]
         },
         "properties": {
            "object_imcoords": "EMPTY",
            "building_imcoords": "EMPTY",
            "road_imcoords": "712.700097, 725.246853, 1024.000000, 909.572649, 1024.000000, 920.971302, 739.710460, 752.847861, 721.592248, 751.063235, 684.454677, 773.73218",
            "image_id": "BLD00148_PS3_K3A_NIA0276.png",
            "ingest_time": "2023-03-02T15:10:41.602602Z",
            "type_id": "5",
            "type_name": "기타 포장 도로"
         }
      },
      {
         "type": "Feature",
         "geometry": {
            "type": "Polygon",
            "coordinates": [
               [
                  31.411993,
                  30.00047,
                  0.0
               ],
               [
                  31.41783,
                  30.00054,
                  0.0
               ],
               [
                  31.417749,
                  30.005621,
                  0.0
               ],
               [
                  31.411912,
                  30.00555,
                  0.0
               ]
            ]
         },
         "properties": {
            "object_imcoords": "EMPTY",
            "building_imcoords": "EMPTY",
            "road_imcoords": "196.039360, 417.989772, 690.528780, 702.535006, 704.444008, 679.185705, 691.723066, 682.781966, 677.426561, 684.277477, 226.211678, 421.968108, 219.135740, 380.97042",
            "image_id": "BLD00148_PS3_K3A_NIA0276.png",
            "ingest_time": "2023-03-02T15:10:41.602602Z",
            "type_id": "5",
            "type_name": "기타 포장 도로"
         }
      },
      {
         "type": "Feature",
         "geometry": {
            "type": "Polygon",
            "coordinates": [
               [
                  31.411993,
                  30.00047,
                  0.0
               ],
               [
                  31.41783,
                  30.00054,
                  0.0
               ],
               [
                  31.417749,
                  30.005621,
                  0.0
               ],
               [
                  31.411912,
                  30.00555,
                  0.0
               ]
            ]
         },
         "properties": {
            "object_imcoords": "EMPTY",
            "building_imcoords": "EMPTY",
            "road_imcoords": "190.996358, 425.386098, 207.294833, 434.954407, 212.147658, 427.451433, 224.067569, 434.896902, 219.318182, 441.619318, 684.464093, 711.751001, 678.678005, 721.401252, 449.824561, 587.017544, 201.143700, 445.731113, 174.225309, 453.58934",
            "image_id": "BLD00148_PS3_K3A_NIA0276.png",
            "ingest_time": "2023-03-02T15:10:41.602602Z",
            "type_id": "5",
            "type_name": "기타 포장 도로"
         }
      },
      {
         "type": "Feature",
         "geometry": {
            "type": "Polygon",
            "coordinates": [
               [
                  31.411993,
                  30.00047,
                  0.0
               ],
               [
                  31.41783,
                  30.00054,
                  0.0
               ],
               [
                  31.417749,
                  30.005621,
                  0.0
               ],
               [
                  31.411912,
                  30.00555,
                  0.0
               ]
            ]
         },
         "properties": {
            "object_imcoords": "EMPTY",
            "building_imcoords": "EMPTY",
            "road_imcoords": "562.056456, 616.422845, 602.525992, 621.879086, 642.019482, 621.967069, 660.251668, 619.902663, 679.703912, 616.618199, 707.383861, 605.657060, 730.855915, 594.654787, 749.447734, 579.748326, 787.394958, 539.775910, 768.347339, 570.868347, 750.812157, 600.617230, 730.456786, 608.345959, 714.005602, 616.806723, 676.002621, 629.520066, 627.858112, 631.472159, 593.826569, 635.44945",
            "image_id": "BLD00148_PS3_K3A_NIA0276.png",
            "ingest_time": "2023-03-02T15:10:41.602602Z",
            "type_id": "5",
            "type_name": "기타 포장 도로"
         }
      },
      {
         "type": "Feature",
         "geometry": {
            "type": "Polygon",
            "coordinates": [
               [
                  31.411993,
                  30.00047,
                  0.0
               ],
               [
                  31.41783,
                  30.00054,
                  0.0
               ],
               [
                  31.417749,
                  30.005621,
                  0.0
               ],
               [
                  31.411912,
                  30.00555,
                  0.0
               ]
            ]
         },
         "properties": {
            "object_imcoords": "EMPTY",
            "building_imcoords": "EMPTY",
            "road_imcoords": "745.870657, 704.805621, 753.459827, 731.323391, 768.235692, 740.776865, 759.784171, 719.790968, 755.334749, 698.805070, 753.555182, 674.096575, 757.003548, 651.289147, 745.123604, 671.559667, 743.477247, 695.07401",
            "image_id": "BLD00148_PS3_K3A_NIA0276.png",
            "ingest_time": "2023-03-02T15:10:41.602602Z",
            "type_id": "5",
            "type_name": "기타 포장 도로"
         }
      },
      {
         "type": "Feature",
         "geometry": {
            "type": "Polygon",
            "coordinates": [
               [
                  31.411993,
                  30.00047,
                  0.0
               ],
               [
                  31.41783,
                  30.00054,
                  0.0
               ],
               [
                  31.417749,
                  30.005621,
                  0.0
               ],
               [
                  31.411912,
                  30.00555,
                  0.0
               ]
            ]
         },
         "properties": {
            "object_imcoords": "EMPTY",
            "building_imcoords": "EMPTY",
            "road_imcoords": "761.008249, 643.235585, 777.904054, 633.726378, 794.228131, 628.790998, 821.900509, 633.081982, 1024.000000, 755.193430, 1024.000000, 741.147562, 819.887955, 618.487395, 800.840336, 614.845938, 780.675390, 613.34936",
            "image_id": "BLD00148_PS3_K3A_NIA0276.png",
            "ingest_time": "2023-03-02T15:10:41.602602Z",
            "type_id": "5",
            "type_name": "기타 포장 도로"
         }
      },
      {
         "type": "Feature",
         "geometry": {
            "type": "Polygon",
            "coordinates": [
               [
                  31.411993,
                  30.00047,
                  0.0
               ],
               [
                  31.41783,
                  30.00054,
                  0.0
               ],
               [
                  31.417749,
                  30.005621,
                  0.0
               ],
               [
                  31.411912,
                  30.00555,
                  0.0
               ]
            ]
         },
         "properties": {
            "object_imcoords": "EMPTY",
            "building_imcoords": "EMPTY",
            "road_imcoords": "804.161085, 573.031136, 809.565684, 594.562271, 817.735119, 606.396395, 828.859286, 616.753154, 893.484434, 654.538138, 890.421724, 661.916327, 904.619912, 670.242936, 910.011101, 663.455060, 916.587902, 668.986265, 912.207218, 675.174973, 927.450980, 684.248538, 933.548258, 678.799908, 1024.000000, 733.763183, 1024.000000, 723.573856, 837.992199, 612.015516, 828.410090, 600.665116, 819.883241, 588.048404, 818.460331, 568.489147, 834.640632, 522.29403",
            "image_id": "BLD00148_PS3_K3A_NIA0276.png",
            "ingest_time": "2023-03-02T15:10:41.602602Z",
            "type_id": "5",
            "type_name": "기타 포장 도로"
         }
      },
      {
         "type": "Feature",
         "geometry": {
            "type": "Polygon",
            "coordinates": [
               [
                  31.411993,
                  30.00047,
                  0.0
               ],
               [
                  31.41783,
                  30.00054,
                  0.0
               ],
               [
                  31.417749,
                  30.005621,
                  0.0
               ],
               [
                  31.411912,
                  30.00555,
                  0.0
               ]
            ]
         },
         "properties": {
            "object_imcoords": "EMPTY",
            "building_imcoords": "EMPTY",
            "road_imcoords": "928.281565, 626.754116, 1024.000000, 457.915996, 1024.000000, 480.981128, 918.208649, 659.607861, 880.617624, 638.058909, 898.338858, 637.976250, 913.949571, 633.25044",
            "image_id": "BLD00148_PS3_K3A_NIA0276.png",
            "ingest_time": "2023-03-02T15:10:41.602602Z",
            "type_id": "5",
            "type_name": "기타 포장 도로"
         }
      },
      {
         "type": "Feature",
         "geometry": {
            "type": "Polygon",
            "coordinates": [
               [
                  31.411993,
                  30.00047,
                  0.0
               ],
               [
                  31.41783,
                  30.00054,
                  0.0
               ],
               [
                  31.417749,
                  30.005621,
                  0.0
               ],
               [
                  31.411912,
                  30.00555,
                  0.0
               ]
            ]
         },
         "properties": {
            "object_imcoords": "EMPTY",
            "building_imcoords": "EMPTY",
            "road_imcoords": "923.629178, 663.556352, 1024.000000, 487.262405, 1024.000000, 505.737952, 950.286433, 634.096044, 948.695810, 656.774073, 956.179317, 682.84223",
            "image_id": "BLD00148_PS3_K3A_NIA0276.png",
            "ingest_time": "2023-03-02T15:10:41.602602Z",
            "type_id": "5",
            "type_name": "기타 포장 도로"
         }
      },
      {
         "type": "Feature",
         "geometry": {
            "type": "Polygon",
            "coordinates": [
               [
                  31.411993,
                  30.00047,
                  0.0
               ],
               [
                  31.41783,
                  30.00054,
                  0.0
               ],
               [
                  31.417749,
                  30.005621,
                  0.0
               ],
               [
                  31.411912,
                  30.00555,
                  0.0
               ]
            ]
         },
         "properties": {
            "object_imcoords": "EMPTY",
            "building_imcoords": "EMPTY",
            "road_imcoords": "919.190222, 857.630545, 924.296779, 876.785145, 926.963219, 898.379862, 856.393441, 1024.000000, 868.672242, 1024.000000, 950.344659, 877.926422, 939.459698, 871.25676",
            "image_id": "BLD00148_PS3_K3A_NIA0276.png",
            "ingest_time": "2023-03-02T15:10:41.602602Z",
            "type_id": "5",
            "type_name": "기타 포장 도로"
         }
      },
      {
         "type": "Feature",
         "geometry": {
            "type": "Polygon",
            "coordinates": [
               [
                  31.411993,
                  30.00047,
                  0.0
               ],
               [
                  31.41783,
                  30.00054,
                  0.0
               ],
               [
                  31.417749,
                  30.005621,
                  0.0
               ],
               [
                  31.411912,
                  30.00555,
                  0.0
               ]
            ]
         },
         "properties": {
            "object_imcoords": "EMPTY",
            "building_imcoords": "EMPTY",
            "road_imcoords": "974.717715, 891.957642, 956.519798, 880.033512, 875.350140, 1024.000000, 889.355742, 1024.000000, 891.036415, 1021.288515, 901.680672, 1024.000000, 914.845938, 1024.000000, 896.638655, 1013.445378, 901.217998, 1006.397564, 919.607843, 1015.406162, 933.053221, 1024.000000, 948.739496, 1024.000000, 924.649860, 1010.364146, 914.565826, 994.397759, 917.366947, 971.708683, 956.582633, 909.523810, 989.802158, 901.44932",
            "image_id": "BLD00148_PS3_K3A_NIA0276.png",
            "ingest_time": "2023-03-02T15:10:41.602602Z",
            "type_id": "5",
            "type_name": "기타 포장 도로"
         }
      },
      {
         "type": "Feature",
         "geometry": {
            "type": "Polygon",
            "coordinates": [
               [
                  31.411993,
                  30.00047,
                  0.0
               ],
               [
                  31.41783,
                  30.00054,
                  0.0
               ],
               [
                  31.417749,
                  30.005621,
                  0.0
               ],
               [
                  31.411912,
                  30.00555,
                  0.0
               ]
            ]
         },
         "properties": {
            "object_imcoords": "EMPTY",
            "building_imcoords": "EMPTY",
            "road_imcoords": "849.761671, 816.743213, 831.643970, 824.206628, 815.966387, 835.574230, 744.917538, 967.469565, 742.028251, 981.328158, 743.531175, 997.138844, 752.754893, 1024.000000, 770.504221, 1024.000000, 759.119637, 998.142246, 757.135027, 981.153706, 759.298616, 962.457085, 821.522499, 845.704392, 840.281984, 831.729207, 860.017516, 823.61030",
            "image_id": "BLD00148_PS3_K3A_NIA0276.png",
            "ingest_time": "2023-03-02T15:10:41.602602Z",
            "type_id": "5",
            "type_name": "기타 포장 도로"
         }
      },
      {
         "type": "Feature",
         "geometry": {
            "type": "Polygon",
            "coordinates": [
               [
                  31.411993,
                  30.00047,
                  0.0
               ],
               [
                  31.41783,
                  30.00054,
                  0.0
               ],
               [
                  31.417749,
                  30.005621,
                  0.0
               ],
               [
                  31.411912,
                  30.00555,
                  0.0
               ]
            ]
         },
         "properties": {
            "object_imcoords": "EMPTY",
            "building_imcoords": "EMPTY",
            "road_imcoords": "792.502008, 783.912308, 799.572572, 804.413118, 798.346737, 826.622010, 725.355148, 957.152160, 722.222811, 977.769744, 725.434779, 1000.827446, 734.628578, 1024.000000, 749.815153, 1024.000000, 736.414566, 996.358543, 734.010549, 978.679730, 738.926884, 960.512892, 807.034918, 833.769114, 812.317969, 815.605050, 811.744739, 795.00086",
            "image_id": "BLD00148_PS3_K3A_NIA0276.png",
            "ingest_time": "2023-03-02T15:10:41.602602Z",
            "type_id": "5",
            "type_name": "기타 포장 도로"
         }
      },
      {
         "type": "Feature",
         "geometry": {
            "type": "Polygon",
            "coordinates": [
               [
                  31.411993,
                  30.00047,
                  0.0
               ],
               [
                  31.41783,
                  30.00054,
                  0.0
               ],
               [
                  31.417749,
                  30.005621,
                  0.0
               ],
               [
                  31.411912,
                  30.00555,
                  0.0
               ]
            ]
         },
         "properties": {
            "object_imcoords": "EMPTY",
            "building_imcoords": "EMPTY",
            "road_imcoords": "632.773109, 693.837535, 641.348950, 706.112660, 645.044558, 718.387785, 647.213253, 734.910050, 649.625961, 751.920339, 648.590348, 771.986152, 659.805785, 753.877937, 659.849020, 738.711040, 657.752537, 723.355412, 653.203026, 707.274912, 648.098380, 703.15343",
            "image_id": "BLD00148_PS3_K3A_NIA0276.png",
            "ingest_time": "2023-03-02T15:10:41.602602Z",
            "type_id": "5",
            "type_name": "기타 포장 도로"
         }
      },
      {
         "type": "Feature",
         "geometry": {
            "type": "Polygon",
            "coordinates": [
               [
                  31.411993,
                  30.00047,
                  0.0
               ],
               [
                  31.41783,
                  30.00054,
                  0.0
               ],
               [
                  31.417749,
                  30.005621,
                  0.0
               ],
               [
                  31.411912,
                  30.00555,
                  0.0
               ]
            ]
         },
         "properties": {
            "object_imcoords": "EMPTY",
            "building_imcoords": "EMPTY",
            "road_imcoords": "592.003771, 670.732637, 568.067227, 671.988796, 545.938375, 694.117647, 464.887468, 832.556040, 446.961374, 871.428571, 429.764862, 911.419875, 422.984645, 942.296919, 419.477129, 969.152258, 421.611774, 994.705560, 424.476000, 1024.000000, 409.897262, 1024.000000, 408.341953, 959.824695, 413.572439, 932.342561, 421.189992, 907.464502, 430.631466, 879.854609, 442.677014, 852.895734, 456.953667, 827.403009, 473.400381, 802.344297, 543.977591, 677.310924, 558.263305, 667.507003, 578.151261, 664.14565",
            "image_id": "BLD00148_PS3_K3A_NIA0276.png",
            "ingest_time": "2023-03-02T15:10:41.602602Z",
            "type_id": "5",
            "type_name": "기타 포장 도로"
         }
      },
      {
         "type": "Feature",
         "geometry": {
            "type": "Polygon",
            "coordinates": [
               [
                  31.411993,
                  30.00047,
                  0.0
               ],
               [
                  31.41783,
                  30.00054,
                  0.0
               ],
               [
                  31.417749,
                  30.005621,
                  0.0
               ],
               [
                  31.411912,
                  30.00555,
                  0.0
               ]
            ]
         },
         "properties": {
            "object_imcoords": "EMPTY",
            "building_imcoords": "EMPTY",
            "road_imcoords": "538.375350, 639.215686, 540.616246, 662.184874, 520.566662, 699.530570, 494.473096, 744.600921, 502.205479, 751.106604, 496.883350, 759.376025, 489.375702, 754.369425, 479.733410, 769.061463, 488.661578, 773.866514, 481.749571, 787.422646, 471.799478, 782.771496, 449.777254, 825.285886, 430.729447, 860.962271, 414.285714, 896.638655, 404.481793, 938.935574, 396.918768, 982.633053, 392.436975, 1004.201681, 381.232493, 1024.000000, 369.467787, 1024.000000, 383.473389, 996.358543, 398.599440, 929.131653, 400.840336, 906.442577, 419.047619, 859.663866, 498.599440, 714.845938, 528.291317, 664.705882, 524.929972, 645.658263, 517.647059, 626.61064",
            "image_id": "BLD00148_PS3_K3A_NIA0276.png",
            "ingest_time": "2023-03-02T15:10:41.602602Z",
            "type_id": "5",
            "type_name": "기타 포장 도로"
         }
      },
      {
         "type": "Feature",
         "geometry": {
            "type": "Polygon",
            "coordinates": [
               [
                  31.411993,
                  30.00047,
                  0.0
               ],
               [
                  31.41783,
                  30.00054,
                  0.0
               ],
               [
                  31.417749,
                  30.005621,
                  0.0
               ],
               [
                  31.411912,
                  30.00555,
                  0.0
               ]
            ]
         },
         "properties": {
            "object_imcoords": "EMPTY",
            "building_imcoords": "EMPTY",
            "road_imcoords": "68.067227, 626.610644, 68.339616, 648.479804, 73.201227, 665.393461, 82.705986, 680.407648, 220.888863, 760.727852, 364.770149, 842.947527, 377.715539, 847.663207, 388.550407, 850.690469, 403.297089, 851.144625, 415.089039, 847.799842, 433.053255, 834.609247, 413.818842, 870.992915, 399.064347, 868.833663, 380.510913, 865.197047, 203.983814, 764.083440, 174.138257, 745.047503, 142.182177, 726.011566, 82.913165, 691.316527, 67.226891, 676.190476, 59.103641, 655.742297, 57.983193, 643.41736",
            "image_id": "BLD00148_PS3_K3A_NIA0276.png",
            "ingest_time": "2023-03-02T15:10:41.602602Z",
            "type_id": "5",
            "type_name": "기타 포장 도로"
         }
      },
      {
         "type": "Feature",
         "geometry": {
            "type": "Polygon",
            "coordinates": [
               [
                  31.411993,
                  30.00047,
                  0.0
               ],
               [
                  31.41783,
                  30.00054,
                  0.0
               ],
               [
                  31.417749,
                  30.005621,
                  0.0
               ],
               [
                  31.411912,
                  30.00555,
                  0.0
               ]
            ]
         },
         "properties": {
            "object_imcoords": "EMPTY",
            "building_imcoords": "EMPTY",
            "road_imcoords": "32.347132, 686.485562, 38.686511, 675.412200, 127.385793, 730.037176, 129.845487, 719.481342, 141.257149, 725.774181, 140.270947, 736.548813, 171.428571, 752.941176, 180.430997, 748.634525, 194.864620, 757.681757, 180.392157, 759.943978, 269.747899, 810.084034, 351.605803, 856.103087, 355.032335, 850.424041, 366.877719, 856.452259, 363.865546, 862.745098, 394.677871, 885.154062, 403.641457, 898.599440, 400.276239, 912.206174, 385.368987, 893.645846, 369.454233, 880.530277, 327.791109, 854.329470, 122.986089, 741.568966, 54.901961, 697.198880, 35.854342, 700.840336, 19.887955, 706.44257",
            "image_id": "BLD00148_PS3_K3A_NIA0276.png",
            "ingest_time": "2023-03-02T15:10:41.602602Z",
            "type_id": "5",
            "type_name": "기타 포장 도로"
         }
      },
      {
         "type": "Feature",
         "geometry": {
            "type": "Polygon",
            "coordinates": [
               [
                  31.411993,
                  30.00047,
                  0.0
               ],
               [
                  31.41783,
                  30.00054,
                  0.0
               ],
               [
                  31.417749,
                  30.005621,
                  0.0
               ],
               [
                  31.411912,
                  30.00555,
                  0.0
               ]
            ]
         },
         "properties": {
            "object_imcoords": "EMPTY",
            "building_imcoords": "EMPTY",
            "road_imcoords": "318.203410, 849.856071, 261.064426, 950.420168, 266.946779, 954.341737, 327.251546, 853.99643",
            "image_id": "BLD00148_PS3_K3A_NIA0276.png",
            "ingest_time": "2023-03-02T15:10:41.602602Z",
            "type_id": "5",
            "type_name": "기타 포장 도로"
         }
      },
      {
         "type": "Feature",
         "geometry": {
            "type": "Polygon",
            "coordinates": [
               [
                  31.411993,
                  30.00047,
                  0.0
               ],
               [
                  31.41783,
                  30.00054,
                  0.0
               ],
               [
                  31.417749,
                  30.005621,
                  0.0
               ],
               [
                  31.411912,
                  30.00555,
                  0.0
               ]
            ]
         },
         "properties": {
            "object_imcoords": "EMPTY",
            "building_imcoords": "EMPTY",
            "road_imcoords": "152.548482, 757.648079, 140.263202, 779.551821, 69.901510, 900.283985, 42.857143, 950.420168, 36.479753, 972.339904, 34.323407, 993.626483, 34.733894, 1024.000000, 48.405815, 1024.000000, 45.982583, 1002.195379, 47.780395, 981.657071, 50.701384, 963.424317, 57.421312, 946.035771, 75.926422, 912.947097, 212.939275, 990.768256, 222.969188, 974.789916, 86.274510, 894.957983, 148.179272, 782.352941, 171.351766, 768.06335",
            "image_id": "BLD00148_PS3_K3A_NIA0276.png",
            "ingest_time": "2023-03-02T15:10:41.602602Z",
            "type_id": "5",
            "type_name": "기타 포장 도로"
         }
      },
      {
         "type": "Feature",
         "geometry": {
            "type": "Polygon",
            "coordinates": [
               [
                  31.411993,
                  30.00047,
                  0.0
               ],
               [
                  31.41783,
                  30.00054,
                  0.0
               ],
               [
                  31.417749,
                  30.005621,
                  0.0
               ],
               [
                  31.411912,
                  30.00555,
                  0.0
               ]
            ]
         },
         "properties": {
            "object_imcoords": "EMPTY",
            "building_imcoords": "EMPTY",
            "road_imcoords": "122.969188, 741.736695, 122.842686, 761.279351, 116.806723, 778.711485, 36.134454, 921.288515, 19.887955, 960.504202, 15.464726, 976.571691, 13.996228, 994.327598, 17.647059, 1024.000000, 29.411765, 1024.000000, 24.929972, 1003.081232, 25.882332, 981.202847, 32.322050, 961.012879, 39.296364, 962.399799, 43.701352, 948.938930, 41.522121, 940.438429, 45.674456, 930.038458, 111.350347, 813.936542, 130.085110, 781.333021, 144.176724, 753.583700, 134.453782, 747.61904",
            "image_id": "BLD00148_PS3_K3A_NIA0276.png",
            "ingest_time": "2023-03-02T15:10:41.602602Z",
            "type_id": "5",
            "type_name": "기타 포장 도로"
         }
      },
      {
         "type": "Feature",
         "geometry": {
            "type": "Polygon",
            "coordinates": [
               [
                  31.411993,
                  30.00047,
                  0.0
               ],
               [
                  31.41783,
                  30.00054,
                  0.0
               ],
               [
                  31.417749,
                  30.005621,
                  0.0
               ],
               [
                  31.411912,
                  30.00555,
                  0.0
               ]
            ]
         },
         "properties": {
            "object_imcoords": "EMPTY",
            "building_imcoords": "EMPTY",
            "road_imcoords": "456.806528, 792.054336, 448.739496, 758.543417, 391.036415, 722.128852, 146.778711, 582.633053, 122.408964, 575.070028, 96.350798, 578.849604, 107.843137, 563.025210, 135.854342, 567.507003, 165.826331, 585.434174, 448.459384, 744.257703, 476.559322, 755.30461",
            "image_id": "BLD00148_PS3_K3A_NIA0276.png",
            "ingest_time": "2023-03-02T15:10:41.602602Z",
            "type_id": "5",
            "type_name": "기타 포장 도로"
         }
      },
      {
         "type": "Feature",
         "geometry": {
            "type": "Polygon",
            "coordinates": [
               [
                  31.411993,
                  30.00047,
                  0.0
               ],
               [
                  31.41783,
                  30.00054,
                  0.0
               ],
               [
                  31.417749,
                  30.005621,
                  0.0
               ],
               [
                  31.411912,
                  30.00555,
                  0.0
               ]
            ]
         },
         "properties": {
            "object_imcoords": "EMPTY",
            "building_imcoords": "EMPTY",
            "road_imcoords": "129.131653, 525.210084, 132.212885, 547.338936, 142.642064, 564.940981, 449.048403, 737.056071, 479.799416, 750.667768, 497.473897, 716.934251, 459.976494, 725.912859, 426.890756, 713.725490, 150.980392, 553.221289, 140.896359, 539.495798, 139.215686, 511.48459",
            "image_id": "BLD00148_PS3_K3A_NIA0276.png",
            "ingest_time": "2023-03-02T15:10:41.602602Z",
            "type_id": "5",
            "type_name": "기타 포장 도로"
         }
      },
      {
         "type": "Feature",
         "geometry": {
            "type": "Polygon",
            "coordinates": [
               [
                  31.411993,
                  30.00047,
                  0.0
               ],
               [
                  31.41783,
                  30.00054,
                  0.0
               ],
               [
                  31.417749,
                  30.005621,
                  0.0
               ],
               [
                  31.411912,
                  30.00555,
                  0.0
               ]
            ]
         },
         "properties": {
            "object_imcoords": "EMPTY",
            "building_imcoords": "EMPTY",
            "road_imcoords": "0.000000, 499.232978, 56.459384, 531.019781, 65.433192, 549.144329, 72.698918, 564.584749, 86.242404, 540.471901, 0.000000, 485.09316",
            "image_id": "BLD00148_PS3_K3A_NIA0276.png",
            "ingest_time": "2023-03-02T15:10:41.602602Z",
            "type_id": "5",
            "type_name": "기타 포장 도로"
         }
      },
      {
         "type": "Feature",
         "geometry": {
            "type": "Polygon",
            "coordinates": [
               [
                  31.411993,
                  30.00047,
                  0.0
               ],
               [
                  31.41783,
                  30.00054,
                  0.0
               ],
               [
                  31.417749,
                  30.005621,
                  0.0
               ],
               [
                  31.411912,
                  30.00555,
                  0.0
               ]
            ]
         },
         "properties": {
            "object_imcoords": "EMPTY",
            "building_imcoords": "EMPTY",
            "road_imcoords": "0.000000, 480.956082, 19.893389, 488.811090, 91.957609, 530.679946, 110.434382, 497.732631, 92.354434, 505.568887, 78.910708, 504.864733, 6.358418, 465.116882, 0.000000, 451.74525",
            "image_id": "BLD00148_PS3_K3A_NIA0276.png",
            "ingest_time": "2023-03-02T15:10:41.602602Z",
            "type_id": "5",
            "type_name": "기타 포장 도로"
         }
      },
      {
         "type": "Feature",
         "geometry": {
            "type": "Polygon",
            "coordinates": [
               [
                  31.411993,
                  30.00047,
                  0.0
               ],
               [
                  31.41783,
                  30.00054,
                  0.0
               ],
               [
                  31.417749,
                  30.005621,
                  0.0
               ],
               [
                  31.411912,
                  30.00555,
                  0.0
               ]
            ]
         },
         "properties": {
            "object_imcoords": "EMPTY",
            "building_imcoords": "EMPTY",
            "road_imcoords": "496.283784, 93.581081, 500.441270, 109.131227, 501.182592, 123.705327, 494.562489, 146.532678, 477.693894, 174.728287, 448.836939, 224.287176, 389.621331, 331.888368, 326.013514, 438.513514, 310.737630, 450.397262, 287.839563, 458.492463, 314.621007, 473.978725, 336.148649, 442.567568, 479.842449, 191.704240, 506.513542, 145.569685, 513.175676, 124.324324, 509.459459, 102.02702",
            "image_id": "BLD00148_PS3_K3A_NIA0276.png",
            "ingest_time": "2023-03-02T15:10:41.602602Z",
            "type_id": "5",
            "type_name": "기타 포장 도로"
         }
      },
      {
         "type": "Feature",
         "geometry": {
            "type": "Polygon",
            "coordinates": [
               [
                  31.411993,
                  30.00047,
                  0.0
               ],
               [
                  31.41783,
                  30.00054,
                  0.0
               ],
               [
                  31.417749,
                  30.005621,
                  0.0
               ],
               [
                  31.411912,
                  30.00555,
                  0.0
               ]
            ]
         },
         "properties": {
            "object_imcoords": "EMPTY",
            "building_imcoords": "EMPTY",
            "road_imcoords": "546.283784, 124.662162, 520.945946, 136.824324, 397.391123, 350.056041, 390.728193, 345.589215, 384.834764, 359.009222, 391.216216, 361.824324, 386.148649, 373.648649, 377.740169, 368.937493, 370.420456, 384.196874, 373.478423, 387.110470, 343.918919, 438.851351, 335.810811, 457.432432, 332.591843, 483.961247, 355.717850, 497.449437, 346.478992, 472.337447, 352.477584, 440.052517, 418.243243, 330.743243, 522.635135, 148.648649, 549.324324, 133.108108, 565.540541, 133.44594",
            "image_id": "BLD00148_PS3_K3A_NIA0276.png",
            "ingest_time": "2023-03-02T15:10:41.602602Z",
            "type_id": "5",
            "type_name": "기타 포장 도로"
         }
      },
      {
         "type": "Feature",
         "geometry": {
            "type": "Polygon",
            "coordinates": [
               [
                  31.411993,
                  30.00047,
                  0.0
               ],
               [
                  31.41783,
                  30.00054,
                  0.0
               ],
               [
                  31.417749,
                  30.005621,
                  0.0
               ],
               [
                  31.411912,
                  30.00555,
                  0.0
               ]
            ]
         },
         "properties": {
            "object_imcoords": "EMPTY",
            "building_imcoords": "EMPTY",
            "road_imcoords": "905.674084, 154.166160, 895.115562, 155.107036, 879.391892, 158.445946, 856.081081, 175.000000, 701.013514, 437.162162, 669.007575, 478.051961, 655.912833, 492.181371, 639.395384, 499.991939, 619.261458, 502.448820, 596.711287, 500.009402, 580.743243, 492.567568, 415.878378, 392.905405, 394.711374, 394.081242, 373.544370, 405.978395, 394.008964, 371.040614, 427.027027, 387.162162, 587.352913, 482.273925, 608.670614, 487.385820, 632.621165, 485.125733, 645.891207, 482.107357, 656.001827, 474.349848, 687.346193, 437.837838, 850.675668, 163.513514, 870.608108, 150.000000, 888.806757, 144.71128",
            "image_id": "BLD00148_PS3_K3A_NIA0276.png",
            "ingest_time": "2023-03-02T15:10:41.602602Z",
            "type_id": "5",
            "type_name": "기타 포장 도로"
         }
      },
      {
         "type": "Feature",
         "geometry": {
            "type": "Polygon",
            "coordinates": [
               [
                  31.411993,
                  30.00047,
                  0.0
               ],
               [
                  31.41783,
                  30.00054,
                  0.0
               ],
               [
                  31.417749,
                  30.005621,
                  0.0
               ],
               [
                  31.411912,
                  30.00555,
                  0.0
               ]
            ]
         },
         "properties": {
            "object_imcoords": "EMPTY",
            "building_imcoords": "EMPTY",
            "road_imcoords": "846.281019, 117.886777, 851.689213, 132.702706, 844.054822, 159.798105, 822.045083, 198.767010, 811.399018, 216.312241, 815.690702, 220.079416, 807.949460, 233.870601, 802.062555, 242.927498, 796.747636, 241.087888, 789.272684, 252.068775, 793.717637, 256.454447, 786.604505, 269.338358, 779.974534, 266.259625, 751.689189, 311.824324, 693.243243, 412.500000, 699.097986, 417.341229, 691.202859, 429.277053, 684.341281, 426.912188, 672.749315, 446.314009, 660.622078, 458.498335, 651.127693, 467.523240, 633.595556, 475.869109, 620.802551, 479.739132, 598.902532, 477.474343, 572.958870, 464.671431, 502.981100, 425.267986, 428.566031, 379.166773, 397.015819, 364.845972, 403.265978, 354.372999, 409.891123, 358.802358, 409.797297, 344.932432, 417.905405, 331.081081, 422.297297, 366.216216, 511.695032, 419.072725, 598.986486, 468.243243, 618.809440, 469.827655, 635.472973, 463.513514, 649.471128, 453.106952, 664.785709, 438.751113, 693.648655, 391.756583, 723.513493, 337.905402, 820.639517, 178.404255, 834.504966, 153.007155, 838.707690, 138.219084, 834.079103, 119.296190, 825.925111, 106.23388",
            "image_id": "BLD00148_PS3_K3A_NIA0276.png",
            "ingest_time": "2023-03-02T15:10:41.602602Z",
            "type_id": "5",
            "type_name": "기타 포장 도로"
         }
      },
      {
         "type": "Feature",
         "geometry": {
            "type": "Polygon",
            "coordinates": [
               [
                  31.411993,
                  30.00047,
                  0.0
               ],
               [
                  31.41783,
                  30.00054,
                  0.0
               ],
               [
                  31.417749,
                  30.005621,
                  0.0
               ],
               [
                  31.411912,
                  30.00555,
                  0.0
               ]
            ]
         },
         "properties": {
            "object_imcoords": "EMPTY",
            "building_imcoords": "EMPTY",
            "road_imcoords": "436.148649, 11.486486, 446.283784, 34.459459, 457.094595, 47.972973, 476.013514, 59.121622, 760.810811, 222.635135, 784.134417, 238.163477, 802.208486, 209.055687, 776.450308, 211.414705, 752.364865, 207.770270, 465.202703, 39.864865, 459.459459, 25.337838, 445.945946, 0.000000, 441.246104, 0.00000",
            "image_id": "BLD00148_PS3_K3A_NIA0276.png",
            "ingest_time": "2023-03-02T15:10:41.602602Z",
            "type_id": "5",
            "type_name": "기타 포장 도로"
         }
      },
      {
         "type": "Feature",
         "geometry": {
            "type": "Polygon",
            "coordinates": [
               [
                  31.411993,
                  30.00047,
                  0.0
               ],
               [
                  31.41783,
                  30.00054,
                  0.0
               ],
               [
                  31.417749,
                  30.005621,
                  0.0
               ],
               [
                  31.411912,
                  30.00555,
                  0.0
               ]
            ]
         },
         "properties": {
            "object_imcoords": "EMPTY",
            "building_imcoords": "EMPTY",
            "road_imcoords": "410.772321, 53.112772, 429.641694, 49.511401, 448.208469, 53.745928, 454.723127, 45.928339, 466.123779, 52.768730, 465.146580, 59.283388, 603.257329, 140.716612, 742.345277, 224.429967, 779.551701, 245.651160, 759.154592, 278.445475, 752.436767, 251.405538, 742.019544, 233.550489, 568.078176, 134.527687, 494.788274, 91.856678, 446.254072, 62.540717, 429.641694, 61.237785, 398.944739, 73.07885",
            "image_id": "BLD00148_PS3_K3A_NIA0276.png",
            "ingest_time": "2023-03-02T15:10:41.602602Z",
            "type_id": "5",
            "type_name": "기타 포장 도로"
         }
      },
      {
         "type": "Feature",
         "geometry": {
            "type": "Polygon",
            "coordinates": [
               [
                  31.411993,
                  30.00047,
                  0.0
               ],
               [
                  31.41783,
                  30.00054,
                  0.0
               ],
               [
                  31.417749,
                  30.005621,
                  0.0
               ],
               [
                  31.411912,
                  30.00555,
                  0.0
               ]
            ]
         },
         "properties": {
            "object_imcoords": "EMPTY",
            "building_imcoords": "EMPTY",
            "road_imcoords": "464.945328, 250.364239, 491.860465, 249.069767, 479.767442, 223.414066, 487.060363, 210.527882, 492.381955, 228.363742, 503.038512, 244.865861, 682.790698, 344.418605, 701.617880, 346.243889, 720.897740, 343.542405, 713.483435, 357.794327, 685.246002, 357.334256, 696.850983, 386.346723, 688.538188, 400.420858, 681.696593, 378.394025, 668.743862, 359.535930, 496.304750, 260.404974, 456.222833, 264.53152",
            "image_id": "BLD00148_PS3_K3A_NIA0276.png",
            "ingest_time": "2023-03-02T15:10:41.602602Z",
            "type_id": "5",
            "type_name": "기타 포장 도로"
         }
      },
      {
         "type": "Feature",
         "geometry": {
            "type": "Polygon",
            "coordinates": [
               [
                  31.411993,
                  30.00047,
                  0.0
               ],
               [
                  31.41783,
                  30.00054,
                  0.0
               ],
               [
                  31.417749,
                  30.005621,
                  0.0
               ],
               [
                  31.411912,
                  30.00555,
                  0.0
               ]
            ]
         },
         "properties": {
            "object_imcoords": "EMPTY",
            "building_imcoords": "EMPTY",
            "road_imcoords": "276.219405, 222.135814, 258.915497, 202.722531, 240.057637, 189.913545, 29.682997, 67.146974, 0.000000, 52.193199, 0.000000, 61.095101, 0.000000, 63.488154, 0.000000, 67.529099, 0.000000, 78.136162, 14.469672, 79.696477, 27.531828, 82.321952, 42.924912, 86.501380, 222.344760, 188.985360, 245.311016, 206.014448, 254.291704, 224.791731, 258.293198, 252.87565",
            "image_id": "BLD00148_PS3_K3A_NIA0276.png",
            "ingest_time": "2023-03-02T15:10:41.602602Z",
            "type_id": "5",
            "type_name": "기타 포장 도로"
         }
      },
      {
         "type": "Feature",
         "geometry": {
            "type": "Polygon",
            "coordinates": [
               [
                  31.413568,
                  30.004574,
                  0.0
               ],
               [
                  31.413336,
                  30.004639,
                  0.0
               ],
               [
                  31.413088,
                  30.004758,
                  0.0
               ],
               [
                  31.41301,
                  30.004794,
                  0.0
               ]
            ]
         },
         "properties": {
            "object_imcoords": "EMPTY",
            "building_imcoords": "EMPTY",
            "road_imcoords": "287.796357, 200.720968, 247.262248, 187.031700, 204.034582, 162.536023, 190.489914, 155.149894, 187.432915, 158.194167, 172.411229, 150.606990, 174.788740, 149.972254, 169.678566, 146.389191, 162.659175, 142.496329, 141.453492, 132.452271, 142.859887, 130.892287, 133.811520, 128.702176, 132.169990, 127.202367, 118.531381, 119.703208, 122.468321, 121.746473, 114.156612, 119.207477, 108.444926, 113.557395, 94.430555, 104.798832, 92.292365, 97.600584, 0.000000, 44.405856, 0.000000, 31.174824, 84.058512, 80.144830, 103.288285, 77.216632, 118.244689, 66.907162, 137.279833, 36.187535, 138.055274, 22.532304, 129.507002, 11.946006, 108.138626, 0.000000, 182.333693, 0.000000, 154.939145, 40.757398, 139.882164, 68.517369, 134.684601, 85.699503, 136.359188, 102.060329, 150.484537, 122.072571, 207.937045, 153.589579, 232.633329, 167.685917, 259.077810, 178.674352, 282.843296, 178.742446, 307.774247, 167.54438",
            "image_id": "BLD00148_PS3_K3A_NIA0276.png",
            "ingest_time": "2023-03-02T15:10:41.602602Z",
            "type_id": "5",
            "type_name": "기타 포장 도로"
         }
      },
      {
         "type": "Feature",
         "geometry": {
            "type": "Polygon",
            "coordinates": [
               [
                  31.411993,
                  30.00047,
                  0.0
               ],
               [
                  31.41783,
                  30.00054,
                  0.0
               ],
               [
                  31.417749,
                  30.005621,
                  0.0
               ],
               [
                  31.411912,
                  30.00555,
                  0.0
               ]
            ]
         },
         "properties": {
            "object_imcoords": "EMPTY",
            "building_imcoords": "EMPTY",
            "road_imcoords": "150.816098, 147.960478, 147.902438, 166.705306, 145.959998, 180.982522, 156.795780, 172.456348, 175.595565, 161.987734, 189.529902, 169.910614, 170.406125, 176.349968, 154.390252, 189.587861, 5.587701, 436.090709, 0.000000, 437.680694, 0.000000, 403.046686, 77.447810, 275.342683, 78.474578, 264.381465, 66.042961, 252.490804, 41.179729, 239.552690, 26.999917, 233.277877, 13.305714, 231.305934, 0.000000, 234.772824, 0.000000, 216.735269, 19.563097, 213.848747, 39.445333, 219.204026, 61.606487, 229.769436, 82.602176, 243.831238, 93.514514, 241.264289, 133.417684, 181.265750, 138.140168, 162.223643, 137.035332, 140.46212",
            "image_id": "BLD00148_PS3_K3A_NIA0276.png",
            "ingest_time": "2023-03-02T15:10:41.602602Z",
            "type_id": "5",
            "type_name": "기타 포장 도로"
         }
      },
      {
         "type": "Feature",
         "geometry": {
            "type": "Polygon",
            "coordinates": [
               [
                  31.4156,
                  30.004352,
                  0.0
               ],
               [
                  31.415769,
                  30.004624,
                  0.0
               ],
               [
                  31.415799,
                  30.00461,
                  0.0
               ],
               [
                  31.41563,
                  30.004338,
                  0.0
               ]
            ]
         },
         "properties": {
            "object_imcoords": "EMPTY",
            "building_imcoords": "EMPTY",
            "road_imcoords": "643.548251, 250.428866, 673.877597, 195.938830, 679.120206, 198.856885, 648.790860, 253.346921, 618.461515, 307.836957, 613.218905, 304.91890",
            "image_id": "BLD00148_PS3_K3A_NIA0276.png",
            "ingest_time": "2023-03-02T15:10:41.602602Z",
            "type_id": "6",
            "type_name": "보도"
         }
      },
      {
         "type": "Feature",
         "geometry": {
            "type": "Polygon",
            "coordinates": [
               [
                  31.414935,
                  30.003824,
                  0.0
               ],
               [
                  31.415121,
                  30.004112,
                  0.0
               ],
               [
                  31.415156,
                  30.004092,
                  0.0
               ],
               [
                  31.414964,
                  30.003809,
                  0.0
               ]
            ]
         },
         "properties": {
            "object_imcoords": "EMPTY",
            "building_imcoords": "EMPTY",
            "road_imcoords": "525.375352, 355.193215, 558.789062, 297.618832, 564.939397, 301.771501, 530.497573, 358.317771, 499.140090, 409.723472, 494.017869, 406.59891",
            "image_id": "BLD00148_PS3_K3A_NIA0276.png",
            "ingest_time": "2023-03-02T15:10:41.602602Z",
            "type_id": "6",
            "type_name": "보도"
         }
      },
      {
         "type": "Feature",
         "geometry": {
            "type": "Polygon",
            "coordinates": [
               [
                  31.414631,
                  30.003893,
                  0.0
               ],
               [
                  31.414728,
                  30.0039,
                  0.0
               ],
               [
                  31.414775,
                  30.003929,
                  0.0
               ],
               [
                  31.414768,
                  30.003989,
                  0.0
               ]
            ]
         },
         "properties": {
            "object_imcoords": "EMPTY",
            "building_imcoords": "EMPTY",
            "road_imcoords": "472.242871, 340.491511, 489.381111, 339.420379, 497.691437, 333.603136, 496.663323, 321.466518, 484.238728, 313.619096, 509.416573, 270.926210, 514.584769, 273.974119, 492.469402, 311.474105, 503.691437, 320.076526, 503.691437, 336.727065, 491.439507, 345.303437, 475.678088, 346.288518, 452.000386, 383.778200, 446.833374, 380.72319",
            "image_id": "BLD00148_PS3_K3A_NIA0276.png",
            "ingest_time": "2023-03-02T15:10:41.602602Z",
            "type_id": "6",
            "type_name": "보도"
         }
      },
      {
         "type": "Feature",
         "geometry": {
            "type": "Polygon",
            "coordinates": [
               [
                  31.414581,
                  30.003901,
                  0.0
               ],
               [
                  31.414587,
                  30.003963,
                  0.0
               ],
               [
                  31.414601,
                  30.004031,
                  0.0
               ],
               [
                  31.414704,
                  30.004038,
                  0.0
               ]
            ]
         },
         "properties": {
            "object_imcoords": "EMPTY",
            "building_imcoords": "EMPTY",
            "road_imcoords": "463.589315, 338.815305, 464.828394, 326.424408, 467.505689, 312.630958, 485.427799, 311.602844, 484.238728, 313.619096, 487.325958, 315.419983, 487.325958, 317.602844, 474.246569, 317.602844, 470.755164, 327.455963, 469.938029, 335.627383, 480.581918, 341.191208, 472.242871, 340.491511, 475.773099, 345.09744",
            "image_id": "BLD00148_PS3_K3A_NIA0276.png",
            "ingest_time": "2023-03-02T15:10:41.602602Z",
            "type_id": "6",
            "type_name": "보도"
         }
      },
      {
         "type": "Feature",
         "geometry": {
            "type": "Polygon",
            "coordinates": [
               [
                  31.414492,
                  30.004019,
                  0.0
               ],
               [
                  31.414394,
                  30.00405,
                  0.0
               ],
               [
                  31.41441,
                  30.004077,
                  0.0
               ],
               [
                  31.414503,
                  30.004047,
                  0.0
               ]
            ]
         },
         "properties": {
            "object_imcoords": "EMPTY",
            "building_imcoords": "EMPTY",
            "road_imcoords": "448.267907, 314.855175, 431.112111, 308.295607, 434.132592, 303.026870, 450.303565, 309.209888, 467.489277, 315.780925, 466.740583, 318.775687, 465.692255, 321.51745",
            "image_id": "BLD00148_PS3_K3A_NIA0276.png",
            "ingest_time": "2023-03-02T15:10:41.602602Z",
            "type_id": "6",
            "type_name": "보도"
         }
      },
      {
         "type": "Feature",
         "geometry": {
            "type": "Polygon",
            "coordinates": [
               [
                  31.414853,
                  30.003863,
                  0.0
               ],
               [
                  31.41478,
                  30.003895,
                  0.0
               ],
               [
                  31.41481,
                  30.003914,
                  0.0
               ],
               [
                  31.41481,
                  30.003915,
                  0.0
               ]
            ]
         },
         "properties": {
            "object_imcoords": "EMPTY",
            "building_imcoords": "EMPTY",
            "road_imcoords": "511.137786, 347.083442, 498.360918, 340.458437, 503.691437, 336.727065, 503.691437, 336.463777, 513.891755, 341.752801, 527.775242, 348.951667, 525.013332, 354.27819",
            "image_id": "BLD00148_PS3_K3A_NIA0276.png",
            "ingest_time": "2023-03-02T15:10:41.602602Z",
            "type_id": "6",
            "type_name": "보도"
         }
      },
      {
         "type": "Feature",
         "geometry": {
            "type": "Polygon",
            "coordinates": [
               [
                  31.414942,
                  30.001298,
                  0.0
               ],
               [
                  31.414625,
                  30.001447,
                  0.0
               ],
               [
                  31.414628,
                  30.001451,
                  0.0
               ],
               [
                  31.414642,
                  30.001473,
                  0.0
               ]
            ]
         },
         "properties": {
            "object_imcoords": "EMPTY",
            "building_imcoords": "EMPTY",
            "road_imcoords": "519.619962, 864.309280, 464.475788, 833.448764, 464.887468, 832.556040, 467.424231, 828.223141, 523.915560, 859.837571, 578.605673, 890.443962, 576.111694, 895.92391",
            "image_id": "BLD00148_PS3_K3A_NIA0276.png",
            "ingest_time": "2023-03-02T15:10:41.602602Z",
            "type_id": "6",
            "type_name": "보도"
         }
      },
      {
         "type": "Feature",
         "geometry": {
            "type": "Polygon",
            "coordinates": [
               [
                  31.413766,
                  30.002677,
                  0.0
               ],
               [
                  31.413932,
                  30.002929,
                  0.0
               ],
               [
                  31.413961,
                  30.002914,
                  0.0
               ],
               [
                  31.413795,
                  30.002662,
                  0.0
               ]
            ]
         },
         "properties": {
            "object_imcoords": "EMPTY",
            "building_imcoords": "EMPTY",
            "road_imcoords": "317.161679, 583.468802, 346.976986, 533.091238, 352.140445, 536.147165, 322.325138, 586.524728, 293.104035, 635.898291, 287.917590, 632.88120",
            "image_id": "BLD00148_PS3_K3A_NIA0276.png",
            "ingest_time": "2023-03-02T15:10:41.602602Z",
            "type_id": "6",
            "type_name": "보도"
         }
      },
      {
         "type": "Feature",
         "geometry": {
            "type": "Polygon",
            "coordinates": [
               [
                  31.414267,
                  30.002437,
                  0.0
               ],
               [
                  31.414427,
                  30.002705,
                  0.0
               ],
               [
                  31.414458,
                  30.002691,
                  0.0
               ],
               [
                  31.414298,
                  30.002424,
                  0.0
               ]
            ]
         },
         "properties": {
            "object_imcoords": "EMPTY",
            "building_imcoords": "EMPTY",
            "road_imcoords": "404.449835, 633.001653, 433.278844, 579.462039, 438.561671, 582.306637, 409.816339, 635.690852, 381.892722, 687.548969, 376.703610, 684.53032",
            "image_id": "BLD00148_PS3_K3A_NIA0276.png",
            "ingest_time": "2023-03-02T15:10:41.602602Z",
            "type_id": "6",
            "type_name": "보도"
         }
      },
      {
         "type": "Feature",
         "geometry": {
            "type": "Polygon",
            "coordinates": [
               [
                  31.414135,
                  30.002713,
                  0.0
               ],
               [
                  31.414198,
                  30.0028,
                  0.0
               ],
               [
                  31.414227,
                  30.002784,
                  0.0
               ],
               [
                  31.414164,
                  30.002697,
                  0.0
               ]
            ]
         },
         "properties": {
            "object_imcoords": "EMPTY",
            "building_imcoords": "EMPTY",
            "road_imcoords": "382.039517, 577.130819, 393.305114, 559.720401, 398.342530, 562.979916, 386.989597, 580.525309, 378.380400, 594.202510, 372.481450, 591.80453",
            "image_id": "BLD00148_PS3_K3A_NIA0276.png",
            "ingest_time": "2023-03-02T15:10:41.602602Z",
            "type_id": "6",
            "type_name": "보도"
         }
      },
      {
         "type": "Feature",
         "geometry": {
            "type": "Polygon",
            "coordinates": [
               [
                  31.414011,
                  30.002533,
                  0.0
               ],
               [
                  31.414053,
                  30.002521,
                  0.0
               ],
               [
                  31.41407,
                  30.002551,
                  0.0
               ],
               [
                  31.414079,
                  30.002566,
                  0.0
               ]
            ]
         },
         "properties": {
            "object_imcoords": "EMPTY",
            "building_imcoords": "EMPTY",
            "road_imcoords": "359.774872, 613.025704, 367.187015, 615.680921, 370.222071, 609.624005, 371.817487, 606.640647, 362.648294, 602.157183, 361.212118, 603.912198, 358.774085, 607.120839, 347.315554, 602.287778, 344.641500, 599.613712, 353.688750, 594.371561, 365.589475, 591.511592, 372.695081, 591.572269, 378.290055, 593.970099, 382.048531, 595.991108, 387.325673, 615.933644, 374.844218, 626.854975, 362.074566, 628.588160, 351.679901, 622.767143, 347.332334, 621.336291, 342.363155, 606.353360, 344.552490, 599.716293, 347.315554, 602.287778, 358.673408, 607.31242",
            "image_id": "BLD00148_PS3_K3A_NIA0276.png",
            "ingest_time": "2023-03-02T15:10:41.602602Z",
            "type_id": "6",
            "type_name": "보도"
         }
      },
      {
         "type": "Feature",
         "geometry": {
            "type": "Polygon",
            "coordinates": [
               [
                  31.413935,
                  30.002584,
                  0.0
               ],
               [
                  31.413797,
                  30.002654,
                  0.0
               ],
               [
                  31.413814,
                  30.002679,
                  0.0
               ],
               [
                  31.413886,
                  30.002646,
                  0.0
               ]
            ]
         },
         "properties": {
            "object_imcoords": "EMPTY",
            "building_imcoords": "EMPTY",
            "road_imcoords": "346.661563, 602.722666, 322.548918, 588.273747, 325.605983, 583.108364, 338.168160, 590.087381, 348.453685, 595.80153",
            "image_id": "BLD00148_PS3_K3A_NIA0276.png",
            "ingest_time": "2023-03-02T15:10:41.602602Z",
            "type_id": "6",
            "type_name": "보도"
         }
      },
      {
         "type": "Feature",
         "geometry": {
            "type": "Polygon",
            "coordinates": [
               [
                  31.414191,
                  30.002451,
                  0.0
               ],
               [
                  31.414114,
                  30.00248,
                  0.0
               ],
               [
                  31.41414,
                  30.002501,
                  0.0
               ],
               [
                  31.414156,
                  30.002527,
                  0.0
               ]
            ]
         },
         "properties": {
            "object_imcoords": "EMPTY",
            "building_imcoords": "EMPTY",
            "road_imcoords": "391.057891, 630.021155, 377.705196, 623.949656, 382.236418, 619.780445, 385.213236, 614.570977, 396.043727, 620.759786, 407.639385, 628.155107, 402.711866, 637.96261",
            "image_id": "BLD00148_PS3_K3A_NIA0276.png",
            "ingest_time": "2023-03-02T15:10:41.602602Z",
            "type_id": "6",
            "type_name": "보도"
         }
      },
      {
         "type": "Feature",
         "geometry": {
            "type": "Polygon",
            "coordinates": [
               [
                  31.413902,
                  30.002402,
                  0.0
               ],
               [
                  31.413963,
                  30.00249,
                  0.0
               ],
               [
                  31.413966,
                  30.002485,
                  0.0
               ],
               [
                  31.413981,
                  30.002482,
                  0.0
               ]
            ]
         },
         "properties": {
            "object_imcoords": "EMPTY",
            "building_imcoords": "EMPTY",
            "road_imcoords": "340.286047, 639.235356, 351.290392, 621.728451, 351.679901, 622.767143, 354.436399, 623.253585, 359.960569, 626.725922, 348.550196, 644.878780, 337.837885, 661.921130, 329.188972, 656.88983",
            "image_id": "BLD00148_PS3_K3A_NIA0276.png",
            "ingest_time": "2023-03-02T15:10:41.602602Z",
            "type_id": "6",
            "type_name": "보도"
         }
      },
      {
         "type": "Feature",
         "geometry": {
            "type": "Polygon",
            "coordinates": [
               [
                  31.416274,
                  30.003285,
                  0.0
               ],
               [
                  31.415955,
                  30.003439,
                  0.0
               ],
               [
                  31.415977,
                  30.003474,
                  0.0
               ],
               [
                  31.416297,
                  30.003319,
                  0.0
               ]
            ]
         },
         "properties": {
            "object_imcoords": "EMPTY",
            "building_imcoords": "EMPTY",
            "road_imcoords": "758.787910, 467.134051, 703.294603, 435.276814, 707.277540, 428.338787, 762.820610, 460.224592, 816.563002, 491.076738, 812.429510, 497.92833",
            "image_id": "BLD00148_PS3_K3A_NIA0276.png",
            "ingest_time": "2023-03-02T15:10:41.602602Z",
            "type_id": "6",
            "type_name": "보도"
         }
      },
      {
         "type": "Feature",
         "geometry": {
            "type": "Polygon",
            "coordinates": [
               [
                  31.417378,
                  30.003374,
                  0.0
               ],
               [
                  31.417048,
                  30.003527,
                  0.0
               ],
               [
                  31.417071,
                  30.003561,
                  0.0
               ],
               [
                  31.417728,
                  30.003258,
                  0.0
               ]
            ]
         },
         "properties": {
            "object_imcoords": "EMPTY",
            "building_imcoords": "EMPTY",
            "road_imcoords": "952.679599, 451.764457, 895.282067, 420.272018, 899.384397, 413.397797, 1013.684692, 476.111209, 1009.738851, 483.07129",
            "image_id": "BLD00148_PS3_K3A_NIA0276.png",
            "ingest_time": "2023-03-02T15:10:41.602602Z",
            "type_id": "6",
            "type_name": "보도"
         }
      },
      {
         "type": "Feature",
         "geometry": {
            "type": "Polygon",
            "coordinates": [
               [
                  31.413536,
                  30.000831,
                  0.0
               ],
               [
                  31.413358,
                  30.000589,
                  0.0
               ],
               [
                  31.413222,
                  30.000668,
                  0.0
               ],
               [
                  31.413253,
                  30.000709,
                  0.0
               ]
            ]
         },
         "properties": {
            "object_imcoords": "EMPTY",
            "building_imcoords": "EMPTY",
            "road_imcoords": "271.749293, 954.947176, 239.896175, 1003.240600, 216.164832, 987.003368, 221.811670, 978.750295, 237.148655, 989.244019, 262.239279, 951.203404, 266.946779, 954.341737, 273.265453, 943.827655, 373.999487, 1013.724763, 368.298670, 1021.94064",
            "image_id": "BLD00148_PS3_K3A_NIA0276.png",
            "ingest_time": "2023-03-02T15:10:41.602602Z",
            "type_id": "6",
            "type_name": "보도"
         }
      },
      {
         "type": "Feature",
         "geometry": {
            "type": "Polygon",
            "coordinates": [
               [
                  31.413246,
                  30.000525,
                  0.0
               ],
               [
                  31.413304,
                  30.000607,
                  0.0
               ],
               [
                  31.413345,
                  30.000579,
                  0.0
               ],
               [
                  31.413293,
                  30.000496,
                  0.0
               ]
            ]
         },
         "properties": {
            "object_imcoords": "EMPTY",
            "building_imcoords": "EMPTY",
            "road_imcoords": "220.053983, 1015.963218, 230.341295, 999.504799, 237.450507, 1005.317194, 228.203646, 1021.758339, 226.602462, 1024.000000, 214.313431, 1024.00000",
            "image_id": "BLD00148_PS3_K3A_NIA0276.png",
            "ingest_time": "2023-03-02T15:10:41.602602Z",
            "type_id": "6",
            "type_name": "보도"
         }
      }
   ]
}