{
   "type": "FeatureCollection",
   "features": [
      {
         "type": "Feature",
         "geometry": {
            "type": "Polygon",
            "coordinates": [
               [
                  31.390042,
                  30.148837,
                  0.0
               ],
               [
                  31.39049,
                  30.149168,
                  0.0
               ],
               [
                  31.390682,
                  30.149306,
                  0.0
               ],
               [
                  31.390873,
                  30.149431,
                  0.0
               ]
            ]
         },
         "properties": {
            "object_imcoords": "EMPTY",
            "building_imcoords": "EMPTY",
            "road_imcoords": "0.000000, 414.872672, 79.414627, 349.188057, 113.482773, 321.975791, 147.313812, 297.187387, 506.765399, 0.000000, 531.538203, 0.000000, 450.150859, 65.267208, 257.883562, 228.248641, 236.153224, 243.258255, 0.538539, 437.29384",
            "image_id": "BLD00586_PS3_K3A_NIA0277.png",
            "ingest_time": "2023-03-02T15:10:41.602602Z",
            "type_id": "4",
            "type_name": "2차 도로"
         }
      },
      {
         "type": "Feature",
         "geometry": {
            "type": "Polygon",
            "coordinates": [
               [
                  31.390046,
                  30.148695,
                  0.0
               ],
               [
                  31.39059,
                  30.149084,
                  0.0
               ],
               [
                  31.391897,
                  30.150045,
                  0.0
               ],
               [
                  31.392953,
                  30.150837,
                  0.0
               ]
            ]
         },
         "properties": {
            "object_imcoords": "EMPTY",
            "building_imcoords": "EMPTY",
            "road_imcoords": "0.373712, 443.567588, 96.662394, 366.454932, 328.234755, 176.045637, 515.506944, 18.951967, 538.166053, 0.000000, 559.568501, 0.000000, 0.000000, 466.36461",
            "image_id": "BLD00586_PS3_K3A_NIA0277.png",
            "ingest_time": "2023-03-02T15:10:41.602602Z",
            "type_id": "4",
            "type_name": "2차 도로"
         }
      },
      {
         "type": "Feature",
         "geometry": {
            "type": "Polygon",
            "coordinates": [
               [
                  31.390043,
                  30.148963,
                  0.0
               ],
               [
                  31.391764,
                  30.150218,
                  0.0
               ],
               [
                  31.392687,
                  30.150934,
                  0.0
               ],
               [
                  31.39283,
                  30.150931,
                  0.0
               ]
            ]
         },
         "properties": {
            "object_imcoords": "EMPTY",
            "building_imcoords": "EMPTY",
            "road_imcoords": "0.566442, 389.526284, 305.465134, 140.754039, 469.199127, -1.231144, 494.231484, -0.205210, 289.503700, 174.170463, 238.531275, 214.389245, 233.916664, 226.625022, 213.172096, 243.479574, 208.272347, 238.239646, 194.810942, 249.042887, 199.212820, 254.361731, 193.044909, 259.770885, 188.178220, 254.365875, 182.458741, 258.955953, 188.393741, 263.630639, 182.153975, 268.785791, 176.515531, 263.955339, 169.615219, 270.166910, 175.578596, 274.056069, 148.229070, 296.457515, 129.899540, 303.114116, 0.566442, 408.62096",
            "image_id": "BLD00586_PS3_K3A_NIA0277.png",
            "ingest_time": "2023-03-02T15:10:41.602602Z",
            "type_id": "5",
            "type_name": "기타 포장 도로"
         }
      },
      {
         "type": "Feature",
         "geometry": {
            "type": "Polygon",
            "coordinates": [
               [
                  31.390053,
                  30.148326,
                  0.0
               ],
               [
                  31.391893,
                  30.149713,
                  0.0
               ],
               [
                  31.391989,
                  30.149772,
                  0.0
               ],
               [
                  31.393303,
                  30.150775,
                  0.0
               ]
            ]
         },
         "properties": {
            "object_imcoords": "EMPTY",
            "building_imcoords": "EMPTY",
            "road_imcoords": "0.479632, 517.909701, 326.583605, 242.886690, 343.636935, 231.326646, 576.656741, 32.389879, 589.874052, 21.278328, 615.688730, -0.933033, 573.085033, 0.932582, 226.633007, 287.542506, 219.951784, 283.240697, 214.864313, 287.427310, 220.551616, 292.573482, 216.756641, 295.712950, 210.874914, 290.421603, 205.098868, 295.135901, 210.951030, 300.923488, 0.479632, 475.27745",
            "image_id": "BLD00586_PS3_K3A_NIA0277.png",
            "ingest_time": "2023-03-02T15:10:41.602602Z",
            "type_id": "5",
            "type_name": "기타 포장 도로"
         }
      },
      {
         "type": "Feature",
         "geometry": {
            "type": "Polygon",
            "coordinates": [
               [
                  31.390021,
                  30.150104,
                  0.0
               ],
               [
                  31.390426,
                  30.14994,
                  0.0
               ],
               [
                  31.391037,
                  30.14969,
                  0.0
               ],
               [
                  31.390997,
                  30.149662,
                  0.0
               ]
            ]
         },
         "properties": {
            "object_imcoords": "EMPTY",
            "building_imcoords": "EMPTY",
            "road_imcoords": "0.000000, 159.465208, 70.362669, 193.585883, 176.677735, 245.352019, 169.677926, 250.955748, 66.902446, 199.731519, 0.000000, 165.90730",
            "image_id": "BLD00586_PS3_K3A_NIA0277.png",
            "ingest_time": "2023-03-02T15:10:41.602602Z",
            "type_id": "9",
            "type_name": "건설중인 도로"
         }
      },
      {
         "type": "Feature",
         "geometry": {
            "type": "Polygon",
            "coordinates": [
               [
                  31.39002,
                  30.150169,
                  0.0
               ],
               [
                  31.39046,
                  30.150593,
                  0.0
               ],
               [
                  31.390412,
                  30.150666,
                  0.0
               ],
               [
                  31.390347,
                  30.150704,
                  0.0
               ]
            ]
         },
         "properties": {
            "object_imcoords": "EMPTY",
            "building_imcoords": "EMPTY",
            "road_imcoords": "0.000000, 146.425167, 78.296791, 62.027328, 70.069848, 47.272251, 58.684837, 39.330620, 45.757865, 31.522085, 31.013664, 25.929457, 26.930993, 17.163870, 33.341506, 8.382978, 26.437877, 0.000000, 34.572609, 0.000000, 38.852682, 9.854934, 33.062651, 15.468571, 36.097871, 20.336829, 44.786936, 26.869776, 53.430089, 28.903459, 51.427014, 18.996908, 42.768558, 6.301693, 38.747106, 0.246558, 45.022416, 0.126632, 50.394869, 7.071977, 55.878677, 16.978529, 58.313651, 25.636985, 58.805513, 33.253117, 75.562633, 42.907289, 95.264289, 0.130032, 102.307348, -0.004750, 80.009885, 48.518906, 82.267475, 53.848995, 89.003348, 58.511460, 110.018027, 54.390935, 156.992016, 23.899047, 187.483904, 0.000000, 198.609323, 0.000000, 161.112542, 30.903940, 110.430080, 62.631986, 90.239506, 64.692248, 86.931467, 64.540029, 0.000000, 156.74007",
            "image_id": "BLD00586_PS3_K3A_NIA0277.png",
            "ingest_time": "2023-03-02T15:10:41.602602Z",
            "type_id": "9",
            "type_name": "건설중인 도로"
         }
      },
      {
         "type": "Feature",
         "geometry": {
            "type": "Polygon",
            "coordinates": [
               [
                  31.390164,
                  30.150811,
                  0.0
               ],
               [
                  31.390012,
                  30.150681,
                  0.0
               ],
               [
                  31.390013,
                  30.150631,
                  0.0
               ],
               [
                  31.390181,
                  30.15078,
                  0.0
               ]
            ]
         },
         "properties": {
            "object_imcoords": "EMPTY",
            "building_imcoords": "EMPTY",
            "road_imcoords": "27.041991, 17.330847, 0.000000, 43.200969, 0.000000, 53.277642, 29.887458, 23.76145",
            "image_id": "BLD00586_PS3_K3A_NIA0277.png",
            "ingest_time": "2023-03-02T15:10:41.602602Z",
            "type_id": "9",
            "type_name": "건설중인 도로"
         }
      },
      {
         "type": "Feature",
         "geometry": {
            "type": "Polygon",
            "coordinates": [
               [
                  31.390791,
                  30.150674,
                  0.0
               ],
               [
                  31.390855,
                  30.150559,
                  0.0
               ],
               [
                  31.390856,
                  30.150493,
                  0.0
               ],
               [
                  31.390338,
                  30.149976,
                  0.0
               ]
            ]
         },
         "properties": {
            "object_imcoords": "EMPTY",
            "building_imcoords": "EMPTY",
            "road_imcoords": "136.352025, 46.598400, 147.281952, 69.968591, 147.281952, 83.111863, 55.050472, 186.052923, 61.850689, 189.417734, 132.723171, 111.162699, 190.344428, 160.929922, 195.263002, 154.667478, 138.694233, 104.569651, 154.626721, 86.977531, 155.786422, 68.035757, 142.837856, 42.90608",
            "image_id": "BLD00586_PS3_K3A_NIA0277.png",
            "ingest_time": "2023-03-02T15:10:41.602602Z",
            "type_id": "9",
            "type_name": "건설중인 도로"
         }
      },
      {
         "type": "Feature",
         "geometry": {
            "type": "Polygon",
            "coordinates": [
               [
                  31.391187,
                  30.149432,
                  0.0
               ],
               [
                  31.391179,
                  30.1494,
                  0.0
               ],
               [
                  31.390878,
                  30.149164,
                  0.0
               ],
               [
                  31.390879,
                  30.149154,
                  0.0
               ]
            ]
         },
         "properties": {
            "object_imcoords": "EMPTY",
            "building_imcoords": "EMPTY",
            "road_imcoords": "202.227998, 297.871491, 200.666773, 304.302270, 147.324972, 351.039848, 147.578981, 353.071916, 141.990792, 358.152088, 141.482775, 352.055882, 171.963804, 326.147007, 197.364661, 303.794253, 197.073478, 302.17110",
            "image_id": "BLD00586_PS3_K3A_NIA0277.png",
            "ingest_time": "2023-03-02T15:10:41.602602Z",
            "type_id": "5",
            "type_name": "기타 포장 도로"
         }
      },
      {
         "type": "Feature",
         "geometry": {
            "type": "Polygon",
            "coordinates": [
               [
                  31.391413,
                  30.149599,
                  0.0
               ],
               [
                  31.391419,
                  30.149593,
                  0.0
               ],
               [
                  31.391607,
                  30.149731,
                  0.0
               ],
               [
                  31.391693,
                  30.149756,
                  0.0
               ]
            ]
         },
         "properties": {
            "object_imcoords": "EMPTY",
            "building_imcoords": "EMPTY",
            "road_imcoords": "242.201026, 264.738981, 243.341763, 265.945757, 276.683824, 238.659512, 291.753368, 233.753149, 279.487460, 243.916329, 273.179279, 246.194283, 242.164057, 272.828825, 237.601829, 268.71158",
            "image_id": "BLD00586_PS3_K3A_NIA0277.png",
            "ingest_time": "2023-03-02T15:10:41.602602Z",
            "type_id": "5",
            "type_name": "기타 포장 도로"
         }
      },
      {
         "type": "Feature",
         "geometry": {
            "type": "Polygon",
            "coordinates": [
               [
                  31.391464,
                  30.149392,
                  0.0
               ],
               [
                  31.392596,
                  30.148379,
                  0.0
               ],
               [
                  31.392659,
                  30.148334,
                  0.0
               ],
               [
                  31.393248,
                  30.147807,
                  0.0
               ]
            ]
         },
         "properties": {
            "object_imcoords": "EMPTY",
            "building_imcoords": "EMPTY",
            "road_imcoords": "250.688254, 306.615889, 445.957590, 513.442838, 456.892892, 522.790514, 558.494897, 630.328387, 744.767602, 821.392991, 942.754617, 1023.520368, 932.279392, 1025.100451, 747.417603, 836.499339, 563.455710, 648.680277, 241.428549, 315.20185",
            "image_id": "BLD00586_PS3_K3A_NIA0277.png",
            "ingest_time": "2023-03-02T15:10:41.602602Z",
            "type_id": "5",
            "type_name": "기타 포장 도로"
         }
      },
      {
         "type": "Feature",
         "geometry": {
            "type": "Polygon",
            "coordinates": [
               [
                  31.39064,
                  30.148776,
                  0.0
               ],
               [
                  31.391195,
                  30.148204,
                  0.0
               ],
               [
                  31.391934,
                  30.148803,
                  0.0
               ],
               [
                  31.391981,
                  30.148761,
                  0.0
               ]
            ]
         },
         "properties": {
            "object_imcoords": "EMPTY",
            "building_imcoords": "EMPTY",
            "road_imcoords": "104.637750, 428.681562, 200.208336, 545.218164, 331.311653, 426.390574, 339.335879, 434.886681, 206.669938, 557.912164, 293.637417, 665.420783, 302.137816, 664.836867, 438.343511, 537.065083, 448.168296, 547.561108, 311.446552, 676.377068, 304.102918, 677.109662, 317.083243, 692.006083, 306.115062, 698.846729, 210.509817, 588.137484, -0.563803, 781.800936, 0.619421, 765.815178, 204.421154, 578.840984, 141.265689, 504.313217, -0.088085, 627.018223, -0.097542, 612.361968, 134.457847, 493.289594, 92.960445, 438.79018",
            "image_id": "BLD00586_PS3_K3A_NIA0277.png",
            "ingest_time": "2023-03-02T15:10:41.602602Z",
            "type_id": "5",
            "type_name": "기타 포장 도로"
         }
      },
      {
         "type": "Feature",
         "geometry": {
            "type": "Polygon",
            "coordinates": [
               [
                  31.39008,
                  30.146392,
                  0.0
               ],
               [
                  31.390079,
                  30.146465,
                  0.0
               ],
               [
                  31.390138,
                  30.146432,
                  0.0
               ],
               [
                  31.391672,
                  30.147596,
                  0.0
               ]
            ]
         },
         "properties": {
            "object_imcoords": "EMPTY",
            "building_imcoords": "EMPTY",
            "road_imcoords": "-0.220647, 907.751160, -0.237736, 892.880231, 10.049132, 899.847883, 281.964592, 669.031118, 287.675039, 677.767298, 5.118079, 917.67750",
            "image_id": "BLD00586_PS3_K3A_NIA0277.png",
            "ingest_time": "2023-03-02T15:10:41.602602Z",
            "type_id": "5",
            "type_name": "기타 포장 도로"
         }
      },
      {
         "type": "Feature",
         "geometry": {
            "type": "Polygon",
            "coordinates": [
               [
                  31.390142,
                  30.146368,
                  0.0
               ],
               [
                  31.390434,
                  30.145824,
                  0.0
               ],
               [
                  31.390386,
                  30.145824,
                  0.0
               ],
               [
                  31.390113,
                  30.146341,
                  0.0
               ]
            ]
         },
         "properties": {
            "object_imcoords": "EMPTY",
            "building_imcoords": "EMPTY",
            "road_imcoords": "10.586826, 912.727699, 60.020716, 1022.968344, 51.730560, 1022.968344, 5.298048, 917.93584",
            "image_id": "BLD00586_PS3_K3A_NIA0277.png",
            "ingest_time": "2023-03-02T15:10:41.602602Z",
            "type_id": "5",
            "type_name": "기타 포장 도로"
         }
      },
      {
         "type": "Feature",
         "geometry": {
            "type": "Polygon",
            "coordinates": [
               [
                  31.391022,
                  30.149445,
                  0.0
               ],
               [
                  31.391102,
                  30.149462,
                  0.0
               ],
               [
                  31.391148,
                  30.149494,
                  0.0
               ],
               [
                  31.391101,
                  30.149503,
                  0.0
               ]
            ]
         },
         "properties": {
            "object_imcoords": "EMPTY",
            "building_imcoords": "EMPTY",
            "road_imcoords": "173.377050, 294.791654, 187.417573, 291.614865, 195.572754, 285.173877, 187.448025, 283.36838",
            "image_id": "BLD00586_PS3_K3A_NIA0277.png",
            "ingest_time": "2023-03-02T15:10:41.602602Z",
            "type_id": "5",
            "type_name": "기타 포장 도로"
         }
      },
      {
         "type": "Feature",
         "geometry": {
            "type": "Polygon",
            "coordinates": [
               [
                  31.391295,
                  30.149644,
                  0.0
               ],
               [
                  31.391324,
                  30.149624,
                  0.0
               ],
               [
                  31.39137,
                  30.149657,
                  0.0
               ],
               [
                  31.391376,
                  30.149703,
                  0.0
               ]
            ]
         },
         "properties": {
            "object_imcoords": "EMPTY",
            "building_imcoords": "EMPTY",
            "road_imcoords": "221.813258, 255.290476, 226.827096, 259.393273, 234.982277, 252.952285, 236.175416, 243.57602",
            "image_id": "BLD00586_PS3_K3A_NIA0277.png",
            "ingest_time": "2023-03-02T15:10:41.602602Z",
            "type_id": "5",
            "type_name": "기타 포장 도로"
         }
      },
      {
         "type": "Feature",
         "geometry": {
            "type": "Polygon",
            "coordinates": [
               [
                  31.391125,
                  30.14952,
                  0.0
               ],
               [
                  31.391163,
                  30.149505,
                  0.0
               ],
               [
                  31.391188,
                  30.149525,
                  0.0
               ],
               [
                  31.391162,
                  30.149547,
                  0.0
               ]
            ]
         },
         "properties": {
            "object_imcoords": "EMPTY",
            "building_imcoords": "EMPTY",
            "road_imcoords": "191.571584, 279.948286, 198.204504, 283.118678, 202.728373, 279.121857, 198.093916, 274.61489",
            "image_id": "BLD00586_PS3_K3A_NIA0277.png",
            "ingest_time": "2023-03-02T15:10:41.602602Z",
            "type_id": "5",
            "type_name": "기타 포장 도로"
         }
      },
      {
         "type": "Feature",
         "geometry": {
            "type": "Polygon",
            "coordinates": [
               [
                  31.391183,
                  30.149563,
                  0.0
               ],
               [
                  31.391211,
                  30.149539,
                  0.0
               ],
               [
                  31.391237,
                  30.14956,
                  0.0
               ],
               [
                  31.39122,
                  30.14959,
                  0.0
               ]
            ]
         },
         "properties": {
            "object_imcoords": "EMPTY",
            "building_imcoords": "EMPTY",
            "road_imcoords": "201.869228, 271.426989, 206.711553, 276.250239, 211.373160, 272.115679, 208.391561, 266.09360",
            "image_id": "BLD00586_PS3_K3A_NIA0277.png",
            "ingest_time": "2023-03-02T15:10:41.602602Z",
            "type_id": "5",
            "type_name": "기타 포장 도로"
         }
      },
      {
         "type": "Feature",
         "geometry": {
            "type": "Polygon",
            "coordinates": [
               [
                  31.395387,
                  30.145878,
                  0.0
               ],
               [
                  31.393692,
                  30.147328,
                  0.0
               ],
               [
                  31.391399,
                  30.149342,
                  0.0
               ],
               [
                  31.39135,
                  30.149304,
                  0.0
               ]
            ]
         },
         "properties": {
            "object_imcoords": "EMPTY",
            "building_imcoords": "EMPTY",
            "road_imcoords": "927.679095, 1024.336045, 634.981418, 727.877896, 239.125610, 316.413150, 230.469856, 323.945171, 330.833013, 426.824397, 331.311653, 426.390574, 339.335879, 434.886681, 339.001037, 435.197191, 914.237295, 1024.12703",
            "image_id": "BLD00586_PS3_K3A_NIA0277.png",
            "ingest_time": "2023-03-02T15:10:41.602602Z",
            "type_id": "5",
            "type_name": "기타 포장 도로"
         }
      },
      {
         "type": "Feature",
         "geometry": {
            "type": "Polygon",
            "coordinates": [
               [
                  31.392474,
                  30.149238,
                  0.0
               ],
               [
                  31.391886,
                  30.149708,
                  0.0
               ],
               [
                  31.391893,
                  30.149713,
                  0.0
               ],
               [
                  31.391986,
                  30.14977,
                  0.0
               ]
            ]
         },
         "properties": {
            "object_imcoords": "EMPTY",
            "building_imcoords": "EMPTY",
            "road_imcoords": "427.152495, 340.166586, 325.377203, 243.904121, 326.583605, 242.886690, 343.056293, 231.720249, 438.281465, 321.787393, 537.375751, 415.514087, 523.045253, 430.86516",
            "image_id": "BLD00586_PS3_K3A_NIA0277.png",
            "ingest_time": "2023-03-02T15:10:41.602602Z",
            "type_id": "9",
            "type_name": "건설중인 도로"
         }
      },
      {
         "type": "Feature",
         "geometry": {
            "type": "Polygon",
            "coordinates": [
               [
                  31.393977,
                  30.150229,
                  0.0
               ],
               [
                  31.39328,
                  30.150757,
                  0.0
               ],
               [
                  31.393303,
                  30.150775,
                  0.0
               ],
               [
                  31.393371,
                  30.150826,
                  0.0
               ]
            ]
         },
         "properties": {
            "object_imcoords": "EMPTY",
            "building_imcoords": "EMPTY",
            "road_imcoords": "693.182178, 144.061865, 572.542612, 35.902248, 576.656741, 32.389879, 588.746838, 22.225957, 684.815381, 108.356379, 808.050787, 218.843291, 794.032342, 234.479249, 757.757244, 201.956749, 747.297344, 192.57890",
            "image_id": "BLD00586_PS3_K3A_NIA0277.png",
            "ingest_time": "2023-03-02T15:10:41.602602Z",
            "type_id": "9",
            "type_name": "건설중인 도로"
         }
      },
      {
         "type": "Feature",
         "geometry": {
            "type": "Polygon",
            "coordinates": [
               [
                  31.394326,
                  30.1507,
                  0.0
               ],
               [
                  31.393962,
                  30.150379,
                  0.0
               ],
               [
                  31.393927,
                  30.150406,
                  0.0
               ],
               [
                  31.393872,
                  30.150447,
                  0.0
               ]
            ]
         },
         "properties": {
            "object_imcoords": "EMPTY",
            "building_imcoords": "EMPTY",
            "road_imcoords": "755.638756, 49.938794, 690.943157, 113.850248, 684.815381, 108.356379, 675.278456, 99.806032, 742.557900, 33.342052, 776.309065, 0.000000, 806.190309, 0.00000",
            "image_id": "BLD00586_PS3_K3A_NIA0277.png",
            "ingest_time": "2023-03-02T15:10:41.602602Z",
            "type_id": "9",
            "type_name": "건설중인 도로"
         }
      },
      {
         "type": "Feature",
         "geometry": {
            "type": "Polygon",
            "coordinates": [
               [
                  31.393064,
                  30.149928,
                  0.0
               ],
               [
                  31.392472,
                  30.149381,
                  0.0
               ],
               [
                  31.392384,
                  30.149451,
                  0.0
               ],
               [
                  31.392989,
                  30.150011,
                  0.0
               ]
            ]
         },
         "properties": {
            "object_imcoords": "EMPTY",
            "building_imcoords": "EMPTY",
            "road_imcoords": "532.352145, 202.439217, 427.169261, 311.277100, 411.911685, 296.845975, 519.390531, 185.632347, 621.592984, 79.878446, 637.239893, 93.90670",
            "image_id": "BLD00586_PS3_K3A_NIA0277.png",
            "ingest_time": "2023-03-02T15:10:41.602602Z",
            "type_id": "9",
            "type_name": "건설중인 도로"
         }
      },
      {
         "type": "Feature",
         "geometry": {
            "type": "Polygon",
            "coordinates": [
               [
                  31.393791,
                  30.150029,
                  0.0
               ],
               [
                  31.394125,
                  30.149788,
                  0.0
               ],
               [
                  31.394048,
                  30.149708,
                  0.0
               ],
               [
                  31.393617,
                  30.15002,
                  0.0
               ]
            ]
         },
         "properties": {
            "object_imcoords": "EMPTY",
            "building_imcoords": "EMPTY",
            "road_imcoords": "660.043348, 183.842851, 717.725462, 233.284690, 704.058840, 249.229074, 629.521960, 185.340285, 656.948787, 156.720986, 672.110539, 171.25099",
            "image_id": "BLD00586_PS3_K3A_NIA0277.png",
            "ingest_time": "2023-03-02T15:10:41.602602Z",
            "type_id": "9",
            "type_name": "건설중인 도로"
         }
      }
   ]
}