{
   "type": "FeatureCollection",
   "features": [
      {
         "type": "Feature",
         "geometry": {
            "type": "Polygon",
            "coordinates": [
               [
                  31.44686,
                  30.010931,
                  0.0
               ],
               [
                  31.447006,
                  30.010877,
                  0.0
               ],
               [
                  31.447146,
                  30.010855,
                  0.0
               ],
               [
                  31.45034,
                  30.010823,
                  0.0
               ]
            ]
         },
         "properties": {
            "object_imcoords": "EMPTY",
            "building_imcoords": "EMPTY",
            "road_imcoords": "0.000000, 23.809524, 25.445194, 34.961597, 50.000000, 39.880952, 610.033050, 53.763165, 634.313580, 46.844956, 650.653574, 36.523660, 660.249985, 19.286663, 662.016626, 9.937108, 661.213502, 0.000000, 675.224169, 0.000000, 667.482795, 27.579178, 651.233706, 52.889632, 698.539195, 52.464247, 687.310306, 24.955966, 683.454770, 0.000000, 695.027853, 0.000000, 695.257316, 16.530281, 701.725770, 34.762104, 711.313720, 46.187755, 732.117662, 55.066092, 1024.000000, 57.435476, 1024.000000, 71.730723, 827.184665, 69.244888, 625.339415, 68.016532, 228.690796, 60.781400, 141.766815, 59.630918, 52.579373, 56.216975, 0.000000, 50.79383",
            "image_id": "BLD00129_PS3_K3A_NIA0276.png",
            "ingest_time": "2023-03-02T15:10:41.602602Z",
            "type_id": "5",
            "type_name": "기타 포장 도로"
         }
      },
      {
         "type": "Feature",
         "geometry": {
            "type": "Polygon",
            "coordinates": [
               [
                  31.446864,
                  30.010669,
                  0.0
               ],
               [
                  31.447175,
                  30.010716,
                  0.0
               ],
               [
                  31.449255,
                  30.010698,
                  0.0
               ],
               [
                  31.449256,
                  30.010759,
                  0.0
               ]
            ]
         },
         "properties": {
            "object_imcoords": "EMPTY",
            "building_imcoords": "EMPTY",
            "road_imcoords": "0.000000, 76.540557, 54.761905, 67.857143, 419.482519, 76.460639, 419.821534, 64.218308, 449.985868, 64.625328, 449.684234, 77.831391, 1024.000000, 84.003936, 1024.000000, 101.332290, 719.589628, 98.567968, 700.735063, 123.815494, 691.796037, 149.744235, 689.927472, 190.526412, 695.871005, 207.872296, 707.429484, 217.894338, 721.917499, 225.963356, 679.166737, 225.282139, 679.762881, 144.379274, 683.739314, 127.449919, 687.873051, 115.890116, 693.204658, 108.008714, 700.621654, 99.607360, 649.570538, 99.414400, 663.238165, 114.953443, 666.386302, 121.106467, 669.581951, 132.933767, 668.842478, 225.287995, 627.577749, 224.385307, 648.625943, 215.362505, 657.711863, 199.748245, 659.038866, 142.398025, 654.369031, 123.884037, 641.611568, 106.386305, 616.096643, 98.733184, 80.758442, 84.415931, 56.374323, 83.200535, 36.541257, 86.861268, 0.000000, 95.00072",
            "image_id": "BLD00129_PS3_K3A_NIA0276.png",
            "ingest_time": "2023-03-02T15:10:41.602602Z",
            "type_id": "5",
            "type_name": "기타 포장 도로"
         }
      },
      {
         "type": "Feature",
         "geometry": {
            "type": "Polygon",
            "coordinates": [
               [
                  31.446937,
                  30.005968,
                  0.0
               ],
               [
                  31.452775,
                  30.006037,
                  0.0
               ],
               [
                  31.452696,
                  30.011118,
                  0.0
               ],
               [
                  31.446858,
                  30.011049,
                  0.0
               ]
            ]
         },
         "properties": {
            "object_imcoords": "EMPTY",
            "building_imcoords": "EMPTY",
            "road_imcoords": "168.539326, 0.000000, 162.640449, 17.415730, 143.258427, 40.730337, 158.988764, 41.011236, 175.842697, 16.011236, 192.134831, 41.011236, 218.308040, 42.455398, 193.483175, 13.509592, 188.493098, 0.00000",
            "image_id": "BLD00129_PS3_K3A_NIA0276.png",
            "ingest_time": "2023-03-02T15:10:41.602602Z",
            "type_id": "5",
            "type_name": "기타 포장 도로"
         }
      },
      {
         "type": "Feature",
         "geometry": {
            "type": "Polygon",
            "coordinates": [
               [
                  31.446936,
                  30.006046,
                  0.0
               ],
               [
                  31.446968,
                  30.00603,
                  0.0
               ],
               [
                  31.447055,
                  30.00601,
                  0.0
               ],
               [
                  31.447588,
                  30.006013,
                  0.0
               ]
            ]
         },
         "properties": {
            "object_imcoords": "EMPTY",
            "building_imcoords": "EMPTY",
            "road_imcoords": "0.000000, 1008.374104, 5.528416, 1011.693969, 20.725451, 1015.883183, 114.352368, 1016.603199, 353.178119, 1024.000000, 1024.000000, 1024.000000, 1024.000000, 1019.061776, 600.126984, 1016.981511, 427.058824, 1012.031393, 41.611384, 1003.666492, 24.927759, 1003.010562, 8.235294, 999.995448, -0.176777, 996.21765",
            "image_id": "BLD00129_PS3_K3A_NIA0276.png",
            "ingest_time": "2023-03-02T15:10:41.602602Z",
            "type_id": "5",
            "type_name": "기타 포장 도로"
         }
      },
      {
         "type": "Feature",
         "geometry": {
            "type": "Polygon",
            "coordinates": [
               [
                  31.446939,
                  30.006019,
                  0.0
               ],
               [
                  31.447045,
                  30.005997,
                  0.0
               ],
               [
                  31.448816,
                  30.00599,
                  0.0
               ],
               [
                  31.446937,
                  30.005968,
                  0.0
               ]
            ]
         },
         "properties": {
            "object_imcoords": "EMPTY",
            "building_imcoords": "EMPTY",
            "road_imcoords": "0.518135, 1013.730570, 18.994207, 1018.369392, 329.508864, 1024.000000, 0.000000, 1024.00000",
            "image_id": "BLD00129_PS3_K3A_NIA0276.png",
            "ingest_time": "2023-03-02T15:10:41.602602Z",
            "type_id": "5",
            "type_name": "기타 포장 도로"
         }
      },
      {
         "type": "Feature",
         "geometry": {
            "type": "Polygon",
            "coordinates": [
               [
                  31.447678,
                  30.006011,
                  0.0
               ],
               [
                  31.447677,
                  30.005995,
                  0.0
               ],
               [
                  31.447736,
                  30.005995,
                  0.0
               ],
               [
                  31.447736,
                  30.006011,
                  0.0
               ]
            ]
         },
         "properties": {
            "object_imcoords": "EMPTY",
            "building_imcoords": "EMPTY",
            "road_imcoords": "130.003671, 1017.232202, 129.792682, 1020.455307, 140.183897, 1020.425293, 140.218701, 1017.23455",
            "image_id": "BLD00129_PS3_K3A_NIA0276.png",
            "ingest_time": "2023-03-02T15:10:41.602602Z",
            "type_id": "5",
            "type_name": "기타 포장 도로"
         }
      },
      {
         "type": "Feature",
         "geometry": {
            "type": "Polygon",
            "coordinates": [
               [
                  31.446937,
                  30.005968,
                  0.0
               ],
               [
                  31.452775,
                  30.006037,
                  0.0
               ],
               [
                  31.452696,
                  30.011118,
                  0.0
               ],
               [
                  31.446858,
                  30.011049,
                  0.0
               ]
            ]
         },
         "properties": {
            "object_imcoords": "EMPTY",
            "building_imcoords": "EMPTY",
            "road_imcoords": "609.666291, 511.157092, 595.454545, 529.720280, 551.185403, 559.321964, 530.069930, 568.181818, 483.566434, 579.370629, 448.951049, 606.643357, 494.755245, 594.755245, 527.972028, 588.111888, 561.828149, 569.193727, 610.839161, 537.412587, 629.888709, 519.618793, 625.204141, 483.06927",
            "image_id": "BLD00129_PS3_K3A_NIA0276.png",
            "ingest_time": "2023-03-02T15:10:41.602602Z",
            "type_id": "5",
            "type_name": "기타 포장 도로"
         }
      },
      {
         "type": "Feature",
         "geometry": {
            "type": "Polygon",
            "coordinates": [
               [
                  31.446937,
                  30.005968,
                  0.0
               ],
               [
                  31.452775,
                  30.006037,
                  0.0
               ],
               [
                  31.452696,
                  30.011118,
                  0.0
               ],
               [
                  31.446858,
                  30.011049,
                  0.0
               ]
            ]
         },
         "properties": {
            "object_imcoords": "EMPTY",
            "building_imcoords": "EMPTY",
            "road_imcoords": "645.707190, 546.443533, 609.090909, 562.587413, 567.482517, 591.258741, 540.559441, 619.930070, 531.118881, 600.699301, 527.923525, 588.160391, 497.419730, 594.297128, 512.587413, 605.944056, 523.076923, 630.419580, 518.881119, 660.489510, 500.027552, 675.472214, 485.731795, 679.074662, 470.979021, 679.020979, 454.465641, 672.672168, 441.608392, 660.839161, 437.412587, 638.461538, 440.091785, 621.450612, 448.951049, 606.293706, 483.759115, 579.611813, 448.251748, 577.272727, 428.671329, 597.902098, 421.694494, 620.291957, 420.279720, 640.209790, 424.960093, 661.651514, 444.609394, 682.952633, 472.329406, 692.537622, 491.366107, 694.810349, 505.937168, 691.590571, 524.164359, 692.940955, 539.510490, 664.685315, 556.643357, 627.272727, 581.118881, 599.650350, 622.377622, 575.524476, 636.201344, 569.607333, 669.667296, 557.29548",
            "image_id": "BLD00129_PS3_K3A_NIA0276.png",
            "ingest_time": "2023-03-02T15:10:41.602602Z",
            "type_id": "5",
            "type_name": "기타 포장 도로"
         }
      },
      {
         "type": "Feature",
         "geometry": {
            "type": "Polygon",
            "coordinates": [
               [
                  31.446883,
                  30.009879,
                  0.0
               ],
               [
                  31.446883,
                  30.009697,
                  0.0
               ],
               [
                  31.446918,
                  30.00689,
                  0.0
               ],
               [
                  31.447125,
                  30.006811,
                  0.0
               ]
            ]
         },
         "properties": {
            "object_imcoords": "EMPTY",
            "building_imcoords": "EMPTY",
            "road_imcoords": "1.248606, 235.835524, 0.724638, 272.463768, -0.812252, 838.176446, 35.202502, 854.534893, 113.218922, 856.113139, 447.559711, 869.509839, 457.655226, 873.844777, 467.074403, 882.690674, 472.804593, 893.646106, 475.778490, 907.951991, 476.506186, 824.794690, 463.586513, 839.488078, 448.381759, 849.154287, 62.936575, 834.006872, 22.135732, 828.715090, 12.024758, 813.850386, 4.486147, 795.127109, 10.897436, 392.948718, 15.625018, 266.70671",
            "image_id": "BLD00129_PS3_K3A_NIA0276.png",
            "ingest_time": "2023-03-02T15:10:41.602602Z",
            "type_id": "5",
            "type_name": "기타 포장 도로"
         }
      },
      {
         "type": "Feature",
         "geometry": {
            "type": "Polygon",
            "coordinates": [
               [
                  31.449446,
                  30.00769,
                  0.0
               ],
               [
                  31.449529,
                  30.007568,
                  0.0
               ],
               [
                  31.449596,
                  30.007454,
                  0.0
               ],
               [
                  31.449638,
                  30.007297,
                  0.0
               ]
            ]
         },
         "properties": {
            "object_imcoords": "EMPTY",
            "building_imcoords": "EMPTY",
            "road_imcoords": "444.678872, 682.964470, 458.911245, 707.814425, 470.401519, 730.836314, 477.264121, 762.677690, 475.172414, 962.068966, 474.292128, 976.790430, 471.126761, 990.140845, 461.353578, 1004.828730, 437.432403, 1012.442564, 491.143066, 1013.841424, 492.630261, 845.171016, 490.974014, 760.593545, 489.853301, 743.842607, 484.162425, 727.548686, 473.932359, 708.839066, 468.500966, 691.271986, 445.583541, 683.00829",
            "image_id": "BLD00129_PS3_K3A_NIA0276.png",
            "ingest_time": "2023-03-02T15:10:41.602602Z",
            "type_id": "5",
            "type_name": "기타 포장 도로"
         }
      },
      {
         "type": "Feature",
         "geometry": {
            "type": "Polygon",
            "coordinates": [
               [
                  31.449795,
                  30.007651,
                  0.0
               ],
               [
                  31.449794,
                  30.007384,
                  0.0
               ],
               [
                  31.449781,
                  30.006881,
                  0.0
               ],
               [
                  31.449729,
                  30.006884,
                  0.0
               ]
            ]
         },
         "properties": {
            "object_imcoords": "EMPTY",
            "building_imcoords": "EMPTY",
            "road_imcoords": "505.877436, 691.792531, 504.929577, 745.422535, 501.307712, 846.802872, 492.225930, 846.094964, 492.051723, 880.827485, 502.471623, 880.615340, 498.883158, 1014.266142, 541.533992, 1015.430274, 522.189994, 1005.812441, 515.957387, 997.607112, 513.380282, 989.084507, 515.166847, 722.843517, 524.004124, 693.60753",
            "image_id": "BLD00129_PS3_K3A_NIA0276.png",
            "ingest_time": "2023-03-02T15:10:41.602602Z",
            "type_id": "5",
            "type_name": "기타 포장 도로"
         }
      },
      {
         "type": "Feature",
         "geometry": {
            "type": "Polygon",
            "coordinates": [
               [
                  31.446937,
                  30.005968,
                  0.0
               ],
               [
                  31.452775,
                  30.006037,
                  0.0
               ],
               [
                  31.452696,
                  30.011118,
                  0.0
               ],
               [
                  31.446858,
                  30.011049,
                  0.0
               ]
            ]
         },
         "properties": {
            "object_imcoords": "EMPTY",
            "building_imcoords": "EMPTY",
            "road_imcoords": "536.055984, 847.181867, 1024.000000, 851.254395, 1024.000000, 884.815155, 539.026897, 871.800421, 524.300273, 881.451684, 514.257201, 894.615610, 514.059672, 823.181557, 523.008774, 836.64532",
            "image_id": "BLD00129_PS3_K3A_NIA0276.png",
            "ingest_time": "2023-03-02T15:10:41.602602Z",
            "type_id": "5",
            "type_name": "기타 포장 도로"
         }
      },
      {
         "type": "Feature",
         "geometry": {
            "type": "Polygon",
            "coordinates": [
               [
                  31.446937,
                  30.005968,
                  0.0
               ],
               [
                  31.452775,
                  30.006037,
                  0.0
               ],
               [
                  31.452696,
                  30.011118,
                  0.0
               ],
               [
                  31.446858,
                  30.011049,
                  0.0
               ]
            ]
         },
         "properties": {
            "object_imcoords": "EMPTY",
            "building_imcoords": "EMPTY",
            "road_imcoords": "643.100454, 824.350858, 647.535211, 718.661972, 656.456646, 703.405566, 672.556288, 691.020443, 689.014841, 682.224424, 707.626855, 682.042254, 1024.000000, 689.654047, 1024.000000, 703.607206, 922.529678, 703.021891, 912.633186, 713.275339, 904.813657, 729.887195, 903.454515, 811.820738, 908.067436, 838.070199, 923.753665, 850.371161, 873.294558, 849.849359, 884.494407, 841.154064, 891.171063, 821.732181, 894.868301, 727.318392, 888.516049, 711.147064, 877.895994, 701.652502, 702.618934, 695.258369, 679.762617, 705.510933, 664.084507, 720.070423, 660.456982, 829.435612, 672.243790, 848.246154, 622.936998, 847.120737, 635.653224, 837.78485",
            "image_id": "BLD00129_PS3_K3A_NIA0276.png",
            "ingest_time": "2023-03-02T15:10:41.602602Z",
            "type_id": "5",
            "type_name": "기타 포장 도로"
         }
      },
      {
         "type": "Feature",
         "geometry": {
            "type": "Polygon",
            "coordinates": [
               [
                  31.446937,
                  30.005968,
                  0.0
               ],
               [
                  31.452775,
                  30.006037,
                  0.0
               ],
               [
                  31.452696,
                  30.011118,
                  0.0
               ],
               [
                  31.446858,
                  30.011049,
                  0.0
               ]
            ]
         },
         "properties": {
            "object_imcoords": "EMPTY",
            "building_imcoords": "EMPTY",
            "road_imcoords": "43.220059, 744.823312, 280.854014, 755.099016, 296.209814, 756.699685, 313.719077, 761.889457, 326.921415, 774.795802, 333.663366, 788.778878, 337.200906, 802.689771, 336.431522, 818.754126, 319.147306, 843.929361, 366.027661, 846.476287, 353.418664, 826.296128, 352.984081, 803.684369, 347.524752, 782.508251, 339.642124, 768.698439, 328.170392, 757.759910, 300.920004, 742.343238, 36.994134, 730.810696, 7.548320, 725.779530, 4.662901, 769.571538, 21.429107, 753.60832",
            "image_id": "BLD00129_PS3_K3A_NIA0276.png",
            "ingest_time": "2023-03-02T15:10:41.602602Z",
            "type_id": "5",
            "type_name": "기타 포장 도로"
         }
      },
      {
         "type": "Feature",
         "geometry": {
            "type": "Polygon",
            "coordinates": [
               [
                  31.446937,
                  30.005968,
                  0.0
               ],
               [
                  31.452775,
                  30.006037,
                  0.0
               ],
               [
                  31.452696,
                  30.011118,
                  0.0
               ],
               [
                  31.446858,
                  30.011049,
                  0.0
               ]
            ]
         },
         "properties": {
            "object_imcoords": "EMPTY",
            "building_imcoords": "EMPTY",
            "road_imcoords": "447.524752, 576.897690, 26.754633, 563.383506, 9.690564, 538.570266, 10.048199, 581.353752, 435.313531, 589.76897",
            "image_id": "BLD00129_PS3_K3A_NIA0276.png",
            "ingest_time": "2023-03-02T15:10:41.602602Z",
            "type_id": "5",
            "type_name": "기타 포장 도로"
         }
      },
      {
         "type": "Feature",
         "geometry": {
            "type": "Polygon",
            "coordinates": [
               [
                  31.446937,
                  30.005968,
                  0.0
               ],
               [
                  31.452775,
                  30.006037,
                  0.0
               ],
               [
                  31.452696,
                  30.011118,
                  0.0
               ],
               [
                  31.446858,
                  30.011049,
                  0.0
               ]
            ]
         },
         "properties": {
            "object_imcoords": "EMPTY",
            "building_imcoords": "EMPTY",
            "road_imcoords": "420.741471, 641.228976, 382.178218, 616.171617, 344.224422, 603.630363, 321.452145, 600.660066, 8.580858, 590.429043, 8.434243, 631.075899, 31.284276, 599.944789, 322.112211, 612.211221, 344.554455, 616.501650, 381.188119, 633.993399, 424.473359, 661.36098",
            "image_id": "BLD00129_PS3_K3A_NIA0276.png",
            "ingest_time": "2023-03-02T15:10:41.602602Z",
            "type_id": "5",
            "type_name": "기타 포장 도로"
         }
      },
      {
         "type": "Feature",
         "geometry": {
            "type": "Polygon",
            "coordinates": [
               [
                  31.446937,
                  30.005968,
                  0.0
               ],
               [
                  31.452775,
                  30.006037,
                  0.0
               ],
               [
                  31.452696,
                  30.011118,
                  0.0
               ],
               [
                  31.446858,
                  30.011049,
                  0.0
               ]
            ]
         },
         "properties": {
            "object_imcoords": "EMPTY",
            "building_imcoords": "EMPTY",
            "road_imcoords": "15.653049, 266.666667, 31.117823, 248.894161, 52.572215, 236.330058, 141.874311, 241.490037, 156.389293, 250.391941, 163.348101, 261.812569, 161.523691, 392.014453, 158.722442, 404.379603, 153.717310, 416.115071, 144.651567, 427.307227, 190.432712, 428.597222, 176.848174, 413.964794, 174.283056, 392.091034, 177.385068, 259.078560, 188.853551, 249.086201, 206.618845, 243.501611, 318.476842, 246.265396, 330.643004, 254.573780, 335.252992, 264.771208, 332.779068, 408.146188, 324.683124, 420.376892, 309.660688, 430.088872, 368.310941, 430.355635, 351.039666, 417.895394, 346.182115, 407.572347, 347.486452, 271.341771, 354.457918, 256.009967, 363.993084, 248.644560, 724.615385, 252.640291, 1024.000000, 254.699593, 1024.000000, 231.317154, 196.605771, 217.141480, 126.209454, 214.293024, 70.581457, 212.572062, 49.001355, 212.067513, 28.139073, 216.587709, 1.435641, 236.99245",
            "image_id": "BLD00129_PS3_K3A_NIA0276.png",
            "ingest_time": "2023-03-02T15:10:41.602602Z",
            "type_id": "5",
            "type_name": "기타 포장 도로"
         }
      },
      {
         "type": "Feature",
         "geometry": {
            "type": "Polygon",
            "coordinates": [
               [
                  31.446937,
                  30.005968,
                  0.0
               ],
               [
                  31.452775,
                  30.006037,
                  0.0
               ],
               [
                  31.452696,
                  30.011118,
                  0.0
               ],
               [
                  31.446858,
                  30.011049,
                  0.0
               ]
            ]
         },
         "properties": {
            "object_imcoords": "EMPTY",
            "building_imcoords": "EMPTY",
            "road_imcoords": "810.254648, 266.351632, 812.820513, 345.128205, 817.205949, 362.732103, 829.230769, 379.487179, 866.495433, 399.498685, 1024.000000, 405.485721, 1024.000000, 380.503970, 876.249596, 376.742992, 849.761211, 363.751244, 835.404880, 338.457113, 833.351836, 266.526407, 851.519293, 253.747550, 795.946928, 252.94422",
            "image_id": "BLD00129_PS3_K3A_NIA0276.png",
            "ingest_time": "2023-03-02T15:10:41.602602Z",
            "type_id": "5",
            "type_name": "기타 포장 도로"
         }
      },
      {
         "type": "Feature",
         "geometry": {
            "type": "Polygon",
            "coordinates": [
               [
                  31.446937,
                  30.005968,
                  0.0
               ],
               [
                  31.452775,
                  30.006037,
                  0.0
               ],
               [
                  31.452696,
                  30.011118,
                  0.0
               ],
               [
                  31.446858,
                  30.011049,
                  0.0
               ]
            ]
         },
         "properties": {
            "object_imcoords": "EMPTY",
            "building_imcoords": "EMPTY",
            "road_imcoords": "985.468030, 273.029803, 983.074280, 360.468570, 967.015818, 378.962190, 1014.379443, 380.288579, 998.635416, 361.154396, 1001.034452, 274.573575, 1024.000000, 254.109644, 964.665290, 254.15178",
            "image_id": "BLD00129_PS3_K3A_NIA0276.png",
            "ingest_time": "2023-03-02T15:10:41.602602Z",
            "type_id": "5",
            "type_name": "기타 포장 도로"
         }
      },
      {
         "type": "Feature",
         "geometry": {
            "type": "Polygon",
            "coordinates": [
               [
                  31.446937,
                  30.005968,
                  0.0
               ],
               [
                  31.452775,
                  30.006037,
                  0.0
               ],
               [
                  31.452696,
                  30.011118,
                  0.0
               ],
               [
                  31.446858,
                  30.011049,
                  0.0
               ]
            ]
         },
         "properties": {
            "object_imcoords": "EMPTY",
            "building_imcoords": "EMPTY",
            "road_imcoords": "27.021438, 445.084645, 491.464631, 451.401154, 516.232106, 438.287147, 528.795194, 419.827599, 535.061470, 399.479007, 539.021072, 263.076402, 553.912022, 250.982914, 493.920373, 250.227976, 509.757526, 265.705936, 511.946903, 402.654867, 506.934998, 418.039486, 492.477876, 429.646018, 469.911504, 431.858407, 23.658013, 426.069334, 9.960711, 415.748551, 9.464509, 463.40805",
            "image_id": "BLD00129_PS3_K3A_NIA0276.png",
            "ingest_time": "2023-03-02T15:10:41.602602Z",
            "type_id": "5",
            "type_name": "기타 포장 도로"
         }
      },
      {
         "type": "Feature",
         "geometry": {
            "type": "Polygon",
            "coordinates": [
               [
                  31.446937,
                  30.005968,
                  0.0
               ],
               [
                  31.452775,
                  30.006037,
                  0.0
               ],
               [
                  31.452696,
                  30.011118,
                  0.0
               ],
               [
                  31.446858,
                  30.011049,
                  0.0
               ]
            ]
         },
         "properties": {
            "object_imcoords": "EMPTY",
            "building_imcoords": "EMPTY",
            "road_imcoords": "138.127858, 86.975877, 151.910512, 100.561871, 162.117338, 124.875347, 159.679167, 189.672705, 147.583643, 203.828418, 126.386012, 214.083229, 154.617992, 215.314558, 165.569850, 202.417827, 165.731332, 215.162948, 181.679387, 215.652857, 181.804480, 202.049144, 190.908885, 215.988103, 224.742783, 218.407702, 201.785057, 204.828922, 188.161459, 189.255560, 190.078309, 122.926250, 201.900772, 97.847196, 216.973987, 87.071453, 196.611056, 86.235580, 185.342774, 103.825069, 176.024943, 125.315461, 167.964803, 103.721848, 156.653910, 85.704062, 137.638627, 85.20220",
            "image_id": "BLD00129_PS3_K3A_NIA0276.png",
            "ingest_time": "2023-03-02T15:10:41.602602Z",
            "type_id": "5",
            "type_name": "기타 포장 도로"
         }
      },
      {
         "type": "Feature",
         "geometry": {
            "type": "Polygon",
            "coordinates": [
               [
                  31.452739,
                  30.008336,
                  0.0
               ],
               [
                  31.452738,
                  30.008399,
                  0.0
               ],
               [
                  31.451608,
                  30.008402,
                  0.0
               ],
               [
                  31.451358,
                  30.008402,
                  0.0
               ]
            ]
         },
         "properties": {
            "object_imcoords": "EMPTY",
            "building_imcoords": "EMPTY",
            "road_imcoords": "1024.000000, 560.709147, 1024.000000, 548.055229, 825.879019, 544.680851, 782.012105, 544.118455, 733.586109, 542.080171, 737.546170, 536.792878, 741.238370, 527.527763, 747.987126, 505.313108, 749.674315, 496.595964, 779.200123, 512.905458, 813.506299, 527.527763, 836.564549, 534.838915, 871.714320, 537.650897, 1024.000000, 540.744077, 1024.000000, 529.117756, 865.043591, 527.482777, 843.385930, 524.154092, 823.821978, 517.894214, 794.666022, 503.907117, 764.015422, 481.411263, 738.426389, 460.040203, 715.368139, 426.858819, 699.902240, 396.208218, 694.278276, 368.369600, 688.531076, 333.399578, 687.170022, 312.219841, 688.091917, 291.040104, 698.215051, 269.950241, 726.053669, 251.953558, 677.406386, 252.234757, 676.000395, 325.627478, 677.687584, 357.121673, 681.624359, 387.209877, 688.294815, 410.836311, 700.183438, 436.419556, 684.998737, 435.857160, 663.065280, 440.918727, 667.283252, 422.078450, 669.532838, 382.429508, 668.970441, 336.313009, 668.970441, 251.953558, 622.291545, 251.672360, 642.819012, 261.514296, 655.472929, 275.574204, 657.126756, 296.855391, 657.542085, 392.087611, 655.792937, 417.200377, 650.130164, 440.356331, 636.632652, 465.101770, 625.586216, 482.288013, 630.099591, 519.356769, 636.109678, 530.875060, 645.789368, 546.445362, 672.382035, 557.967377, 694.548476, 556.400052, 692.309442, 539.607294, 680.218656, 540.055101, 666.560546, 538.039970, 657.380505, 529.307736, 649.319981, 513.186688, 647.752657, 497.513447, 650.663401, 480.496786, 660.962960, 466.390869, 674.844973, 457.434731, 693.205055, 454.523987, 712.012944, 458.106442, 720.297372, 466.166965, 728.805703, 480.272882, 731.492544, 495.946123, 727.686185, 514.754012, 717.162724, 530.203350, 704.848034, 536.472646, 691.978859, 539.516732, 694.800838, 556.512177, 725.535850, 556.831527, 822.102179, 556.16003",
            "image_id": "BLD00129_PS3_K3A_NIA0276.png",
            "ingest_time": "2023-03-02T15:10:41.602602Z",
            "type_id": "5",
            "type_name": "기타 포장 도로"
         }
      },
      {
         "type": "Feature",
         "geometry": {
            "type": "Polygon",
            "coordinates": [
               [
                  31.451033,
                  30.008017,
                  0.0
               ],
               [
                  31.451034,
                  30.008326,
                  0.0
               ],
               [
                  31.451074,
                  30.008326,
                  0.0
               ],
               [
                  31.451073,
                  30.008016,
                  0.0
               ]
            ]
         },
         "properties": {
            "object_imcoords": "EMPTY",
            "building_imcoords": "EMPTY",
            "road_imcoords": "723.965775, 620.939833, 724.901273, 558.575434, 731.900485, 558.680426, 730.963424, 621.149034, 730.041966, 682.581551, 723.043705, 682.41317",
            "image_id": "BLD00129_PS3_K3A_NIA0276.png",
            "ingest_time": "2023-03-02T15:10:41.602602Z",
            "type_id": "6",
            "type_name": "보도"
         }
      },
      {
         "type": "Feature",
         "geometry": {
            "type": "Polygon",
            "coordinates": [
               [
                  31.452567,
                  30.00802,
                  0.0
               ],
               [
                  31.452575,
                  30.008337,
                  0.0
               ],
               [
                  31.452614,
                  30.008337,
                  0.0
               ],
               [
                  31.452607,
                  30.008018,
                  0.0
               ]
            ]
         },
         "properties": {
            "object_imcoords": "EMPTY",
            "building_imcoords": "EMPTY",
            "road_imcoords": "992.983896, 623.987009, 995.156190, 560.059245, 1002.154871, 560.216937, 999.975820, 624.343557, 997.793269, 688.573148, 990.797307, 688.33542",
            "image_id": "BLD00129_PS3_K3A_NIA0276.png",
            "ingest_time": "2023-03-02T15:10:41.602602Z",
            "type_id": "6",
            "type_name": "보도"
         }
      },
      {
         "type": "Feature",
         "geometry": {
            "type": "Polygon",
            "coordinates": [
               [
                  31.451869,
                  30.008805,
                  0.0
               ],
               [
                  31.451869,
                  30.009122,
                  0.0
               ],
               [
                  31.45192,
                  30.009122,
                  0.0
               ],
               [
                  31.45192,
                  30.008807,
                  0.0
               ]
            ]
         },
         "properties": {
            "object_imcoords": "EMPTY",
            "building_imcoords": "EMPTY",
            "road_imcoords": "872.640870, 464.148458, 873.580198, 400.272090, 882.579226, 400.404424, 881.646117, 463.857829, 880.723213, 526.613196, 871.723601, 526.52062",
            "image_id": "BLD00129_PS3_K3A_NIA0276.png",
            "ingest_time": "2023-03-02T15:10:41.602602Z",
            "type_id": "6",
            "type_name": "보도"
         }
      },
      {
         "type": "Feature",
         "geometry": {
            "type": "Polygon",
            "coordinates": [
               [
                  31.449891,
                  30.008585,
                  0.0
               ],
               [
                  31.44972,
                  30.008848,
                  0.0
               ],
               [
                  31.449765,
                  30.00887,
                  0.0
               ],
               [
                  31.449937,
                  30.008605,
                  0.0
               ]
            ]
         },
         "properties": {
            "object_imcoords": "EMPTY",
            "building_imcoords": "EMPTY",
            "road_imcoords": "525.246178, 503.809041, 496.007617, 450.308717, 503.905164, 445.992614, 533.338173, 499.848735, 561.918640, 552.144913, 554.407247, 557.16759",
            "image_id": "BLD00129_PS3_K3A_NIA0276.png",
            "ingest_time": "2023-03-02T15:10:41.602602Z",
            "type_id": "6",
            "type_name": "보도"
         }
      },
      {
         "type": "Feature",
         "geometry": {
            "type": "Polygon",
            "coordinates": [
               [
                  31.448517,
                  30.008533,
                  0.0
               ],
               [
                  31.44852,
                  30.00884,
                  0.0
               ],
               [
                  31.448571,
                  30.00884,
                  0.0
               ],
               [
                  31.448568,
                  30.008537,
                  0.0
               ]
            ]
         },
         "properties": {
            "object_imcoords": "EMPTY",
            "building_imcoords": "EMPTY",
            "road_imcoords": "284.078611, 510.948965, 285.394359, 449.108379, 294.392323, 449.299824, 293.096438, 510.206858, 291.783889, 571.895646, 282.788000, 571.60671",
            "image_id": "BLD00129_PS3_K3A_NIA0276.png",
            "ingest_time": "2023-03-02T15:10:41.602602Z",
            "type_id": "6",
            "type_name": "보도"
         }
      },
      {
         "type": "Feature",
         "geometry": {
            "type": "Polygon",
            "coordinates": [
               [
                  31.449158,
                  30.009707,
                  0.0
               ],
               [
                  31.449047,
                  30.009706,
                  0.0
               ],
               [
                  31.449042,
                  30.009832,
                  0.0
               ],
               [
                  31.449065,
                  30.009833,
                  0.0
               ]
            ]
         },
         "properties": {
            "object_imcoords": "EMPTY",
            "building_imcoords": "EMPTY",
            "road_imcoords": "399.760852, 275.844025, 380.181021, 275.844025, 379.734744, 250.406757, 383.734128, 250.336591, 384.111460, 271.844025, 395.828076, 271.844025, 396.206555, 249.514186, 400.205981, 249.58197",
            "image_id": "BLD00129_PS3_K3A_NIA0276.png",
            "ingest_time": "2023-03-02T15:10:41.602602Z",
            "type_id": "6",
            "type_name": "보도"
         }
      },
      {
         "type": "Feature",
         "geometry": {
            "type": "Polygon",
            "coordinates": [
               [
                  31.449155,
                  30.01029,
                  0.0
               ],
               [
                  31.449152,
                  30.010601,
                  0.0
               ],
               [
                  31.449209,
                  30.010601,
                  0.0
               ],
               [
                  31.449212,
                  30.01029,
                  0.0
               ]
            ]
         },
         "properties": {
            "object_imcoords": "EMPTY",
            "building_imcoords": "EMPTY",
            "road_imcoords": "400.792775, 158.439848, 401.161250, 95.798089, 411.161077, 95.856910, 410.792430, 158.528047, 410.426102, 220.804845, 400.426937, 220.63353",
            "image_id": "BLD00129_PS3_K3A_NIA0276.png",
            "ingest_time": "2023-03-02T15:10:41.602602Z",
            "type_id": "6",
            "type_name": "보도"
         }
      },
      {
         "type": "Feature",
         "geometry": {
            "type": "Polygon",
            "coordinates": [
               [
                  31.452228,
                  30.01029,
                  0.0
               ],
               [
                  31.452228,
                  30.010613,
                  0.0
               ],
               [
                  31.452285,
                  30.010614,
                  0.0
               ],
               [
                  31.452285,
                  30.01029,
                  0.0
               ]
            ]
         },
         "properties": {
            "object_imcoords": "EMPTY",
            "building_imcoords": "EMPTY",
            "road_imcoords": "939.699973, 165.697386, 940.594493, 100.666276, 950.593495, 100.458918, 949.697976, 165.909395, 948.803456, 229.197083, 938.804454, 229.05575",
            "image_id": "BLD00129_PS3_K3A_NIA0276.png",
            "ingest_time": "2023-03-02T15:10:41.602602Z",
            "type_id": "6",
            "type_name": "보도"
         }
      },
      {
         "type": "Feature",
         "geometry": {
            "type": "Polygon",
            "coordinates": [
               [
                  31.450827,
                  30.007228,
                  0.0
               ],
               [
                  31.450831,
                  30.007316,
                  0.0
               ],
               [
                  31.450697,
                  30.007317,
                  0.0
               ],
               [
                  31.450695,
                  30.007341,
                  0.0
               ]
            ]
         },
         "properties": {
            "object_imcoords": "EMPTY",
            "building_imcoords": "EMPTY",
            "road_imcoords": "685.704311, 779.379582, 686.561183, 761.670254, 663.045806, 761.203639, 662.730643, 756.395103, 690.748143, 757.902988, 689.512974, 783.430721, 661.995085, 783.063808, 662.127713, 779.06522",
            "image_id": "BLD00129_PS3_K3A_NIA0276.png",
            "ingest_time": "2023-03-02T15:10:41.602602Z",
            "type_id": "6",
            "type_name": "보도"
         }
      },
      {
         "type": "Feature",
         "geometry": {
            "type": "Polygon",
            "coordinates": [
               [
                  31.451821,
                  30.00701,
                  0.0
               ],
               [
                  31.451726,
                  30.007012,
                  0.0
               ],
               [
                  31.451722,
                  30.006892,
                  0.0
               ],
               [
                  31.451699,
                  30.006893,
                  0.0
               ]
            ]
         },
         "properties": {
            "object_imcoords": "EMPTY",
            "building_imcoords": "EMPTY",
            "road_imcoords": "859.455571, 825.707945, 842.731863, 824.964686, 841.669283, 849.190787, 837.673125, 849.015512, 838.911082, 820.790929, 863.595820, 821.888003, 862.604233, 849.405215, 858.606827, 849.26116",
            "image_id": "BLD00129_PS3_K3A_NIA0276.png",
            "ingest_time": "2023-03-02T15:10:41.602602Z",
            "type_id": "6",
            "type_name": "보도"
         }
      },
      {
         "type": "Feature",
         "geometry": {
            "type": "Polygon",
            "coordinates": [
               [
                  31.451495,
                  30.006392,
                  0.0
               ],
               [
                  31.451491,
                  30.006735,
                  0.0
               ],
               [
                  31.451537,
                  30.006736,
                  0.0
               ],
               [
                  31.45154,
                  30.006392,
                  0.0
               ]
            ]
         },
         "properties": {
            "object_imcoords": "EMPTY",
            "building_imcoords": "EMPTY",
            "road_imcoords": "800.466733, 949.363086, 800.845580, 880.230461, 808.845460, 880.274300, 808.466372, 949.450879, 808.090771, 1018.002146, 800.090866, 1017.96288",
            "image_id": "BLD00129_PS3_K3A_NIA0276.png",
            "ingest_time": "2023-03-02T15:10:41.602602Z",
            "type_id": "6",
            "type_name": "보도"
         }
      },
      {
         "type": "Feature",
         "geometry": {
            "type": "Polygon",
            "coordinates": [
               [
                  31.447809,
                  30.006431,
                  0.0
               ],
               [
                  31.447815,
                  30.006798,
                  0.0
               ],
               [
                  31.447877,
                  30.006799,
                  0.0
               ],
               [
                  31.447861,
                  30.006431,
                  0.0
               ]
            ]
         },
         "properties": {
            "object_imcoords": "EMPTY",
            "building_imcoords": "EMPTY",
            "road_imcoords": "154.139684, 932.825682, 156.193560, 858.803460, 167.065922, 858.795643, 163.354657, 933.019724, 160.907935, 1006.255441, 152.906495, 1006.08179",
            "image_id": "BLD00129_PS3_K3A_NIA0276.png",
            "ingest_time": "2023-03-02T15:10:41.602602Z",
            "type_id": "6",
            "type_name": "보도"
         }
      },
      {
         "type": "Feature",
         "geometry": {
            "type": "Polygon",
            "coordinates": [
               [
                  31.448648,
                  30.006998,
                  0.0
               ],
               [
                  31.448558,
                  30.006998,
                  0.0
               ],
               [
                  31.44856,
                  30.006893,
                  0.0
               ],
               [
                  31.448531,
                  30.006892,
                  0.0
               ]
            ]
         },
         "properties": {
            "object_imcoords": "EMPTY",
            "building_imcoords": "EMPTY",
            "road_imcoords": "302.880537, 820.562325, 287.075775, 820.274937, 287.075775, 841.601624, 282.075775, 841.601624, 282.075775, 815.183193, 307.953264, 815.653739, 307.541994, 843.619496, 302.544342, 843.42309",
            "image_id": "BLD00129_PS3_K3A_NIA0276.png",
            "ingest_time": "2023-03-02T15:10:41.602602Z",
            "type_id": "6",
            "type_name": "보도"
         }
      },
      {
         "type": "Feature",
         "geometry": {
            "type": "Polygon",
            "coordinates": [
               [
                  31.448654,
                  30.007208,
                  0.0
               ],
               [
                  31.448524,
                  30.007209,
                  0.0
               ],
               [
                  31.448522,
                  30.007317,
                  0.0
               ],
               [
                  31.448551,
                  30.007317,
                  0.0
               ]
            ]
         },
         "properties": {
            "object_imcoords": "EMPTY",
            "building_imcoords": "EMPTY",
            "road_imcoords": "304.506531, 778.221731, 281.696869, 777.736370, 281.696869, 755.963623, 286.696869, 755.963623, 286.696869, 772.841633, 299.506531, 773.114206, 299.506531, 758.237183, 301.397026, 758.237183, 304.506531, 759.15884",
            "image_id": "BLD00129_PS3_K3A_NIA0276.png",
            "ingest_time": "2023-03-02T15:10:41.602602Z",
            "type_id": "6",
            "type_name": "보도"
         }
      },
      {
         "type": "Feature",
         "geometry": {
            "type": "Polygon",
            "coordinates": [
               [
                  31.448498,
                  30.007712,
                  0.0
               ],
               [
                  31.4485,
                  30.008032,
                  0.0
               ],
               [
                  31.448568,
                  30.008032,
                  0.0
               ],
               [
                  31.448567,
                  30.007711,
                  0.0
               ]
            ]
         },
         "properties": {
            "object_imcoords": "EMPTY",
            "building_imcoords": "EMPTY",
            "road_imcoords": "278.578561, 676.366891, 279.713514, 611.865023, 291.711657, 612.076139, 290.572989, 676.789115, 289.438067, 741.290980, 277.439924, 741.07987",
            "image_id": "BLD00129_PS3_K3A_NIA0276.png",
            "ingest_time": "2023-03-02T15:10:41.602602Z",
            "type_id": "6",
            "type_name": "보도"
         }
      },
      {
         "type": "Feature",
         "geometry": {
            "type": "Polygon",
            "coordinates": [
               [
                  31.44936,
                  30.009041,
                  0.0
               ],
               [
                  31.449293,
                  30.009043,
                  0.0
               ],
               [
                  31.449292,
                  30.008938,
                  0.0
               ],
               [
                  31.449258,
                  30.008938,
                  0.0
               ]
            ]
         },
         "properties": {
            "object_imcoords": "EMPTY",
            "building_imcoords": "EMPTY",
            "road_imcoords": "433.287046, 410.645173, 421.635497, 410.009623, 421.077191, 431.224898, 415.077162, 431.147062, 415.799928, 403.682394, 439.442568, 404.972015, 438.726831, 431.453860, 432.726743, 431.37602",
            "image_id": "BLD00129_PS3_K3A_NIA0276.png",
            "ingest_time": "2023-03-02T15:10:41.602602Z",
            "type_id": "6",
            "type_name": "보도"
         }
      },
      {
         "type": "Feature",
         "geometry": {
            "type": "Polygon",
            "coordinates": [
               [
                  31.452046,
                  30.009337,
                  0.0
               ],
               [
                  31.451971,
                  30.009337,
                  0.0
               ],
               [
                  31.451974,
                  30.009242,
                  0.0
               ],
               [
                  31.451945,
                  30.009241,
                  0.0
               ]
            ]
         },
         "properties": {
            "object_imcoords": "EMPTY",
            "building_imcoords": "EMPTY",
            "road_imcoords": "905.236828, 357.324371, 891.951819, 357.091319, 892.234715, 376.327893, 887.235256, 376.401416, 886.876428, 352.001515, 910.169056, 352.410126, 910.519134, 377.615321, 905.516883, 377.48798",
            "image_id": "BLD00129_PS3_K3A_NIA0276.png",
            "ingest_time": "2023-03-02T15:10:41.602602Z",
            "type_id": "6",
            "type_name": "보도"
         }
      },
      {
         "type": "Feature",
         "geometry": {
            "type": "Polygon",
            "coordinates": [
               [
                  31.452375,
                  30.009721,
                  0.0
               ],
               [
                  31.452237,
                  30.009719,
                  0.0
               ],
               [
                  31.452232,
                  30.009854,
                  0.0
               ],
               [
                  31.452266,
                  30.009854,
                  0.0
               ]
            ]
         },
         "properties": {
            "object_imcoords": "EMPTY",
            "building_imcoords": "EMPTY",
            "road_imcoords": "964.008876, 280.682556, 939.638012, 280.682556, 939.215963, 253.582151, 945.174075, 253.691925, 944.431202, 275.682556, 959.204869, 275.682556, 960.061740, 254.259797, 964.820389, 254.292529, 965.055881, 254.50623",
            "image_id": "BLD00129_PS3_K3A_NIA0276.png",
            "ingest_time": "2023-03-02T15:10:41.602602Z",
            "type_id": "6",
            "type_name": "보도"
         }
      },
      {
         "type": "Feature",
         "geometry": {
            "type": "Polygon",
            "coordinates": [
               [
                  31.447703,
                  30.009036,
                  0.0
               ],
               [
                  31.447635,
                  30.009037,
                  0.0
               ],
               [
                  31.44763,
                  30.008937,
                  0.0
               ],
               [
                  31.44762,
                  30.008937,
                  0.0
               ]
            ]
         },
         "properties": {
            "object_imcoords": "EMPTY",
            "building_imcoords": "EMPTY",
            "road_imcoords": "142.763762, 407.615557, 130.782712, 407.289113, 129.593575, 427.443595, 127.954983, 427.422338, 124.597408, 427.235806, 125.589481, 402.128490, 148.119386, 403.277143, 146.404393, 425.143268, 144.651567, 427.307227, 146.231179, 427.351736, 146.207071, 427.659115, 141.196813, 427.59411",
            "image_id": "BLD00129_PS3_K3A_NIA0276.png",
            "ingest_time": "2023-03-02T15:10:41.602602Z",
            "type_id": "6",
            "type_name": "보도"
         }
      },
      {
         "type": "Feature",
         "geometry": {
            "type": "Polygon",
            "coordinates": [
               [
                  31.447138,
                  30.009742,
                  0.0
               ],
               [
                  31.447082,
                  30.00964,
                  0.0
               ],
               [
                  31.446967,
                  30.009676,
                  0.0
               ],
               [
                  31.446977,
                  30.0097,
                  0.0
               ]
            ]
         },
         "properties": {
            "object_imcoords": "EMPTY",
            "building_imcoords": "EMPTY",
            "road_imcoords": "45.541037, 263.975235, 35.492661, 284.385999, 15.372191, 276.840823, 17.127809, 272.159177, 33.007339, 278.114001, 38.958963, 266.024765, 24.030447, 257.682359, 25.035067, 255.884616, 27.007259, 253.61812",
            "image_id": "BLD00129_PS3_K3A_NIA0276.png",
            "ingest_time": "2023-03-02T15:10:41.602602Z",
            "type_id": "6",
            "type_name": "보도"
         }
      }
   ]
}