{
   "type": "FeatureCollection",
   "features": [
      {
         "type": "Feature",
         "geometry": {
            "type": "Polygon",
            "coordinates": [
               [
                  31.353622,
                  29.999752,
                  0.0
               ],
               [
                  31.359459,
                  29.999825,
                  0.0
               ],
               [
                  31.359375,
                  30.004906,
                  0.0
               ],
               [
                  31.353538,
                  30.004833,
                  0.0
               ]
            ]
         },
         "properties": {
            "object_imcoords": "EMPTY",
            "building_imcoords": "EMPTY",
            "road_imcoords": "795.132743, 1024.000000, 1024.000000, 923.008850, 1024.000000, 934.513274, 814.601770, 1024.00000",
            "image_id": "BLD00138_PS3_K3A_NIA0276.png",
            "ingest_time": "2023-03-02T15:10:41.602602Z",
            "type_id": "5",
            "type_name": "기타 포장 도로"
         }
      },
      {
         "type": "Feature",
         "geometry": {
            "type": "Polygon",
            "coordinates": [
               [
                  31.353622,
                  29.999752,
                  0.0
               ],
               [
                  31.359459,
                  29.999825,
                  0.0
               ],
               [
                  31.359375,
                  30.004906,
                  0.0
               ],
               [
                  31.353538,
                  30.004833,
                  0.0
               ]
            ]
         },
         "properties": {
            "object_imcoords": "EMPTY",
            "building_imcoords": "EMPTY",
            "road_imcoords": "0.000000, 264.130435, 147.826087, 781.521739, 213.043478, 1024.000000, 232.608696, 1024.000000, 0.000000, 220.65217",
            "image_id": "BLD00138_PS3_K3A_NIA0276.png",
            "ingest_time": "2023-03-02T15:10:41.602602Z",
            "type_id": "5",
            "type_name": "기타 포장 도로"
         }
      },
      {
         "type": "Feature",
         "geometry": {
            "type": "Polygon",
            "coordinates": [
               [
                  31.353622,
                  29.999752,
                  0.0
               ],
               [
                  31.359459,
                  29.999825,
                  0.0
               ],
               [
                  31.359375,
                  30.004906,
                  0.0
               ],
               [
                  31.353538,
                  30.004833,
                  0.0
               ]
            ]
         },
         "properties": {
            "object_imcoords": "EMPTY",
            "building_imcoords": "EMPTY",
            "road_imcoords": "0.000000, 738.028169, 124.143114, 700.000000, 126.760563, 712.676056, 0.000000, 754.22535",
            "image_id": "BLD00138_PS3_K3A_NIA0276.png",
            "ingest_time": "2023-03-02T15:10:41.602602Z",
            "type_id": "5",
            "type_name": "기타 포장 도로"
         }
      },
      {
         "type": "Feature",
         "geometry": {
            "type": "Polygon",
            "coordinates": [
               [
                  31.353622,
                  29.999752,
                  0.0
               ],
               [
                  31.359459,
                  29.999825,
                  0.0
               ],
               [
                  31.359375,
                  30.004906,
                  0.0
               ],
               [
                  31.353538,
                  30.004833,
                  0.0
               ]
            ]
         },
         "properties": {
            "object_imcoords": "EMPTY",
            "building_imcoords": "EMPTY",
            "road_imcoords": "0.000000, 517.708333, 64.583333, 497.916667, 70.312500, 514.583333, 0.000000, 532.29166",
            "image_id": "BLD00138_PS3_K3A_NIA0276.png",
            "ingest_time": "2023-03-02T15:10:41.602602Z",
            "type_id": "5",
            "type_name": "기타 포장 도로"
         }
      },
      {
         "type": "Feature",
         "geometry": {
            "type": "Polygon",
            "coordinates": [
               [
                  31.353682,
                  30.000394,
                  0.0
               ],
               [
                  31.354568,
                  30.000586,
                  0.0
               ],
               [
                  31.354589,
                  30.000524,
                  0.0
               ],
               [
                  31.353718,
                  30.000335,
                  0.0
               ]
            ]
         },
         "properties": {
            "object_imcoords": "EMPTY",
            "building_imcoords": "EMPTY",
            "road_imcoords": "12.431894, 894.909987, 168.491424, 858.355464, 171.869732, 870.916013, 18.680804, 906.798143, 4.372365, 919.805772, 0.000000, 914.996155, 0.000000, 906.21167",
            "image_id": "BLD00138_PS3_K3A_NIA0276.png",
            "ingest_time": "2023-03-02T15:10:41.602602Z",
            "type_id": "9",
            "type_name": "건설중인 도로"
         }
      }
   ]
}