{
   "type": "FeatureCollection",
   "features": [
      {
         "type": "Feature",
         "geometry": {
            "type": "Polygon",
            "coordinates": [
               [
                  31.350572,
                  30.061033,
                  0.0
               ],
               [
                  31.352278,
                  30.061204,
                  0.0
               ],
               [
                  31.353398,
                  30.061327,
                  0.0
               ],
               [
                  31.354804,
                  30.061462,
                  0.0
               ]
            ]
         },
         "properties": {
            "object_imcoords": "EMPTY",
            "building_imcoords": "EMPTY",
            "road_imcoords": "0.000000, 601.817437, 299.486250, 571.782465, 496.241385, 549.744041, 742.993225, 526.000120, 776.505076, 527.660725, 909.296003, 510.225217, 1024.000000, 497.521406, 1024.000000, 517.934325, 777.507438, 547.123935, 689.164373, 546.165696, 408.010359, 573.959039, 0.000000, 614.32861",
            "image_id": "BLD00989_PS3_K3A_NIA0277.png",
            "ingest_time": "2023-03-02T15:10:41.602602Z",
            "type_id": "5",
            "type_name": "기타 포장 도로"
         }
      },
      {
         "type": "Feature",
         "geometry": {
            "type": "Polygon",
            "coordinates": [
               [
                  31.350576,
                  30.060826,
                  0.0
               ],
               [
                  31.35408,
                  30.061213,
                  0.0
               ],
               [
                  31.354923,
                  30.061249,
                  0.0
               ],
               [
                  31.356409,
                  30.061422,
                  0.0
               ]
            ]
         },
         "properties": {
            "object_imcoords": "EMPTY",
            "building_imcoords": "EMPTY",
            "road_imcoords": "0.000000, 643.631778, 615.384615, 574.358974, 763.213492, 569.247523, 1024.298499, 538.152595, 1024.611651, 554.549406, 767.741458, 584.477322, 558.756450, 596.752938, 398.150483, 614.039512, 0.000000, 658.42791",
            "image_id": "BLD00989_PS3_K3A_NIA0277.png",
            "ingest_time": "2023-03-02T15:10:41.602602Z",
            "type_id": "5",
            "type_name": "기타 포장 도로"
         }
      },
      {
         "type": "Feature",
         "geometry": {
            "type": "Polygon",
            "coordinates": [
               [
                  31.350607,
                  30.058939,
                  0.0
               ],
               [
                  31.356447,
                  30.059012,
                  0.0
               ],
               [
                  31.356363,
                  30.064092,
                  0.0
               ],
               [
                  31.350523,
                  30.064019,
                  0.0
               ]
            ]
         },
         "properties": {
            "object_imcoords": "EMPTY",
            "building_imcoords": "EMPTY",
            "road_imcoords": "0.000000, 29.214851, 13.633597, 188.922702, 93.420560, 178.110146, 66.568771, 0.000000, 80.665688, 0.000000, 102.124051, 176.527204, 440.137053, 133.920705, 574.057758, 122.956437, 1024.000000, 65.002447, 1024.000000, 78.316202, 574.057758, 134.703867, 440.920215, 145.668135, 14.096916, 201.272638, 26.872447, 326.100772, 336.995007, 283.976396, 323.261740, 160.757190, 336.658173, 159.592282, 365.847893, 407.930522, 353.224579, 409.961951, 338.405533, 291.226793, 28.540226, 334.910812, 40.562723, 443.785002, 32.943466, 444.320095, 8.154350, 202.693848, 0.000000, 202.111394, 0.000000, 189.788641, 4.168403, 189.543028, 0.000000, 121.15034",
            "image_id": "BLD00989_PS3_K3A_NIA0277.png",
            "ingest_time": "2023-03-02T15:10:41.602602Z",
            "type_id": "5",
            "type_name": "기타 포장 도로"
         }
      },
      {
         "type": "Feature",
         "geometry": {
            "type": "Polygon",
            "coordinates": [
               [
                  31.350607,
                  30.058939,
                  0.0
               ],
               [
                  31.356447,
                  30.059012,
                  0.0
               ],
               [
                  31.356363,
                  30.064092,
                  0.0
               ],
               [
                  31.350523,
                  30.064019,
                  0.0
               ]
            ]
         },
         "properties": {
            "object_imcoords": "EMPTY",
            "building_imcoords": "EMPTY",
            "road_imcoords": "2.649884, 202.451143, 9.277494, 329.575523, 20.968083, 328.725428, 21.644473, 337.180300, 10.484041, 336.997553, 22.019058, 446.236744, 14.880575, 446.901004, 5.749313, 340.900444, 0.000000, 252.293384, 0.000000, 202.55351",
            "image_id": "BLD00989_PS3_K3A_NIA0277.png",
            "ingest_time": "2023-03-02T15:10:41.602602Z",
            "type_id": "5",
            "type_name": "기타 포장 도로"
         }
      },
      {
         "type": "Feature",
         "geometry": {
            "type": "Polygon",
            "coordinates": [
               [
                  31.350607,
                  30.058939,
                  0.0
               ],
               [
                  31.356447,
                  30.059012,
                  0.0
               ],
               [
                  31.356363,
                  30.064092,
                  0.0
               ],
               [
                  31.350523,
                  30.064019,
                  0.0
               ]
            ]
         },
         "properties": {
            "object_imcoords": "EMPTY",
            "building_imcoords": "EMPTY",
            "road_imcoords": "425.051167, 0.000000, 437.039548, 134.188028, 447.441417, 132.426905, 438.443552, 12.548394, 480.784379, 8.046108, 491.473272, 130.169492, 501.034132, 128.596212, 490.540602, 8.458587, 554.280454, 0.000000, 490.948144, 0.490948, 438.764098, 5.891378, 437.434796, 0.00000",
            "image_id": "BLD00989_PS3_K3A_NIA0277.png",
            "ingest_time": "2023-03-02T15:10:41.602602Z",
            "type_id": "5",
            "type_name": "기타 포장 도로"
         }
      },
      {
         "type": "Feature",
         "geometry": {
            "type": "Polygon",
            "coordinates": [
               [
                  31.350607,
                  30.058939,
                  0.0
               ],
               [
                  31.356447,
                  30.059012,
                  0.0
               ],
               [
                  31.356363,
                  30.064092,
                  0.0
               ],
               [
                  31.350523,
                  30.064019,
                  0.0
               ]
            ]
         },
         "properties": {
            "object_imcoords": "EMPTY",
            "building_imcoords": "EMPTY",
            "road_imcoords": "1021.982580, 329.158026, 911.157196, 359.684778, 791.041062, 378.929905, 579.344670, 388.220655, 395.520531, 412.774782, 196.031018, 433.833378, 97.760608, 444.501956, 0.000000, 454.372694, 0.000000, 449.300431, 60.094286, 441.871274, 344.948703, 410.921347, 504.304518, 389.896834, 635.787976, 377.943792, 604.482391, 130.914265, 616.703190, 129.729730, 631.117604, 253.226199, 804.368402, 236.476156, 1023.370950, 196.286858, 1023.953404, 205.606116, 804.950855, 246.377867, 631.379687, 262.686567, 647.105934, 377.429924, 790.389516, 372.770295, 913.287222, 351.801966, 1024.000000, 318.01965",
            "image_id": "BLD00989_PS3_K3A_NIA0277.png",
            "ingest_time": "2023-03-02T15:10:41.602602Z",
            "type_id": "5",
            "type_name": "기타 포장 도로"
         }
      },
      {
         "type": "Feature",
         "geometry": {
            "type": "Polygon",
            "coordinates": [
               [
                  31.350645,
                  30.061774,
                  0.0
               ],
               [
                  31.350654,
                  30.061726,
                  0.0
               ],
               [
                  31.350561,
                  30.061716,
                  0.0
               ],
               [
                  31.350561,
                  30.061682,
                  0.0
               ]
            ]
         },
         "properties": {
            "object_imcoords": "EMPTY",
            "building_imcoords": "EMPTY",
            "road_imcoords": "14.985784, 452.784747, 16.323800, 462.418465, 0.000000, 464.291688, 0.000000, 471.120510, 105.312783, 457.805984, 253.060441, 444.238330, 359.519464, 434.626056, 473.358233, 418.589177, 568.064890, 404.171495, 713.418308, 400.834299, 798.702202, 399.721900, 918.841251, 377.844728, 1024.000000, 345.955968, 1023.777520, 336.685979, 914.020857, 371.541136, 797.219003, 390.822711, 650.011587, 395.643105, 647.820885, 385.028200, 637.429499, 386.122030, 637.976414, 395.419586, 569.338575, 397.607247, 534.777034, 403.932184, 534.321128, 394.358171, 524.975068, 395.497934, 525.886878, 405.071948, 483.031771, 410.998718, 483.259724, 400.968799, 471.406183, 402.336515, 472.090041, 413.278245, 367.694420, 425.614780, 367.095244, 415.628511, 354.545352, 416.911766, 354.911996, 426.613407, 253.251779, 436.999126, 44.843297, 459.478117, 43.296976, 450.200193, 34.902665, 451.304708, 35.786276, 460.803534, 23.857518, 461.245340, 23.636615, 452.63012",
            "image_id": "BLD00989_PS3_K3A_NIA0277.png",
            "ingest_time": "2023-03-02T15:10:41.602602Z",
            "type_id": "5",
            "type_name": "기타 포장 도로"
         }
      },
      {
         "type": "Feature",
         "geometry": {
            "type": "Polygon",
            "coordinates": [
               [
                  31.353265,
                  30.061977,
                  0.0
               ],
               [
                  31.353376,
                  30.061317,
                  0.0
               ],
               [
                  31.353434,
                  30.061326,
                  0.0
               ],
               [
                  31.353315,
                  30.061983,
                  0.0
               ]
            ]
         },
         "properties": {
            "object_imcoords": "EMPTY",
            "building_imcoords": "EMPTY",
            "road_imcoords": "474.753244, 418.458959, 492.322487, 551.730877, 502.512198, 549.977088, 483.566476, 417.41606",
            "image_id": "BLD00989_PS3_K3A_NIA0277.png",
            "ingest_time": "2023-03-02T15:10:41.602602Z",
            "type_id": "5",
            "type_name": "기타 포장 도로"
         }
      },
      {
         "type": "Feature",
         "geometry": {
            "type": "Polygon",
            "coordinates": [
               [
                  31.350607,
                  30.058939,
                  0.0
               ],
               [
                  31.356447,
                  30.059012,
                  0.0
               ],
               [
                  31.356363,
                  30.064092,
                  0.0
               ],
               [
                  31.350523,
                  30.064019,
                  0.0
               ]
            ]
         },
         "properties": {
            "object_imcoords": "EMPTY",
            "building_imcoords": "EMPTY",
            "road_imcoords": "526.537774, 410.878228, 537.613358, 545.540334, 547.877188, 544.288775, 536.552002, 409.09273",
            "image_id": "BLD00989_PS3_K3A_NIA0277.png",
            "ingest_time": "2023-03-02T15:10:41.602602Z",
            "type_id": "5",
            "type_name": "기타 포장 도로"
         }
      },
      {
         "type": "Feature",
         "geometry": {
            "type": "Polygon",
            "coordinates": [
               [
                  31.350607,
                  30.058939,
                  0.0
               ],
               [
                  31.356447,
                  30.059012,
                  0.0
               ],
               [
                  31.356363,
                  30.064092,
                  0.0
               ],
               [
                  31.350523,
                  30.064019,
                  0.0
               ]
            ]
         },
         "properties": {
            "object_imcoords": "EMPTY",
            "building_imcoords": "EMPTY",
            "road_imcoords": "496.123897, 564.817768, 498.359740, 587.767224, 508.400107, 586.448248, 506.325889, 564.26858",
            "image_id": "BLD00989_PS3_K3A_NIA0277.png",
            "ingest_time": "2023-03-02T15:10:41.602602Z",
            "type_id": "5",
            "type_name": "기타 포장 도로"
         }
      },
      {
         "type": "Feature",
         "geometry": {
            "type": "Polygon",
            "coordinates": [
               [
                  31.350607,
                  30.058939,
                  0.0
               ],
               [
                  31.356447,
                  30.059012,
                  0.0
               ],
               [
                  31.356363,
                  30.064092,
                  0.0
               ],
               [
                  31.350523,
                  30.064019,
                  0.0
               ]
            ]
         },
         "properties": {
            "object_imcoords": "EMPTY",
            "building_imcoords": "EMPTY",
            "road_imcoords": "539.669534, 561.081524, 540.980472, 582.712003, 551.856131, 581.401065, 549.306266, 559.55209",
            "image_id": "BLD00989_PS3_K3A_NIA0277.png",
            "ingest_time": "2023-03-02T15:10:41.602602Z",
            "type_id": "5",
            "type_name": "기타 포장 도로"
         }
      },
      {
         "type": "Feature",
         "geometry": {
            "type": "Polygon",
            "coordinates": [
               [
                  31.350607,
                  30.058939,
                  0.0
               ],
               [
                  31.356447,
                  30.059012,
                  0.0
               ],
               [
                  31.356363,
                  30.064092,
                  0.0
               ],
               [
                  31.350523,
                  30.064019,
                  0.0
               ]
            ]
         },
         "properties": {
            "object_imcoords": "EMPTY",
            "building_imcoords": "EMPTY",
            "road_imcoords": "0.000000, 787.226493, 520.116734, 736.097413, 502.576687, 603.092025, 510.036810, 603.484663, 526.292221, 734.233129, 559.509202, 731.484663, 544.196319, 598.380368, 552.834356, 598.380368, 566.576687, 731.484663, 671.411043, 721.668712, 786.548339, 715.300015, 1024.000000, 695.586854, 1024.000000, 705.101721, 670.647386, 728.739406, 0.000000, 795.74334",
            "image_id": "BLD00989_PS3_K3A_NIA0277.png",
            "ingest_time": "2023-03-02T15:10:41.602602Z",
            "type_id": "5",
            "type_name": "기타 포장 도로"
         }
      },
      {
         "type": "Feature",
         "geometry": {
            "type": "Polygon",
            "coordinates": [
               [
                  31.350607,
                  30.058939,
                  0.0
               ],
               [
                  31.356447,
                  30.059012,
                  0.0
               ],
               [
                  31.356363,
                  30.064092,
                  0.0
               ],
               [
                  31.350523,
                  30.064019,
                  0.0
               ]
            ]
         },
         "properties": {
            "object_imcoords": "EMPTY",
            "building_imcoords": "EMPTY",
            "road_imcoords": "0.000000, 807.101828, 249.817232, 779.530026, 520.679228, 755.152361, 520.303535, 743.586896, 527.410698, 742.994633, 527.706830, 753.951508, 561.169721, 750.990191, 559.985193, 740.033315, 568.276883, 739.737183, 568.869147, 750.694059, 675.528237, 739.454476, 870.995006, 725.931617, 1024.000000, 716.096811, 1022.838847, 725.720384, 668.231946, 748.488083, 491.782284, 764.994664, 203.201708, 792.315902, 0.000000, 817.92956",
            "image_id": "BLD00989_PS3_K3A_NIA0277.png",
            "ingest_time": "2023-03-02T15:10:41.602602Z",
            "type_id": "5",
            "type_name": "기타 포장 도로"
         }
      },
      {
         "type": "Feature",
         "geometry": {
            "type": "Polygon",
            "coordinates": [
               [
                  31.350607,
                  30.058939,
                  0.0
               ],
               [
                  31.356447,
                  30.059012,
                  0.0
               ],
               [
                  31.356363,
                  30.064092,
                  0.0
               ],
               [
                  31.350523,
                  30.064019,
                  0.0
               ]
            ]
         },
         "properties": {
            "object_imcoords": "EMPTY",
            "building_imcoords": "EMPTY",
            "road_imcoords": "0.000000, 944.167045, 532.104401, 885.729950, 521.135964, 761.598392, 528.373963, 761.598392, 540.437296, 885.448605, 573.812516, 883.438050, 562.151294, 758.783614, 569.791405, 757.979392, 582.256848, 881.025383, 993.095305, 833.409602, 1007.027443, 726.750449, 1016.876122, 725.929726, 989.109879, 971.372677, 977.111184, 972.416042, 992.493110, 841.059489, 583.973390, 889.265195, 598.267608, 1012.897416, 590.128484, 1013.558759, 575.264590, 890.716662, 540.429392, 893.619595, 557.802034, 1018.185572, 547.758005, 1019.543898, 532.593994, 893.808082, 0.000000, 952.64590",
            "image_id": "BLD00989_PS3_K3A_NIA0277.png",
            "ingest_time": "2023-03-02T15:10:41.602602Z",
            "type_id": "5",
            "type_name": "기타 포장 도로"
         }
      },
      {
         "type": "Feature",
         "geometry": {
            "type": "Polygon",
            "coordinates": [
               [
                  31.350607,
                  30.058939,
                  0.0
               ],
               [
                  31.356447,
                  30.059012,
                  0.0
               ],
               [
                  31.356363,
                  30.064092,
                  0.0
               ],
               [
                  31.350523,
                  30.064019,
                  0.0
               ]
            ]
         },
         "properties": {
            "object_imcoords": "EMPTY",
            "building_imcoords": "EMPTY",
            "road_imcoords": "530.123382, 1022.690340, 613.903100, 1011.134517, 717.580978, 1004.640903, 1024.000000, 965.874210, 1024.000000, 974.552000, 717.536792, 1013.529345, 714.762342, 1024.000000, 705.463297, 1024.000000, 705.078219, 1014.681107, 614.584838, 1018.531889, 571.456077, 1024.00000",
            "image_id": "BLD00989_PS3_K3A_NIA0277.png",
            "ingest_time": "2023-03-02T15:10:41.602602Z",
            "type_id": "5",
            "type_name": "기타 포장 도로"
         }
      },
      {
         "type": "Feature",
         "geometry": {
            "type": "Polygon",
            "coordinates": [
               [
                  31.350607,
                  30.058939,
                  0.0
               ],
               [
                  31.356447,
                  30.059012,
                  0.0
               ],
               [
                  31.356363,
                  30.064092,
                  0.0
               ],
               [
                  31.350523,
                  30.064019,
                  0.0
               ]
            ]
         },
         "properties": {
            "object_imcoords": "EMPTY",
            "building_imcoords": "EMPTY",
            "road_imcoords": "1009.212656, 706.401766, 1007.093451, 717.233260, 1017.454010, 716.762325, 1020.044150, 705.22443",
            "image_id": "BLD00989_PS3_K3A_NIA0277.png",
            "ingest_time": "2023-03-02T15:10:41.602602Z",
            "type_id": "5",
            "type_name": "기타 포장 도로"
         }
      },
      {
         "type": "Feature",
         "geometry": {
            "type": "Polygon",
            "coordinates": [
               [
                  31.350607,
                  30.058939,
                  0.0
               ],
               [
                  31.356447,
                  30.059012,
                  0.0
               ],
               [
                  31.356363,
                  30.064092,
                  0.0
               ],
               [
                  31.350523,
                  30.064019,
                  0.0
               ]
            ]
         },
         "properties": {
            "object_imcoords": "EMPTY",
            "building_imcoords": "EMPTY",
            "road_imcoords": "87.430881, 48.176200, 425.259049, 6.542447, 425.259049, 16.058733, 87.430881, 58.28725",
            "image_id": "BLD00989_PS3_K3A_NIA0277.png",
            "ingest_time": "2023-03-02T15:10:41.602602Z",
            "type_id": "5",
            "type_name": "기타 포장 도로"
         }
      },
      {
         "type": "Feature",
         "geometry": {
            "type": "Polygon",
            "coordinates": [
               [
                  31.352041,
                  30.060728,
                  0.0
               ],
               [
                  31.352018,
                  30.06091,
                  0.0
               ],
               [
                  31.352046,
                  30.060913,
                  0.0
               ],
               [
                  31.35207,
                  30.060729,
                  0.0
               ]
            ]
         },
         "properties": {
            "object_imcoords": "EMPTY",
            "building_imcoords": "EMPTY",
            "road_imcoords": "256.635548, 666.988232, 253.041392, 630.217215, 258.011065, 629.663163, 261.658825, 666.982593, 265.317213, 704.410545, 260.340929, 704.89695",
            "image_id": "BLD00989_PS3_K3A_NIA0277.png",
            "ingest_time": "2023-03-02T15:10:41.602602Z",
            "type_id": "5",
            "type_name": "기타 포장 도로"
         }
      },
      {
         "type": "Feature",
         "geometry": {
            "type": "Polygon",
            "coordinates": [
               [
                  31.351541,
                  30.060993,
                  0.0
               ],
               [
                  31.351531,
                  30.061066,
                  0.0
               ],
               [
                  31.351559,
                  30.061068,
                  0.0
               ],
               [
                  31.351578,
                  30.060937,
                  0.0
               ]
            ]
         },
         "properties": {
            "object_imcoords": "EMPTY",
            "building_imcoords": "EMPTY",
            "road_imcoords": "169.712085, 612.302239, 168.173859, 597.689065, 173.149660, 597.196747, 175.952639, 623.825087, 170.983891, 624.38441",
            "image_id": "BLD00989_PS3_K3A_NIA0277.png",
            "ingest_time": "2023-03-02T15:10:41.602602Z",
            "type_id": "5",
            "type_name": "기타 포장 도로"
         }
      },
      {
         "type": "Feature",
         "geometry": {
            "type": "Polygon",
            "coordinates": [
               [
                  31.351799,
                  30.061018,
                  0.0
               ],
               [
                  31.351789,
                  30.061091,
                  0.0
               ],
               [
                  31.351817,
                  30.061094,
                  0.0
               ],
               [
                  31.351828,
                  30.061014,
                  0.0
               ]
            ]
         },
         "properties": {
            "object_imcoords": "EMPTY",
            "building_imcoords": "EMPTY",
            "road_imcoords": "214.960391, 607.950223, 213.485944, 593.205774, 218.461651, 592.713465, 220.067013, 608.767062, 221.064992, 618.746866, 216.095989, 619.30621",
            "image_id": "BLD00989_PS3_K3A_NIA0277.png",
            "ingest_time": "2023-03-02T15:10:41.602602Z",
            "type_id": "5",
            "type_name": "기타 포장 도로"
         }
      }
   ]
}