{
   "type": "FeatureCollection",
   "features": [
      {
         "type": "Feature",
         "geometry": {
            "type": "Polygon",
            "coordinates": [
               [
                  31.447822,
                  29.949096,
                  0.0
               ],
               [
                  31.447293,
                  29.949292,
                  0.0
               ],
               [
                  31.446765,
                  29.94947,
                  0.0
               ],
               [
                  31.446167,
                  29.949656,
                  0.0
               ]
            ]
         },
         "properties": {
            "object_imcoords": "EMPTY",
            "building_imcoords": "EMPTY",
            "road_imcoords": "1024.000000, 198.295960, 931.796691, 157.511710, 839.593381, 120.303727, 735.163365, 81.477252, 540.090781, 0.373712, 496.411170, 0.000000, 805.595270, 151.493578, 1024.000000, 266.620486, 1024.959264, 243.102174, 959.628010, 202.616804, 964.386339, 194.212955, 1024.000000, 222.24530",
            "image_id": "BLD00430_PS3_K3A_NIA0276.png",
            "ingest_time": "2023-03-02T15:10:41.602602Z",
            "type_id": "5",
            "type_name": "기타 포장 도로"
         }
      },
      {
         "type": "Feature",
         "geometry": {
            "type": "Polygon",
            "coordinates": [
               [
                  31.442728,
                  29.949954,
                  0.0
               ],
               [
                  31.442561,
                  29.949763,
                  0.0
               ],
               [
                  31.442343,
                  29.949644,
                  0.0
               ],
               [
                  31.442198,
                  29.94965,
                  0.0
               ]
            ]
         },
         "properties": {
            "object_imcoords": "EMPTY",
            "building_imcoords": "EMPTY",
            "road_imcoords": "132.482464, 13.158458, 102.719003, 51.348215, 64.129598, 74.804516, 38.568289, 73.255346, 0.000000, 59.955939, 0.000000, 52.551455, 39.946230, 66.326013, 62.366008, 67.684787, 97.929205, 46.067946, 127.486672, 8.651130, 134.102250, 0.000000, 140.356812, 0.000000, 142.882166, -0.57546",
            "image_id": "BLD00430_PS3_K3A_NIA0276.png",
            "ingest_time": "2023-03-02T15:10:41.602602Z",
            "type_id": "6",
            "type_name": "보도"
         }
      }
   ]
}