{
   "type": "FeatureCollection",
   "features": [
      {
         "type": "Feature",
         "geometry": {
            "type": "Polygon",
            "coordinates": [
               [
                  31.404131,
                  30.079923,
                  0.0
               ],
               [
                  31.404291,
                  30.077568,
                  0.0
               ],
               [
                  31.404292,
                  30.077565,
                  0.0
               ],
               [
                  31.404358,
                  30.077354,
                  0.0
               ]
            ]
         },
         "properties": {
            "object_imcoords": "EMPTY",
            "building_imcoords": "EMPTY",
            "road_imcoords": "225.402140, 0.479632, 246.797668, 475.527124, 246.841691, 476.047426, 257.823628, 518.874991, 258.456743, 437.894432, 239.551278, 0.00000",
            "image_id": "BLD00922_PS3_K3A_NIA0277.png",
            "ingest_time": "2023-03-02T15:10:41.602602Z",
            "type_id": "3",
            "type_name": "1차 도로"
         }
      },
      {
         "type": "Feature",
         "geometry": {
            "type": "Polygon",
            "coordinates": [
               [
                  31.404351,
                  30.079928,
                  0.0
               ],
               [
                  31.404403,
                  30.079248,
                  0.0
               ],
               [
                  31.404427,
                  30.078682,
                  0.0
               ],
               [
                  31.404438,
                  30.078379,
                  0.0
               ]
            ]
         },
         "properties": {
            "object_imcoords": "EMPTY",
            "building_imcoords": "EMPTY",
            "road_imcoords": "263.888501, 0.000000, 271.155432, 137.130981, 273.692754, 251.377273, 274.783656, 312.377737, 279.785013, 276.904899, 287.535301, 220.970205, 275.240084, 0.00000",
            "image_id": "BLD00922_PS3_K3A_NIA0277.png",
            "ingest_time": "2023-03-02T15:10:41.602602Z",
            "type_id": "3",
            "type_name": "1차 도로"
         }
      },
      {
         "type": "Feature",
         "geometry": {
            "type": "Polygon",
            "coordinates": [
               [
                  31.404054,
                  30.079925,
                  0.0
               ],
               [
                  31.404242,
                  30.077363,
                  0.0
               ],
               [
                  31.40427,
                  30.076993,
                  0.0
               ],
               [
                  31.404271,
                  30.076661,
                  0.0
               ]
            ]
         },
         "properties": {
            "object_imcoords": "EMPTY",
            "building_imcoords": "EMPTY",
            "road_imcoords": "211.865211, 0.000000, 237.639709, 516.664480, 241.492677, 591.211271, 240.696043, 658.118932, 239.275869, 688.131841, 234.607553, 716.833269, 223.149899, 758.774106, 214.239765, 781.137558, 210.423184, 791.487094, 191.920851, 816.267235, 180.843152, 828.358614, 170.646689, 837.365668, 222.926940, 826.934230, 235.096868, 788.322919, 243.283223, 758.989033, 251.958559, 729.403678, 257.246067, 694.178484, 258.293518, 659.857008, 259.208701, 602.050108, 257.953357, 519.146989, 246.747466, 475.861548, 242.887432, 451.800371, 226.293308, 148.837209, 220.977693, 0.00000",
            "image_id": "BLD00922_PS3_K3A_NIA0277.png",
            "ingest_time": "2023-03-02T15:10:41.602602Z",
            "type_id": "4",
            "type_name": "2차 도로"
         }
      },
      {
         "type": "Feature",
         "geometry": {
            "type": "Polygon",
            "coordinates": [
               [
                  31.402927,
                  30.074829,
                  0.0
               ],
               [
                  31.408769,
                  30.0749,
                  0.0
               ],
               [
                  31.408687,
                  30.079981,
                  0.0
               ],
               [
                  31.402846,
                  30.07991,
                  0.0
               ]
            ]
         },
         "properties": {
            "object_imcoords": "EMPTY",
            "building_imcoords": "EMPTY",
            "road_imcoords": "79.040868, 1024.000000, 75.318182, 1006.750381, 74.373860, 993.258303, 75.968983, 980.048385, 79.246422, 964.236928, 85.768707, 939.537415, 96.955682, 912.169510, 114.068027, 889.034014, 140.895993, 862.061830, 171.028591, 837.292735, 197.527066, 832.195243, 223.137117, 827.116539, 252.286211, 829.712808, 279.452525, 836.589860, 307.164328, 857.055027, 318.596832, 863.101743, 328.817637, 873.334326, 349.959502, 896.089180, 368.347505, 916.420636, 380.472397, 938.108029, 385.547406, 956.380634, 390.239476, 975.767893, 390.965986, 995.265306, 390.819107, 1009.742807, 388.469140, 1024.000000, 369.538269, 1024.000000, 375.460390, 1010.736819, 375.434172, 988.771438, 371.216803, 960.986146, 363.881007, 941.554298, 354.121813, 923.444302, 338.209663, 902.100482, 320.755350, 882.739441, 302.758131, 870.299816, 282.557823, 861.605442, 252.204792, 854.696718, 223.346939, 853.768707, 202.949898, 852.690779, 172.198342, 858.001807, 146.073271, 874.955181, 122.831657, 898.999086, 108.313356, 921.074220, 99.156106, 943.149355, 92.968321, 966.137705, 88.332419, 988.138493, 88.804193, 1007.127348, 92.802974, 1024.00000",
            "image_id": "BLD00922_PS3_K3A_NIA0277.png",
            "ingest_time": "2023-03-02T15:10:41.602602Z",
            "type_id": "4",
            "type_name": "2차 도로"
         }
      },
      {
         "type": "Feature",
         "geometry": {
            "type": "Polygon",
            "coordinates": [
               [
                  31.40446,
                  30.079932,
                  0.0
               ],
               [
                  31.404501,
                  30.078834,
                  0.0
               ],
               [
                  31.404434,
                  30.07838,
                  0.0
               ],
               [
                  31.404456,
                  30.077984,
                  0.0
               ]
            ]
         },
         "properties": {
            "object_imcoords": "EMPTY",
            "building_imcoords": "EMPTY",
            "road_imcoords": "282.934753, -0.479632, 287.169306, 220.870418, 274.100867, 312.275295, 276.897939, 392.082513, 273.874820, 475.457234, 272.918074, 640.893901, 271.791680, 697.079253, 272.515929, 753.744237, 274.686784, 781.378928, 282.466388, 809.194215, 279.045925, 836.853188, 304.050332, 855.616785, 319.136894, 863.295732, 296.823073, 827.470456, 292.803482, 805.338130, 286.232504, 777.342558, 286.985219, 749.972090, 287.150883, 643.292908, 295.453523, 431.189240, 298.419332, 311.765309, 298.167337, 156.443426, 295.668650, 0.00000",
            "image_id": "BLD00922_PS3_K3A_NIA0277.png",
            "ingest_time": "2023-03-02T15:10:41.602602Z",
            "type_id": "4",
            "type_name": "2차 도로"
         }
      },
      {
         "type": "Feature",
         "geometry": {
            "type": "Polygon",
            "coordinates": [
               [
                  31.402927,
                  30.074829,
                  0.0
               ],
               [
                  31.408769,
                  30.0749,
                  0.0
               ],
               [
                  31.408687,
                  30.079981,
                  0.0
               ],
               [
                  31.402846,
                  30.07991,
                  0.0
               ]
            ]
         },
         "properties": {
            "object_imcoords": "EMPTY",
            "building_imcoords": "EMPTY",
            "road_imcoords": "118.702799, 0.000000, 129.364727, 270.812972, 118.853909, 285.815352, 81.278285, 288.009011, 68.482490, 0.000000, 59.426954, 0.000000, 74.142200, 288.645207, 0.000000, 290.662139, 0.000000, 298.811545, 120.688819, 293.766675, 135.435363, 273.975261, 123.793354, 0.00000",
            "image_id": "BLD00922_PS3_K3A_NIA0277.png",
            "ingest_time": "2023-03-02T15:10:41.602602Z",
            "type_id": "5",
            "type_name": "기타 포장 도로"
         }
      },
      {
         "type": "Feature",
         "geometry": {
            "type": "Polygon",
            "coordinates": [
               [
                  31.402927,
                  30.074829,
                  0.0
               ],
               [
                  31.408769,
                  30.0749,
                  0.0
               ],
               [
                  31.408687,
                  30.079981,
                  0.0
               ],
               [
                  31.402846,
                  30.07991,
                  0.0
               ]
            ]
         },
         "properties": {
            "object_imcoords": "EMPTY",
            "building_imcoords": "EMPTY",
            "road_imcoords": "387.570556, 0.000000, 374.926354, 210.538574, 385.141184, 210.790098, 396.786017, 0.00000",
            "image_id": "BLD00922_PS3_K3A_NIA0277.png",
            "ingest_time": "2023-03-02T15:10:41.602602Z",
            "type_id": "5",
            "type_name": "기타 포장 도로"
         }
      },
      {
         "type": "Feature",
         "geometry": {
            "type": "Polygon",
            "coordinates": [
               [
                  31.405256,
                  30.079939,
                  0.0
               ],
               [
                  31.405798,
                  30.079017,
                  0.0
               ],
               [
                  31.405972,
                  30.078737,
                  0.0
               ],
               [
                  31.406058,
                  30.078497,
                  0.0
               ]
            ]
         },
         "properties": {
            "object_imcoords": "EMPTY",
            "building_imcoords": "EMPTY",
            "road_imcoords": "422.474527, 0.000000, 514.878614, 187.248908, 544.601076, 244.090771, 558.951965, 292.518195, 574.947322, 426.755173, 596.681223, 563.144105, 583.012569, 577.769621, 288.518335, 583.832182, 287.807255, 592.563585, 587.487507, 587.487507, 598.589588, 579.003591, 605.746419, 565.139790, 566.894234, 291.703852, 562.878695, 266.035794, 552.407295, 239.650418, 431.101339, 0.00000",
            "image_id": "BLD00922_PS3_K3A_NIA0277.png",
            "ingest_time": "2023-03-02T15:10:41.602602Z",
            "type_id": "5",
            "type_name": "기타 포장 도로"
         }
      },
      {
         "type": "Feature",
         "geometry": {
            "type": "Polygon",
            "coordinates": [
               [
                  31.402927,
                  30.074829,
                  0.0
               ],
               [
                  31.408769,
                  30.0749,
                  0.0
               ],
               [
                  31.408687,
                  30.079981,
                  0.0
               ],
               [
                  31.402846,
                  30.07991,
                  0.0
               ]
            ]
         },
         "properties": {
            "object_imcoords": "EMPTY",
            "building_imcoords": "EMPTY",
            "road_imcoords": "444.769011, 24.892840, 490.370669, 10.713068, 491.252580, 0.000000, 497.899455, 0.000000, 500.142880, 14.732497, 446.801080, 31.49706",
            "image_id": "BLD00922_PS3_K3A_NIA0277.png",
            "ingest_time": "2023-03-02T15:10:41.602602Z",
            "type_id": "5",
            "type_name": "기타 포장 도로"
         }
      },
      {
         "type": "Feature",
         "geometry": {
            "type": "Polygon",
            "coordinates": [
               [
                  31.402927,
                  30.074829,
                  0.0
               ],
               [
                  31.408769,
                  30.0749,
                  0.0
               ],
               [
                  31.408687,
                  30.079981,
                  0.0
               ],
               [
                  31.402846,
                  30.07991,
                  0.0
               ]
            ]
         },
         "properties": {
            "object_imcoords": "EMPTY",
            "building_imcoords": "EMPTY",
            "road_imcoords": "552.614510, 238.928029, 677.295637, 243.985129, 679.466908, 356.720126, 710.187486, 388.886379, 739.095452, 444.600031, 740.710797, 462.640603, 740.174189, 479.963858, 717.777276, 487.192230, 653.083352, 479.602440, 618.748588, 472.735487, 588.372871, 451.756652, 587.110693, 435.187534, 623.256768, 463.414677, 654.932876, 471.692268, 713.236189, 476.824579, 729.957052, 470.616291, 729.350061, 450.777067, 701.564607, 392.556784, 667.929903, 363.253664, 576.901424, 358.839050, 574.335458, 347.664511, 671.985100, 354.369083, 670.495701, 252.569965, 554.746717, 249.35584",
            "image_id": "BLD00922_PS3_K3A_NIA0277.png",
            "ingest_time": "2023-03-02T15:10:41.602602Z",
            "type_id": "5",
            "type_name": "기타 포장 도로"
         }
      },
      {
         "type": "Feature",
         "geometry": {
            "type": "Polygon",
            "coordinates": [
               [
                  31.402927,
                  30.074829,
                  0.0
               ],
               [
                  31.408769,
                  30.0749,
                  0.0
               ],
               [
                  31.408687,
                  30.079981,
                  0.0
               ],
               [
                  31.402846,
                  30.07991,
                  0.0
               ]
            ]
         },
         "properties": {
            "object_imcoords": "EMPTY",
            "building_imcoords": "EMPTY",
            "road_imcoords": "593.405971, 0.000000, 595.670016, 80.147163, 605.858214, 88.976935, 629.630678, 88.071317, 635.517193, 77.203905, 632.573935, 0.000000, 627.593038, 0.000000, 630.083487, 76.298288, 624.649781, 83.090420, 609.707089, 83.543229, 600.877317, 75.845479, 598.613273, 0.00000",
            "image_id": "BLD00922_PS3_K3A_NIA0277.png",
            "ingest_time": "2023-03-02T15:10:41.602602Z",
            "type_id": "5",
            "type_name": "기타 포장 도로"
         }
      },
      {
         "type": "Feature",
         "geometry": {
            "type": "Polygon",
            "coordinates": [
               [
                  31.402962,
                  30.079081,
                  0.0
               ],
               [
                  31.40295,
                  30.079635,
                  0.0
               ],
               [
                  31.402855,
                  30.079631,
                  0.0
               ],
               [
                  31.402849,
                  30.07967,
                  0.0
               ]
            ]
         },
         "properties": {
            "object_imcoords": "EMPTY",
            "building_imcoords": "EMPTY",
            "road_imcoords": "18.155079, 167.404486, 17.611726, 55.739160, 0.959264, 56.218792, 0.000000, 48.341000, 26.034793, 47.861368, 28.848865, 179.369478, -0.479632, 180.286451, -0.959264, 167.60667",
            "image_id": "BLD00922_PS3_K3A_NIA0277.png",
            "ingest_time": "2023-03-02T15:10:41.602602Z",
            "type_id": "5",
            "type_name": "기타 포장 도로"
         }
      },
      {
         "type": "Feature",
         "geometry": {
            "type": "Polygon",
            "coordinates": [
               [
                  31.403003,
                  30.079806,
                  0.0
               ],
               [
                  31.402993,
                  30.079919,
                  0.0
               ],
               [
                  31.403068,
                  30.079918,
                  0.0
               ],
               [
                  31.40309,
                  30.079688,
                  0.0
               ]
            ]
         },
         "properties": {
            "object_imcoords": "EMPTY",
            "building_imcoords": "EMPTY",
            "road_imcoords": "27.244789, 21.306494, 25.906825, -1.438896, 39.069213, -0.959264, 42.305147, 45.418239, 28.680398, 45.71184",
            "image_id": "BLD00922_PS3_K3A_NIA0277.png",
            "ingest_time": "2023-03-02T15:10:41.602602Z",
            "type_id": "5",
            "type_name": "기타 포장 도로"
         }
      }
   ]
}