{
   "type": "FeatureCollection",
   "features": [
      {
         "type": "Feature",
         "geometry": {
            "type": "Polygon",
            "coordinates": [
               [
                  31.309471,
                  30.073345,
                  0.0
               ],
               [
                  31.309823,
                  30.073478,
                  0.0
               ],
               [
                  31.309843,
                  30.07357,
                  0.0
               ],
               [
                  31.309877,
                  30.073638,
                  0.0
               ]
            ]
         },
         "properties": {
            "object_imcoords": "EMPTY",
            "building_imcoords": "EMPTY",
            "road_imcoords": "0.000000, 63.599374, 62.097027, 37.758448, 65.878619, 19.292987, 72.130382, 5.489414, 69.658015, 0.000000, 101.534794, 0.000000, 91.277884, 9.753768, 86.185674, 26.141947, 87.663396, 43.943891, 91.198935, 53.575651, 100.843062, 67.481778, 113.088281, 73.612373, 126.299982, 75.336174, 140.289829, 75.470292, 149.932952, 71.295648, 150.234742, 93.145540, 124.694836, 96.651017, 95.975113, 85.486537, 90.641628, 81.126761, 79.624413, 71.111111, 0.000000, 101.158059, -0.550953, 87.285742, 68.231383, 60.995122, 65.602504, 52.582160, 0.000000, 77.62128",
            "image_id": "BLD00932_PS3_K3A_NIA0277.png",
            "ingest_time": "2023-03-02T15:10:41.602602Z",
            "type_id": "5",
            "type_name": "기타 포장 도로"
         }
      },
      {
         "type": "Feature",
         "geometry": {
            "type": "Polygon",
            "coordinates": [
               [
                  31.310369,
                  30.073673,
                  0.0
               ],
               [
                  31.310414,
                  30.07364,
                  0.0
               ],
               [
                  31.31044,
                  30.073593,
                  0.0
               ],
               [
                  31.310461,
                  30.073535,
                  0.0
               ]
            ]
         },
         "properties": {
            "object_imcoords": "EMPTY",
            "building_imcoords": "EMPTY",
            "road_imcoords": "158.534597, -0.233258, 166.201272, 6.566068, 170.625153, 16.140081, 174.216976, 27.797353, 173.551467, 46.290791, 164.860232, 60.984812, 150.001484, 70.527341, 149.733959, 93.646322, 176.776213, 78.122066, 191.799687, 60.594679, 193.802817, 32.050078, 206.322379, 23.035994, 277.433490, 0.000000, 240.375587, 0.000000, 192.801252, 14.522692, 191.719410, 14.096986, 182.785603, 0.00000",
            "image_id": "BLD00932_PS3_K3A_NIA0277.png",
            "ingest_time": "2023-03-02T15:10:41.602602Z",
            "type_id": "5",
            "type_name": "기타 포장 도로"
         }
      },
      {
         "type": "Feature",
         "geometry": {
            "type": "Polygon",
            "coordinates": [
               [
                  31.309552,
                  30.06858,
                  0.0
               ],
               [
                  31.315392,
                  30.068655,
                  0.0
               ],
               [
                  31.315306,
                  30.073735,
                  0.0
               ],
               [
                  31.309465,
                  30.07366,
                  0.0
               ]
            ]
         },
         "properties": {
            "object_imcoords": "EMPTY",
            "building_imcoords": "EMPTY",
            "road_imcoords": "102.714788, 88.406260, 266.846864, 469.106329, 277.985281, 464.100138, 236.558413, 364.289995, 122.644523, 96.58256",
            "image_id": "BLD00932_PS3_K3A_NIA0277.png",
            "ingest_time": "2023-03-02T15:10:41.602602Z",
            "type_id": "5",
            "type_name": "기타 포장 도로"
         }
      },
      {
         "type": "Feature",
         "geometry": {
            "type": "Polygon",
            "coordinates": [
               [
                  31.310501,
                  30.073303,
                  0.0
               ],
               [
                  31.311316,
                  30.071428,
                  0.0
               ],
               [
                  31.311424,
                  30.071459,
                  0.0
               ],
               [
                  31.310561,
                  30.073365,
                  0.0
               ]
            ]
         },
         "properties": {
            "object_imcoords": "EMPTY",
            "building_imcoords": "EMPTY",
            "road_imcoords": "180.434155, 74.697756, 317.740753, 454.571866, 336.847476, 448.638666, 191.121048, 62.34429",
            "image_id": "BLD00932_PS3_K3A_NIA0277.png",
            "ingest_time": "2023-03-02T15:10:41.602602Z",
            "type_id": "5",
            "type_name": "기타 포장 도로"
         }
      },
      {
         "type": "Feature",
         "geometry": {
            "type": "Polygon",
            "coordinates": [
               [
                  31.309552,
                  30.06858,
                  0.0
               ],
               [
                  31.315392,
                  30.068655,
                  0.0
               ],
               [
                  31.315306,
                  30.073735,
                  0.0
               ],
               [
                  31.309465,
                  30.07366,
                  0.0
               ]
            ]
         },
         "properties": {
            "object_imcoords": "EMPTY",
            "building_imcoords": "EMPTY",
            "road_imcoords": "373.227038, 0.000000, 223.160435, 54.881450, 211.573597, 57.779716, 201.225854, 55.102057, 192.921310, 48.507645, 191.122012, 61.738742, 196.137734, 76.208935, 299.569733, 39.982153, 404.880340, 0.000000, 387.040160, 0.00000",
            "image_id": "BLD00932_PS3_K3A_NIA0277.png",
            "ingest_time": "2023-03-02T15:10:41.602602Z",
            "type_id": "5",
            "type_name": "기타 포장 도로"
         }
      },
      {
         "type": "Feature",
         "geometry": {
            "type": "Polygon",
            "coordinates": [
               [
                  31.309552,
                  30.06858,
                  0.0
               ],
               [
                  31.315392,
                  30.068655,
                  0.0
               ],
               [
                  31.315306,
                  30.073735,
                  0.0
               ],
               [
                  31.309465,
                  30.07366,
                  0.0
               ]
            ]
         },
         "properties": {
            "object_imcoords": "EMPTY",
            "building_imcoords": "EMPTY",
            "road_imcoords": "436.203643, 10.435325, 588.559499, 393.486430, 594.428795, 392.613459, 443.450868, 0.000000, 424.604928, 0.000000, 200.735550, 85.937968, 204.294867, 97.60097",
            "image_id": "BLD00932_PS3_K3A_NIA0277.png",
            "ingest_time": "2023-03-02T15:10:41.602602Z",
            "type_id": "5",
            "type_name": "기타 포장 도로"
         }
      },
      {
         "type": "Feature",
         "geometry": {
            "type": "Polygon",
            "coordinates": [
               [
                  31.309552,
                  30.06858,
                  0.0
               ],
               [
                  31.315392,
                  30.068655,
                  0.0
               ],
               [
                  31.315306,
                  30.073735,
                  0.0
               ],
               [
                  31.309465,
                  30.07366,
                  0.0
               ]
            ]
         },
         "properties": {
            "object_imcoords": "EMPTY",
            "building_imcoords": "EMPTY",
            "road_imcoords": "458.897418, 0.372180, 609.181380, 385.232745, 614.317817, 384.205457, 466.199052, 0.00000",
            "image_id": "BLD00932_PS3_K3A_NIA0277.png",
            "ingest_time": "2023-03-02T15:10:41.602602Z",
            "type_id": "5",
            "type_name": "기타 포장 도로"
         }
      },
      {
         "type": "Feature",
         "geometry": {
            "type": "Polygon",
            "coordinates": [
               [
                  31.31103,
                  30.072324,
                  0.0
               ],
               [
                  31.312362,
                  30.072795,
                  0.0
               ],
               [
                  31.312376,
                  30.072747,
                  0.0
               ],
               [
                  31.311046,
                  30.072293,
                  0.0
               ]
            ]
         },
         "properties": {
            "object_imcoords": "EMPTY",
            "building_imcoords": "EMPTY",
            "road_imcoords": "270.353879, 273.353644, 505.085540, 181.860792, 507.456845, 191.652143, 272.978674, 279.72814",
            "image_id": "BLD00932_PS3_K3A_NIA0277.png",
            "ingest_time": "2023-03-02T15:10:41.602602Z",
            "type_id": "5",
            "type_name": "기타 포장 도로"
         }
      },
      {
         "type": "Feature",
         "geometry": {
            "type": "Polygon",
            "coordinates": [
               [
                  31.311113,
                  30.072145,
                  0.0
               ],
               [
                  31.312434,
                  30.072638,
                  0.0
               ],
               [
                  31.312461,
                  30.072574,
                  0.0
               ],
               [
                  31.31114,
                  30.072103,
                  0.0
               ]
            ]
         },
         "properties": {
            "object_imcoords": "EMPTY",
            "building_imcoords": "EMPTY",
            "road_imcoords": "284.227795, 309.725803, 517.312260, 213.631899, 521.924789, 226.719546, 288.909659, 318.20020",
            "image_id": "BLD00932_PS3_K3A_NIA0277.png",
            "ingest_time": "2023-03-02T15:10:41.602602Z",
            "type_id": "5",
            "type_name": "기타 포장 도로"
         }
      },
      {
         "type": "Feature",
         "geometry": {
            "type": "Polygon",
            "coordinates": [
               [
                  31.312403,
                  30.072813,
                  0.0
               ],
               [
                  31.312481,
                  30.072843,
                  0.0
               ],
               [
                  31.312508,
                  30.072784,
                  0.0
               ],
               [
                  31.312426,
                  30.072757,
                  0.0
               ]
            ]
         },
         "properties": {
            "object_imcoords": "EMPTY",
            "building_imcoords": "EMPTY",
            "road_imcoords": "512.392448, 178.390034, 526.105733, 172.463655, 530.785085, 184.519443, 516.280895, 189.63969",
            "image_id": "BLD00932_PS3_K3A_NIA0277.png",
            "ingest_time": "2023-03-02T15:10:41.602602Z",
            "type_id": "5",
            "type_name": "기타 포장 도로"
         }
      },
      {
         "type": "Feature",
         "geometry": {
            "type": "Polygon",
            "coordinates": [
               [
                  31.312472,
                  30.072657,
                  0.0
               ],
               [
                  31.312554,
                  30.072684,
                  0.0
               ],
               [
                  31.312592,
                  30.072609,
                  0.0
               ],
               [
                  31.312506,
                  30.072582,
                  0.0
               ]
            ]
         },
         "properties": {
            "object_imcoords": "EMPTY",
            "building_imcoords": "EMPTY",
            "road_imcoords": "524.086501, 210.038997, 538.427210, 204.696119, 544.990106, 219.990701, 529.728496, 225.13965",
            "image_id": "BLD00932_PS3_K3A_NIA0277.png",
            "ingest_time": "2023-03-02T15:10:41.602602Z",
            "type_id": "5",
            "type_name": "기타 포장 도로"
         }
      },
      {
         "type": "Feature",
         "geometry": {
            "type": "Polygon",
            "coordinates": [
               [
                  31.312516,
                  30.072857,
                  0.0
               ],
               [
                  31.312881,
                  30.072974,
                  0.0
               ],
               [
                  31.312921,
                  30.072936,
                  0.0
               ],
               [
                  31.31305,
                  30.072978,
                  0.0
               ]
            ]
         },
         "properties": {
            "object_imcoords": "EMPTY",
            "building_imcoords": "EMPTY",
            "road_imcoords": "532.318749, 169.773832, 596.575777, 147.114775, 603.481563, 154.911294, 626.318291, 146.779235, 632.152891, 160.484806, 615.713078, 168.890621, 612.667471, 175.529710, 618.012935, 190.625827, 550.368411, 218.452733, 543.770605, 201.470611, 603.560944, 176.654064, 600.773242, 169.004494, 597.042293, 162.147647, 536.995311, 183.40715",
            "image_id": "BLD00932_PS3_K3A_NIA0277.png",
            "ingest_time": "2023-03-02T15:10:41.602602Z",
            "type_id": "5",
            "type_name": "기타 포장 도로"
         }
      },
      {
         "type": "Feature",
         "geometry": {
            "type": "Polygon",
            "coordinates": [
               [
                  31.310376,
                  30.072787,
                  0.0
               ],
               [
                  31.310541,
                  30.072632,
                  0.0
               ],
               [
                  31.310588,
                  30.072623,
                  0.0
               ],
               [
                  31.310637,
                  30.072627,
                  0.0
               ]
            ]
         },
         "properties": {
            "object_imcoords": "EMPTY",
            "building_imcoords": "EMPTY",
            "road_imcoords": "157.014270, 178.441273, 185.525121, 210.094065, 193.786594, 211.936484, 202.385714, 211.225873, 207.873460, 208.112878, 212.162459, 203.380900, 210.835430, 158.126658, 214.270033, 169.308452, 223.049586, 190.227431, 219.529801, 206.675127, 213.055878, 213.104799, 204.326023, 216.864456, 191.963695, 219.998599, 182.337371, 219.058790, 172.410188, 212.04320",
            "image_id": "BLD00932_PS3_K3A_NIA0277.png",
            "ingest_time": "2023-03-02T15:10:41.602602Z",
            "type_id": "5",
            "type_name": "기타 포장 도로"
         }
      },
      {
         "type": "Feature",
         "geometry": {
            "type": "Polygon",
            "coordinates": [
               [
                  31.311373,
                  30.072444,
                  0.0
               ],
               [
                  31.311222,
                  30.072763,
                  0.0
               ],
               [
                  31.311253,
                  30.072837,
                  0.0
               ],
               [
                  31.311877,
                  30.073057,
                  0.0
               ]
            ]
         },
         "properties": {
            "object_imcoords": "EMPTY",
            "building_imcoords": "EMPTY",
            "road_imcoords": "330.761183, 250.084732, 305.202312, 185.373209, 310.831867, 170.495099, 421.010304, 127.871324, 433.073637, 136.717768, 457.602413, 200.251319, 442.571128, 206.476201, 420.390614, 146.119498, 416.184971, 141.945212, 320.884644, 177.330988, 318.069867, 187.383765, 342.196532, 245.28776",
            "image_id": "BLD00932_PS3_K3A_NIA0277.png",
            "ingest_time": "2023-03-02T15:10:41.602602Z",
            "type_id": "5",
            "type_name": "기타 포장 도로"
         }
      },
      {
         "type": "Feature",
         "geometry": {
            "type": "Polygon",
            "coordinates": [
               [
                  31.312022,
                  30.072625,
                  0.0
               ],
               [
                  31.312079,
                  30.072507,
                  0.0
               ],
               [
                  31.312165,
                  30.072537,
                  0.0
               ],
               [
                  31.31211,
                  30.072655,
                  0.0
               ]
            ]
         },
         "properties": {
            "object_imcoords": "EMPTY",
            "building_imcoords": "EMPTY",
            "road_imcoords": "445.048048, 215.191637, 454.684298, 239.249432, 469.870677, 233.469074, 460.526864, 209.51428",
            "image_id": "BLD00932_PS3_K3A_NIA0277.png",
            "ingest_time": "2023-03-02T15:10:41.602602Z",
            "type_id": "5",
            "type_name": "기타 포장 도로"
         }
      },
      {
         "type": "Feature",
         "geometry": {
            "type": "Polygon",
            "coordinates": [
               [
                  31.311397,
                  30.072416,
                  0.0
               ],
               [
                  31.311474,
                  30.07228,
                  0.0
               ],
               [
                  31.311526,
                  30.0723,
                  0.0
               ],
               [
                  31.311454,
                  30.072435,
                  0.0
               ]
            ]
         },
         "properties": {
            "object_imcoords": "EMPTY",
            "building_imcoords": "EMPTY",
            "road_imcoords": "334.958532, 255.742649, 347.994940, 283.359503, 357.114684, 279.571650, 345.011309, 252.12364",
            "image_id": "BLD00932_PS3_K3A_NIA0277.png",
            "ingest_time": "2023-03-02T15:10:41.602602Z",
            "type_id": "5",
            "type_name": "기타 포장 도로"
         }
      },
      {
         "type": "Feature",
         "geometry": {
            "type": "Polygon",
            "coordinates": [
               [
                  31.309552,
                  30.06858,
                  0.0
               ],
               [
                  31.315392,
                  30.068655,
                  0.0
               ],
               [
                  31.315306,
                  30.073735,
                  0.0
               ],
               [
                  31.309465,
                  30.07366,
                  0.0
               ]
            ]
         },
         "properties": {
            "object_imcoords": "EMPTY",
            "building_imcoords": "EMPTY",
            "road_imcoords": "254.372385, 375.450764, 272.881761, 372.037624, 280.858834, 351.896711, 297.759027, 398.589854, 285.561490, 388.379951, 269.646670, 388.082803, 260.546869, 398.317958, 257.022992, 414.129038, 236.181952, 364.74186",
            "image_id": "BLD00932_PS3_K3A_NIA0277.png",
            "ingest_time": "2023-03-02T15:10:41.602602Z",
            "type_id": "5",
            "type_name": "기타 포장 도로"
         }
      },
      {
         "type": "Feature",
         "geometry": {
            "type": "Polygon",
            "coordinates": [
               [
                  31.31305,
                  30.07298,
                  0.0
               ],
               [
                  31.313061,
                  30.07315,
                  0.0
               ],
               [
                  31.313133,
                  30.07325,
                  0.0
               ],
               [
                  31.31319,
                  30.073304,
                  0.0
               ]
            ]
         },
         "properties": {
            "object_imcoords": "EMPTY",
            "building_imcoords": "EMPTY",
            "road_imcoords": "626.215416, 146.307879, 628.734140, 112.255309, 641.629582, 92.204840, 651.858143, 81.466858, 676.790942, 69.853831, 714.290499, 62.228170, 740.134837, 65.323157, 759.312720, 74.573496, 767.321165, 82.882043, 771.698117, 95.778980, 758.506597, 100.520333, 748.477939, 89.230303, 727.877543, 86.516916, 707.685504, 88.258490, 686.098720, 95.319203, 663.702655, 108.264902, 648.517105, 128.721175, 646.734194, 146.019064, 649.814011, 152.366288, 631.480560, 159.98133",
            "image_id": "BLD00932_PS3_K3A_NIA0277.png",
            "ingest_time": "2023-03-02T15:10:41.602602Z",
            "type_id": "5",
            "type_name": "기타 포장 도로"
         }
      },
      {
         "type": "Feature",
         "geometry": {
            "type": "Polygon",
            "coordinates": [
               [
                  31.313182,
                  30.072954,
                  0.0
               ],
               [
                  31.313264,
                  30.072901,
                  0.0
               ],
               [
                  31.313354,
                  30.07288,
                  0.0
               ],
               [
                  31.31347,
                  30.072888,
                  0.0
               ]
            ]
         },
         "properties": {
            "object_imcoords": "EMPTY",
            "building_imcoords": "EMPTY",
            "road_imcoords": "649.421571, 152.064799, 663.583972, 162.872913, 679.316130, 167.401997, 699.673365, 165.959390, 716.891085, 159.807510, 740.152895, 146.466187, 757.523602, 128.588240, 761.943808, 117.774202, 758.667242, 100.604551, 771.349431, 95.383097, 776.292700, 107.926365, 779.673176, 123.068600, 774.190941, 140.617730, 762.960665, 158.278994, 733.843668, 179.031474, 709.015949, 187.392510, 684.424991, 190.516989, 664.089352, 189.347601, 643.551065, 180.115246, 631.920106, 160.09044",
            "image_id": "BLD00932_PS3_K3A_NIA0277.png",
            "ingest_time": "2023-03-02T15:10:41.602602Z",
            "type_id": "5",
            "type_name": "기타 포장 도로"
         }
      },
      {
         "type": "Feature",
         "geometry": {
            "type": "Polygon",
            "coordinates": [
               [
                  31.310778,
                  30.071841,
                  0.0
               ],
               [
                  31.31077,
                  30.071553,
                  0.0
               ],
               [
                  31.310729,
                  30.071329,
                  0.0
               ],
               [
                  31.31064,
                  30.07121,
                  0.0
               ]
            ]
         },
         "properties": {
            "object_imcoords": "EMPTY",
            "building_imcoords": "EMPTY",
            "road_imcoords": "224.613372, 370.002503, 222.367410, 428.059516, 214.545524, 473.106039, 198.591977, 496.907533, 183.063441, 518.432912, 149.568037, 547.392857, 106.429795, 600.666144, 0.747425, 763.243178, 0.747425, 802.984036, 61.348804, 712.228928, 89.326191, 666.386714, 118.542672, 623.642235, 164.324618, 565.227768, 203.218222, 527.409397, 215.042133, 517.025424, 277.386570, 476.318090, 355.094195, 454.559955, 528.382199, 445.235040, 587.078713, 445.984860, 641.914427, 451.882412, 684.520011, 463.538556, 800.327346, 748.786938, 690.794402, 792.312636, 696.534849, 804.026111, 809.258182, 762.027935, 833.350289, 823.416058, 747.098525, 858.273096, 749.691363, 865.672949, 722.233426, 876.361657, 724.069517, 889.265708, 754.559754, 879.567143, 843.153379, 846.069449, 912.363897, 1024.747425, 929.081783, 1023.488667, 697.507914, 456.190866, 629.551444, 432.815071, 524.558972, 435.123010, 354.611872, 445.297564, 272.804500, 466.859197, 227.778737, 490.957492, 249.001359, 426.33106",
            "image_id": "BLD00932_PS3_K3A_NIA0277.png",
            "ingest_time": "2023-03-02T15:10:41.602602Z",
            "type_id": "5",
            "type_name": "기타 포장 도로"
         }
      },
      {
         "type": "Feature",
         "geometry": {
            "type": "Polygon",
            "coordinates": [
               [
                  31.31213,
                  30.071525,
                  0.0
               ],
               [
                  31.313002,
                  30.071794,
                  0.0
               ],
               [
                  31.313675,
                  30.07196,
                  0.0
               ],
               [
                  31.314705,
                  30.072326,
                  0.0
               ]
            ]
         },
         "properties": {
            "object_imcoords": "EMPTY",
            "building_imcoords": "EMPTY",
            "road_imcoords": "460.770979, 437.310914, 614.316703, 385.249458, 732.816858, 353.517199, 914.445184, 282.385004, 892.511543, 224.889459, 845.382507, 153.395721, 812.250871, 93.447803, 797.054313, 51.884661, 785.460345, 0.257183, 797.552411, 0.395170, 809.889384, 48.063026, 823.540292, 88.000020, 852.200994, 142.706281, 901.341593, 217.391884, 926.289253, 277.270786, 1024.000000, 239.479393, 1024.000000, 254.275126, 683.864746, 388.792109, 676.507310, 383.515556, 664.937312, 382.978134, 488.300000, 436.84081",
            "image_id": "BLD00932_PS3_K3A_NIA0277.png",
            "ingest_time": "2023-03-02T15:10:41.602602Z",
            "type_id": "5",
            "type_name": "기타 포장 도로"
         }
      },
      {
         "type": "Feature",
         "geometry": {
            "type": "Polygon",
            "coordinates": [
               [
                  31.309552,
                  30.06858,
                  0.0
               ],
               [
                  31.315392,
                  30.068655,
                  0.0
               ],
               [
                  31.315306,
                  30.073735,
                  0.0
               ],
               [
                  31.309465,
                  30.07366,
                  0.0
               ]
            ]
         },
         "properties": {
            "object_imcoords": "EMPTY",
            "building_imcoords": "EMPTY",
            "road_imcoords": "610.629986, 400.392821, 614.541747, 415.249673, 612.925593, 431.481934, 622.528831, 432.125401, 623.473824, 413.408475, 618.831918, 397.47078",
            "image_id": "BLD00932_PS3_K3A_NIA0277.png",
            "ingest_time": "2023-03-02T15:10:41.602602Z",
            "type_id": "5",
            "type_name": "기타 포장 도로"
         }
      },
      {
         "type": "Feature",
         "geometry": {
            "type": "Polygon",
            "coordinates": [
               [
                  31.309552,
                  30.06858,
                  0.0
               ],
               [
                  31.315392,
                  30.068655,
                  0.0
               ],
               [
                  31.315306,
                  30.073735,
                  0.0
               ],
               [
                  31.309465,
                  30.07366,
                  0.0
               ]
            ]
         },
         "properties": {
            "object_imcoords": "EMPTY",
            "building_imcoords": "EMPTY",
            "road_imcoords": "632.619199, 433.210909, 629.988227, 416.738890, 619.721987, 397.107450, 654.214214, 386.822631, 646.843171, 404.454383, 654.742193, 418.799245, 670.802819, 423.338826, 682.255839, 416.656923, 688.936727, 403.599366, 683.588763, 388.382180, 722.626004, 373.164994, 731.621912, 383.909795, 1024.000000, 271.707468, 1024.000000, 283.607065, 700.092966, 410.040285, 685.714286, 451.68887",
            "image_id": "BLD00932_PS3_K3A_NIA0277.png",
            "ingest_time": "2023-03-02T15:10:41.602602Z",
            "type_id": "5",
            "type_name": "기타 포장 도로"
         }
      },
      {
         "type": "Feature",
         "geometry": {
            "type": "Polygon",
            "coordinates": [
               [
                  31.309552,
                  30.06858,
                  0.0
               ],
               [
                  31.315392,
                  30.068655,
                  0.0
               ],
               [
                  31.315306,
                  30.073735,
                  0.0
               ],
               [
                  31.309465,
                  30.07366,
                  0.0
               ]
            ]
         },
         "properties": {
            "object_imcoords": "EMPTY",
            "building_imcoords": "EMPTY",
            "road_imcoords": "930.967624, 320.468264, 954.966161, 374.318639, 961.697457, 371.977318, 938.576916, 317.54161",
            "image_id": "BLD00932_PS3_K3A_NIA0277.png",
            "ingest_time": "2023-03-02T15:10:41.602602Z",
            "type_id": "5",
            "type_name": "기타 포장 도로"
         }
      },
      {
         "type": "Feature",
         "geometry": {
            "type": "Polygon",
            "coordinates": [
               [
                  31.309552,
                  30.06858,
                  0.0
               ],
               [
                  31.315392,
                  30.068655,
                  0.0
               ],
               [
                  31.315306,
                  30.073735,
                  0.0
               ],
               [
                  31.309465,
                  30.07366,
                  0.0
               ]
            ]
         },
         "properties": {
            "object_imcoords": "EMPTY",
            "building_imcoords": "EMPTY",
            "road_imcoords": "738.242256, 555.799333, 1023.817027, 477.393155, 1022.985332, 489.452738, 741.456442, 565.55286",
            "image_id": "BLD00932_PS3_K3A_NIA0277.png",
            "ingest_time": "2023-03-02T15:10:41.602602Z",
            "type_id": "5",
            "type_name": "기타 포장 도로"
         }
      },
      {
         "type": "Feature",
         "geometry": {
            "type": "Polygon",
            "coordinates": [
               [
                  31.311174,
                  30.07134,
                  0.0
               ],
               [
                  31.311285,
                  30.071215,
                  0.0
               ],
               [
                  31.311384,
                  30.070974,
                  0.0
               ],
               [
                  31.311335,
                  30.070957,
                  0.0
               ]
            ]
         },
         "properties": {
            "object_imcoords": "EMPTY",
            "building_imcoords": "EMPTY",
            "road_imcoords": "292.642639, 472.127210, 311.628988, 497.442341, 328.375959, 546.384296, 319.752190, 549.578470, 296.189894, 491.116410, 275.554925, 477.19023",
            "image_id": "BLD00932_PS3_K3A_NIA0277.png",
            "ingest_time": "2023-03-02T15:10:41.602602Z",
            "type_id": "5",
            "type_name": "기타 포장 도로"
         }
      },
      {
         "type": "Feature",
         "geometry": {
            "type": "Polygon",
            "coordinates": [
               [
                  31.311282,
                  30.071368,
                  0.0
               ],
               [
                  31.31136,
                  30.071387,
                  0.0
               ],
               [
                  31.311326,
                  30.071291,
                  0.0
               ],
               [
                  31.311464,
                  30.070991,
                  0.0
               ]
            ]
         },
         "properties": {
            "object_imcoords": "EMPTY",
            "building_imcoords": "EMPTY",
            "road_imcoords": "311.598310, 466.762323, 325.389166, 462.949731, 319.173269, 482.275018, 342.322680, 543.058024, 331.786690, 544.753351, 314.498937, 496.074181, 306.828047, 468.09799",
            "image_id": "BLD00932_PS3_K3A_NIA0277.png",
            "ingest_time": "2023-03-02T15:10:41.602602Z",
            "type_id": "5",
            "type_name": "기타 포장 도로"
         }
      },
      {
         "type": "Feature",
         "geometry": {
            "type": "Polygon",
            "coordinates": [
               [
                  31.311682,
                  30.071441,
                  0.0
               ],
               [
                  31.311781,
                  30.071383,
                  0.0
               ],
               [
                  31.311823,
                  30.071057,
                  0.0
               ],
               [
                  31.311877,
                  30.071058,
                  0.0
               ]
            ]
         },
         "properties": {
            "object_imcoords": "EMPTY",
            "building_imcoords": "EMPTY",
            "road_imcoords": "381.933983, 452.939322, 399.124749, 464.898116, 405.525469, 530.641023, 415.047198, 530.708855, 408.093845, 451.44447",
            "image_id": "BLD00932_PS3_K3A_NIA0277.png",
            "ingest_time": "2023-03-02T15:10:41.602602Z",
            "type_id": "5",
            "type_name": "기타 포장 도로"
         }
      },
      {
         "type": "Feature",
         "geometry": {
            "type": "Polygon",
            "coordinates": [
               [
                  31.310849,
                  30.071184,
                  0.0
               ],
               [
                  31.310681,
                  30.071076,
                  0.0
               ],
               [
                  31.310671,
                  30.071067,
                  0.0
               ],
               [
                  31.310748,
                  30.071055,
                  0.0
               ]
            ]
         },
         "properties": {
            "object_imcoords": "EMPTY",
            "building_imcoords": "EMPTY",
            "road_imcoords": "235.143385, 502.564719, 205.478480, 523.930984, 203.623889, 525.725738, 217.148265, 528.308111, 255.294818, 584.760209, 265.029946, 577.581212, 251.637355, 557.166536, 233.196483, 524.69208",
            "image_id": "BLD00932_PS3_K3A_NIA0277.png",
            "ingest_time": "2023-03-02T15:10:41.602602Z",
            "type_id": "5",
            "type_name": "기타 포장 도로"
         }
      },
      {
         "type": "Feature",
         "geometry": {
            "type": "Polygon",
            "coordinates": [
               [
                  31.313749,
                  30.069322,
                  0.0
               ],
               [
                  31.313785,
                  30.069235,
                  0.0
               ],
               [
                  31.31381,
                  30.069126,
                  0.0
               ],
               [
                  31.313819,
                  30.069028,
                  0.0
               ]
            ]
         },
         "properties": {
            "object_imcoords": "EMPTY",
            "building_imcoords": "EMPTY",
            "road_imcoords": "737.916029, 885.284880, 743.896883, 902.985246, 748.097877, 924.940498, 749.271701, 944.815628, 748.633764, 962.988456, 740.595463, 1016.041242, 735.621239, 1024.000000, 757.302633, 1024.000000, 760.471231, 990.381532, 762.592958, 954.385575, 761.842374, 934.760124, 756.516572, 894.505766, 752.717406, 879.75234",
            "image_id": "BLD00932_PS3_K3A_NIA0277.png",
            "ingest_time": "2023-03-02T15:10:41.602602Z",
            "type_id": "5",
            "type_name": "기타 포장 도로"
         }
      },
      {
         "type": "Feature",
         "geometry": {
            "type": "Polygon",
            "coordinates": [
               [
                  31.31399,
                  30.069401,
                  0.0
               ],
               [
                  31.314063,
                  30.069218,
                  0.0
               ],
               [
                  31.314083,
                  30.069088,
                  0.0
               ],
               [
                  31.314095,
                  30.068954,
                  0.0
               ]
            ]
         },
         "properties": {
            "object_imcoords": "EMPTY",
            "building_imcoords": "EMPTY",
            "road_imcoords": "780.456746, 869.968279, 792.730902, 907.090119, 795.819601, 933.384718, 797.468886, 960.454292, 795.425230, 998.397870, 791.241348, 1024.000000, 807.157286, 1024.481376, 810.085305, 989.345146, 811.386647, 940.219491, 803.903931, 893.371184, 796.421216, 863.76565",
            "image_id": "BLD00932_PS3_K3A_NIA0277.png",
            "ingest_time": "2023-03-02T15:10:41.602602Z",
            "type_id": "5",
            "type_name": "기타 포장 도로"
         }
      },
      {
         "type": "Feature",
         "geometry": {
            "type": "Polygon",
            "coordinates": [
               [
                  31.30955,
                  30.068684,
                  0.0
               ],
               [
                  31.310684,
                  30.068949,
                  0.0
               ],
               [
                  31.310704,
                  30.068901,
                  0.0
               ],
               [
                  31.309551,
                  30.068623,
                  0.0
               ]
            ]
         },
         "properties": {
            "object_imcoords": "EMPTY",
            "building_imcoords": "EMPTY",
            "road_imcoords": "0.000000, 1003.036485, 199.607463, 952.614281, 203.003514, 962.328763, 0.000000, 1015.36989",
            "image_id": "BLD00932_PS3_K3A_NIA0277.png",
            "ingest_time": "2023-03-02T15:10:41.602602Z",
            "type_id": "5",
            "type_name": "기타 포장 도로"
         }
      },
      {
         "type": "Feature",
         "geometry": {
            "type": "Polygon",
            "coordinates": [
               [
                  31.31036,
                  30.068873,
                  0.0
               ],
               [
                  31.31034,
                  30.069075,
                  0.0
               ],
               [
                  31.310359,
                  30.069321,
                  0.0
               ],
               [
                  31.310378,
                  30.069517,
                  0.0
               ]
            ]
         },
         "properties": {
            "object_imcoords": "EMPTY",
            "building_imcoords": "EMPTY",
            "road_imcoords": "142.624114, 967.003005, 139.655505, 926.235935, 143.716633, 876.712638, 147.587181, 837.261053, 156.894089, 797.647900, 175.592474, 760.614806, 196.426458, 728.878050, 218.403611, 702.258340, 246.202959, 673.741032, 321.390689, 633.935763, 365.427024, 617.599111, 428.334526, 603.374336, 481.891254, 603.032796, 532.948322, 610.347456, 560.846978, 622.343313, 594.139795, 639.012834, 632.309055, 670.344548, 658.904864, 701.039702, 687.543099, 743.401254, 712.958668, 783.250368, 692.502730, 791.633788, 669.047794, 755.899703, 646.366532, 717.186741, 616.819352, 686.279839, 589.287558, 662.176374, 547.632390, 638.697446, 513.182259, 625.226171, 466.252556, 622.202867, 426.506779, 624.169153, 378.352735, 634.537280, 330.846647, 651.123113, 298.513585, 666.890776, 264.783019, 689.175762, 235.516831, 715.515312, 206.647027, 746.254737, 188.539328, 779.237527, 174.936486, 821.831527, 167.900459, 871.958888, 165.078325, 924.390903, 167.276294, 961.57959",
            "image_id": "BLD00932_PS3_K3A_NIA0277.png",
            "ingest_time": "2023-03-02T15:10:41.602602Z",
            "type_id": "5",
            "type_name": "기타 포장 도로"
         }
      },
      {
         "type": "Feature",
         "geometry": {
            "type": "Polygon",
            "coordinates": [
               [
                  31.310033,
                  30.068798,
                  0.0
               ],
               [
                  31.310012,
                  30.069141,
                  0.0
               ],
               [
                  31.310009,
                  30.069386,
                  0.0
               ],
               [
                  31.310047,
                  30.069566,
                  0.0
               ]
            ]
         },
         "properties": {
            "object_imcoords": "EMPTY",
            "building_imcoords": "EMPTY",
            "road_imcoords": "85.089952, 981.230343, 82.447407, 912.206569, 82.638140, 862.825754, 89.846533, 826.588108, 103.932092, 771.748733, 130.330820, 726.044849, 159.308397, 678.763557, 195.548338, 635.796351, 232.819814, 601.586985, 263.551990, 577.571382, 307.508775, 554.630405, 334.085945, 544.179548, 352.009864, 540.901530, 407.209360, 530.636044, 458.211970, 531.109329, 504.813168, 534.418660, 558.693333, 548.974682, 601.789049, 564.803944, 641.082623, 593.955503, 663.666981, 616.312442, 685.499074, 638.588912, 705.741190, 665.866555, 733.051885, 712.524199, 759.496091, 764.984237, 744.893940, 770.814810, 707.918875, 700.082659, 662.240353, 637.642854, 634.167087, 611.619359, 601.424908, 588.465683, 566.775907, 569.577793, 533.987059, 558.316803, 493.853721, 551.555471, 444.229545, 548.491514, 422.227527, 551.749647, 430.626389, 603.706488, 374.743131, 615.864296, 363.665867, 558.158132, 347.451370, 560.653010, 335.528561, 564.377122, 324.782888, 570.989952, 350.435332, 623.762212, 297.740348, 646.738226, 266.899217, 596.074692, 239.106981, 617.103809, 202.418955, 646.895041, 151.682089, 719.829286, 113.629439, 787.478440, 92.953076, 892.609554, 102.255330, 977.48859",
            "image_id": "BLD00932_PS3_K3A_NIA0277.png",
            "ingest_time": "2023-03-02T15:10:41.602602Z",
            "type_id": "5",
            "type_name": "기타 포장 도로"
         }
      },
      {
         "type": "Feature",
         "geometry": {
            "type": "Polygon",
            "coordinates": [
               [
                  31.309496,
                  30.071512,
                  0.0
               ],
               [
                  31.310401,
                  30.071825,
                  0.0
               ],
               [
                  31.310592,
                  30.072213,
                  0.0
               ],
               [
                  31.310776,
                  30.071832,
                  0.0
               ]
            ]
         },
         "properties": {
            "object_imcoords": "EMPTY",
            "building_imcoords": "EMPTY",
            "road_imcoords": "-0.972655, 433.077532, 158.552706, 372.303588, 193.148384, 294.680000, 224.366133, 371.851454, 225.137351, 405.589696, 174.514670, 393.019654, 0.000000, 466.241495, 0.000000, 451.674050, 152.622393, 392.727429, 149.525871, 385.114350, 0.000000, 443.20617",
            "image_id": "BLD00932_PS3_K3A_NIA0277.png",
            "ingest_time": "2023-03-02T15:10:41.602602Z",
            "type_id": "5",
            "type_name": "기타 포장 도로"
         }
      },
      {
         "type": "Feature",
         "geometry": {
            "type": "Polygon",
            "coordinates": [
               [
                  31.310535,
                  30.072311,
                  0.0
               ],
               [
                  31.310333,
                  30.072242,
                  0.0
               ],
               [
                  31.310309,
                  30.072274,
                  0.0
               ],
               [
                  31.310266,
                  30.072297,
                  0.0
               ]
            ]
         },
         "properties": {
            "object_imcoords": "EMPTY",
            "building_imcoords": "EMPTY",
            "road_imcoords": "183.466038, 274.730768, 147.839558, 288.050481, 143.720676, 281.488052, 136.301446, 276.825429, 128.954660, 275.684017, 118.604821, 277.755061, 110.904308, 281.165137, 105.622318, 285.875404, 101.963899, 291.796745, 72.754395, 288.658354, 43.460706, 292.184861, -0.730279, 307.693377, -0.583640, 317.622446, 44.688973, 300.833418, 81.469765, 297.545028, 101.113095, 299.641472, 106.479089, 314.890117, 93.752796, 333.629223, 55.207509, 359.371465, 0.058073, 381.899588, 0.320856, 393.843034, 55.470293, 370.094712, 87.883981, 349.455407, 108.373735, 333.078715, 113.940487, 321.700188, 120.376968, 324.152832, 129.586626, 324.742274, 141.276237, 320.838597, 148.851458, 314.455209, 151.922102, 306.735171, 152.103374, 298.280453, 142.852721, 300.652099, 139.500730, 307.940436, 132.237592, 312.701832, 125.811066, 312.755282, 120.967483, 311.306921, 116.816852, 307.046676, 113.857104, 301.347768, 114.232801, 294.152756, 118.090517, 289.451400, 123.569334, 287.007699, 129.563361, 286.072245, 135.709835, 287.112741, 139.764137, 290.387637, 142.021042, 295.350302, 142.847724, 300.772656, 151.964847, 298.042988, 187.725809, 285.58710",
            "image_id": "BLD00932_PS3_K3A_NIA0277.png",
            "ingest_time": "2023-03-02T15:10:41.602602Z",
            "type_id": "5",
            "type_name": "기타 포장 도로"
         }
      },
      {
         "type": "Feature",
         "geometry": {
            "type": "Polygon",
            "coordinates": [
               [
                  31.310315,
                  30.07274,
                  0.0
               ],
               [
                  31.309787,
                  30.072553,
                  0.0
               ],
               [
                  31.309756,
                  30.072579,
                  0.0
               ],
               [
                  31.309702,
                  30.072575,
                  0.0
               ]
            ]
         },
         "properties": {
            "object_imcoords": "EMPTY",
            "building_imcoords": "EMPTY",
            "road_imcoords": "146.243074, 187.698854, 53.050080, 223.947123, 47.745072, 218.642115, 38.271843, 219.399973, 0.378929, 234.178210, 0.000000, 244.030367, 36.377198, 230.767847, 40.028125, 239.083848, 0.757858, 255.019312, 0.000000, 267.145045, 53.807938, 246.682871, 57.976159, 240.620005, 56.839371, 232.662493, 149.762803, 195.78290",
            "image_id": "BLD00932_PS3_K3A_NIA0277.png",
            "ingest_time": "2023-03-02T15:10:41.602602Z",
            "type_id": "5",
            "type_name": "기타 포장 도로"
         }
      },
      {
         "type": "Feature",
         "geometry": {
            "type": "Polygon",
            "coordinates": [
               [
                  31.314235,
                  30.072159,
                  0.0
               ],
               [
                  31.314175,
                  30.072276,
                  0.0
               ],
               [
                  31.313935,
                  30.072199,
                  0.0
               ],
               [
                  31.313921,
                  30.072273,
                  0.0
               ]
            ]
         },
         "properties": {
            "object_imcoords": "EMPTY",
            "building_imcoords": "EMPTY",
            "road_imcoords": "831.577201, 314.839092, 821.303018, 291.208470, 779.022296, 306.006723, 776.908260, 291.208470, 828.173635, 256.326875, 764.752552, 156.438670, 771.623170, 145.339981, 833.458725, 248.927749, 850.899523, 238.357568, 796.991603, 147.454017, 776.379751, 134.241291, 780.607823, 123.142602, 805.976256, 142.168926, 862.526721, 241.000113, 835.044252, 258.969420, 844.028905, 282.752326, 831.873198, 286.980398, 841.386360, 310.763304, 839.225424, 311.84377",
            "image_id": "BLD00932_PS3_K3A_NIA0277.png",
            "ingest_time": "2023-03-02T15:10:41.602602Z",
            "type_id": "5",
            "type_name": "기타 포장 도로"
         }
      },
      {
         "type": "Feature",
         "geometry": {
            "type": "Polygon",
            "coordinates": [
               [
                  31.313538,
                  30.073717,
                  0.0
               ],
               [
                  31.313618,
                  30.073398,
                  0.0
               ],
               [
                  31.313633,
                  30.073396,
                  0.0
               ],
               [
                  31.313693,
                  30.073391,
                  0.0
               ]
            ]
         },
         "properties": {
            "object_imcoords": "EMPTY",
            "building_imcoords": "EMPTY",
            "road_imcoords": "714.045074, -0.843785, 727.152545, 63.664858, 729.646935, 64.067179, 740.134837, 65.323157, 741.491679, 65.977622, 747.199040, 67.831742, 755.228087, 72.603297, 759.312720, 74.573496, 761.343132, 76.679994, 765.226626, 79.268990, 764.602461, 53.678214, 756.488313, -0.421892, 745.253338, -0.073207, 754.267131, 48.887164, 751.047777, 54.521951, 744.629172, 56.799040, 737.938177, 55.886028, 734.018363, 51.805718, 724.150607, 0.00000",
            "image_id": "BLD00932_PS3_K3A_NIA0277.png",
            "ingest_time": "2023-03-02T15:10:41.602602Z",
            "type_id": "5",
            "type_name": "기타 포장 도로"
         }
      }
   ]
}