{
   "type": "FeatureCollection",
   "features": [
      {
         "type": "Feature",
         "geometry": {
            "type": "Polygon",
            "coordinates": [
               [
                  31.382889,
                  29.995034,
                  0.0
               ],
               [
                  31.388726,
                  29.995105,
                  0.0
               ],
               [
                  31.388644,
                  30.000186,
                  0.0
               ],
               [
                  31.382807,
                  30.000114,
                  0.0
               ]
            ]
         },
         "properties": {
            "object_imcoords": "EMPTY",
            "building_imcoords": "EMPTY",
            "road_imcoords": "1024.000000, 808.520865, 1024.000000, 824.119403, 1014.044217, 826.041519, 1012.612221, 836.821979, 935.352618, 872.696467, 919.805231, 868.357864, 749.782836, 944.133223, 579.760441, 1024.000000, 548.593771, 1024.000000, 784.523938, 914.89662",
            "image_id": "BLD00168_PS3_K3A_NIA0276.png",
            "ingest_time": "2023-03-02T15:10:41.602602Z",
            "type_id": "2",
            "type_name": "고속도로"
         }
      }
   ]
}