{
   "type": "FeatureCollection",
   "features": [
      {
         "type": "Feature",
         "geometry": {
            "type": "Polygon",
            "coordinates": [
               [
                  31.435999,
                  29.958828,
                  0.0
               ],
               [
                  31.436404,
                  29.958404,
                  0.0
               ],
               [
                  31.436777,
                  29.957915,
                  0.0
               ],
               [
                  31.437198,
                  29.957164,
                  0.0
               ]
            ]
         },
         "properties": {
            "object_imcoords": "EMPTY",
            "building_imcoords": "EMPTY",
            "road_imcoords": "0.000000, 256.976157, 69.977489, 343.418937, 134.074516, 442.798732, 205.816144, 595.102678, 294.611109, 819.736298, 319.216609, 882.302766, 326.888364, 883.154547, 331.038561, 883.001316, 303.431800, 806.799283, 210.391083, 560.978667, 141.872914, 431.261414, 70.053881, 319.354424, 40.401134, 282.939732, 25.024219, 257.513171, 0.000000, 226.51300",
            "image_id": "BLD00379_PS3_K3A_NIA0276.png",
            "ingest_time": "2023-03-02T15:10:41.602602Z",
            "type_id": "5",
            "type_name": "기타 포장 도로"
         }
      },
      {
         "type": "Feature",
         "geometry": {
            "type": "Polygon",
            "coordinates": [
               [
                  31.436058,
                  29.955022,
                  0.0
               ],
               [
                  31.441893,
                  29.955091,
                  0.0
               ],
               [
                  31.441814,
                  29.960172,
                  0.0
               ],
               [
                  31.435979,
                  29.960103,
                  0.0
               ]
            ]
         },
         "properties": {
            "object_imcoords": "EMPTY",
            "building_imcoords": "EMPTY",
            "road_imcoords": "352.762503, 977.847604, 369.241512, 1023.932967, 384.044689, 1024.000000, 366.169154, 980.08204",
            "image_id": "BLD00379_PS3_K3A_NIA0276.png",
            "ingest_time": "2023-03-02T15:10:41.602602Z",
            "type_id": "5",
            "type_name": "기타 포장 도로"
         }
      },
      {
         "type": "Feature",
         "geometry": {
            "type": "Polygon",
            "coordinates": [
               [
                  31.44173,
                  29.955512,
                  0.0
               ],
               [
                  31.441469,
                  29.955509,
                  0.0
               ],
               [
                  31.441334,
                  29.955539,
                  0.0
               ],
               [
                  31.441017,
                  29.955566,
                  0.0
               ]
            ]
         },
         "properties": {
            "object_imcoords": "EMPTY",
            "building_imcoords": "EMPTY",
            "road_imcoords": "996.601564, 938.903931, 950.713592, 938.903931, 927.211717, 932.494334, 871.517656, 926.189354, 783.587942, 915.595401, 669.494612, 892.354171, 565.123820, 882.865956, 444.670033, 873.356423, 324.488947, 864.922631, 324.236882, 864.226867, 324.819563, 855.923698, 445.339184, 864.381248, 565.885457, 873.898082, 670.804216, 883.436112, 785.026804, 906.703672, 872.562056, 917.250099, 928.911941, 923.629323, 951.918854, 929.903931, 996.934446, 929.903931, 1024.000000, 931.908823, 1024.000000, 940.93348",
            "image_id": "BLD00379_PS3_K3A_NIA0276.png",
            "ingest_time": "2023-03-02T15:10:41.602602Z",
            "type_id": "5",
            "type_name": "기타 포장 도로"
         }
      }
   ]
}