{
   "type": "FeatureCollection",
   "features": [
      {
         "type": "Feature",
         "geometry": {
            "type": "Polygon",
            "coordinates": [
               [
                  31.309424,
                  30.0761,
                  0.0
               ],
               [
                  31.308137,
                  30.07564,
                  0.0
               ],
               [
                  31.306888,
                  30.075204,
                  0.0
               ],
               [
                  31.305776,
                  30.074878,
                  0.0
               ]
            ]
         },
         "properties": {
            "object_imcoords": "EMPTY",
            "building_imcoords": "EMPTY",
            "road_imcoords": "1024.000000, 532.249796, 797.159512, 621.687205, 576.968500, 706.263884, 381.081132, 768.967285, 254.702185, 831.670686, 113.617824, 882.006009, 0.697372, 912.337908, 0.000000, 938.606718, 83.093842, 909.078274, 167.699700, 884.431103, 247.257192, 854.369580, 316.433440, 819.518864, 390.802590, 783.063398, 527.374351, 742.442912, 633.352953, 702.375301, 801.048095, 634.325099, 1024.000000, 550.23449",
            "image_id": "BLD00905_PS3_K3A_NIA0277.png",
            "ingest_time": "2023-03-02T15:10:41.602602Z",
            "type_id": "2",
            "type_name": "고속도로"
         }
      },
      {
         "type": "Feature",
         "geometry": {
            "type": "Polygon",
            "coordinates": [
               [
                  31.309421,
                  30.076426,
                  0.0
               ],
               [
                  31.308838,
                  30.076233,
                  0.0
               ],
               [
                  31.308247,
                  30.076027,
                  0.0
               ],
               [
                  31.307485,
                  30.075677,
                  0.0
               ]
            ]
         },
         "properties": {
            "object_imcoords": "EMPTY",
            "building_imcoords": "EMPTY",
            "road_imcoords": "1024.486327, 466.629958, 921.748269, 504.027276, 817.574826, 543.915545, 683.006919, 612.485688, 576.310591, 643.514513, 533.856823, 658.777298, 390.548090, 706.706988, 363.095418, 720.358979, 245.709539, 776.719412, 309.436659, 725.612358, 289.159851, 734.676182, 225.663075, 784.810814, 111.459497, 835.032787, 0.486327, 861.057890, 0.486327, 883.680483, 99.514611, 858.360864, 115.199525, 852.571819, 212.045490, 812.469067, 347.542358, 744.177568, 446.215407, 709.182359, 549.383201, 675.203130, 730.081709, 614.396111, 830.442094, 561.008913, 975.439088, 506.857911, 1024.074532, 485.14113",
            "image_id": "BLD00905_PS3_K3A_NIA0277.png",
            "ingest_time": "2023-03-02T15:10:41.602602Z",
            "type_id": "2",
            "type_name": "고속도로"
         }
      },
      {
         "type": "Feature",
         "geometry": {
            "type": "Polygon",
            "coordinates": [
               [
                  31.309416,
                  30.076579,
                  0.0
               ],
               [
                  31.308416,
                  30.076242,
                  0.0
               ],
               [
                  31.307936,
                  30.076048,
                  0.0
               ],
               [
                  31.307336,
                  30.075763,
                  0.0
               ]
            ]
         },
         "properties": {
            "object_imcoords": "EMPTY",
            "building_imcoords": "EMPTY",
            "road_imcoords": "1024.000000, 435.664077, 847.876257, 501.058788, 763.088632, 538.942621, 657.104100, 594.866374, 533.981643, 627.789229, 470.841922, 651.692123, 319.757589, 704.909888, 105.082536, 813.149411, 0.000000, 828.032345, 0.000000, 843.817275, 107.788524, 823.522365, 250.303895, 750.911685, 327.875553, 717.086835, 467.684936, 664.320068, 661.614080, 605.690326, 695.504937, 596.408240, 727.263777, 578.473636, 812.698413, 529.471663, 896.584042, 494.293818, 1024.000000, 447.84102",
            "image_id": "BLD00905_PS3_K3A_NIA0277.png",
            "ingest_time": "2023-03-02T15:10:41.602602Z",
            "type_id": "4",
            "type_name": "2차 도로"
         }
      },
      {
         "type": "Feature",
         "geometry": {
            "type": "Polygon",
            "coordinates": [
               [
                  31.308836,
                  30.075808,
                  0.0
               ],
               [
                  31.309254,
                  30.074968,
                  0.0
               ],
               [
                  31.30945,
                  30.07453,
                  0.0
               ],
               [
                  31.309449,
                  30.0747,
                  0.0
               ]
            ]
         },
         "properties": {
            "object_imcoords": "EMPTY",
            "building_imcoords": "EMPTY",
            "road_imcoords": "920.147010, 589.501535, 990.815883, 759.865758, 1023.922977, 848.779181, 1024.301906, 814.426101, 978.281546, 695.549205, 971.645354, 640.884432, 977.997802, 630.877334, 985.519213, 627.832782, 1000.247458, 632.078473, 1010.993358, 647.011650, 1024.000000, 665.472014, 1023.241855, 611.412608, 1009.357994, 567.931415, 1016.072703, 560.059498, 1023.239371, 551.251954, 988.595941, 564.347656, 1010.203324, 625.450802, 996.265113, 621.968909, 985.172460, 620.966763, 974.902017, 625.443623, 967.528366, 633.607308, 963.134915, 667.578772, 930.614817, 585.10064",
            "image_id": "BLD00905_PS3_K3A_NIA0277.png",
            "ingest_time": "2023-03-02T15:10:41.602602Z",
            "type_id": "5",
            "type_name": "기타 포장 도로"
         }
      },
      {
         "type": "Feature",
         "geometry": {
            "type": "Polygon",
            "coordinates": [
               [
                  31.305386,
                  30.074607,
                  0.0
               ],
               [
                  31.305562,
                  30.074502,
                  0.0
               ],
               [
                  31.305631,
                  30.07436,
                  0.0
               ],
               [
                  31.305578,
                  30.074226,
                  0.0
               ]
            ]
         },
         "properties": {
            "object_imcoords": "EMPTY",
            "building_imcoords": "EMPTY",
            "road_imcoords": "311.808363, 822.610215, 342.499165, 844.181715, 354.143837, 873.011931, 344.397176, 899.871025, 394.087524, 1024.256144, 410.608499, 1024.923061, 362.735812, 910.647881, 365.137479, 898.771321, 372.401332, 918.214359, 414.611078, 1023.027345, 426.282497, 1024.000000, 412.763760, 989.212667, 428.324918, 982.696406, 445.150285, 1024.972655, 455.168169, 1024.000000, 365.009859, 795.377198, 358.590821, 798.586717, 423.267200, 972.970627, 409.359688, 979.973105, 353.922269, 836.546968, 323.771557, 817.06627",
            "image_id": "BLD00905_PS3_K3A_NIA0277.png",
            "ingest_time": "2023-03-02T15:10:41.602602Z",
            "type_id": "5",
            "type_name": "기타 포장 도로"
         }
      },
      {
         "type": "Feature",
         "geometry": {
            "type": "Polygon",
            "coordinates": [
               [
                  31.305872,
                  30.074822,
                  0.0
               ],
               [
                  31.306071,
                  30.074709,
                  0.0
               ],
               [
                  31.306938,
                  30.07498,
                  0.0
               ],
               [
                  31.307033,
                  30.075161,
                  0.0
               ]
            ]
         },
         "properties": {
            "object_imcoords": "EMPTY",
            "building_imcoords": "EMPTY",
            "road_imcoords": "397.640406, 780.685771, 432.191932, 803.918694, 584.993077, 751.495689, 602.279771, 715.305937, 594.934104, 717.285803, 580.525207, 747.027819, 432.787648, 799.152966, 404.491140, 778.89862",
            "image_id": "BLD00905_PS3_K3A_NIA0277.png",
            "ingest_time": "2023-03-02T15:10:41.602602Z",
            "type_id": "5",
            "type_name": "기타 포장 도로"
         }
      },
      {
         "type": "Feature",
         "geometry": {
            "type": "Polygon",
            "coordinates": [
               [
                  31.309399,
                  30.077422,
                  0.0
               ],
               [
                  31.308732,
                  30.07716,
                  0.0
               ],
               [
                  31.308755,
                  30.077115,
                  0.0
               ],
               [
                  31.3094,
                  30.077391,
                  0.0
               ]
            ]
         },
         "properties": {
            "object_imcoords": "EMPTY",
            "building_imcoords": "EMPTY",
            "road_imcoords": "1023.621071, 265.767763, 905.938384, 316.886767, 909.777100, 326.096453, 1023.621071, 272.09696",
            "image_id": "BLD00905_PS3_K3A_NIA0277.png",
            "ingest_time": "2023-03-02T15:10:41.602602Z",
            "type_id": "5",
            "type_name": "기타 포장 도로"
         }
      },
      {
         "type": "Feature",
         "geometry": {
            "type": "Polygon",
            "coordinates": [
               [
                  31.309409,
                  30.07673,
                  0.0
               ],
               [
                  31.309087,
                  30.076618,
                  0.0
               ],
               [
                  31.309015,
                  30.076633,
                  0.0
               ],
               [
                  31.308946,
                  30.076657,
                  0.0
               ]
            ]
         },
         "properties": {
            "object_imcoords": "EMPTY",
            "building_imcoords": "EMPTY",
            "road_imcoords": "1023.242142, 405.216258, 966.526913, 426.979971, 954.040543, 423.787355, 941.866308, 418.887655, 947.336137, 433.754502, 954.075483, 439.710461, 960.746738, 439.736647, 1023.621071, 417.29640",
            "image_id": "BLD00905_PS3_K3A_NIA0277.png",
            "ingest_time": "2023-03-02T15:10:41.602602Z",
            "type_id": "5",
            "type_name": "기타 포장 도로"
         }
      },
      {
         "type": "Feature",
         "geometry": {
            "type": "Polygon",
            "coordinates": [
               [
                  31.308518,
                  30.076498,
                  0.0
               ],
               [
                  31.307973,
                  30.076222,
                  0.0
               ],
               [
                  31.307182,
                  30.075901,
                  0.0
               ],
               [
                  31.306459,
                  30.075685,
                  0.0
               ]
            ]
         },
         "properties": {
            "object_imcoords": "EMPTY",
            "building_imcoords": "EMPTY",
            "road_imcoords": "866.414871, 449.701548, 770.104421, 503.923573, 630.568022, 566.487447, 503.165223, 608.196697, 262.389099, 702.611272, 136.123824, 765.554321, 114.890024, 782.996371, 0.000000, 797.025846, 0.000000, 805.746871, 116.785899, 788.683996, 140.673924, 770.862771, 267.697549, 706.403022, 451.597423, 635.876472, 544.874472, 600.613197, 637.013997, 572.175072, 773.516996, 509.232023, 853.143746, 469.039473, 869.193482, 458.25471",
            "image_id": "BLD00905_PS3_K3A_NIA0277.png",
            "ingest_time": "2023-03-02T15:10:41.602602Z",
            "type_id": "5",
            "type_name": "기타 포장 도로"
         }
      },
      {
         "type": "Feature",
         "geometry": {
            "type": "Polygon",
            "coordinates": [
               [
                  31.303624,
                  30.073585,
                  0.0
               ],
               [
                  31.309465,
                  30.07366,
                  0.0
               ],
               [
                  31.309379,
                  30.078741,
                  0.0
               ],
               [
                  31.303537,
                  30.078666,
                  0.0
               ]
            ]
         },
         "properties": {
            "object_imcoords": "EMPTY",
            "building_imcoords": "EMPTY",
            "road_imcoords": "340.092924, 671.728510, 309.142668, 601.010776, 260.917852, 618.465280, 284.850317, 693.141769, 291.328277, 690.622562, 265.956265, 619.364997, 305.723745, 604.969529, 335.414397, 674.06777",
            "image_id": "BLD00905_PS3_K3A_NIA0277.png",
            "ingest_time": "2023-03-02T15:10:41.602602Z",
            "type_id": "5",
            "type_name": "기타 포장 도로"
         }
      },
      {
         "type": "Feature",
         "geometry": {
            "type": "Polygon",
            "coordinates": [
               [
                  31.303547,
                  30.078117,
                  0.0
               ],
               [
                  31.303721,
                  30.077637,
                  0.0
               ],
               [
                  31.303709,
                  30.077536,
                  0.0
               ],
               [
                  31.303678,
                  30.077428,
                  0.0
               ]
            ]
         },
         "properties": {
            "object_imcoords": "EMPTY",
            "building_imcoords": "EMPTY",
            "road_imcoords": "0.000000, 110.540809, 29.199459, 207.733294, 26.775388, 228.088014, 20.908230, 249.793530, 0.000000, 285.320428, 0.000000, 297.834482, 21.691027, 267.383618, 12.096919, 287.823239, 0.000000, 302.840104, 0.000000, 312.851347, 31.285135, 273.640645, 39.210702, 255.703834, 41.713513, 230.675726, 37.125026, 199.807727, 0.000000, 76.75286",
            "image_id": "BLD00905_PS3_K3A_NIA0277.png",
            "ingest_time": "2023-03-02T15:10:41.602602Z",
            "type_id": "5",
            "type_name": "기타 포장 도로"
         }
      },
      {
         "type": "Feature",
         "geometry": {
            "type": "Polygon",
            "coordinates": [
               [
                  31.303624,
                  30.073585,
                  0.0
               ],
               [
                  31.309465,
                  30.07366,
                  0.0
               ],
               [
                  31.309379,
                  30.078741,
                  0.0
               ],
               [
                  31.303537,
                  30.078666,
                  0.0
               ]
            ]
         },
         "properties": {
            "object_imcoords": "EMPTY",
            "building_imcoords": "EMPTY",
            "road_imcoords": "743.354667, 132.576494, 508.306384, 209.575070, 354.309234, 259.942559, 261.679369, 13.315543, 255.890002, 15.052353, 347.940930, 262.258305, 62.525159, 356.624980, 63.683032, 363.572220, 349.677740, 266.889799, 356.624980, 302.783871, 211.311880, 346.204120, 206.680386, 370.519460, 213.048689, 390.782243, 0.000000, 468.938692, 0.000000, 475.306995, 175.996743, 411.045026, 203.206766, 491.517221, 207.838260, 489.780411, 180.049300, 409.308216, 221.732739, 393.097990, 247.784889, 386.150750, 292.941948, 405.834596, 445.202289, 356.624980, 526.832357, 321.888781, 494.200252, 223.614114, 487.253012, 225.350924, 519.885117, 317.836224, 392.519053, 366.466903, 293.395396, 400.039115, 246.331971, 381.013475, 222.800258, 387.021572, 214.789462, 367.995932, 219.796210, 349.971641, 361.987835, 309.416988, 384.772149, 369.515226, 389.237590, 367.654626, 357.979504, 266.810088, 522.456574, 213.969038, 746.100734, 137.68442",
            "image_id": "BLD00905_PS3_K3A_NIA0277.png",
            "ingest_time": "2023-03-02T15:10:41.602602Z",
            "type_id": "5",
            "type_name": "기타 포장 도로"
         }
      },
      {
         "type": "Feature",
         "geometry": {
            "type": "Polygon",
            "coordinates": [
               [
                  31.303624,
                  30.073585,
                  0.0
               ],
               [
                  31.309465,
                  30.07366,
                  0.0
               ],
               [
                  31.309379,
                  30.078741,
                  0.0
               ],
               [
                  31.303537,
                  30.078666,
                  0.0
               ]
            ]
         },
         "properties": {
            "object_imcoords": "EMPTY",
            "building_imcoords": "EMPTY",
            "road_imcoords": "874.135761, 502.914690, 880.333107, 520.267261, 889.319260, 516.858720, 882.812046, 499.81601",
            "image_id": "BLD00905_PS3_K3A_NIA0277.png",
            "ingest_time": "2023-03-02T15:10:41.602602Z",
            "type_id": "2",
            "type_name": "고속도로"
         }
      },
      {
         "type": "Feature",
         "geometry": {
            "type": "Polygon",
            "coordinates": [
               [
                  31.308697,
                  30.076075,
                  0.0
               ],
               [
                  31.308791,
                  30.075875,
                  0.0
               ],
               [
                  31.308864,
                  30.075903,
                  0.0
               ],
               [
                  31.308771,
                  30.076095,
                  0.0
               ]
            ]
         },
         "properties": {
            "object_imcoords": "EMPTY",
            "building_imcoords": "EMPTY",
            "road_imcoords": "896.539972, 535.434429, 912.521127, 575.967014, 925.263871, 570.465769, 909.554400, 531.50808",
            "image_id": "BLD00905_PS3_K3A_NIA0277.png",
            "ingest_time": "2023-03-02T15:10:41.602602Z",
            "type_id": "2",
            "type_name": "고속도로"
         }
      },
      {
         "type": "Feature",
         "geometry": {
            "type": "Polygon",
            "coordinates": [
               [
                  31.303624,
                  30.073585,
                  0.0
               ],
               [
                  31.309465,
                  30.07366,
                  0.0
               ],
               [
                  31.309379,
                  30.078741,
                  0.0
               ],
               [
                  31.303537,
                  30.078666,
                  0.0
               ]
            ]
         },
         "properties": {
            "object_imcoords": "EMPTY",
            "building_imcoords": "EMPTY",
            "road_imcoords": "971.124237, 467.899680, 957.490075, 471.308221, 964.307156, 488.970659, 976.391982, 484.32264",
            "image_id": "BLD00905_PS3_K3A_NIA0277.png",
            "ingest_time": "2023-03-02T15:10:41.602602Z",
            "type_id": "2",
            "type_name": "고속도로"
         }
      },
      {
         "type": "Feature",
         "geometry": {
            "type": "Polygon",
            "coordinates": [
               [
                  31.309155,
                  30.076224,
                  0.0
               ],
               [
                  31.309082,
                  30.076208,
                  0.0
               ],
               [
                  31.309161,
                  30.07601,
                  0.0
               ],
               [
                  31.309224,
                  30.076025,
                  0.0
               ]
            ]
         },
         "properties": {
            "object_imcoords": "EMPTY",
            "building_imcoords": "EMPTY",
            "road_imcoords": "977.309336, 506.616766, 964.400919, 509.617594, 977.631452, 549.704658, 988.786676, 546.91585",
            "image_id": "BLD00905_PS3_K3A_NIA0277.png",
            "ingest_time": "2023-03-02T15:10:41.602602Z",
            "type_id": "2",
            "type_name": "고속도로"
         }
      },
      {
         "type": "Feature",
         "geometry": {
            "type": "Polygon",
            "coordinates": [
               [
                  31.308561,
                  30.078729,
                  0.0
               ],
               [
                  31.308725,
                  30.078291,
                  0.0
               ],
               [
                  31.3088,
                  30.078283,
                  0.0
               ],
               [
                  31.309175,
                  30.078349,
                  0.0
               ]
            ]
         },
         "properties": {
            "object_imcoords": "EMPTY",
            "building_imcoords": "EMPTY",
            "road_imcoords": "880.576146, 0.325953, 908.088539, 89.042090, 921.221991, 90.699203, 987.080387, 78.484017, 995.352010, 79.079554, 1003.320938, 82.475478, 1024.000000, 104.732753, 1024.000000, 94.703765, 999.843621, 69.874604, 989.248691, 69.248659, 921.202280, 79.471328, 916.289452, 79.463960, 913.144331, 75.898037, 891.389311, 0.29524",
            "image_id": "BLD00905_PS3_K3A_NIA0277.png",
            "ingest_time": "2023-03-02T15:10:41.602602Z",
            "type_id": "5",
            "type_name": "기타 포장 도로"
         }
      },
      {
         "type": "Feature",
         "geometry": {
            "type": "Polygon",
            "coordinates": [
               [
                  31.303624,
                  30.073585,
                  0.0
               ],
               [
                  31.309465,
                  30.07366,
                  0.0
               ],
               [
                  31.309379,
                  30.078741,
                  0.0
               ],
               [
                  31.303537,
                  30.078666,
                  0.0
               ]
            ]
         },
         "properties": {
            "object_imcoords": "EMPTY",
            "building_imcoords": "EMPTY",
            "road_imcoords": "697.522618, 0.000000, 714.838928, 62.771624, 720.250275, 71.429779, 746.765875, 140.153885, 750.553818, 151.517714, 754.341760, 165.046081, 781.939630, 231.605648, 826.853809, 331.715566, 837.135368, 359.313435, 866.897776, 449.682929, 869.603450, 459.423353, 870.144584, 479.986472, 859.863025, 495.679378, 874.473662, 490.809165, 883.131817, 475.657394, 879.885009, 435.072292, 761.917646, 136.907077, 750.822584, 115.881787, 711.592120, 0.00000",
            "image_id": "BLD00905_PS3_K3A_NIA0277.png",
            "ingest_time": "2023-03-02T15:10:41.602602Z",
            "type_id": "5",
            "type_name": "기타 포장 도로"
         }
      },
      {
         "type": "Feature",
         "geometry": {
            "type": "Polygon",
            "coordinates": [
               [
                  31.303624,
                  30.073585,
                  0.0
               ],
               [
                  31.309465,
                  30.07366,
                  0.0
               ],
               [
                  31.309379,
                  30.078741,
                  0.0
               ],
               [
                  31.303537,
                  30.078666,
                  0.0
               ]
            ]
         },
         "properties": {
            "object_imcoords": "EMPTY",
            "building_imcoords": "EMPTY",
            "road_imcoords": "773.379263, 0.000000, 818.794351, 127.867723, 891.987599, 326.724079, 924.174991, 406.090251, 946.221151, 463.851188, 991.636238, 448.418877, 976.644850, 448.418877, 958.567000, 444.009645, 947.102997, 433.427489, 909.624526, 327.165002, 893.310369, 284.395453, 824.526352, 100.971409, 791.457113, 0.00000",
            "image_id": "BLD00905_PS3_K3A_NIA0277.png",
            "ingest_time": "2023-03-02T15:10:41.602602Z",
            "type_id": "5",
            "type_name": "기타 포장 도로"
         }
      },
      {
         "type": "Feature",
         "geometry": {
            "type": "Polygon",
            "coordinates": [
               [
                  31.303624,
                  30.073585,
                  0.0
               ],
               [
                  31.309465,
                  30.07366,
                  0.0
               ],
               [
                  31.309379,
                  30.078741,
                  0.0
               ],
               [
                  31.303537,
                  30.078666,
                  0.0
               ]
            ]
         },
         "properties": {
            "object_imcoords": "EMPTY",
            "building_imcoords": "EMPTY",
            "road_imcoords": "50.562353, 788.983376, 37.219510, 766.160092, 41.433039, 763.702200, 56.531519, 790.03675",
            "image_id": "BLD00905_PS3_K3A_NIA0277.png",
            "ingest_time": "2023-03-02T15:10:41.602602Z",
            "type_id": "5",
            "type_name": "기타 포장 도로"
         }
      },
      {
         "type": "Feature",
         "geometry": {
            "type": "Polygon",
            "coordinates": [
               [
                  31.309283,
                  30.075058,
                  0.0
               ],
               [
                  31.30944,
                  30.075112,
                  0.0
               ],
               [
                  31.309441,
                  30.075105,
                  0.0
               ],
               [
                  31.309437,
                  30.075083,
                  0.0
               ]
            ]
         },
         "properties": {
            "object_imcoords": "EMPTY",
            "building_imcoords": "EMPTY",
            "road_imcoords": "996.237549, 741.932023, 1024.000000, 731.411515, 1024.000000, 732.768943, 1023.330141, 737.234669, 999.060239, 749.22341",
            "image_id": "BLD00905_PS3_K3A_NIA0277.png",
            "ingest_time": "2023-03-02T15:10:41.602602Z",
            "type_id": "6",
            "type_name": "보도"
         }
      },
      {
         "type": "Feature",
         "geometry": {
            "type": "Polygon",
            "coordinates": [
               [
                  31.304767,
                  30.076179,
                  0.0
               ],
               [
                  31.304932,
                  30.075846,
                  0.0
               ],
               [
                  31.304956,
                  30.075852,
                  0.0
               ],
               [
                  31.304792,
                  30.076188,
                  0.0
               ]
            ]
         },
         "properties": {
            "object_imcoords": "EMPTY",
            "building_imcoords": "EMPTY",
            "road_imcoords": "208.032099, 504.354688, 236.072855, 571.804075, 240.241076, 570.667287, 212.579248, 502.46004",
            "image_id": "BLD00905_PS3_K3A_NIA0277.png",
            "ingest_time": "2023-03-02T15:10:41.602602Z",
            "type_id": "6",
            "type_name": "보도"
         }
      },
      {
         "type": "Feature",
         "geometry": {
            "type": "Polygon",
            "coordinates": [
               [
                  31.303931,
                  30.074118,
                  0.0
               ],
               [
                  31.30389,
                  30.073988,
                  0.0
               ],
               [
                  31.303619,
                  30.073894,
                  0.0
               ],
               [
                  31.30362,
                  30.073826,
                  0.0
               ]
            ]
         },
         "properties": {
            "object_imcoords": "EMPTY",
            "building_imcoords": "EMPTY",
            "road_imcoords": "55.441061, 917.392647, 47.769971, 943.544090, 0.000000, 961.675758, 0.000000, 975.401304, 6.973718, 973.182393, 27.369901, 1024.000000, 40.967612, 1024.000000, 18.480354, 968.300790, 57.533176, 950.866495, 67.296382, 914.25447",
            "image_id": "BLD00905_PS3_K3A_NIA0277.png",
            "ingest_time": "2023-03-02T15:10:41.602602Z",
            "type_id": "5",
            "type_name": "기타 포장 도로"
         }
      },
      {
         "type": "Feature",
         "geometry": {
            "type": "Polygon",
            "coordinates": [
               [
                  31.306404,
                  30.074813,
                  0.0
               ],
               [
                  31.306497,
                  30.074657,
                  0.0
               ],
               [
                  31.306448,
                  30.07458,
                  0.0
               ],
               [
                  31.306394,
                  30.074511,
                  0.0
               ]
            ]
         },
         "properties": {
            "object_imcoords": "EMPTY",
            "building_imcoords": "EMPTY",
            "road_imcoords": "490.971708, 783.752533, 506.840150, 815.489418, 497.855497, 830.816180, 488.342335, 844.557414, 486.756808, 862.526721, 493.098916, 887.366645, 501.026551, 902.693407, 515.824804, 920.134204, 545.421309, 927.004822, 538.022183, 944.445619, 434.795303, 972.021305, 437.897942, 981.559269, 447.154537, 977.778402, 450.603025, 988.498284, 458.538816, 993.892786, 469.571388, 993.144070, 475.645331, 987.433288, 477.878271, 981.157602, 473.917695, 970.633776, 467.549888, 972.300349, 469.660108, 977.190224, 468.177402, 982.550152, 466.663256, 984.872222, 463.484582, 985.426502, 459.715772, 984.802752, 457.713720, 982.737981, 456.112517, 980.595440, 455.499689, 975.499014, 473.687703, 970.531153, 496.978908, 1023.698341, 504.015108, 1024.860188, 480.969061, 967.956254, 547.006836, 949.730709, 554.405962, 926.476313, 572.375269, 919.077186, 593.515630, 907.449988, 603.557301, 889.480681, 605.142828, 869.925847, 600.914756, 841.914869, 590.344576, 823.417054, 572.903778, 813.903891, 555.991489, 807.561783, 540.136219, 808.090292, 531.680074, 807.561783, 518.995858, 774.794224, 512.125241, 776.908260, 524.280948, 808.090292, 515.582089, 811.160478, 520.581385, 820.774508, 529.037529, 816.017927, 535.908147, 816.017927, 546.478327, 814.960909, 560.748071, 817.603454, 573.960796, 823.417054, 585.587994, 832.930216, 595.101157, 846.142941, 597.215193, 863.583739, 591.401594, 884.724100, 584.002467, 899.522353, 567.618688, 910.621042, 550.706399, 915.377623, 545.421309, 915.377623, 520.052876, 909.564024, 508.425678, 897.936825, 501.026551, 883.667082, 496.269970, 861.998212, 496.798479, 849.313996, 507.368659, 831.873198, 520.581385, 820.774508, 515.296295, 811.261346, 515.582089, 811.160478, 499.969533, 781.136332, 497.300957, 781.58109",
            "image_id": "BLD00905_PS3_K3A_NIA0277.png",
            "ingest_time": "2023-03-02T15:10:41.602602Z",
            "type_id": "5",
            "type_name": "기타 포장 도로"
         }
      },
      {
         "type": "Feature",
         "geometry": {
            "type": "Polygon",
            "coordinates": [
               [
                  31.307041,
                  30.074265,
                  0.0
               ],
               [
                  31.307168,
                  30.074238,
                  0.0
               ],
               [
                  31.307441,
                  30.074312,
                  0.0
               ],
               [
                  31.307478,
                  30.074297,
                  0.0
               ]
            ]
         },
         "properties": {
            "object_imcoords": "EMPTY",
            "building_imcoords": "EMPTY",
            "road_imcoords": "600.914756, 895.822789, 623.112135, 901.636389, 671.206456, 887.366645, 677.548564, 890.537699, 711.373141, 979.855724, 712.958668, 988.840377, 633.976906, 1024.000000, 599.078853, 1024.000000, 697.103398, 983.026778, 698.160416, 979.327215, 671.734965, 902.693407, 664.335838, 900.050862, 627.868716, 911.149551, 621.526608, 910.621042, 595.250276, 904.345885, 597.418466, 902.24620",
            "image_id": "BLD00905_PS3_K3A_NIA0277.png",
            "ingest_time": "2023-03-02T15:10:41.602602Z",
            "type_id": "5",
            "type_name": "기타 포장 도로"
         }
      },
      {
         "type": "Feature",
         "geometry": {
            "type": "Polygon",
            "coordinates": [
               [
                  31.308271,
                  30.073645,
                  0.0
               ],
               [
                  31.308211,
                  30.073761,
                  0.0
               ],
               [
                  31.308068,
                  30.073719,
                  0.0
               ],
               [
                  31.308052,
                  30.073776,
                  0.0
               ]
            ]
         },
         "properties": {
            "object_imcoords": "EMPTY",
            "building_imcoords": "EMPTY",
            "road_imcoords": "814.627009, 1024.000000, 804.466366, 1000.495691, 779.369186, 1008.635317, 776.655977, 997.104181, 812.605992, 986.251346, 827.551514, 1024.00000",
            "image_id": "BLD00905_PS3_K3A_NIA0277.png",
            "ingest_time": "2023-03-02T15:10:41.602602Z",
            "type_id": "5",
            "type_name": "기타 포장 도로"
         }
      },
      {
         "type": "Feature",
         "geometry": {
            "type": "Polygon",
            "coordinates": [
               [
                  31.308395,
                  30.073647,
                  0.0
               ],
               [
                  31.308375,
                  30.073686,
                  0.0
               ],
               [
                  31.308452,
                  30.073717,
                  0.0
               ],
               [
                  31.308483,
                  30.073648,
                  0.0
               ]
            ]
         },
         "properties": {
            "object_imcoords": "EMPTY",
            "building_imcoords": "EMPTY",
            "road_imcoords": "836.342211, 1024.000000, 832.955057, 1016.096641, 846.521100, 1009.991922, 851.857511, 1024.00000",
            "image_id": "BLD00905_PS3_K3A_NIA0277.png",
            "ingest_time": "2023-03-02T15:10:41.602602Z",
            "type_id": "5",
            "type_name": "기타 포장 도로"
         }
      },
      {
         "type": "Feature",
         "geometry": {
            "type": "Polygon",
            "coordinates": [
               [
                  31.309432,
                  30.074574,
                  0.0
               ],
               [
                  31.30917,
                  30.0745,
                  0.0
               ],
               [
                  31.309013,
                  30.074858,
                  0.0
               ],
               [
                  31.309073,
                  30.07496,
                  0.0
               ]
            ]
         },
         "properties": {
            "object_imcoords": "EMPTY",
            "building_imcoords": "EMPTY",
            "road_imcoords": "1020.844756, 839.738079, 974.720209, 853.982424, 948.266425, 781.404093, 959.119260, 761.055028, 967.258885, 755.628610, 987.607950, 753.593704, 983.899301, 743.703972, 983.506091, 742.752887, 967.258885, 748.845589, 947.588123, 756.306913, 943.518310, 748.167287, 980.146627, 736.636150, 976.690045, 726.266407, 974.415069, 720.763751, 968.615490, 728.496524, 954.371144, 733.922941, 926.560756, 720.356898, 895.358856, 652.526682, 889.932439, 648.456869, 880.436209, 645.065358, 757.663517, 702.042739, 751.558797, 689.833301, 748.167287, 678.980466, 752.237100, 670.162538, 762.292331, 650.052076, 758.791450, 651.472723, 729.853128, 664.736120, 746.132380, 704.755948, 737.992754, 706.790855, 724.426711, 668.127631, 692.076025, 678.545649, 685.700187, 681.132945, 706.790855, 683.050279, 720.356898, 690.511603, 727.818222, 708.147459, 715.608783, 720.356898, 726.882750, 725.369440, 740.027661, 718.321991, 763.768236, 706.112552, 875.688093, 659.309703, 879.079604, 662.022912, 767.838049, 710.182365, 763.768236, 706.790855, 740.027661, 718.321991, 726.174234, 725.578571, 737.055468, 729.437438, 751.972673, 733.375945, 759.020121, 724.426711, 883.827719, 670.840840, 891.289043, 673.554049, 961.154166, 858.052237, 958.440957, 862.122050, 805.822971, 926.560756, 806.501273, 934.700382, 1023.471479, 847.03095",
            "image_id": "BLD00905_PS3_K3A_NIA0277.png",
            "ingest_time": "2023-03-02T15:10:41.602602Z",
            "type_id": "5",
            "type_name": "기타 포장 도로"
         }
      },
      {
         "type": "Feature",
         "geometry": {
            "type": "Polygon",
            "coordinates": [
               [
                  31.306678,
                  30.076868,
                  0.0
               ],
               [
                  31.306807,
                  30.07661,
                  0.0
               ],
               [
                  31.306865,
                  30.076631,
                  0.0
               ],
               [
                  31.3068,
                  30.076754,
                  0.0
               ]
            ]
         },
         "properties": {
            "object_imcoords": "EMPTY",
            "building_imcoords": "EMPTY",
            "road_imcoords": "545.057369, 370.455219, 566.882638, 422.720995, 577.220923, 418.700550, 566.112893, 393.707482, 554.246956, 367.00912",
            "image_id": "BLD00905_PS3_K3A_NIA0277.png",
            "ingest_time": "2023-03-02T15:10:41.602602Z",
            "type_id": "6",
            "type_name": "보도"
         }
      },
      {
         "type": "Feature",
         "geometry": {
            "type": "Polygon",
            "coordinates": [
               [
                  31.307523,
                  30.077185,
                  0.0
               ],
               [
                  31.307652,
                  30.076928,
                  0.0
               ],
               [
                  31.30771,
                  30.076948,
                  0.0
               ],
               [
                  31.307645,
                  30.077071,
                  0.0
               ]
            ]
         },
         "properties": {
            "object_imcoords": "EMPTY",
            "building_imcoords": "EMPTY",
            "road_imcoords": "694.049870, 308.661572, 715.875139, 360.927347, 726.213424, 356.906903, 715.105394, 331.913835, 703.239457, 305.21547",
            "image_id": "BLD00905_PS3_K3A_NIA0277.png",
            "ingest_time": "2023-03-02T15:10:41.602602Z",
            "type_id": "6",
            "type_name": "보도"
         }
      },
      {
         "type": "Feature",
         "geometry": {
            "type": "Polygon",
            "coordinates": [
               [
                  31.307907,
                  30.076992,
                  0.0
               ],
               [
                  31.308204,
                  30.076341,
                  0.0
               ],
               [
                  31.308249,
                  30.076364,
                  0.0
               ],
               [
                  31.307959,
                  30.07701,
                  0.0
               ]
            ]
         },
         "properties": {
            "object_imcoords": "EMPTY",
            "building_imcoords": "EMPTY",
            "road_imcoords": "760.910439, 348.527730, 810.878817, 480.628040, 818.919706, 476.033247, 770.100026, 345.08163",
            "image_id": "BLD00905_PS3_K3A_NIA0277.png",
            "ingest_time": "2023-03-02T15:10:41.602602Z",
            "type_id": "6",
            "type_name": "보도"
         }
      },
      {
         "type": "Feature",
         "geometry": {
            "type": "Polygon",
            "coordinates": [
               [
                  31.307033,
                  30.076661,
                  0.0
               ],
               [
                  31.307339,
                  30.075978,
                  0.0
               ],
               [
                  31.307395,
                  30.075993,
                  0.0
               ],
               [
                  31.307085,
                  30.076678,
                  0.0
               ]
            ]
         },
         "properties": {
            "object_imcoords": "EMPTY",
            "building_imcoords": "EMPTY",
            "road_imcoords": "606.646574, 413.090901, 658.338000, 551.509053, 668.101936, 548.637307, 615.836161, 409.64480",
            "image_id": "BLD00905_PS3_K3A_NIA0277.png",
            "ingest_time": "2023-03-02T15:10:41.602602Z",
            "type_id": "6",
            "type_name": "보도"
         }
      },
      {
         "type": "Feature",
         "geometry": {
            "type": "Polygon",
            "coordinates": [
               [
                  31.307836,
                  30.07814,
                  0.0
               ],
               [
                  31.308144,
                  30.078266,
                  0.0
               ],
               [
                  31.308141,
                  30.078273,
                  0.0
               ],
               [
                  31.308121,
                  30.078323,
                  0.0
               ]
            ]
         },
         "properties": {
            "object_imcoords": "EMPTY",
            "building_imcoords": "EMPTY",
            "road_imcoords": "751.823073, 117.167232, 806.244863, 92.534212, 805.699345, 90.998288, 802.365801, 80.983234, 794.899262, 85.003678, 765.607454, 0.000000, 754.922321, 0.000000, 786.284024, 87.875424, 762.161359, 98.213709, 726.551710, 0.000000, 714.490377, 0.000000, 752.397423, 102.808503, 747.802629, 105.10589",
            "image_id": "BLD00905_PS3_K3A_NIA0277.png",
            "ingest_time": "2023-03-02T15:10:41.602602Z",
            "type_id": "6",
            "type_name": "보도"
         }
      },
      {
         "type": "Feature",
         "geometry": {
            "type": "Polygon",
            "coordinates": [
               [
                  31.307906,
                  30.078019,
                  0.0
               ],
               [
                  31.308199,
                  30.078128,
                  0.0
               ],
               [
                  31.308215,
                  30.078081,
                  0.0
               ],
               [
                  31.308188,
                  30.078065,
                  0.0
               ]
            ]
         },
         "properties": {
            "object_imcoords": "EMPTY",
            "building_imcoords": "EMPTY",
            "road_imcoords": "763.809514, 141.688817, 815.489418, 120.500057, 818.131963, 130.013219, 813.375382, 133.184273, 898.352131, 357.253342, 902.995508, 355.026102, 905.977665, 362.443984, 902.693407, 364.671224, 908.507006, 381.583513, 912.735078, 379.997986, 915.691039, 385.170917, 916.642475, 387.516924, 868.868829, 405.366419, 865.697775, 397.967292, 874.682429, 393.210711, 867.811811, 376.298422, 858.228002, 380.333711, 856.986361, 377.195434, 855.656104, 371.541841, 860.412685, 368.370787, 771.623170, 152.210598, 778.493787, 149.039544, 879.967519, 391.625184, 904.278934, 383.169040, 897.936825, 366.785260, 872.662841, 375.354608, 869.812643, 367.011668, 892.123226, 358.329116, 842.443378, 228.315897, 816.754089, 239.206934, 812.091956, 229.920179, 835.572761, 219.331243, 807.977088, 137.299141, 768.980625, 152.644658, 765.986211, 147.19046",
            "image_id": "BLD00905_PS3_K3A_NIA0277.png",
            "ingest_time": "2023-03-02T15:10:41.602602Z",
            "type_id": "6",
            "type_name": "보도"
         }
      },
      {
         "type": "Feature",
         "geometry": {
            "type": "Polygon",
            "coordinates": [
               [
                  31.303988,
                  30.074105,
                  0.0
               ],
               [
                  31.304729,
                  30.074318,
                  0.0
               ],
               [
                  31.305441,
                  30.074573,
                  0.0
               ],
               [
                  31.305502,
                  30.074539,
                  0.0
               ]
            ]
         },
         "properties": {
            "object_imcoords": "EMPTY",
            "building_imcoords": "EMPTY",
            "road_imcoords": "65.418884, 920.183737, 195.955761, 879.195807, 321.455006, 829.601456, 332.065687, 836.736485, 247.001299, 872.467554, 250.990591, 875.308147, 253.287987, 879.902940, 251.564940, 886.220781, 244.915589, 889.092527, 241.917255, 889.434850, 244.098400, 883.923384, 247.544496, 881.625987, 244.672750, 877.605543, 240.077956, 881.625987, 243.993689, 883.919987, 241.917255, 889.434850, 238.445175, 888.304895, 236.057512, 883.923384, 236.437203, 879.368209, 239.503607, 875.882496, 187.812181, 894.261669, 190.683927, 905.174304, 185.514784, 908.620399, 182.643038, 900.005161, 178.622594, 898.282114, 131.525962, 912.640843, 135.546406, 918.958684, 135.546406, 922.979128, 134.397708, 926.425223, 125.208121, 928.722620, 120.613327, 925.850874, 120.462351, 917.688566, 124.840537, 919.395189, 125.208121, 919.533033, 126.356819, 919.533033, 125.782470, 924.127827, 131.525962, 922.979128, 131.525962, 920.107382, 128.079867, 919.533033, 126.356819, 919.533033, 124.840537, 919.395189, 120.613327, 917.809986, 75.239742, 929.296969, 62.604060, 933.89176",
            "image_id": "BLD00905_PS3_K3A_NIA0277.png",
            "ingest_time": "2023-03-02T15:10:41.602602Z",
            "type_id": "6",
            "type_name": "보도"
         }
      },
      {
         "type": "Feature",
         "geometry": {
            "type": "Polygon",
            "coordinates": [
               [
                  31.303944,
                  30.073951,
                  0.0
               ],
               [
                  31.303973,
                  30.073934,
                  0.0
               ],
               [
                  31.304707,
                  30.074164,
                  0.0
               ],
               [
                  31.305581,
                  30.074457,
                  0.0
               ]
            ]
         },
         "properties": {
            "object_imcoords": "EMPTY",
            "building_imcoords": "EMPTY",
            "road_imcoords": "57.218300, 951.112145, 62.144379, 954.522508, 191.608872, 910.204560, 345.583377, 853.348427, 344.067661, 849.180206, 293.670085, 868.126663, 252.340387, 883.377474, 238.738163, 888.396745, 190.980287, 906.019578, 187.690717, 907.169777, 185.514784, 908.620399, 185.308851, 908.002597, 163.140916, 915.753624, 136.793420, 924.966035, 134.649268, 925.670542, 134.397708, 926.425223, 125.844651, 928.56348",
            "image_id": "BLD00905_PS3_K3A_NIA0277.png",
            "ingest_time": "2023-03-02T15:10:41.602602Z",
            "type_id": "6",
            "type_name": "보도"
         }
      },
      {
         "type": "Feature",
         "geometry": {
            "type": "Polygon",
            "coordinates": [
               [
                  31.303541,
                  30.07843,
                  0.0
               ],
               [
                  31.304367,
                  30.078676,
                  0.0
               ],
               [
                  31.304195,
                  30.078674,
                  0.0
               ],
               [
                  31.304068,
                  30.078638,
                  0.0
               ]
            ]
         },
         "properties": {
            "object_imcoords": "EMPTY",
            "building_imcoords": "EMPTY",
            "road_imcoords": "0.000000, 47.436561, 145.430509, 0.000000, 115.314534, 0.000000, 93.000626, 6.865818, 90.888067, 0.000000, 71.589043, 0.000000, 76.148163, 13.107471, 0.624165, 33.70492",
            "image_id": "BLD00905_PS3_K3A_NIA0277.png",
            "ingest_time": "2023-03-02T15:10:41.602602Z",
            "type_id": "5",
            "type_name": "기타 포장 도로"
         }
      }
   ]
}