{
   "type": "FeatureCollection",
   "features": [
      {
         "type": "Feature",
         "geometry": {
            "type": "Polygon",
            "coordinates": [
               [
                  31.438296,
                  30.054928,
                  0.0
               ],
               [
                  31.444136,
                  30.054997,
                  0.0
               ],
               [
                  31.444057,
                  30.060078,
                  0.0
               ],
               [
                  31.438216,
                  30.060009,
                  0.0
               ]
            ]
         },
         "properties": {
            "object_imcoords": "EMPTY",
            "building_imcoords": "EMPTY",
            "road_imcoords": "949.405580, 0.000000, 680.225454, 1024.000000, 706.529943, 1024.000000, 977.821827, 0.00000",
            "image_id": "BLD01029_PS3_K3A_NIA0277.png",
            "ingest_time": "2023-03-02T15:10:41.602602Z",
            "type_id": "3",
            "type_name": "1차 도로"
         }
      },
      {
         "type": "Feature",
         "geometry": {
            "type": "Polygon",
            "coordinates": [
               [
                  31.438296,
                  30.054928,
                  0.0
               ],
               [
                  31.444136,
                  30.054997,
                  0.0
               ],
               [
                  31.444057,
                  30.060078,
                  0.0
               ],
               [
                  31.438216,
                  30.060009,
                  0.0
               ]
            ]
         },
         "properties": {
            "object_imcoords": "EMPTY",
            "building_imcoords": "EMPTY",
            "road_imcoords": "977.246825, 0.000000, 1004.665980, 7.030553, 1007.829729, 0.000000, 1024.000000, 0.000000, 753.068679, 1024.000000, 735.728282, 1024.000000, 1002.131681, 20.451667, 975.195339, 10.97406",
            "image_id": "BLD01029_PS3_K3A_NIA0277.png",
            "ingest_time": "2023-03-02T15:10:41.602602Z",
            "type_id": "3",
            "type_name": "1차 도로"
         }
      },
      {
         "type": "Feature",
         "geometry": {
            "type": "Polygon",
            "coordinates": [
               [
                  31.443267,
                  30.056831,
                  0.0
               ],
               [
                  31.443532,
                  30.057044,
                  0.0
               ],
               [
                  31.443717,
                  30.05715,
                  0.0
               ],
               [
                  31.443886,
                  30.05721,
                  0.0
               ]
            ]
         },
         "properties": {
            "object_imcoords": "EMPTY",
            "building_imcoords": "EMPTY",
            "road_imcoords": "876.597353, 652.397835, 923.714024, 610.060491, 956.341497, 589.184582, 986.234690, 577.471199, 1024.000000, 564.197517, 1023.837332, 575.295502, 1002.199217, 578.996001, 983.866602, 586.285900, 965.071081, 593.275010, 940.826036, 604.529917, 925.821613, 615.942764, 905.604645, 634.957793, 871.945710, 670.08181",
            "image_id": "BLD01029_PS3_K3A_NIA0277.png",
            "ingest_time": "2023-03-02T15:10:41.602602Z",
            "type_id": "5",
            "type_name": "기타 포장 도로"
         }
      },
      {
         "type": "Feature",
         "geometry": {
            "type": "Polygon",
            "coordinates": [
               [
                  31.444112,
                  30.056572,
                  0.0
               ],
               [
                  31.443915,
                  30.056423,
                  0.0
               ],
               [
                  31.443536,
                  30.055238,
                  0.0
               ],
               [
                  31.443591,
                  30.055228,
                  0.0
               ]
            ]
         },
         "properties": {
            "object_imcoords": "EMPTY",
            "building_imcoords": "EMPTY",
            "road_imcoords": "1024.000000, 706.516828, 989.054038, 736.178967, 919.429616, 973.947077, 929.007007, 976.157244, 967.925590, 848.086389, 1024.000000, 867.490683, 1024.000000, 856.071485, 970.132806, 837.398009, 994.957253, 743.957578, 1023.511997, 718.88372",
            "image_id": "BLD01029_PS3_K3A_NIA0277.png",
            "ingest_time": "2023-03-02T15:10:41.602602Z",
            "type_id": "5",
            "type_name": "기타 포장 도로"
         }
      },
      {
         "type": "Feature",
         "geometry": {
            "type": "Polygon",
            "coordinates": [
               [
                  31.438296,
                  30.054928,
                  0.0
               ],
               [
                  31.444136,
                  30.054997,
                  0.0
               ],
               [
                  31.444057,
                  30.060078,
                  0.0
               ],
               [
                  31.438216,
                  30.060009,
                  0.0
               ]
            ]
         },
         "properties": {
            "object_imcoords": "EMPTY",
            "building_imcoords": "EMPTY",
            "road_imcoords": "899.854472, 0.000000, 625.886041, 1024.000000, 648.239113, 1024.000000, 919.914922, 0.00000",
            "image_id": "BLD01029_PS3_K3A_NIA0277.png",
            "ingest_time": "2023-03-02T15:10:41.602602Z",
            "type_id": "5",
            "type_name": "기타 포장 도로"
         }
      },
      {
         "type": "Feature",
         "geometry": {
            "type": "Polygon",
            "coordinates": [
               [
                  31.438296,
                  30.054928,
                  0.0
               ],
               [
                  31.444136,
                  30.054997,
                  0.0
               ],
               [
                  31.444057,
                  30.060078,
                  0.0
               ],
               [
                  31.438216,
                  30.060009,
                  0.0
               ]
            ]
         },
         "properties": {
            "object_imcoords": "EMPTY",
            "building_imcoords": "EMPTY",
            "road_imcoords": "764.586834, 584.351580, 787.194741, 618.577439, 779.658772, 644.325332, 757.678863, 611.98346",
            "image_id": "BLD01029_PS3_K3A_NIA0277.png",
            "ingest_time": "2023-03-02T15:10:41.602602Z",
            "type_id": "5",
            "type_name": "기타 포장 도로"
         }
      },
      {
         "type": "Feature",
         "geometry": {
            "type": "Polygon",
            "coordinates": [
               [
                  31.438391,
                  30.055887,
                  0.0
               ],
               [
                  31.438348,
                  30.055325,
                  0.0
               ],
               [
                  31.438429,
                  30.054929,
                  0.0
               ],
               [
                  31.438514,
                  30.05493,
                  0.0
               ]
            ]
         },
         "properties": {
            "object_imcoords": "EMPTY",
            "building_imcoords": "EMPTY",
            "road_imcoords": "19.341114, 830.891991, 10.179534, 944.151739, 23.412927, 1024.000000, 38.173251, 1024.000000, 22.394974, 943.642762, 70.644533, 839.373744, 57.717241, 836.761235, 29.011671, 891.218164, 30.538601, 832.41891",
            "image_id": "BLD01029_PS3_K3A_NIA0277.png",
            "ingest_time": "2023-03-02T15:10:41.602602Z",
            "type_id": "5",
            "type_name": "기타 포장 도로"
         }
      },
      {
         "type": "Feature",
         "geometry": {
            "type": "Polygon",
            "coordinates": [
               [
                  31.441012,
                  30.055521,
                  0.0
               ],
               [
                  31.440344,
                  30.054952,
                  0.0
               ],
               [
                  31.440428,
                  30.054949,
                  0.0
               ],
               [
                  31.441081,
                  30.055514,
                  0.0
               ]
            ]
         },
         "properties": {
            "object_imcoords": "EMPTY",
            "building_imcoords": "EMPTY",
            "road_imcoords": "477.709637, 910.873983, 359.085260, 1024.000000, 373.752177, 1024.747425, 489.751428, 912.62982",
            "image_id": "BLD01029_PS3_K3A_NIA0277.png",
            "ingest_time": "2023-03-02T15:10:41.602602Z",
            "type_id": "5",
            "type_name": "기타 포장 도로"
         }
      },
      {
         "type": "Feature",
         "geometry": {
            "type": "Polygon",
            "coordinates": [
               [
                  31.441594,
                  30.055378,
                  0.0
               ],
               [
                  31.441655,
                  30.055361,
                  0.0
               ],
               [
                  31.441776,
                  30.055312,
                  0.0
               ],
               [
                  31.441832,
                  30.055198,
                  0.0
               ]
            ]
         },
         "properties": {
            "object_imcoords": "EMPTY",
            "building_imcoords": "EMPTY",
            "road_imcoords": "579.306803, 941.152300, 590.039039, 944.698086, 611.016598, 954.848570, 620.523306, 978.070149, 611.673136, 1024.000000, 619.764720, 1024.000000, 628.614889, 977.311563, 621.534754, 955.059709, 607.747431, 944.468286, 583.933725, 935.39679",
            "image_id": "BLD01029_PS3_K3A_NIA0277.png",
            "ingest_time": "2023-03-02T15:10:41.602602Z",
            "type_id": "5",
            "type_name": "기타 포장 도로"
         }
      },
      {
         "type": "Feature",
         "geometry": {
            "type": "Polygon",
            "coordinates": [
               [
                  31.441417,
                  30.060043,
                  0.0
               ],
               [
                  31.441921,
                  30.059224,
                  0.0
               ],
               [
                  31.44226,
                  30.058967,
                  0.0
               ],
               [
                  31.442313,
                  30.05895,
                  0.0
               ]
            ]
         },
         "properties": {
            "object_imcoords": "EMPTY",
            "building_imcoords": "EMPTY",
            "road_imcoords": "561.093543, 0.747425, 647.184996, 166.933910, 705.965240, 219.576918, 715.272266, 223.126621, 726.105417, 220.781386, 749.855668, 204.105281, 750.729472, 193.768621, 754.263916, 181.068327, 725.190734, 63.294388, 682.706004, 0.747425, 668.544428, 0.747425, 717.519880, 69.785111, 741.712573, 180.717461, 716.373193, 214.539365, 659.454767, 164.920945, 575.314049, 0.74742",
            "image_id": "BLD01029_PS3_K3A_NIA0277.png",
            "ingest_time": "2023-03-02T15:10:41.602602Z",
            "type_id": "5",
            "type_name": "기타 포장 도로"
         }
      },
      {
         "type": "Feature",
         "geometry": {
            "type": "Polygon",
            "coordinates": [
               [
                  31.442531,
                  30.059164,
                  0.0
               ],
               [
                  31.442883,
                  30.059096,
                  0.0
               ],
               [
                  31.442861,
                  30.059025,
                  0.0
               ],
               [
                  31.442515,
                  30.0591,
                  0.0
               ]
            ]
         },
         "properties": {
            "object_imcoords": "EMPTY",
            "building_imcoords": "EMPTY",
            "road_imcoords": "753.998664, 180.470976, 815.435592, 195.132062, 811.480471, 209.271202, 751.031181, 193.45412",
            "image_id": "BLD01029_PS3_K3A_NIA0277.png",
            "ingest_time": "2023-03-02T15:10:41.602602Z",
            "type_id": "5",
            "type_name": "기타 포장 도로"
         }
      },
      {
         "type": "Feature",
         "geometry": {
            "type": "Polygon",
            "coordinates": [
               [
                  31.440802,
                  30.060039,
                  0.0
               ],
               [
                  31.441072,
                  30.059726,
                  0.0
               ],
               [
                  31.441201,
                  30.059303,
                  0.0
               ],
               [
                  31.441147,
                  30.058802,
                  0.0
               ]
            ]
         },
         "properties": {
            "object_imcoords": "EMPTY",
            "building_imcoords": "EMPTY",
            "road_imcoords": "453.296858, 0.000000, 499.825742, 63.797336, 521.207052, 149.318777, 510.501178, 250.179385, 476.733782, 326.206812, 490.417728, 329.426878, 520.080118, 257.504457, 531.912927, 149.882244, 508.247309, 59.164044, 470.162718, 0.20877",
            "image_id": "BLD01029_PS3_K3A_NIA0277.png",
            "ingest_time": "2023-03-02T15:10:41.602602Z",
            "type_id": "5",
            "type_name": "기타 포장 도로"
         }
      },
      {
         "type": "Feature",
         "geometry": {
            "type": "Polygon",
            "coordinates": [
               [
                  31.438217,
                  30.059982,
                  0.0
               ],
               [
                  31.438725,
                  30.05999,
                  0.0
               ],
               [
                  31.438734,
                  30.060013,
                  0.0
               ],
               [
                  31.438813,
                  30.060014,
                  0.0
               ]
            ]
         },
         "properties": {
            "object_imcoords": "EMPTY",
            "building_imcoords": "EMPTY",
            "road_imcoords": "0.000000, 5.295906, 89.215639, 4.888528, 90.845149, 0.407377, 104.695979, 0.407377, 101.441244, 4.927397, 103.066469, 13.443453, 113.179499, 18.066276, 123.027959, 15.072962, 129.953374, 6.110660, 127.916488, 0.000000, 139.323053, 0.000000, 141.767318, 8.962302, 131.990261, 27.294282, 99.400073, 24.850018, 89.623017, 13.036075, 0.000000, 13.03607",
            "image_id": "BLD01029_PS3_K3A_NIA0277.png",
            "ingest_time": "2023-03-02T15:10:41.602602Z",
            "type_id": "5",
            "type_name": "기타 포장 도로"
         }
      },
      {
         "type": "Feature",
         "geometry": {
            "type": "Polygon",
            "coordinates": [
               [
                  31.438837,
                  30.059893,
                  0.0
               ],
               [
                  31.438899,
                  30.059587,
                  0.0
               ],
               [
                  31.439074,
                  30.059225,
                  0.0
               ],
               [
                  31.439137,
                  30.05925,
                  0.0
               ]
            ]
         },
         "properties": {
            "object_imcoords": "EMPTY",
            "building_imcoords": "EMPTY",
            "road_imcoords": "108.536334, 24.808305, 118.459656, 86.518964, 148.229622, 160.013567, 159.393359, 155.051906, 138.616404, 91.170521, 124.661732, 26.668928, 131.484016, 27.599239, 143.888169, 92.100832, 167.525018, 154.400459, 185.307876, 163.459455, 174.826363, 169.633989, 167.501345, 164.355761, 159.969725, 164.204929, 152.484123, 168.485114, 148.771451, 176.619127, 149.257416, 185.422144, 136.442373, 187.872819, 143.206440, 165.393353, 111.270731, 89.083818, 99.504944, 25.21240",
            "image_id": "BLD01029_PS3_K3A_NIA0277.png",
            "ingest_time": "2023-03-02T15:10:41.602602Z",
            "type_id": "5",
            "type_name": "기타 포장 도로"
         }
      },
      {
         "type": "Feature",
         "geometry": {
            "type": "Polygon",
            "coordinates": [
               [
                  31.43941,
                  30.058231,
                  0.0
               ],
               [
                  31.43938,
                  30.058743,
                  0.0
               ],
               [
                  31.439255,
                  30.059036,
                  0.0
               ],
               [
                  31.439196,
                  30.059013,
                  0.0
               ]
            ]
         },
         "properties": {
            "object_imcoords": "EMPTY",
            "building_imcoords": "EMPTY",
            "road_imcoords": "204.349583, 360.964618, 200.462043, 257.888952, 179.391916, 198.546700, 169.077802, 202.967035, 190.074392, 273.324028, 193.758004, 358.017729, 184.851044, 360.554573, 179.391916, 277.007641, 149.204346, 199.428644, 135.987426, 187.973979, 148.616927, 185.624304, 156.065851, 192.196772, 164.477232, 194.141875, 171.821919, 191.932132, 176.519315, 187.386561, 178.413807, 181.058609, 174.463349, 169.470291, 185.330595, 163.596104, 188.579399, 201.405571, 206.605370, 259.296673, 211.303663, 366.03774",
            "image_id": "BLD01029_PS3_K3A_NIA0277.png",
            "ingest_time": "2023-03-02T15:10:41.602602Z",
            "type_id": "5",
            "type_name": "기타 포장 도로"
         }
      },
      {
         "type": "Feature",
         "geometry": {
            "type": "Polygon",
            "coordinates": [
               [
                  31.439288,
                  30.059206,
                  0.0
               ],
               [
                  31.440167,
                  30.059538,
                  0.0
               ],
               [
                  31.440189,
                  30.059501,
                  0.0
               ],
               [
                  31.439291,
                  30.059149,
                  0.0
               ]
            ]
         },
         "properties": {
            "object_imcoords": "EMPTY",
            "building_imcoords": "EMPTY",
            "road_imcoords": "185.744879, 164.216496, 340.589780, 99.426282, 344.344731, 106.955042, 185.995209, 175.73167",
            "image_id": "BLD01029_PS3_K3A_NIA0277.png",
            "ingest_time": "2023-03-02T15:10:41.602602Z",
            "type_id": "5",
            "type_name": "기타 포장 도로"
         }
      },
      {
         "type": "Feature",
         "geometry": {
            "type": "Polygon",
            "coordinates": [
               [
                  31.438251,
                  30.057792,
                  0.0
               ],
               [
                  31.438687,
                  30.058088,
                  0.0
               ],
               [
                  31.438679,
                  30.058146,
                  0.0
               ],
               [
                  31.438693,
                  30.058184,
                  0.0
               ]
            ]
         },
         "properties": {
            "object_imcoords": "EMPTY",
            "building_imcoords": "EMPTY",
            "road_imcoords": "0.000000, 446.677458, 77.163857, 388.193559, 76.050091, 376.484333, 78.589649, 368.751461, 82.008650, 363.886527, 88.286403, 360.359797, 94.140428, 361.317364, 98.308549, 365.329559, 98.681748, 374.826421, 95.950861, 382.282054, 89.219849, 387.796026, 82.692311, 390.789897, 0.000000, 456.45389",
            "image_id": "BLD01029_PS3_K3A_NIA0277.png",
            "ingest_time": "2023-03-02T15:10:41.602602Z",
            "type_id": "5",
            "type_name": "기타 포장 도로"
         }
      },
      {
         "type": "Feature",
         "geometry": {
            "type": "Polygon",
            "coordinates": [
               [
                  31.439236,
                  30.05816,
                  0.0
               ],
               [
                  31.439275,
                  30.058216,
                  0.0
               ],
               [
                  31.439337,
                  30.058174,
                  0.0
               ],
               [
                  31.43932,
                  30.058149,
                  0.0
               ]
            ]
         },
         "properties": {
            "object_imcoords": "EMPTY",
            "building_imcoords": "EMPTY",
            "road_imcoords": "173.635596, 374.918667, 180.731565, 363.786239, 191.422262, 372.265055, 188.339311, 377.444090, 186.132527, 383.836349, 190.390360, 389.502246, 198.034430, 391.886039, 205.969031, 386.481216, 215.504421, 388.988962, 235.435550, 396.161491, 279.364095, 396.730076, 314.739194, 387.803650, 356.065244, 354.081593, 394.548788, 339.151263, 442.757322, 334.922444, 486.314155, 348.877546, 545.517617, 391.165733, 577.656640, 403.429308, 706.815004, 431.411112, 777.679766, 455.020896, 775.142475, 465.592943, 705.614989, 438.226076, 539.174389, 399.200489, 479.125163, 357.335183, 442.334440, 345.917373, 397.086080, 348.877546, 360.295357, 361.986884, 319.275815, 396.663198, 276.987627, 404.275071, 241.642702, 403.330969, 214.823992, 395.817434, 202.511248, 403.625986, 187.336670, 403.429308, 178.558351, 396.233768, 172.486635, 387.35979",
            "image_id": "BLD01029_PS3_K3A_NIA0277.png",
            "ingest_time": "2023-03-02T15:10:41.602602Z",
            "type_id": "5",
            "type_name": "기타 포장 도로"
         }
      },
      {
         "type": "Feature",
         "geometry": {
            "type": "Polygon",
            "coordinates": [
               [
                  31.439421,
                  30.058102,
                  0.0
               ],
               [
                  31.439444,
                  30.05813,
                  0.0
               ],
               [
                  31.43941,
                  30.058175,
                  0.0
               ],
               [
                  31.439373,
                  30.058192,
                  0.0
               ]
            ]
         },
         "properties": {
            "object_imcoords": "EMPTY",
            "building_imcoords": "EMPTY",
            "road_imcoords": "206.020959, 387.079255, 210.128738, 381.391560, 204.284220, 372.369154, 197.805399, 368.752237, 191.428009, 372.027527, 180.800042, 364.933104, 198.437365, 356.428898, 217.712332, 371.280102, 221.504129, 379.495661, 265.741758, 381.707543, 296.708098, 373.491983, 355.027188, 336.724901, 399.937214, 321.379507, 450.470561, 318.203190, 492.933582, 330.518286, 559.921992, 378.863695, 598.787909, 391.503018, 662.300505, 403.826357, 714.018279, 416.611684, 786.349502, 424.289300, 783.924992, 433.583256, 713.614193, 425.097470, 659.062712, 410.954493, 595.621360, 398.427857, 554.808770, 384.284880, 488.249921, 336.378668, 446.566109, 324.099716, 402.297255, 326.107256, 359.355300, 342.463158, 300.834333, 379.678132, 266.905648, 387.433260, 215.315403, 389.45938",
            "image_id": "BLD01029_PS3_K3A_NIA0277.png",
            "ingest_time": "2023-03-02T15:10:41.602602Z",
            "type_id": "5",
            "type_name": "기타 포장 도로"
         }
      },
      {
         "type": "Feature",
         "geometry": {
            "type": "Polygon",
            "coordinates": [
               [
                  31.441459,
                  30.058038,
                  0.0
               ],
               [
                  31.441295,
                  30.05784,
                  0.0
               ],
               [
                  31.441155,
                  30.057768,
                  0.0
               ],
               [
                  31.440247,
                  30.057675,
                  0.0
               ]
            ]
         },
         "properties": {
            "object_imcoords": "EMPTY",
            "building_imcoords": "EMPTY",
            "road_imcoords": "563.092942, 404.750563, 533.705995, 444.267148, 508.960318, 458.437000, 349.521976, 475.002022, 267.525114, 464.648883, 235.637446, 482.042157, 226.526684, 515.172202, 232.738567, 541.676238, 263.797984, 563.210767, 388.446552, 572.641996, 586.892073, 638.614576, 594.823756, 645.791889, 600.685416, 652.878867, 603.781053, 660.781363, 597.447686, 727.809504, 578.975363, 770.031955, 554.169673, 777.420884, 458.113597, 763.698588, 347.594973, 819.571127, 365.411737, 824.277441, 462.227358, 776.878127, 553.664334, 788.980080, 583.583050, 780.239780, 609.533203, 733.412443, 612.861035, 702.681369, 615.056481, 662.004346, 609.212377, 645.707266, 604.592843, 640.349378, 593.752408, 630.837276, 392.941793, 560.612739, 266.695434, 552.327821, 242.629722, 534.968947, 237.500963, 512.875834, 245.391361, 489.599162, 269.457073, 477.763565, 350.333647, 487.232042, 510.114195, 469.084128, 540.492225, 453.303333, 571.505616, 407.78928",
            "image_id": "BLD01029_PS3_K3A_NIA0277.png",
            "ingest_time": "2023-03-02T15:10:41.602602Z",
            "type_id": "5",
            "type_name": "기타 포장 도로"
         }
      },
      {
         "type": "Feature",
         "geometry": {
            "type": "Polygon",
            "coordinates": [
               [
                  31.438277,
                  30.056076,
                  0.0
               ],
               [
                  31.441831,
                  30.055628,
                  0.0
               ],
               [
                  31.44207,
                  30.0557,
                  0.0
               ],
               [
                  31.442007,
                  30.055493,
                  0.0
               ]
            ]
         },
         "properties": {
            "object_imcoords": "EMPTY",
            "building_imcoords": "EMPTY",
            "road_imcoords": "-0.217202, 792.662376, 621.573251, 891.285153, 663.738454, 877.472414, 652.106674, 918.910631, 591.700996, 907.735074, 590.904448, 915.521081, 568.765676, 912.127845, 570.613792, 904.001493, 556.334893, 901.389166, 554.700262, 909.514649, 532.075771, 905.379552, 534.083757, 897.787166, 403.899055, 874.629520, 401.992220, 883.181192, 383.381835, 879.946350, 384.384828, 871.512575, 0.000000, 804.04680",
            "image_id": "BLD01029_PS3_K3A_NIA0277.png",
            "ingest_time": "2023-03-02T15:10:41.602602Z",
            "type_id": "5",
            "type_name": "기타 포장 도로"
         }
      },
      {
         "type": "Feature",
         "geometry": {
            "type": "Polygon",
            "coordinates": [
               [
                  31.438283,
                  30.055976,
                  0.0
               ],
               [
                  31.438287,
                  30.055905,
                  0.0
               ],
               [
                  31.438388,
                  30.055891,
                  0.0
               ],
               [
                  31.438454,
                  30.055882,
                  0.0
               ]
            ]
         },
         "properties": {
            "object_imcoords": "EMPTY",
            "building_imcoords": "EMPTY",
            "road_imcoords": "0.566442, 812.844188, 1.132884, 827.005236, 18.769081, 830.101640, 30.354454, 832.135695, 55.858943, 836.613543, 70.530171, 839.189385, 476.406999, 910.449570, 476.905807, 910.338097, 489.751428, 912.897764, 487.912762, 912.469648, 628.116127, 937.085287, 636.839963, 965.437752, 639.020921, 972.707614, 647.017770, 940.720219, 626.662155, 921.81857",
            "image_id": "BLD01029_PS3_K3A_NIA0277.png",
            "ingest_time": "2023-03-02T15:10:41.602602Z",
            "type_id": "5",
            "type_name": "기타 포장 도로"
         }
      },
      {
         "type": "Feature",
         "geometry": {
            "type": "Polygon",
            "coordinates": [
               [
                  31.441066,
                  30.057091,
                  0.0
               ],
               [
                  31.441115,
                  30.057185,
                  0.0
               ],
               [
                  31.441212,
                  30.057279,
                  0.0
               ],
               [
                  31.441413,
                  30.057364,
                  0.0
               ]
            ]
         },
         "properties": {
            "object_imcoords": "EMPTY",
            "building_imcoords": "EMPTY",
            "road_imcoords": "491.522606, 594.726717, 500.383565, 575.962333, 517.584250, 557.197949, 553.028086, 540.518497, 563.973977, 530.093839, 573.166396, 526.739562, 583.773204, 528.593103, 600.466185, 526.083383, 624.958224, 518.105483, 642.942498, 506.834257, 649.126853, 496.555691, 652.583566, 483.182880, 653.104799, 453.993839, 655.919736, 434.708222, 659.985910, 427.618340, 663.935528, 428.453428, 664.501649, 428.586167, 659.463283, 436.688071, 657.274662, 453.993839, 656.230802, 486.935199, 650.498635, 502.881858, 645.387322, 510.008610, 629.978136, 518.985281, 600.981511, 528.530141, 584.823292, 530.615072, 570.228771, 531.657538, 563.973977, 535.306168, 551.985620, 545.730826, 520.711648, 559.282881, 504.553428, 576.483566, 496.213702, 596.29041",
            "image_id": "BLD01029_PS3_K3A_NIA0277.png",
            "ingest_time": "2023-03-02T15:10:41.602602Z",
            "type_id": "6",
            "type_name": "보도"
         }
      },
      {
         "type": "Feature",
         "geometry": {
            "type": "Polygon",
            "coordinates": [
               [
                  31.441167,
                  30.057209,
                  0.0
               ],
               [
                  31.441278,
                  30.057226,
                  0.0
               ],
               [
                  31.441314,
                  30.057221,
                  0.0
               ],
               [
                  31.441343,
                  30.057212,
                  0.0
               ]
            ]
         },
         "properties": {
            "object_imcoords": "EMPTY",
            "building_imcoords": "EMPTY",
            "road_imcoords": "509.536579, 571.178922, 529.028197, 568.068557, 535.362335, 569.083098, 540.445408, 570.923511, 543.411714, 577.880840, 554.289607, 589.780843, 571.617681, 596.879090, 592.077335, 594.582599, 606.482601, 587.066807, 613.747650, 577.670224, 616.921200, 569.947505, 619.217692, 553.872063, 617.547516, 537.170304, 621.514184, 526.940477, 622.975588, 521.467688, 629.156720, 519.253223, 624.228220, 530.698373, 621.096640, 541.554516, 623.184360, 559.300134, 620.285907, 572.979059, 616.630787, 581.021198, 608.987865, 590.198387, 592.169543, 597.735928, 570.573821, 600.219442, 551.575571, 592.494879, 540.301884, 579.133472, 537.286868, 573.637547, 532.932223, 572.176143, 527.899252, 571.956025, 504.393103, 577.045752, 508.225860, 572.57420",
            "image_id": "BLD01029_PS3_K3A_NIA0277.png",
            "ingest_time": "2023-03-02T15:10:41.602602Z",
            "type_id": "6",
            "type_name": "보도"
         }
      },
      {
         "type": "Feature",
         "geometry": {
            "type": "Polygon",
            "coordinates": [
               [
                  31.442014,
                  30.058054,
                  0.0
               ],
               [
                  31.442039,
                  30.058081,
                  0.0
               ],
               [
                  31.442038,
                  30.058165,
                  0.0
               ],
               [
                  31.44214,
                  30.05832,
                  0.0
               ]
            ]
         },
         "properties": {
            "object_imcoords": "EMPTY",
            "building_imcoords": "EMPTY",
            "road_imcoords": "660.361198, 402.877189, 664.828586, 397.597548, 664.828586, 380.540248, 683.104265, 349.674657, 699.349313, 322.058075, 678.636877, 313.529425, 672.544984, 307.031406, 659.955072, 307.843658, 642.491646, 293.223115, 620.966957, 281.445455, 601.879026, 254.235000, 578.729832, 232.304185, 566.546046, 207.936613, 553.143882, 201.032468, 542.990727, 172.197508, 539.335591, 153.515703, 538.523339, 121.837859, 529.182436, 95.845783, 517.404776, 77.228805, 512.487786, 74.029702, 510.871086, 68.953080, 522.620803, 76.330954, 533.701103, 94.182548, 544.165831, 121.883297, 544.165831, 154.508624, 549.090408, 172.975790, 556.477275, 198.214251, 571.866580, 205.601117, 584.178024, 232.070722, 606.954196, 253.615749, 624.805790, 280.700926, 648.197534, 291.165654, 662.971267, 306.554959, 676.513855, 303.477098, 685.747438, 312.095109, 699.905599, 316.404114, 704.830177, 318.86640",
            "image_id": "BLD01029_PS3_K3A_NIA0277.png",
            "ingest_time": "2023-03-02T15:10:41.602602Z",
            "type_id": "6",
            "type_name": "보도"
         }
      },
      {
         "type": "Feature",
         "geometry": {
            "type": "Polygon",
            "coordinates": [
               [
                  31.441332,
                  30.059303,
                  0.0
               ],
               [
                  31.441734,
                  30.059534,
                  0.0
               ],
               [
                  31.441728,
                  30.059538,
                  0.0
               ],
               [
                  31.441744,
                  30.059516,
                  0.0
               ]
            ]
         },
         "properties": {
            "object_imcoords": "EMPTY",
            "building_imcoords": "EMPTY",
            "road_imcoords": "544.186397, 149.618158, 615.255854, 103.939931, 614.225835, 103.311252, 616.961779, 107.761188, 544.197516, 154.627444, 544.165831, 154.508624, 544.165831, 149.86495",
            "image_id": "BLD01029_PS3_K3A_NIA0277.png",
            "ingest_time": "2023-03-02T15:10:41.602602Z",
            "type_id": "6",
            "type_name": "보도"
         }
      },
      {
         "type": "Feature",
         "geometry": {
            "type": "Polygon",
            "coordinates": [
               [
                  31.441796,
                  30.059556,
                  0.0
               ],
               [
                  31.441857,
                  30.059568,
                  0.0
               ],
               [
                  31.441918,
                  30.059521,
                  0.0
               ],
               [
                  31.441924,
                  30.059444,
                  0.0
               ]
            ]
         },
         "properties": {
            "object_imcoords": "EMPTY",
            "building_imcoords": "EMPTY",
            "road_imcoords": "626.183645, 99.674932, 636.901380, 97.531385, 647.619115, 107.177346, 648.422945, 122.718061, 644.992705, 136.702887, 643.984233, 134.735179, 641.188474, 128.344872, 644.671738, 121.378345, 646.011455, 111.464440, 636.901380, 101.818479, 628.595136, 103.42613",
            "image_id": "BLD01029_PS3_K3A_NIA0277.png",
            "ingest_time": "2023-03-02T15:10:41.602602Z",
            "type_id": "6",
            "type_name": "보도"
         }
      },
      {
         "type": "Feature",
         "geometry": {
            "type": "Polygon",
            "coordinates": [
               [
                  31.441786,
                  30.05957,
                  0.0
               ],
               [
                  31.441817,
                  30.059651,
                  0.0
               ],
               [
                  31.441808,
                  30.059712,
                  0.0
               ],
               [
                  31.441778,
                  30.059778,
                  0.0
               ]
            ]
         },
         "properties": {
            "object_imcoords": "EMPTY",
            "building_imcoords": "EMPTY",
            "road_imcoords": "624.602606, 96.918173, 630.202796, 80.650953, 628.863079, 68.325558, 623.772155, 54.928390, 616.805628, 45.014485, 607.963497, 35.904411, 599.925196, 29.741714, 588.273950, 26.034499, 589.437776, 28.305330, 590.547178, 30.277600, 599.657252, 32.957034, 607.695553, 39.119731, 616.269741, 48.229806, 622.968325, 57.875767, 626.987476, 69.397332, 626.987476, 81.990670, 622.968325, 93.512235, 623.976111, 95.69577",
            "image_id": "BLD01029_PS3_K3A_NIA0277.png",
            "ingest_time": "2023-03-02T15:10:41.602602Z",
            "type_id": "6",
            "type_name": "보도"
         }
      },
      {
         "type": "Feature",
         "geometry": {
            "type": "Polygon",
            "coordinates": [
               [
                  31.441571,
                  30.059923,
                  0.0
               ],
               [
                  31.441618,
                  30.059966,
                  0.0
               ],
               [
                  31.44162,
                  30.060016,
                  0.0
               ],
               [
                  31.441601,
                  30.060049,
                  0.0
               ]
            ]
         },
         "properties": {
            "object_imcoords": "EMPTY",
            "building_imcoords": "EMPTY",
            "road_imcoords": "587.867744, 25.186676, 596.173989, 16.612489, 596.709875, 6.698584, 593.368182, 0.000000, 590.245442, 0.000000, 593.762498, 8.038301, 592.690725, 16.612489, 586.528027, 22.23929",
            "image_id": "BLD01029_PS3_K3A_NIA0277.png",
            "ingest_time": "2023-03-02T15:10:41.602602Z",
            "type_id": "6",
            "type_name": "보도"
         }
      },
      {
         "type": "Feature",
         "geometry": {
            "type": "Polygon",
            "coordinates": [
               [
                  31.442411,
                  30.059565,
                  0.0
               ],
               [
                  31.442449,
                  30.059588,
                  0.0
               ],
               [
                  31.442451,
                  30.059677,
                  0.0
               ],
               [
                  31.442403,
                  30.059715,
                  0.0
               ]
            ]
         },
         "properties": {
            "object_imcoords": "EMPTY",
            "building_imcoords": "EMPTY",
            "road_imcoords": "734.088668, 99.339453, 740.729269, 94.912385, 741.417040, 77.030342, 733.163789, 69.120976, 730.412705, 59.836069, 728.349393, 47.800078, 722.159455, 41.266255, 710.123464, 27.854722, 705.996838, 14.443189, 705.652953, 4.470511, 697.669898, 0.000000, 704.664282, 0.000000, 707.372380, 2.407198, 713.218433, 0.343885, 716.542659, 0.000000, 721.619063, 0.000000, 712.186776, 4.126625, 710.123464, 10.316564, 711.499005, 18.913700, 716.313402, 29.574149, 729.724935, 42.985682, 734.883216, 52.270589, 736.602644, 67.057664, 741.417040, 75.310915, 746.231436, 76.686456, 750.014176, 70.152633, 753.796916, 60.179955, 762.737938, 44.361224, 767.552335, 26.135295, 772.710616, 16.850387, 778.556669, 12.379876, 779.588325, 7.221595, 785.090493, 1.031656, 789.561004, 0.343885, 782.683295, 9.284907, 781.651638, 13.411533, 773.742273, 20.289242, 770.303418, 27.510836, 766.520678, 45.048995, 756.891885, 63.274924, 753.109145, 72.215945, 748.982520, 79.781425, 745.887551, 82.532509, 742.792582, 96.631813, 735.007782, 103.06273",
            "image_id": "BLD01029_PS3_K3A_NIA0277.png",
            "ingest_time": "2023-03-02T15:10:41.602602Z",
            "type_id": "6",
            "type_name": "보도"
         }
      },
      {
         "type": "Feature",
         "geometry": {
            "type": "Polygon",
            "coordinates": [
               [
                  31.441127,
                  30.059723,
                  0.0
               ],
               [
                  31.441135,
                  30.059777,
                  0.0
               ],
               [
                  31.441095,
                  30.059861,
                  0.0
               ],
               [
                  31.441043,
                  30.059886,
                  0.0
               ]
            ]
         },
         "properties": {
            "object_imcoords": "EMPTY",
            "building_imcoords": "EMPTY",
            "road_imcoords": "509.417731, 64.483994, 511.045442, 53.741100, 504.167733, 36.546827, 495.226711, 31.388545, 490.850874, 31.622367, 488.705091, 28.711120, 494.882825, 27.949691, 506.574931, 34.483515, 513.452640, 53.397215, 510.701556, 66.464862, 509.663746, 65.42705",
            "image_id": "BLD01029_PS3_K3A_NIA0277.png",
            "ingest_time": "2023-03-02T15:10:41.602602Z",
            "type_id": "6",
            "type_name": "보도"
         }
      },
      {
         "type": "Feature",
         "geometry": {
            "type": "Polygon",
            "coordinates": [
               [
                  31.440971,
                  30.059943,
                  0.0
               ],
               [
                  31.440993,
                  30.059993,
                  0.0
               ],
               [
                  31.440982,
                  30.060014,
                  0.0
               ],
               [
                  31.440953,
                  30.060041,
                  0.0
               ]
            ]
         },
         "properties": {
            "object_imcoords": "EMPTY",
            "building_imcoords": "EMPTY",
            "road_imcoords": "482.680817, 19.833338, 486.647485, 9.812283, 484.768537, 5.428071, 479.758010, 0.000000, 483.307133, 0.208772, 486.229941, 3.340352, 489.152749, 10.856143, 483.724677, 21.71228",
            "image_id": "BLD01029_PS3_K3A_NIA0277.png",
            "ingest_time": "2023-03-02T15:10:41.602602Z",
            "type_id": "6",
            "type_name": "보도"
         }
      },
      {
         "type": "Feature",
         "geometry": {
            "type": "Polygon",
            "coordinates": [
               [
                  31.43943,
                  30.058464,
                  0.0
               ],
               [
                  31.43955,
                  30.058526,
                  0.0
               ],
               [
                  31.439736,
                  30.058615,
                  0.0
               ],
               [
                  31.439833,
                  30.05863,
                  0.0
               ]
            ]
         },
         "properties": {
            "object_imcoords": "EMPTY",
            "building_imcoords": "EMPTY",
            "road_imcoords": "208.435064, 314.235398, 229.657982, 301.948445, 262.554204, 284.485019, 279.611505, 281.642136, 300.730067, 275.956369, 322.660882, 255.650059, 340.936560, 251.182671, 374.645035, 236.562128, 396.169723, 238.998885, 414.071958, 233.437599, 418.506664, 250.776544, 425.816936, 260.117447, 426.111668, 269.686923, 433.192571, 290.049427, 435.596292, 290.116567, 437.594596, 301.542319, 418.100538, 319.005746, 424.192431, 319.005746, 437.188469, 308.852591, 449.372255, 306.009707, 464.805051, 308.446465, 484.299108, 296.262679, 491.609380, 289.764659, 493.640011, 286.109524, 473.739827, 299.105562, 460.743789, 304.385203, 437.594596, 306.009707, 441.249731, 299.511688, 439.219100, 292.607543, 453.433517, 289.764659, 471.709196, 299.917814, 476.176584, 296.668805, 457.494779, 286.515650, 438.406848, 287.327902, 429.252668, 271.548099, 428.659819, 257.274564, 420.537295, 249.964292, 416.882160, 232.500866, 424.192431, 225.190594, 428.253693, 213.006808, 427.441441, 196.761760, 430.690450, 178.486081, 425.816936, 154.118509, 421.755674, 120.816161, 412.820898, 105.383366, 409.571888, 79.391289, 390.309088, 57.762510, 368.916914, 50.880507, 351.900064, 40.780267, 334.015937, 23.882373, 320.838042, 17.599462, 312.124700, 15.229103, 285.020046, 9.809085, 268.340594, 10.851551, 252.182375, 4.075524, 239.151553, 6.160455, 223.514566, 11.894017, 207.877580, 17.106346, 180.252237, 10.851551, 155.754292, 17.627579, 153.568794, 19.440576, 136.140202, 19.233738, 134.567731, 22.235283, 152.513235, 21.948988, 146.372100, 30.137168, 152.105662, 46.816620, 154.190593, 70.272100, 151.584429, 94.770045, 148.361703, 104.898613, 149.696449, 108.416603, 155.754292, 95.291278, 158.360456, 59.326209, 155.233059, 44.210456, 151.063196, 30.137168, 156.275525, 21.276209, 180.252237, 13.457716, 207.356347, 20.233743, 226.641964, 12.936483, 240.715251, 8.245387, 251.139909, 7.202921, 269.383060, 15.542647, 285.020046, 12.415250, 311.194156, 17.796278, 330.916656, 26.354446, 344.418969, 38.617476, 364.000897, 52.315366, 362.279974, 64.244492, 359.218463, 72.494332, 348.181651, 84.034423, 343.622500, 88.828352, 340.189666, 99.190239, 341.661864, 103.238311, 344.974073, 93.684379, 347.851399, 88.309450, 354.604433, 80.892381, 361.844958, 74.203595, 368.142632, 55.212579, 388.745389, 61.411141, 408.031006, 82.260456, 410.115938, 106.758401, 419.498129, 122.395388, 421.583061, 155.233059, 428.359088, 181.815936, 423.667992, 198.495388, 424.710458, 213.611142, 418.976897, 224.035799, 406.467307, 232.896758, 391.351554, 235.502923, 374.672102, 233.417991, 337.143334, 250.097443, 319.942649, 253.224841, 298.572101, 274.074156, 279.286485, 279.286485, 258.437169, 281.892649, 225.599498, 300.135800, 208.197442, 308.83682",
            "image_id": "BLD01029_PS3_K3A_NIA0277.png",
            "ingest_time": "2023-03-02T15:10:41.602602Z",
            "type_id": "6",
            "type_name": "보도"
         }
      },
      {
         "type": "Feature",
         "geometry": {
            "type": "Polygon",
            "coordinates": [
               [
                  31.439454,
                  30.058499,
                  0.0
               ],
               [
                  31.439443,
                  30.058583,
                  0.0
               ],
               [
                  31.439423,
                  30.058714,
                  0.0
               ],
               [
                  31.439452,
                  30.058755,
                  0.0
               ]
            ]
         },
         "properties": {
            "object_imcoords": "EMPTY",
            "building_imcoords": "EMPTY",
            "road_imcoords": "212.865096, 307.089711, 211.145669, 290.239324, 208.050700, 263.760144, 213.208982, 255.506893, 211.833440, 246.565871, 208.050700, 240.375933, 203.924075, 222.837775, 192.231969, 203.236304, 189.480885, 183.634833, 192.076018, 172.481487, 196.139854, 170.675234, 192.919740, 183.978718, 195.670824, 204.267960, 207.362929, 224.557202, 210.114013, 239.344276, 213.896753, 245.534215, 216.647836, 249.660840, 213.552867, 262.384602, 211.145669, 267.886769, 216.647836, 305.02639",
            "image_id": "BLD01029_PS3_K3A_NIA0277.png",
            "ingest_time": "2023-03-02T15:10:41.602602Z",
            "type_id": "6",
            "type_name": "보도"
         }
      },
      {
         "type": "Feature",
         "geometry": {
            "type": "Polygon",
            "coordinates": [
               [
                  31.4392,
                  30.059341,
                  0.0
               ],
               [
                  31.439226,
                  30.059273,
                  0.0
               ],
               [
                  31.439251,
                  30.059252,
                  0.0
               ],
               [
                  31.43934,
                  30.059226,
                  0.0
               ]
            ]
         },
         "properties": {
            "object_imcoords": "EMPTY",
            "building_imcoords": "EMPTY",
            "road_imcoords": "170.621651, 136.880078, 175.011769, 150.635765, 179.303442, 154.927438, 194.899601, 160.308395, 191.873440, 161.652183, 189.213002, 162.765364, 177.105036, 158.385886, 171.496471, 152.777321, 167.151085, 139.161792, 159.074451, 132.127305, 158.792525, 131.384233, 157.679041, 127.77726",
            "image_id": "BLD01029_PS3_K3A_NIA0277.png",
            "ingest_time": "2023-03-02T15:10:41.602602Z",
            "type_id": "6",
            "type_name": "보도"
         }
      },
      {
         "type": "Feature",
         "geometry": {
            "type": "Polygon",
            "coordinates": [
               [
                  31.438259,
                  30.059535,
                  0.0
               ],
               [
                  31.438427,
                  30.059529,
                  0.0
               ],
               [
                  31.438648,
                  30.0595,
                  0.0
               ],
               [
                  31.438797,
                  30.059517,
                  0.0
               ]
            ]
         },
         "properties": {
            "object_imcoords": "EMPTY",
            "building_imcoords": "EMPTY",
            "road_imcoords": "6.147407, 95.470291, 35.553512, 97.103963, 74.369609, 103.573310, 100.529749, 100.495649, 104.944823, 89.627772, 103.326244, 83.570871, 97.623070, 75.953399, 91.383486, 47.578645, 94.269126, 25.730200, 98.234688, 26.253953, 95.434568, 47.454886, 99.615604, 71.321298, 107.064528, 82.841945, 109.083682, 89.067754, 103.345602, 104.191958, 74.272573, 107.612313, 35.112450, 101.085628, 6.036380, 99.470291, 0.000000, 99.470291, 0.000000, 95.47029",
            "image_id": "BLD01029_PS3_K3A_NIA0277.png",
            "ingest_time": "2023-03-02T15:10:41.602602Z",
            "type_id": "6",
            "type_name": "보도"
         }
      },
      {
         "type": "Feature",
         "geometry": {
            "type": "Polygon",
            "coordinates": [
               [
                  31.438947,
                  30.05922,
                  0.0
               ],
               [
                  31.438894,
                  30.059307,
                  0.0
               ],
               [
                  31.438903,
                  30.059377,
                  0.0
               ],
               [
                  31.438882,
                  30.059431,
                  0.0
               ]
            ]
         },
         "properties": {
            "object_imcoords": "EMPTY",
            "building_imcoords": "EMPTY",
            "road_imcoords": "126.008543, 160.630614, 116.937611, 142.920684, 118.583616, 128.929641, 115.200695, 118.029122, 102.147966, 104.976393, 102.877307, 104.247052, 103.345602, 104.191958, 103.598207, 103.526152, 104.976393, 102.147966, 118.728001, 115.899574, 122.655352, 128.554367, 121.052349, 142.179902, 129.038713, 157.772340, 142.345963, 165.600121, 140.317886, 169.04785",
            "image_id": "BLD01029_PS3_K3A_NIA0277.png",
            "ingest_time": "2023-03-02T15:10:41.602602Z",
            "type_id": "6",
            "type_name": "보도"
         }
      },
      {
         "type": "Feature",
         "geometry": {
            "type": "Polygon",
            "coordinates": [
               [
                  31.438321,
                  30.057239,
                  0.0
               ],
               [
                  31.438424,
                  30.05729,
                  0.0
               ],
               [
                  31.438485,
                  30.057352,
                  0.0
               ],
               [
                  31.438563,
                  30.057353,
                  0.0
               ]
            ]
         },
         "properties": {
            "object_imcoords": "EMPTY",
            "building_imcoords": "EMPTY",
            "road_imcoords": "10.784480, 558.416646, 28.952949, 548.323087, 39.744906, 535.912354, 53.440770, 535.912354, 65.459947, 532.907518, 75.632091, 527.312876, 84.709370, 521.973289, 112.364346, 514.803500, 122.936959, 498.189368, 151.738817, 461.008775, 163.385763, 449.361844, 169.067839, 420.434918, 181.230012, 399.812124, 184.675475, 401.844065, 172.860933, 421.877399, 167.075877, 451.328586, 154.746108, 463.658339, 126.212363, 500.492822, 114.893192, 518.280119, 86.255016, 525.704811, 77.610371, 530.789907, 66.933211, 536.662306, 53.933200, 539.912354, 41.567426, 539.912354, 31.510064, 551.478305, 12.149766, 562.233989, 0.357776, 564.378017, 0.000000, 562.410278, 0.000000, 560.37748",
            "image_id": "BLD01029_PS3_K3A_NIA0277.png",
            "ingest_time": "2023-03-02T15:10:41.602602Z",
            "type_id": "6",
            "type_name": "보도"
         }
      },
      {
         "type": "Feature",
         "geometry": {
            "type": "Polygon",
            "coordinates": [
               [
                  31.441598,
                  30.056497,
                  0.0
               ],
               [
                  31.441503,
                  30.056549,
                  0.0
               ],
               [
                  31.441342,
                  30.056553,
                  0.0
               ],
               [
                  31.44112,
                  30.056575,
                  0.0
               ]
            ]
         },
         "properties": {
            "object_imcoords": "EMPTY",
            "building_imcoords": "EMPTY",
            "road_imcoords": "583.150437, 715.611737, 566.653884, 705.053912, 538.342840, 703.737095, 499.599766, 698.804723, 486.477258, 688.831600, 472.850918, 683.657868, 461.913390, 682.936304, 454.083327, 686.821405, 448.142140, 688.673477, 440.292666, 684.954362, 433.261027, 682.865229, 428.019854, 682.279727, 421.328495, 685.119657, 414.180227, 690.699938, 409.882140, 693.195384, 402.424022, 680.000276, 391.455764, 671.893291, 382.505350, 670.891832, 375.838080, 671.390589, 370.879925, 673.157319, 365.277645, 673.376133, 358.472398, 669.589455, 334.916947, 660.991639, 327.332393, 659.890089, 319.569456, 660.110527, 305.487872, 666.651461, 289.541919, 665.046424, 273.643154, 658.298758, 257.386270, 662.494085, 252.349354, 661.813379, 246.236362, 659.822366, 236.328402, 654.789997, 220.235967, 664.445464, 215.416235, 662.019336, 211.881584, 658.500596, 188.377801, 649.385806, 175.903941, 649.905557, 160.595204, 644.984884, 140.029674, 627.666556, 131.110578, 597.761367, 119.830453, 583.795493, 122.008604, 572.360269, 119.447258, 561.602611, 119.447258, 542.818336, 114.280579, 519.051567, 118.189285, 518.201850, 123.447258, 542.388573, 123.447258, 561.132985, 126.098253, 572.267172, 124.106528, 582.723672, 134.718188, 595.861924, 143.521015, 625.377267, 162.569194, 641.417826, 176.449483, 645.879355, 188.994818, 645.356626, 215.799258, 655.006240, 221.180806, 658.124775, 235.908598, 650.377117, 247.569017, 654.931560, 256.230539, 657.856233, 264.202213, 656.200700, 273.651341, 654.165597, 289.277471, 660.652066, 305.397077, 662.492338, 319.821005, 656.158751, 327.336125, 655.701708, 333.699569, 657.174218, 358.878994, 665.582347, 366.053088, 668.736068, 373.348713, 668.128327, 383.199165, 666.312210, 392.478501, 667.675191, 405.486928, 677.290129, 411.580873, 688.071706, 419.778143, 681.301759, 426.736446, 678.501715, 433.028036, 678.595099, 445.785242, 684.173521, 451.988126, 683.999435, 459.929149, 679.017140, 472.848904, 679.967878, 488.228247, 685.138249, 501.167385, 694.972011, 538.688899, 699.748867, 567.908738, 701.107953, 584.860305, 711.956989, 597.317962, 715.890992, 596.113435, 719.70532",
            "image_id": "BLD01029_PS3_K3A_NIA0277.png",
            "ingest_time": "2023-03-02T15:10:41.602602Z",
            "type_id": "6",
            "type_name": "보도"
         }
      },
      {
         "type": "Feature",
         "geometry": {
            "type": "Polygon",
            "coordinates": [
               [
                  31.438921,
                  30.057113,
                  0.0
               ],
               [
                  31.438799,
                  30.057102,
                  0.0
               ],
               [
                  31.438774,
                  30.057277,
                  0.0
               ],
               [
                  31.438742,
                  30.05733,
                  0.0
               ]
            ]
         },
         "properties": {
            "object_imcoords": "EMPTY",
            "building_imcoords": "EMPTY",
            "road_imcoords": "115.556273, 585.236472, 94.174256, 587.112081, 90.213441, 551.824829, 84.824533, 541.046986, 73.040944, 535.155187, 74.318260, 532.600556, 75.536213, 531.930686, 87.805960, 538.065563, 94.109160, 550.671998, 97.713821, 582.786234, 115.534746, 581.223001, 120.169409, 581.579499, 120.113092, 582.311652, 119.830453, 583.795493, 119.984303, 583.985973, 119.862635, 585.56771",
            "image_id": "BLD01029_PS3_K3A_NIA0277.png",
            "ingest_time": "2023-03-02T15:10:41.602602Z",
            "type_id": "6",
            "type_name": "보도"
         }
      },
      {
         "type": "Feature",
         "geometry": {
            "type": "Polygon",
            "coordinates": [
               [
                  31.438766,
                  30.057085,
                  0.0
               ],
               [
                  31.438662,
                  30.057045,
                  0.0
               ],
               [
                  31.438559,
                  30.05704,
                  0.0
               ],
               [
                  31.438481,
                  30.057072,
                  0.0
               ]
            ]
         },
         "properties": {
            "object_imcoords": "EMPTY",
            "building_imcoords": "EMPTY",
            "road_imcoords": "88.404240, 590.456170, 69.908716, 598.281208, 51.847357, 599.003698, 38.397790, 592.451355, 21.762906, 592.451355, 0.883546, 594.505043, 0.491996, 590.524253, 21.566661, 588.451355, 39.320319, 588.451355, 52.693818, 594.966639, 69.021002, 594.313519, 86.289578, 587.007575, 93.568469, 581.211907, 93.716606, 583.034839, 94.506909, 587.02939",
            "image_id": "BLD01029_PS3_K3A_NIA0277.png",
            "ingest_time": "2023-03-02T15:10:41.602602Z",
            "type_id": "6",
            "type_name": "보도"
         }
      },
      {
         "type": "Feature",
         "geometry": {
            "type": "Polygon",
            "coordinates": [
               [
                  31.439231,
                  30.056752,
                  0.0
               ],
               [
                  31.439243,
                  30.056727,
                  0.0
               ],
               [
                  31.439283,
                  30.056695,
                  0.0
               ],
               [
                  31.43929,
                  30.056667,
                  0.0
               ]
            ]
         },
         "properties": {
            "object_imcoords": "EMPTY",
            "building_imcoords": "EMPTY",
            "road_imcoords": "168.935268, 658.554319, 170.989965, 663.691031, 177.831857, 670.207121, 179.049932, 675.912874, 183.494432, 679.414801, 188.886601, 680.297939, 199.997648, 683.175186, 208.892899, 687.622811, 223.044926, 699.946171, 232.871262, 700.342659, 239.635873, 704.205409, 247.703718, 710.960983, 261.168195, 711.573000, 271.909649, 712.224055, 281.329010, 715.588089, 289.085343, 721.482886, 300.561574, 723.294909, 312.192952, 724.519314, 327.239886, 720.908020, 338.855185, 711.490223, 352.798953, 706.388847, 360.473962, 708.947163, 369.657544, 706.364269, 375.305345, 702.202773, 381.040562, 697.142284, 392.904414, 695.048613, 398.828485, 697.352438, 402.472652, 697.566819, 407.246511, 688.311324, 408.576345, 690.885136, 409.147929, 691.896398, 405.080082, 701.727126, 397.965277, 701.308573, 392.497564, 699.182221, 382.843533, 700.885914, 377.819838, 705.318589, 371.442920, 710.017323, 360.374427, 713.130352, 352.860349, 710.625679, 340.856119, 715.017468, 329.054914, 724.585999, 312.457927, 728.569309, 300.039928, 727.262098, 287.466781, 725.276879, 279.401153, 719.147018, 271.099933, 716.182317, 260.956377, 715.567503, 245.760898, 714.913773, 237.478110, 707.438530, 231.522645, 704.048936, 223.538207, 703.940533, 218.122095, 702.024078, 206.275253, 690.786124, 198.715669, 687.006332, 186.753346, 684.802733, 178.307719, 680.327568, 174.048484, 672.127718, 167.599909, 665.986215, 166.008065, 662.052237, 162.156677, 663.249789, 159.199491, 665.932142, 157.076585, 667.968876, 155.002308, 671.608471, 153.147740, 678.602048, 152.074125, 684.317774, 150.375438, 691.318674, 147.998923, 684.949264, 149.166205, 678.416537, 151.631194, 671.054983, 155.009438, 665.347213, 159.360193, 660.951370, 164.591588, 658.465457, 169.320060, 646.639416, 172.970099, 648.27563",
            "image_id": "BLD01029_PS3_K3A_NIA0277.png",
            "ingest_time": "2023-03-02T15:10:41.602602Z",
            "type_id": "6",
            "type_name": "보도"
         }
      },
      {
         "type": "Feature",
         "geometry": {
            "type": "Polygon",
            "coordinates": [
               [
                  31.441936,
                  30.056496,
                  0.0
               ],
               [
                  31.441763,
                  30.056528,
                  0.0
               ],
               [
                  31.441768,
                  30.056547,
                  0.0
               ],
               [
                  31.442113,
                  30.056484,
                  0.0
               ]
            ]
         },
         "properties": {
            "object_imcoords": "EMPTY",
            "building_imcoords": "EMPTY",
            "road_imcoords": "642.356941, 716.693795, 612.195747, 709.873909, 613.077934, 705.972404, 673.400322, 719.612174, 672.971472, 721.508782, 672.424876, 723.49259",
            "image_id": "BLD01029_PS3_K3A_NIA0277.png",
            "ingest_time": "2023-03-02T15:10:41.602602Z",
            "type_id": "6",
            "type_name": "보도"
         }
      },
      {
         "type": "Feature",
         "geometry": {
            "type": "Polygon",
            "coordinates": [
               [
                  31.44231,
                  30.058639,
                  0.0
               ],
               [
                  31.442259,
                  30.058479,
                  0.0
               ],
               [
                  31.442237,
                  30.058484,
                  0.0
               ],
               [
                  31.442288,
                  30.058645,
                  0.0
               ]
            ]
         },
         "properties": {
            "object_imcoords": "EMPTY",
            "building_imcoords": "EMPTY",
            "road_imcoords": "713.839897, 285.709505, 704.499662, 317.840021, 700.658663, 316.723455, 710.003976, 284.575468, 729.414967, 219.996617, 729.731227, 218.415909, 735.861161, 213.98313",
            "image_id": "BLD01029_PS3_K3A_NIA0277.png",
            "ingest_time": "2023-03-02T15:10:41.602602Z",
            "type_id": "6",
            "type_name": "보도"
         }
      },
      {
         "type": "Feature",
         "geometry": {
            "type": "Polygon",
            "coordinates": [
               [
                  31.443671,
                  30.057369,
                  0.0
               ],
               [
                  31.44369,
                  30.057364,
                  0.0
               ],
               [
                  31.443711,
                  30.057275,
                  0.0
               ],
               [
                  31.443745,
                  30.057158,
                  0.0
               ]
            ]
         },
         "properties": {
            "object_imcoords": "EMPTY",
            "building_imcoords": "EMPTY",
            "road_imcoords": "948.918968, 544.921979, 952.212362, 546.044725, 955.660501, 564.046964, 961.329923, 587.707969, 958.120422, 588.71014",
            "image_id": "BLD01029_PS3_K3A_NIA0277.png",
            "ingest_time": "2023-03-02T15:10:41.602602Z",
            "type_id": "6",
            "type_name": "보도"
         }
      },
      {
         "type": "Feature",
         "geometry": {
            "type": "Polygon",
            "coordinates": [
               [
                  31.443538,
                  30.05708,
                  0.0
               ],
               [
                  31.443493,
                  30.057116,
                  0.0
               ],
               [
                  31.443491,
                  30.057201,
                  0.0
               ],
               [
                  31.443518,
                  30.057252,
                  0.0
               ]
            ]
         },
         "properties": {
            "object_imcoords": "EMPTY",
            "building_imcoords": "EMPTY",
            "road_imcoords": "924.878942, 602.932685, 916.951294, 595.485538, 916.951294, 578.284050, 921.720289, 568.176679, 930.954646, 541.638623, 937.627263, 543.754322, 928.663364, 572.025198, 924.595218, 580.056872, 923.821641, 582.875601, 926.115858, 586.081969, 930.997767, 599.076470, 932.669500, 604.330543, 930.600999, 605.654025, 926.191246, 607.05711",
            "image_id": "BLD01029_PS3_K3A_NIA0277.png",
            "ingest_time": "2023-03-02T15:10:41.602602Z",
            "type_id": "6",
            "type_name": "보도"
         }
      },
      {
         "type": "Feature",
         "geometry": {
            "type": "Polygon",
            "coordinates": [
               [
                  31.443456,
                  30.057246,
                  0.0
               ],
               [
                  31.443394,
                  30.057261,
                  0.0
               ],
               [
                  31.443406,
                  30.057301,
                  0.0
               ],
               [
                  31.443468,
                  30.057274,
                  0.0
               ]
            ]
         },
         "properties": {
            "object_imcoords": "EMPTY",
            "building_imcoords": "EMPTY",
            "road_imcoords": "910.839151, 569.127920, 900.029110, 566.063178, 902.321024, 558.059346, 913.047445, 563.549082, 923.941107, 563.269005, 920.060404, 572.77800",
            "image_id": "BLD01029_PS3_K3A_NIA0277.png",
            "ingest_time": "2023-03-02T15:10:41.602602Z",
            "type_id": "6",
            "type_name": "보도"
         }
      },
      {
         "type": "Feature",
         "geometry": {
            "type": "Polygon",
            "coordinates": [
               [
                  31.443572,
                  30.057277,
                  0.0
               ],
               [
                  31.443595,
                  30.057242,
                  0.0
               ],
               [
                  31.443612,
                  30.057234,
                  0.0
               ],
               [
                  31.443639,
                  30.057227,
                  0.0
               ]
            ]
         },
         "properties": {
            "object_imcoords": "EMPTY",
            "building_imcoords": "EMPTY",
            "road_imcoords": "931.383459, 563.328476, 935.218644, 570.371789, 938.244446, 571.952636, 942.874300, 573.511731, 946.954335, 577.674969, 948.463706, 582.514609, 947.874994, 586.462400, 945.113987, 589.830847, 940.625159, 592.383906, 936.469810, 593.658986, 931.238852, 594.262587, 929.213432, 593.715609, 925.891236, 585.892692, 931.139136, 588.656158, 937.350192, 588.805216, 942.822174, 584.465161, 941.909926, 580.011285, 940.056823, 576.169106, 936.923210, 575.014381, 933.550114, 574.217094, 929.451851, 575.208936, 925.904730, 577.145113, 926.574738, 575.632809, 928.663364, 572.025198, 929.897553, 568.13274",
            "image_id": "BLD01029_PS3_K3A_NIA0277.png",
            "ingest_time": "2023-03-02T15:10:41.602602Z",
            "type_id": "6",
            "type_name": "보도"
         }
      },
      {
         "type": "Feature",
         "geometry": {
            "type": "Polygon",
            "coordinates": [
               [
                  31.44135,
                  30.054987,
                  0.0
               ],
               [
                  31.441301,
                  30.055013,
                  0.0
               ],
               [
                  31.441244,
                  30.055034,
                  0.0
               ],
               [
                  31.441174,
                  30.055009,
                  0.0
               ]
            ]
         },
         "properties": {
            "object_imcoords": "EMPTY",
            "building_imcoords": "EMPTY",
            "road_imcoords": "535.517408, 1019.474880, 527.064984, 1014.005648, 517.022279, 1009.701639, 504.723393, 1014.431999, 496.895073, 1024.000000, 493.856647, 1024.000000, 492.580866, 1022.956185, 502.298519, 1011.078987, 517.103698, 1005.384664, 528.952838, 1010.462858, 538.222338, 1016.460788, 544.347972, 1024.000000, 539.194082, 1024.00000",
            "image_id": "BLD01029_PS3_K3A_NIA0277.png",
            "ingest_time": "2023-03-02T15:10:41.602602Z",
            "type_id": "6",
            "type_name": "보도"
         }
      },
      {
         "type": "Feature",
         "geometry": {
            "type": "Polygon",
            "coordinates": [
               [
                  31.439874,
                  30.055074,
                  0.0
               ],
               [
                  31.439983,
                  30.05523,
                  0.0
               ],
               [
                  31.440129,
                  30.055362,
                  0.0
               ],
               [
                  31.440365,
                  30.055486,
                  0.0
               ]
            ]
         },
         "properties": {
            "object_imcoords": "EMPTY",
            "building_imcoords": "EMPTY",
            "road_imcoords": "277.018679, 998.374506, 296.565585, 967.205104, 322.447127, 940.795359, 364.227381, 916.552526, 371.293014, 893.841477, 375.112442, 895.029739, 367.583593, 919.229701, 324.924088, 943.982717, 299.724820, 969.696264, 280.700499, 1000.032354, 273.651188, 1024.000000, 269.481765, 1024.00000",
            "image_id": "BLD01029_PS3_K3A_NIA0277.png",
            "ingest_time": "2023-03-02T15:10:41.602602Z",
            "type_id": "6",
            "type_name": "보도"
         }
      },
      {
         "type": "Feature",
         "geometry": {
            "type": "Polygon",
            "coordinates": [
               [
                  31.439147,
                  30.054986,
                  0.0
               ],
               [
                  31.439061,
                  30.055035,
                  0.0
               ],
               [
                  31.438949,
                  30.055039,
                  0.0
               ],
               [
                  31.438901,
                  30.055087,
                  0.0
               ]
            ]
         },
         "properties": {
            "object_imcoords": "EMPTY",
            "building_imcoords": "EMPTY",
            "road_imcoords": "149.382594, 1014.323385, 134.345098, 1004.298369, 114.728395, 1003.238053, 106.531787, 993.285020, 101.689572, 964.231731, 108.671271, 932.008509, 120.009889, 920.669935, 155.643862, 938.486917, 195.950492, 955.539724, 255.609943, 960.727453, 294.734873, 965.422449, 294.258291, 969.393957, 255.198284, 964.706751, 194.974160, 959.469920, 153.968473, 942.121359, 120.799696, 925.536974, 112.331475, 934.005163, 105.761111, 964.329915, 110.301099, 991.569838, 116.699003, 999.338729, 135.653529, 1000.363253, 151.890020, 1011.187601, 162.961507, 1021.731836, 160.801359, 1024.000000, 159.543076, 1024.00000",
            "image_id": "BLD01029_PS3_K3A_NIA0277.png",
            "ingest_time": "2023-03-02T15:10:41.602602Z",
            "type_id": "6",
            "type_name": "보도"
         }
      },
      {
         "type": "Feature",
         "geometry": {
            "type": "Polygon",
            "coordinates": [
               [
                  31.438824,
                  30.054981,
                  0.0
               ],
               [
                  31.438697,
                  30.054933,
                  0.0
               ],
               [
                  31.438686,
                  30.054932,
                  0.0
               ],
               [
                  31.438681,
                  30.054942,
                  0.0
               ]
            ]
         },
         "properties": {
            "object_imcoords": "EMPTY",
            "building_imcoords": "EMPTY",
            "road_imcoords": "92.791525, 1014.500304, 70.378142, 1024.000000, 68.303895, 1024.000000, 67.449062, 1021.983125, 91.059625, 1011.976015, 113.938578, 1002.278988, 114.728395, 1003.238053, 115.896871, 1003.301211, 118.354094, 1003.51718",
            "image_id": "BLD01029_PS3_K3A_NIA0277.png",
            "ingest_time": "2023-03-02T15:10:41.602602Z",
            "type_id": "6",
            "type_name": "보도"
         }
      },
      {
         "type": "Feature",
         "geometry": {
            "type": "Polygon",
            "coordinates": [
               [
                  31.438894,
                  30.054975,
                  0.0
               ],
               [
                  31.438803,
                  30.054934,
                  0.0
               ],
               [
                  31.43877,
                  30.054933,
                  0.0
               ],
               [
                  31.438769,
                  30.054935,
                  0.0
               ]
            ]
         },
         "properties": {
            "object_imcoords": "EMPTY",
            "building_imcoords": "EMPTY",
            "road_imcoords": "104.923740, 1016.010596, 88.822061, 1024.000000, 83.070338, 1024.000000, 82.873216, 1023.602726, 103.609661, 1013.313623, 123.013346, 1003.685868, 124.695210, 1003.776776, 129.401532, 1002.95620",
            "image_id": "BLD01029_PS3_K3A_NIA0277.png",
            "ingest_time": "2023-03-02T15:10:41.602602Z",
            "type_id": "6",
            "type_name": "보도"
         }
      },
      {
         "type": "Feature",
         "geometry": {
            "type": "Polygon",
            "coordinates": [
               [
                  31.439162,
                  30.055172,
                  0.0
               ],
               [
                  31.43925,
                  30.05515,
                  0.0
               ],
               [
                  31.439182,
                  30.055226,
                  0.0
               ],
               [
                  31.439218,
                  30.055322,
                  0.0
               ]
            ]
         },
         "properties": {
            "object_imcoords": "EMPTY",
            "building_imcoords": "EMPTY",
            "road_imcoords": "152.430454, 976.901368, 167.924091, 981.433970, 156.109860, 966.025718, 162.750235, 946.842445, 164.640207, 947.496667, 158.552646, 965.082924, 171.166466, 983.289399, 149.660157, 978.544383, 156.151377, 966.042689, 158.398189, 967.07066",
            "image_id": "BLD01029_PS3_K3A_NIA0277.png",
            "ingest_time": "2023-03-02T15:10:41.602602Z",
            "type_id": "6",
            "type_name": "보도"
         }
      },
      {
         "type": "Feature",
         "geometry": {
            "type": "Polygon",
            "coordinates": [
               [
                  31.439086,
                  30.055196,
                  0.0
               ],
               [
                  31.439078,
                  30.055205,
                  0.0
               ],
               [
                  31.439059,
                  30.055215,
                  0.0
               ],
               [
                  31.439034,
                  30.055216,
                  0.0
               ]
            ]
         },
         "properties": {
            "object_imcoords": "EMPTY",
            "building_imcoords": "EMPTY",
            "road_imcoords": "139.229724, 971.850991, 137.895108, 969.923202, 134.591976, 967.993635, 130.122359, 967.710804, 126.388581, 969.012724, 124.921829, 971.890988, 124.197811, 975.923105, 125.278614, 978.640004, 127.428352, 980.423914, 131.461578, 981.073421, 134.374444, 980.521146, 137.808665, 978.393796, 139.184257, 975.628860, 139.938139, 973.894996, 151.080525, 975.809790, 150.079546, 978.131444, 142.083749, 976.688207, 135.041862, 983.570089, 129.927127, 984.106461, 124.854341, 982.556081, 122.433569, 978.929305, 121.604519, 973.851599, 123.083726, 969.208009, 126.590493, 966.084812, 131.789560, 965.086935, 136.278163, 966.437524, 139.290713, 968.425431, 140.884106, 970.727012, 142.033430, 974.221190, 139.873684, 973.84366",
            "image_id": "BLD01029_PS3_K3A_NIA0277.png",
            "ingest_time": "2023-03-02T15:10:41.602602Z",
            "type_id": "6",
            "type_name": "보도"
         }
      },
      {
         "type": "Feature",
         "geometry": {
            "type": "Polygon",
            "coordinates": [
               [
                  31.439692,
                  30.055109,
                  0.0
               ],
               [
                  31.439661,
                  30.0551,
                  0.0
               ],
               [
                  31.439632,
                  30.055084,
                  0.0
               ],
               [
                  31.439605,
                  30.055054,
                  0.0
               ]
            ]
         },
         "properties": {
            "object_imcoords": "EMPTY",
            "building_imcoords": "EMPTY",
            "road_imcoords": "245.273449, 990.925921, 239.672507, 992.585511, 234.702642, 995.766206, 229.760991, 1001.696153, 228.785263, 1008.136042, 231.958046, 1024.000000, 229.918438, 1024.000000, 226.755203, 1008.183783, 227.867183, 1000.844619, 233.364131, 994.248320, 238.832864, 990.748352, 244.505604, 989.067488, 252.138575, 984.941581, 253.089605, 986.70099",
            "image_id": "BLD01029_PS3_K3A_NIA0277.png",
            "ingest_time": "2023-03-02T15:10:41.602602Z",
            "type_id": "6",
            "type_name": "보도"
         }
      },
      {
         "type": "Feature",
         "geometry": {
            "type": "Polygon",
            "coordinates": [
               [
                  31.439362,
                  30.054971,
                  0.0
               ],
               [
                  31.439338,
                  30.054994,
                  0.0
               ],
               [
                  31.439316,
                  30.055029,
                  0.0
               ],
               [
                  31.439302,
                  30.055061,
                  0.0
               ]
            ]
         },
         "properties": {
            "object_imcoords": "EMPTY",
            "building_imcoords": "EMPTY",
            "road_imcoords": "187.048567, 1017.896721, 182.893463, 1013.118338, 179.045549, 1006.063793, 176.762063, 999.628527, 174.229043, 995.731596, 167.412996, 991.334102, 168.535562, 982.758175, 170.629184, 983.099178, 169.544981, 990.329472, 175.672782, 994.282930, 178.567832, 998.736830, 180.877333, 1005.245411, 184.545228, 1011.969919, 188.740984, 1016.795051, 191.931826, 1023.602177, 191.083138, 1024.000000, 189.909481, 1024.00000",
            "image_id": "BLD01029_PS3_K3A_NIA0277.png",
            "ingest_time": "2023-03-02T15:10:41.602602Z",
            "type_id": "6",
            "type_name": "보도"
         }
      },
      {
         "type": "Feature",
         "geometry": {
            "type": "Polygon",
            "coordinates": [
               [
                  31.443489,
                  30.056285,
                  0.0
               ],
               [
                  31.443124,
                  30.056355,
                  0.0
               ],
               [
                  31.443136,
                  30.056384,
                  0.0
               ],
               [
                  31.443495,
                  30.056309,
                  0.0
               ]
            ]
         },
         "properties": {
            "object_imcoords": "EMPTY",
            "building_imcoords": "EMPTY",
            "road_imcoords": "914.115738, 762.897382, 850.313312, 747.942324, 852.430214, 742.131242, 915.200912, 758.015826, 978.381692, 772.654507, 976.253556, 778.46558",
            "image_id": "BLD01029_PS3_K3A_NIA0277.png",
            "ingest_time": "2023-03-02T15:10:41.602602Z",
            "type_id": "6",
            "type_name": "보도"
         }
      },
      {
         "type": "Feature",
         "geometry": {
            "type": "Polygon",
            "coordinates": [
               [
                  31.444115,
                  30.056199,
                  0.0
               ],
               [
                  31.444108,
                  30.056183,
                  0.0
               ],
               [
                  31.444109,
                  30.056169,
                  0.0
               ],
               [
                  31.443895,
                  30.056196,
                  0.0
               ]
            ]
         },
         "properties": {
            "object_imcoords": "EMPTY",
            "building_imcoords": "EMPTY",
            "road_imcoords": "1023.475541, 781.816831, 1022.330504, 784.986436, 1022.394781, 787.735017, 984.938305, 781.801947, 986.355323, 776.141339, 1015.985214, 782.507580, 1017.775738, 778.316662, 1021.479666, 774.120132, 1024.000000, 772.754221, 1024.000000, 780.92526",
            "image_id": "BLD01029_PS3_K3A_NIA0277.png",
            "ingest_time": "2023-03-02T15:10:41.602602Z",
            "type_id": "6",
            "type_name": "보도"
         }
      },
      {
         "type": "Feature",
         "geometry": {
            "type": "Polygon",
            "coordinates": [
               [
                  31.444068,
                  30.056176,
                  0.0
               ],
               [
                  31.444074,
                  30.056152,
                  0.0
               ],
               [
                  31.444101,
                  30.056121,
                  0.0
               ],
               [
                  31.444119,
                  30.05612,
                  0.0
               ]
            ]
         },
         "properties": {
            "object_imcoords": "EMPTY",
            "building_imcoords": "EMPTY",
            "road_imcoords": "1015.298167, 786.303765, 1016.258714, 791.106500, 1020.869339, 797.446110, 1023.943090, 797.638219, 1023.943090, 791.490718, 1022.214105, 788.801187, 1022.214105, 787.706399, 1019.745342, 787.31534",
            "image_id": "BLD01029_PS3_K3A_NIA0277.png",
            "ingest_time": "2023-03-02T15:10:41.602602Z",
            "type_id": "6",
            "type_name": "보도"
         }
      },
      {
         "type": "Feature",
         "geometry": {
            "type": "Polygon",
            "coordinates": [
               [
                  31.444073,
                  30.055947,
                  0.0
               ],
               [
                  31.444103,
                  30.056123,
                  0.0
               ],
               [
                  31.444121,
                  30.05612,
                  0.0
               ],
               [
                  31.44412,
                  30.0561,
                  0.0
               ]
            ]
         },
         "properties": {
            "object_imcoords": "EMPTY",
            "building_imcoords": "EMPTY",
            "road_imcoords": "1015.446547, 832.415945, 1021.281866, 796.990838, 1024.325335, 797.707548, 1024.162668, 801.748484, 1019.448097, 832.53212",
            "image_id": "BLD01029_PS3_K3A_NIA0277.png",
            "ingest_time": "2023-03-02T15:10:41.602602Z",
            "type_id": "6",
            "type_name": "보도"
         }
      }
   ]
}