{
   "type": "FeatureCollection",
   "features": [
      {
         "type": "Feature",
         "geometry": {
            "type": "Polygon",
            "coordinates": [
               [
                  31.367192,
                  29.918615,
                  0.0
               ],
               [
                  31.367205,
                  29.918579,
                  0.0
               ],
               [
                  31.367234,
                  29.918502,
                  0.0
               ],
               [
                  31.367233,
                  29.918404,
                  0.0
               ]
            ]
         },
         "properties": {
            "object_imcoords": "EMPTY",
            "building_imcoords": "EMPTY",
            "road_imcoords": "99.453265, 0.000000, 101.723599, 7.291722, 106.465906, 22.848311, 106.041005, 42.537255, 97.992520, 72.068904, 23.402886, 225.954902, 0.280242, 247.481824, 0.000000, 299.610936, 113.924676, 72.733620, 121.542703, 51.598538, 124.872204, 29.033947, 120.065286, 0.00000",
            "image_id": "BLD00554_PS3_K3A_NIA0276.png",
            "ingest_time": "2023-03-02T15:10:41.602602Z",
            "type_id": "5",
            "type_name": "기타 포장 도로"
         }
      },
      {
         "type": "Feature",
         "geometry": {
            "type": "Polygon",
            "coordinates": [
               [
                  31.367145,
                  29.914247,
                  0.0
               ],
               [
                  31.367696,
                  29.914429,
                  0.0
               ],
               [
                  31.367993,
                  29.914503,
                  0.0
               ],
               [
                  31.368277,
                  29.914664,
                  0.0
               ]
            ]
         },
         "properties": {
            "object_imcoords": "EMPTY",
            "building_imcoords": "EMPTY",
            "road_imcoords": "78.626289, 880.168710, 175.896145, 844.797830, 228.266608, 830.614163, 278.574882, 798.898065, 361.030281, 759.898922, 430.084018, 748.761231, 512.867479, 736.619641, 608.824437, 726.693027, 678.490167, 719.073354, 723.747788, 697.522129, 803.221177, 647.851230, 886.612574, 614.494696, 919.735180, 606.499543, 1023.049554, 616.497738, 1022.086310, 626.451237, 920.446338, 616.615081, 889.658422, 624.046686, 807.764052, 656.804410, 728.563125, 706.305020, 681.260688, 728.829966, 609.882595, 736.636929, 514.108107, 746.544666, 431.605801, 758.645019, 364.023308, 769.545414, 283.396736, 807.679572, 232.329736, 839.873996, 178.917301, 854.339865, 82.251855, 889.490958, 0.000000, 923.595339, 0.000000, 912.76980",
            "image_id": "BLD00554_PS3_K3A_NIA0276.png",
            "ingest_time": "2023-03-02T15:10:41.602602Z",
            "type_id": "6",
            "type_name": "보도"
         }
      }
   ]
}