{
   "type": "FeatureCollection",
   "features": [
      {
         "type": "Feature",
         "geometry": {
            "type": "Polygon",
            "coordinates": [
               [
                  31.4027,
                  30.089233,
                  0.0
               ],
               [
                  31.402695,
                  30.089292,
                  0.0
               ],
               [
                  31.402692,
                  30.089609,
                  0.0
               ],
               [
                  31.402725,
                  30.089288,
                  0.0
               ]
            ]
         },
         "properties": {
            "object_imcoords": "EMPTY",
            "building_imcoords": "EMPTY",
            "road_imcoords": "0.793331, 168.979516, 0.000000, 157.079550, 0.427280, 93.108297, 5.343473, 157.890622, 214.596052, 149.146239, 222.926028, 145.972915, 223.322694, 132.882953, 212.612724, 0.000000, 222.132697, 0.000000, 230.462673, 120.586321, 233.635997, 170.962844, 243.155970, 283.219189, 245.535963, 304.639127, 234.429328, 306.225789, 223.885057, 165.985516, 217.372711, 160.25287",
            "image_id": "BLD00872_PS3_K3A_NIA0277.png",
            "ingest_time": "2023-03-02T15:10:41.602602Z",
            "type_id": "9",
            "type_name": "건설중인 도로"
         }
      },
      {
         "type": "Feature",
         "geometry": {
            "type": "Polygon",
            "coordinates": [
               [
                  31.402764,
                  30.084991,
                  0.0
               ],
               [
                  31.408606,
                  30.085062,
                  0.0
               ],
               [
                  31.408525,
                  30.090142,
                  0.0
               ],
               [
                  31.402682,
                  30.090071,
                  0.0
               ]
            ]
         },
         "properties": {
            "object_imcoords": "EMPTY",
            "building_imcoords": "EMPTY",
            "road_imcoords": "274.277007, 0.000000, 281.591061, 143.030380, 285.654424, 228.361004, 290.124123, 304.345894, 305.158566, 303.939557, 291.749468, 143.843053, 284.435415, 0.00000",
            "image_id": "BLD00872_PS3_K3A_NIA0277.png",
            "ingest_time": "2023-03-02T15:10:41.602602Z",
            "type_id": "9",
            "type_name": "건설중인 도로"
         }
      },
      {
         "type": "Feature",
         "geometry": {
            "type": "Polygon",
            "coordinates": [
               [
                  31.402708,
                  30.088492,
                  0.0
               ],
               [
                  31.403716,
                  30.08855,
                  0.0
               ],
               [
                  31.404236,
                  30.088569,
                  0.0
               ],
               [
                  31.404623,
                  30.088588,
                  0.0
               ]
            ]
         },
         "properties": {
            "object_imcoords": "EMPTY",
            "building_imcoords": "EMPTY",
            "road_imcoords": "0.000000, 318.274792, 176.912269, 309.073681, 268.086914, 306.564287, 335.840549, 303.636661, 538.683222, 291.089691, 697.193269, 278.542722, 733.997713, 271.851005, 757.787152, 266.891648, 977.779920, 258.560926, 1024.000000, 256.401109, 1024.000000, 263.452797, 876.460194, 269.536077, 762.593680, 274.839449, 741.224211, 279.830858, 688.970400, 288.253860, 598.345133, 293.713213, 507.563885, 300.264437, 427.857326, 306.191735, 333.332521, 310.715200, 221.181804, 317.167270, 101.855936, 324.349671, 48.303920, 328.481001, 54.404967, 441.717715, 67.202834, 450.809218, 147.969925, 441.000621, 174.058001, 444.778467, 196.826492, 502.118462, 183.396339, 501.871862, 163.427968, 458.965314, 148.164722, 454.587355, 55.955142, 465.245193, 58.939925, 508.865941, 47.092184, 509.851206, 33.299472, 328.611274, 0.000000, 328.72440",
            "image_id": "BLD00872_PS3_K3A_NIA0277.png",
            "ingest_time": "2023-03-02T15:10:41.602602Z",
            "type_id": "9",
            "type_name": "건설중인 도로"
         }
      },
      {
         "type": "Feature",
         "geometry": {
            "type": "Polygon",
            "coordinates": [
               [
                  31.402764,
                  30.084991,
                  0.0
               ],
               [
                  31.408606,
                  30.085062,
                  0.0
               ],
               [
                  31.408525,
                  30.090142,
                  0.0
               ],
               [
                  31.402682,
                  30.090071,
                  0.0
               ]
            ]
         },
         "properties": {
            "object_imcoords": "EMPTY",
            "building_imcoords": "EMPTY",
            "road_imcoords": "697.430557, 286.236430, 716.424127, 473.173145, 723.421758, 470.507380, 702.428865, 285.90321",
            "image_id": "BLD00872_PS3_K3A_NIA0277.png",
            "ingest_time": "2023-03-02T15:10:41.602602Z",
            "type_id": "9",
            "type_name": "건설중인 도로"
         }
      },
      {
         "type": "Feature",
         "geometry": {
            "type": "Polygon",
            "coordinates": [
               [
                  31.402764,
                  30.084991,
                  0.0
               ],
               [
                  31.408606,
                  30.085062,
                  0.0
               ],
               [
                  31.408525,
                  30.090142,
                  0.0
               ],
               [
                  31.402682,
                  30.090071,
                  0.0
               ]
            ]
         },
         "properties": {
            "object_imcoords": "EMPTY",
            "building_imcoords": "EMPTY",
            "road_imcoords": "0.358293, 168.397481, 6.090973, 168.397481, 11.465360, 317.805458, 2.866340, 318.52204",
            "image_id": "BLD00872_PS3_K3A_NIA0277.png",
            "ingest_time": "2023-03-02T15:10:41.602602Z",
            "type_id": "9",
            "type_name": "건설중인 도로"
         }
      },
      {
         "type": "Feature",
         "geometry": {
            "type": "Polygon",
            "coordinates": [
               [
                  31.406848,
                  30.087787,
                  0.0
               ],
               [
                  31.406806,
                  30.087773,
                  0.0
               ],
               [
                  31.405944,
                  30.087712,
                  0.0
               ],
               [
                  31.403965,
                  30.087598,
                  0.0
               ]
            ]
         },
         "properties": {
            "object_imcoords": "EMPTY",
            "building_imcoords": "EMPTY",
            "road_imcoords": "723.518044, 470.500126, 716.090479, 473.181364, 564.988818, 483.337610, 217.831596, 501.491421, 52.064145, 509.869559, 28.725046, 511.664874, 16.157838, 527.224274, 15.559400, 587.666558, 23.937538, 801.309084, 26.951207, 890.652868, 41.115798, 889.765949, 32.315676, 695.983917, 23.937538, 549.366497, 22.740661, 535.003974, 25.732853, 526.625836, 53.859460, 520.043013, 172.350274, 513.460190, 479.947637, 498.499229, 684.915438, 486.988502, 718.126140, 483.53826",
            "image_id": "BLD00872_PS3_K3A_NIA0277.png",
            "ingest_time": "2023-03-02T15:10:41.602602Z",
            "type_id": "9",
            "type_name": "건설중인 도로"
         }
      },
      {
         "type": "Feature",
         "geometry": {
            "type": "Polygon",
            "coordinates": [
               [
                  31.402764,
                  30.084991,
                  0.0
               ],
               [
                  31.408606,
                  30.085062,
                  0.0
               ],
               [
                  31.408525,
                  30.090142,
                  0.0
               ],
               [
                  31.402682,
                  30.090071,
                  0.0
               ]
            ]
         },
         "properties": {
            "object_imcoords": "EMPTY",
            "building_imcoords": "EMPTY",
            "road_imcoords": "32.339141, 687.521738, 33.004003, 710.776103, 59.218427, 702.641336, 187.315024, 697.601470, 198.654723, 703.901303, 207.054500, 865.177019, 208.875932, 883.506169, 219.236397, 882.670632, 211.674377, 700.121403, 218.814188, 695.501526, 385.129770, 686.261771, 531.285888, 679.541950, 587.144404, 675.342061, 742.540276, 668.202251, 879.876628, 664.422351, 971.434196, 661.482429, 1024.000000, 658.542507, 1023.932802, 647.202809, 837.457755, 653.502641, 574.124750, 664.422351, 451.907996, 668.622240, 282.652492, 678.281983, 165.895593, 686.68176",
            "image_id": "BLD00872_PS3_K3A_NIA0277.png",
            "ingest_time": "2023-03-02T15:10:41.602602Z",
            "type_id": "9",
            "type_name": "건설중인 도로"
         }
      },
      {
         "type": "Feature",
         "geometry": {
            "type": "Polygon",
            "coordinates": [
               [
                  31.402764,
                  30.084991,
                  0.0
               ],
               [
                  31.408606,
                  30.085062,
                  0.0
               ],
               [
                  31.408525,
                  30.090142,
                  0.0
               ],
               [
                  31.402682,
                  30.090071,
                  0.0
               ]
            ]
         },
         "properties": {
            "object_imcoords": "EMPTY",
            "building_imcoords": "EMPTY",
            "road_imcoords": "186.224370, 512.583690, 195.585739, 684.382918, 207.621784, 684.048583, 198.081059, 512.09437",
            "image_id": "BLD00872_PS3_K3A_NIA0277.png",
            "ingest_time": "2023-03-02T15:10:41.602602Z",
            "type_id": "9",
            "type_name": "건설중인 도로"
         }
      },
      {
         "type": "Feature",
         "geometry": {
            "type": "Polygon",
            "coordinates": [
               [
                  31.402764,
                  30.084991,
                  0.0
               ],
               [
                  31.408606,
                  30.085062,
                  0.0
               ],
               [
                  31.408525,
                  30.090142,
                  0.0
               ],
               [
                  31.402682,
                  30.090071,
                  0.0
               ]
            ]
         },
         "properties": {
            "object_imcoords": "EMPTY",
            "building_imcoords": "EMPTY",
            "road_imcoords": "464.583953, 499.477468, 446.233449, 557.288162, 443.967027, 568.368451, 447.996223, 577.182317, 467.386728, 592.543627, 464.113006, 598.335596, 447.996223, 584.485235, 444.470676, 583.477936, 439.686006, 586.751658, 437.419583, 590.277204, 433.894037, 599.594720, 406.379499, 671.068779, 397.131595, 671.589306, 424.314535, 597.279960, 453.490684, 499.88373",
            "image_id": "BLD00872_PS3_K3A_NIA0277.png",
            "ingest_time": "2023-03-02T15:10:41.602602Z",
            "type_id": "9",
            "type_name": "건설중인 도로"
         }
      },
      {
         "type": "Feature",
         "geometry": {
            "type": "Polygon",
            "coordinates": [
               [
                  31.402764,
                  30.084991,
                  0.0
               ],
               [
                  31.408606,
                  30.085062,
                  0.0
               ],
               [
                  31.408525,
                  30.090142,
                  0.0
               ],
               [
                  31.402682,
                  30.090071,
                  0.0
               ]
            ]
         },
         "properties": {
            "object_imcoords": "EMPTY",
            "building_imcoords": "EMPTY",
            "road_imcoords": "515.999231, 656.881223, 526.482104, 665.729184, 541.253086, 665.626047, 531.905262, 657.259938, 520.733169, 647.41334",
            "image_id": "BLD00872_PS3_K3A_NIA0277.png",
            "ingest_time": "2023-03-02T15:10:41.602602Z",
            "type_id": "9",
            "type_name": "건설중인 도로"
         }
      },
      {
         "type": "Feature",
         "geometry": {
            "type": "Polygon",
            "coordinates": [
               [
                  31.405767,
                  30.087651,
                  0.0
               ],
               [
                  31.405822,
                  30.086806,
                  0.0
               ],
               [
                  31.405884,
                  30.08681,
                  0.0
               ],
               [
                  31.405817,
                  30.087655,
                  0.0
               ]
            ]
         },
         "properties": {
            "object_imcoords": "EMPTY",
            "building_imcoords": "EMPTY",
            "road_imcoords": "533.777819, 495.348454, 541.044567, 665.670817, 551.952341, 664.950458, 542.522396, 494.50584",
            "image_id": "BLD00872_PS3_K3A_NIA0277.png",
            "ingest_time": "2023-03-02T15:10:41.602602Z",
            "type_id": "9",
            "type_name": "건설중인 도로"
         }
      },
      {
         "type": "Feature",
         "geometry": {
            "type": "Polygon",
            "coordinates": [
               [
                  31.402764,
                  30.084991,
                  0.0
               ],
               [
                  31.408606,
                  30.085062,
                  0.0
               ],
               [
                  31.408525,
                  30.090142,
                  0.0
               ],
               [
                  31.402682,
                  30.090071,
                  0.0
               ]
            ]
         },
         "properties": {
            "object_imcoords": "EMPTY",
            "building_imcoords": "EMPTY",
            "road_imcoords": "394.697272, 686.187484, 326.406720, 875.115528, 337.424984, 874.001480, 403.065412, 685.65177",
            "image_id": "BLD00872_PS3_K3A_NIA0277.png",
            "ingest_time": "2023-03-02T15:10:41.602602Z",
            "type_id": "9",
            "type_name": "건설중인 도로"
         }
      },
      {
         "type": "Feature",
         "geometry": {
            "type": "Polygon",
            "coordinates": [
               [
                  31.402764,
                  30.084991,
                  0.0
               ],
               [
                  31.408606,
                  30.085062,
                  0.0
               ],
               [
                  31.408525,
                  30.090142,
                  0.0
               ],
               [
                  31.402682,
                  30.090071,
                  0.0
               ]
            ]
         },
         "properties": {
            "object_imcoords": "EMPTY",
            "building_imcoords": "EMPTY",
            "road_imcoords": "543.565011, 678.773394, 552.985944, 863.710849, 561.705232, 863.314536, 553.398348, 678.45569",
            "image_id": "BLD00872_PS3_K3A_NIA0277.png",
            "ingest_time": "2023-03-02T15:10:41.602602Z",
            "type_id": "9",
            "type_name": "건설중인 도로"
         }
      },
      {
         "type": "Feature",
         "geometry": {
            "type": "Polygon",
            "coordinates": [
               [
                  31.405939,
                  30.08605,
                  0.0
               ],
               [
                  31.405942,
                  30.086014,
                  0.0
               ],
               [
                  31.40657,
                  30.085998,
                  0.0
               ],
               [
                  31.406564,
                  30.086021,
                  0.0
               ]
            ]
         },
         "properties": {
            "object_imcoords": "EMPTY",
            "building_imcoords": "EMPTY",
            "road_imcoords": "559.423523, 818.355208, 559.827729, 825.542794, 669.789014, 830.388557, 668.915312, 825.64852",
            "image_id": "BLD00872_PS3_K3A_NIA0277.png",
            "ingest_time": "2023-03-02T15:10:41.602602Z",
            "type_id": "9",
            "type_name": "건설중인 도로"
         }
      },
      {
         "type": "Feature",
         "geometry": {
            "type": "Polygon",
            "coordinates": [
               [
                  31.405925,
                  30.08628,
                  0.0
               ],
               [
                  31.406104,
                  30.086212,
                  0.0
               ],
               [
                  31.406526,
                  30.086094,
                  0.0
               ],
               [
                  31.406602,
                  30.086062,
                  0.0
               ]
            ]
         },
         "properties": {
            "object_imcoords": "EMPTY",
            "building_imcoords": "EMPTY",
            "road_imcoords": "557.574068, 771.883860, 588.800296, 786.103943, 662.418849, 810.840961, 675.574954, 817.491571, 679.132986, 813.199936, 592.947820, 778.845776, 557.355361, 764.62569",
            "image_id": "BLD00872_PS3_K3A_NIA0277.png",
            "ingest_time": "2023-03-02T15:10:41.602602Z",
            "type_id": "9",
            "type_name": "건설중인 도로"
         }
      },
      {
         "type": "Feature",
         "geometry": {
            "type": "Polygon",
            "coordinates": [
               [
                  31.405937,
                  30.086656,
                  0.0
               ],
               [
                  31.406233,
                  30.086457,
                  0.0
               ],
               [
                  31.406536,
                  30.086205,
                  0.0
               ],
               [
                  31.406612,
                  30.086146,
                  0.0
               ]
            ]
         },
         "properties": {
            "object_imcoords": "EMPTY",
            "building_imcoords": "EMPTY",
            "road_imcoords": "560.740478, 696.239750, 612.020984, 736.940628, 664.461654, 788.528604, 677.678408, 800.679490, 684.730209, 807.304944, 690.830164, 803.205625, 603.280873, 722.231660, 559.251996, 677.603096, 553.015567, 677.840978, 553.657639, 689.51498",
            "image_id": "BLD00872_PS3_K3A_NIA0277.png",
            "ingest_time": "2023-03-02T15:10:41.602602Z",
            "type_id": "9",
            "type_name": "건설중인 도로"
         }
      },
      {
         "type": "Feature",
         "geometry": {
            "type": "Polygon",
            "coordinates": [
               [
                  31.406558,
                  30.086784,
                  0.0
               ],
               [
                  31.406775,
                  30.086254,
                  0.0
               ],
               [
                  31.406772,
                  30.086179,
                  0.0
               ],
               [
                  31.406844,
                  30.086198,
                  0.0
               ]
            ]
         },
         "properties": {
            "object_imcoords": "EMPTY",
            "building_imcoords": "EMPTY",
            "road_imcoords": "669.907380, 671.884135, 706.456824, 779.148972, 705.669128, 794.416490, 718.345513, 790.595341, 677.852992, 671.49637",
            "image_id": "BLD00872_PS3_K3A_NIA0277.png",
            "ingest_time": "2023-03-02T15:10:41.602602Z",
            "type_id": "9",
            "type_name": "건설중인 도로"
         }
      },
      {
         "type": "Feature",
         "geometry": {
            "type": "Polygon",
            "coordinates": [
               [
                  31.406847,
                  30.0862,
                  0.0
               ],
               [
                  31.40681,
                  30.08619,
                  0.0
               ],
               [
                  31.406764,
                  30.086178,
                  0.0
               ],
               [
                  31.406695,
                  30.086138,
                  0.0
               ]
            ]
         },
         "properties": {
            "object_imcoords": "EMPTY",
            "building_imcoords": "EMPTY",
            "road_imcoords": "718.925127, 790.212558, 712.355303, 792.263359, 704.252315, 794.491245, 692.050783, 802.415619, 685.128788, 806.876461, 678.390476, 813.121187, 674.212487, 818.738229, 669.290179, 827.168584, 669.746576, 830.411245, 676.872315, 830.180477, 682.917399, 820.647845, 692.915038, 809.487690, 705.005205, 803.907612, 720.350418, 797.16501",
            "image_id": "BLD00872_PS3_K3A_NIA0277.png",
            "ingest_time": "2023-03-02T15:10:41.602602Z",
            "type_id": "9",
            "type_name": "건설중인 도로"
         }
      },
      {
         "type": "Feature",
         "geometry": {
            "type": "Polygon",
            "coordinates": [
               [
                  31.402764,
                  30.084991,
                  0.0
               ],
               [
                  31.408606,
                  30.085062,
                  0.0
               ],
               [
                  31.408525,
                  30.090142,
                  0.0
               ],
               [
                  31.402682,
                  30.090071,
                  0.0
               ]
            ]
         },
         "properties": {
            "object_imcoords": "EMPTY",
            "building_imcoords": "EMPTY",
            "road_imcoords": "902.715705, 663.655994, 912.086456, 843.367614, 925.780214, 842.975269, 917.149924, 663.65599",
            "image_id": "BLD00872_PS3_K3A_NIA0277.png",
            "ingest_time": "2023-03-02T15:10:41.602602Z",
            "type_id": "9",
            "type_name": "건설중인 도로"
         }
      },
      {
         "type": "Feature",
         "geometry": {
            "type": "Polygon",
            "coordinates": [
               [
                  31.402764,
                  30.084991,
                  0.0
               ],
               [
                  31.408606,
                  30.085062,
                  0.0
               ],
               [
                  31.408525,
                  30.090142,
                  0.0
               ],
               [
                  31.402682,
                  30.090071,
                  0.0
               ]
            ]
         },
         "properties": {
            "object_imcoords": "EMPTY",
            "building_imcoords": "EMPTY",
            "road_imcoords": "1024.000000, 838.438801, 911.988002, 843.460278, 810.546074, 849.485426, 594.032234, 861.912878, 563.843768, 863.119705, 533.828130, 864.950700, 367.852597, 871.854840, 233.218340, 882.634685, 159.899890, 884.834624, 0.000000, 892.014930, 0.000000, 901.404561, 151.614922, 893.671924, 254.348530, 888.148612, 393.259833, 877.930484, 515.048868, 873.788000, 625.238948, 870.197847, 787.624328, 860.255885, 902.233058, 852.247082, 988.672895, 848.656929, 1024.000000, 847.27610",
            "image_id": "BLD00872_PS3_K3A_NIA0277.png",
            "ingest_time": "2023-03-02T15:10:41.602602Z",
            "type_id": "9",
            "type_name": "건설중인 도로"
         }
      },
      {
         "type": "Feature",
         "geometry": {
            "type": "Polygon",
            "coordinates": [
               [
                  31.402764,
                  30.084991,
                  0.0
               ],
               [
                  31.408606,
                  30.085062,
                  0.0
               ],
               [
                  31.408525,
                  30.090142,
                  0.0
               ],
               [
                  31.402682,
                  30.090071,
                  0.0
               ]
            ]
         },
         "properties": {
            "object_imcoords": "EMPTY",
            "building_imcoords": "EMPTY",
            "road_imcoords": "913.220663, 852.087203, 915.665043, 893.421178, 923.242624, 1023.951112, 930.730745, 1024.000000, 923.975938, 851.37782",
            "image_id": "BLD00872_PS3_K3A_NIA0277.png",
            "ingest_time": "2023-03-02T15:10:41.602602Z",
            "type_id": "9",
            "type_name": "건설중인 도로"
         }
      },
      {
         "type": "Feature",
         "geometry": {
            "type": "Polygon",
            "coordinates": [
               [
                  31.402764,
                  30.084991,
                  0.0
               ],
               [
                  31.408606,
                  30.085062,
                  0.0
               ],
               [
                  31.408525,
                  30.090142,
                  0.0
               ],
               [
                  31.402682,
                  30.090071,
                  0.0
               ]
            ]
         },
         "properties": {
            "object_imcoords": "EMPTY",
            "building_imcoords": "EMPTY",
            "road_imcoords": "30.389677, 900.018925, 34.133333, 1024.000000, 44.263226, 1024.000000, 39.793688, 899.69274",
            "image_id": "BLD00872_PS3_K3A_NIA0277.png",
            "ingest_time": "2023-03-02T15:10:41.602602Z",
            "type_id": "9",
            "type_name": "건설중인 도로"
         }
      },
      {
         "type": "Feature",
         "geometry": {
            "type": "Polygon",
            "coordinates": [
               [
                  31.402764,
                  30.084991,
                  0.0
               ],
               [
                  31.408606,
                  30.085062,
                  0.0
               ],
               [
                  31.408525,
                  30.090142,
                  0.0
               ],
               [
                  31.402682,
                  30.090071,
                  0.0
               ]
            ]
         },
         "properties": {
            "object_imcoords": "EMPTY",
            "building_imcoords": "EMPTY",
            "road_imcoords": "370.433084, 779.701353, 401.265411, 786.533529, 415.929595, 791.532683, 414.596488, 787.200083, 372.603596, 772.70253",
            "image_id": "BLD00872_PS3_K3A_NIA0277.png",
            "ingest_time": "2023-03-02T15:10:41.602602Z",
            "type_id": "9",
            "type_name": "건설중인 도로"
         }
      },
      {
         "type": "Feature",
         "geometry": {
            "type": "Polygon",
            "coordinates": [
               [
                  31.402764,
                  30.084991,
                  0.0
               ],
               [
                  31.408606,
                  30.085062,
                  0.0
               ],
               [
                  31.408525,
                  30.090142,
                  0.0
               ],
               [
                  31.402682,
                  30.090071,
                  0.0
               ]
            ]
         },
         "properties": {
            "object_imcoords": "EMPTY",
            "building_imcoords": "EMPTY",
            "road_imcoords": "392.074759, 717.115843, 411.596995, 724.710661, 417.929257, 728.210069, 420.762111, 731.542838, 415.596318, 746.040384, 421.428664, 749.206515, 433.759910, 749.206515, 433.426634, 745.040553, 426.261180, 743.540807, 421.595303, 740.374676, 430.427141, 723.710830, 435.259657, 718.878315, 444.794776, 719.827861, 448.391314, 713.600115, 434.593103, 711.879500, 430.260503, 718.045123, 425.927903, 722.877638, 417.429341, 721.877807, 393.766680, 711.54622",
            "image_id": "BLD00872_PS3_K3A_NIA0277.png",
            "ingest_time": "2023-03-02T15:10:41.602602Z",
            "type_id": "9",
            "type_name": "건설중인 도로"
         }
      },
      {
         "type": "Feature",
         "geometry": {
            "type": "Polygon",
            "coordinates": [
               [
                  31.402764,
                  30.084991,
                  0.0
               ],
               [
                  31.408606,
                  30.085062,
                  0.0
               ],
               [
                  31.408525,
                  30.090142,
                  0.0
               ],
               [
                  31.402682,
                  30.090071,
                  0.0
               ]
            ]
         },
         "properties": {
            "object_imcoords": "EMPTY",
            "building_imcoords": "EMPTY",
            "road_imcoords": "665.031841, 660.595261, 659.371281, 645.247831, 665.186820, 643.309318, 672.110080, 660.13601",
            "image_id": "BLD00872_PS3_K3A_NIA0277.png",
            "ingest_time": "2023-03-02T15:10:41.602602Z",
            "type_id": "9",
            "type_name": "건설중인 도로"
         }
      },
      {
         "type": "Feature",
         "geometry": {
            "type": "Polygon",
            "coordinates": [
               [
                  31.40628,
                  30.08738,
                  0.0
               ],
               [
                  31.406139,
                  30.087672,
                  0.0
               ],
               [
                  31.406195,
                  30.087677,
                  0.0
               ],
               [
                  31.406314,
                  30.087386,
                  0.0
               ]
            ]
         },
         "properties": {
            "object_imcoords": "EMPTY",
            "building_imcoords": "EMPTY",
            "road_imcoords": "622.816469, 551.091495, 599.000454, 491.976852, 608.799366, 491.033215, 628.908937, 549.98377",
            "image_id": "BLD00872_PS3_K3A_NIA0277.png",
            "ingest_time": "2023-03-02T15:10:41.602602Z",
            "type_id": "9",
            "type_name": "건설중인 도로"
         }
      },
      {
         "type": "Feature",
         "geometry": {
            "type": "Polygon",
            "coordinates": [
               [
                  31.402764,
                  30.084991,
                  0.0
               ],
               [
                  31.408606,
                  30.085062,
                  0.0
               ],
               [
                  31.408525,
                  30.090142,
                  0.0
               ],
               [
                  31.402682,
                  30.090071,
                  0.0
               ]
            ]
         },
         "properties": {
            "object_imcoords": "EMPTY",
            "building_imcoords": "EMPTY",
            "road_imcoords": "547.498075, 758.554217, 548.140645, 767.550201, 499.598394, 746.345382, 503.453815, 739.91967",
            "image_id": "BLD00872_PS3_K3A_NIA0277.png",
            "ingest_time": "2023-03-02T15:10:41.602602Z",
            "type_id": "9",
            "type_name": "건설중인 도로"
         }
      },
      {
         "type": "Feature",
         "geometry": {
            "type": "Polygon",
            "coordinates": [
               [
                  31.402764,
                  30.084991,
                  0.0
               ],
               [
                  31.408606,
                  30.085062,
                  0.0
               ],
               [
                  31.408525,
                  30.090142,
                  0.0
               ],
               [
                  31.402682,
                  30.090071,
                  0.0
               ]
            ]
         },
         "properties": {
            "object_imcoords": "EMPTY",
            "building_imcoords": "EMPTY",
            "road_imcoords": "550.259587, 812.764738, 486.104418, 810.643715, 484.819277, 818.354559, 550.463981, 820.39916",
            "image_id": "BLD00872_PS3_K3A_NIA0277.png",
            "ingest_time": "2023-03-02T15:10:41.602602Z",
            "type_id": "9",
            "type_name": "건설중인 도로"
         }
      }
   ]
}