{
   "type": "FeatureCollection",
   "features": [
      {
         "type": "Feature",
         "geometry": {
            "type": "Polygon",
            "coordinates": [
               [
                  31.356827,
                  29.984548,
                  0.0
               ],
               [
                  31.356676,
                  29.984256,
                  0.0
               ],
               [
                  31.356038,
                  29.983192,
                  0.0
               ],
               [
                  31.35598,
                  29.982842,
                  0.0
               ]
            ]
         },
         "properties": {
            "object_imcoords": "EMPTY",
            "building_imcoords": "EMPTY",
            "road_imcoords": "518.375495, 0.000000, 491.019934, 58.296268, 376.000000, 271.200000, 364.800000, 341.600000, 371.149480, 369.521638, 379.322524, 393.563243, 394.769490, 412.605140, 410.315117, 424.199803, 444.418379, 438.326486, 470.734550, 445.135028, 499.200000, 443.200000, 530.836036, 427.631112, 548.000000, 400.000000, 546.387748, 322.400000, 534.806126, 378.018379, 518.916164, 395.412349, 504.657885, 407.784207, 484.000000, 415.200000, 451.322524, 416.824505, 440.957918, 413.388068, 423.529920, 407.838789, 398.412252, 384.000000, 393.783113, 370.844436, 391.914233, 345.207267, 393.944864, 302.744864, 401.357620, 278.435258, 434.769369, 223.975495, 460.851901, 180.512067, 491.722531, 121.806461, 520.679567, 66.410189, 551.402267, 0.00000",
            "image_id": "BLD00239_PS3_K3A_NIA0276.png",
            "ingest_time": "2023-03-02T15:10:41.602602Z",
            "type_id": "3",
            "type_name": "1차 도로"
         }
      },
      {
         "type": "Feature",
         "geometry": {
            "type": "Polygon",
            "coordinates": [
               [
                  31.357051,
                  29.984554,
                  0.0
               ],
               [
                  31.35698,
                  29.984258,
                  0.0
               ],
               [
                  31.356939,
                  29.983757,
                  0.0
               ],
               [
                  31.356959,
                  29.983236,
                  0.0
               ]
            ]
         },
         "properties": {
            "object_imcoords": "EMPTY",
            "building_imcoords": "EMPTY",
            "road_imcoords": "557.627775, -0.812252, 544.230769, 58.653846, 535.714286, 159.693878, 537.744917, 264.547021, 520.770832, 254.747265, 500.510204, 247.032668, 474.726368, 243.874508, 456.122449, 246.938776, 434.813674, 252.286785, 410.452979, 264.453129, 400.387368, 278.593744, 395.542797, 297.918442, 427.536864, 275.082467, 448.385680, 268.793844, 469.472830, 267.161948, 487.747217, 267.769627, 517.346939, 277.551020, 545.918367, 321.428571, 558.163265, 264.285714, 553.003436, 209.974136, 552.238787, 143.471425, 562.503351, 54.761423, 576.530612, 0.00000",
            "image_id": "BLD00239_PS3_K3A_NIA0276.png",
            "ingest_time": "2023-03-02T15:10:41.602602Z",
            "type_id": "3",
            "type_name": "1차 도로"
         }
      },
      {
         "type": "Feature",
         "geometry": {
            "type": "Polygon",
            "coordinates": [
               [
                  31.357012,
                  29.982963,
                  0.0
               ],
               [
                  31.357025,
                  29.98258,
                  0.0
               ],
               [
                  31.357115,
                  29.982565,
                  0.0
               ],
               [
                  31.357295,
                  29.982108,
                  0.0
               ]
            ]
         },
         "properties": {
            "object_imcoords": "EMPTY",
            "building_imcoords": "EMPTY",
            "road_imcoords": "546.107784, 319.760479, 547.305389, 397.005988, 563.148276, 400.331803, 593.413174, 492.814371, 636.485399, 583.040857, 661.498737, 625.991338, 708.383234, 694.011976, 781.494088, 781.390248, 828.143713, 846.706587, 851.619464, 847.603573, 789.221557, 759.281437, 737.724551, 700.000000, 678.229664, 606.243022, 653.548411, 565.420590, 642.209528, 546.096234, 607.686496, 459.691454, 585.628743, 387.425150, 558.083832, 264.07185",
            "image_id": "BLD00239_PS3_K3A_NIA0276.png",
            "ingest_time": "2023-03-02T15:10:41.602602Z",
            "type_id": "3",
            "type_name": "1차 도로"
         }
      },
      {
         "type": "Feature",
         "geometry": {
            "type": "Polygon",
            "coordinates": [
               [
                  31.358078,
                  29.981161,
                  0.0
               ],
               [
                  31.358242,
                  29.981021,
                  0.0
               ],
               [
                  31.358453,
                  29.980863,
                  0.0
               ],
               [
                  31.358734,
                  29.980659,
                  0.0
               ]
            ]
         },
         "properties": {
            "object_imcoords": "EMPTY",
            "building_imcoords": "EMPTY",
            "road_imcoords": "728.057380, 685.518470, 756.376247, 714.146967, 792.888889, 746.666667, 841.536124, 788.314590, 884.444444, 818.222222, 953.812965, 856.677764, 1024.000000, 885.333333, 1024.000000, 872.994452, 957.935628, 844.481261, 911.111111, 820.000000, 859.194385, 791.408113, 839.851055, 775.896015, 756.783326, 700.514820, 699.111111, 633.33333",
            "image_id": "BLD00239_PS3_K3A_NIA0276.png",
            "ingest_time": "2023-03-02T15:10:41.602602Z",
            "type_id": "2",
            "type_name": "고속도로"
         }
      },
      {
         "type": "Feature",
         "geometry": {
            "type": "Polygon",
            "coordinates": [
               [
                  31.359342,
                  29.979497,
                  0.0
               ],
               [
                  31.359352,
                  29.979619,
                  0.0
               ],
               [
                  31.359365,
                  29.979675,
                  0.0
               ],
               [
                  31.359429,
                  29.979821,
                  0.0
               ]
            ]
         },
         "properties": {
            "object_imcoords": "EMPTY",
            "building_imcoords": "EMPTY",
            "road_imcoords": "944.888889, 1024.000000, 947.056628, 999.537676, 949.440578, 988.260506, 961.189401, 958.971400, 975.724155, 937.793117, 990.623545, 925.904844, 1007.555556, 914.666667, 1024.000000, 909.333333, 1024.000000, 927.555556, 1012.055509, 931.594294, 998.666667, 940.444444, 984.425637, 953.359418, 975.233695, 967.678139, 966.222222, 994.666667, 966.666667, 1024.00000",
            "image_id": "BLD00239_PS3_K3A_NIA0276.png",
            "ingest_time": "2023-03-02T15:10:41.602602Z",
            "type_id": "1",
            "type_name": "분리형 고속도로"
         }
      },
      {
         "type": "Feature",
         "geometry": {
            "type": "Polygon",
            "coordinates": [
               [
                  31.35603,
                  29.98314,
                  0.0
               ],
               [
                  31.355601,
                  29.982606,
                  0.0
               ],
               [
                  31.353936,
                  29.980667,
                  0.0
               ],
               [
                  31.35394,
                  29.98046,
                  0.0
               ]
            ]
         },
         "properties": {
            "object_imcoords": "EMPTY",
            "building_imcoords": "EMPTY",
            "road_imcoords": "374.477415, 281.646012, 297.619048, 388.095238, 0.000000, 774.688399, 0.000000, 816.409083, 172.322363, 594.016207, 228.378380, 522.992831, 348.347864, 363.006684, 364.649740, 339.88095",
            "image_id": "BLD00239_PS3_K3A_NIA0276.png",
            "ingest_time": "2023-03-02T15:10:41.602602Z",
            "type_id": "5",
            "type_name": "기타 포장 도로"
         }
      },
      {
         "type": "Feature",
         "geometry": {
            "type": "Polygon",
            "coordinates": [
               [
                  31.353892,
                  29.983342,
                  0.0
               ],
               [
                  31.354191,
                  29.983264,
                  0.0
               ],
               [
                  31.354554,
                  29.98314,
                  0.0
               ],
               [
                  31.35483,
                  29.983158,
                  0.0
               ]
            ]
         },
         "properties": {
            "object_imcoords": "EMPTY",
            "building_imcoords": "EMPTY",
            "road_imcoords": "0.000000, 235.539297, 52.247033, 251.959676, 115.573770, 277.868852, 163.934426, 275.000000, 254.918033, 256.557377, 304.098361, 266.803279, 369.924391, 287.988692, 362.266720, 298.790967, 293.229167, 276.562500, 255.729167, 266.927083, 165.104167, 285.937500, 120.052083, 291.927083, 47.676270, 262.366479, 33.634379, 259.143267, 0.228407, 304.803901, -0.334317, 290.554743, 24.808619, 255.361519, 13.250573, 251.908876, -0.278214, 274.596701, 0.283333, 254.727728, 4.826637, 248.251635, 0.000000, 246.34018",
            "image_id": "BLD00239_PS3_K3A_NIA0276.png",
            "ingest_time": "2023-03-02T15:10:41.602602Z",
            "type_id": "5",
            "type_name": "기타 포장 도로"
         }
      },
      {
         "type": "Feature",
         "geometry": {
            "type": "Polygon",
            "coordinates": [
               [
                  31.355566,
                  29.983163,
                  0.0
               ],
               [
                  31.355511,
                  29.983034,
                  0.0
               ],
               [
                  31.355122,
                  29.982564,
                  0.0
               ],
               [
                  31.354072,
                  29.983205,
                  0.0
               ]
            ]
         },
         "properties": {
            "object_imcoords": "EMPTY",
            "building_imcoords": "EMPTY",
            "road_imcoords": "293.012701, 275.767918, 283.115090, 301.706485, 213.486826, 395.430441, 31.068035, 263.570469, 27.843314, 267.786273, 210.571460, 401.188893, 155.238245, 476.314110, 0.027799, 355.426831, 0.425036, 364.299384, 149.111617, 482.160512, 94.056319, 557.860672, 0.634130, 482.643317, 0.263790, 489.987018, 89.513415, 562.709270, 58.038337, 600.959060, 26.489132, 638.149563, -1.114179, 610.968846, -0.505499, 622.469578, 19.802609, 643.789425, 0.147521, 669.201302, 0.521233, 682.593857, 97.108264, 563.139932, 106.690462, 570.976819, 111.460854, 564.833474, 102.569015, 556.655290, 293.012701, 305.119454, 301.545124, 279.52218",
            "image_id": "BLD00239_PS3_K3A_NIA0276.png",
            "ingest_time": "2023-03-02T15:10:41.602602Z",
            "type_id": "5",
            "type_name": "기타 포장 도로"
         }
      },
      {
         "type": "Feature",
         "geometry": {
            "type": "Polygon",
            "coordinates": [
               [
                  31.356069,
                  29.983248,
                  0.0
               ],
               [
                  31.355734,
                  29.983513,
                  0.0
               ],
               [
                  31.35545,
                  29.983285,
                  0.0
               ],
               [
                  31.355233,
                  29.983465,
                  0.0
               ]
            ]
         },
         "properties": {
            "object_imcoords": "EMPTY",
            "building_imcoords": "EMPTY",
            "road_imcoords": "381.535270, 259.958506, 323.641554, 205.740118, 273.037045, 250.857955, 235.469305, 214.157784, 240.154903, 208.637970, 271.972551, 240.059888, 318.947429, 198.740311, 312.655602, 191.908714, 440.127189, 37.937987, 407.910693, 16.469416, 404.463947, 16.902221, 400.437717, 18.288324, 396.587903, 20.658935, 394.815539, 26.118212, 393.842012, 34.257590, 397.455445, 41.549086, 421.290520, 61.073670, 416.483083, 66.273056, 393.333451, 45.591907, 388.727735, 40.793990, 387.774617, 33.287940, 388.223671, 25.410393, 390.979246, 18.604062, 393.943065, 13.238743, 399.975213, 9.118255, 406.429984, 8.325160, 421.175258, 18.030781, 442.688207, -0.422308, 452.825175, -0.608077, 428.157498, 21.793789, 435.159727, 26.499190, 447.963217, 21.109603, 468.189480, -0.093173, 477.161919, -0.053226, 459.208427, 18.549944, 460.318766, 43.244240, 452.790714, 37.623283, 452.368569, 24.790329, 450.923097, 26.109115, 440.834956, 29.861895, 488.652118, 62.445342, 484.084362, 70.654408, 443.820535, 41.873536, 427.275543, 63.785217, 468.889751, 98.953378, 466.238178, 105.286153, 433.737641, 79.645148, 419.030516, 102.586563, 413.226362, 96.870842, 427.704667, 74.936092, 422.751258, 70.290736, 401.425560, 97.786738, 449.991188, 133.583524, 445.418061, 142.054501, 397.095436, 102.489627, 320.746888, 192.738589, 385.892116, 251.65975",
            "image_id": "BLD00239_PS3_K3A_NIA0276.png",
            "ingest_time": "2023-03-02T15:10:41.602602Z",
            "type_id": "5",
            "type_name": "기타 포장 도로"
         }
      },
      {
         "type": "Feature",
         "geometry": {
            "type": "Polygon",
            "coordinates": [
               [
                  31.355763,
                  29.983623,
                  0.0
               ],
               [
                  31.35597,
                  29.983453,
                  0.0
               ],
               [
                  31.356304,
                  29.983921,
                  0.0
               ],
               [
                  31.356283,
                  29.983938,
                  0.0
               ]
            ]
         },
         "properties": {
            "object_imcoords": "EMPTY",
            "building_imcoords": "EMPTY",
            "road_imcoords": "329.045643, 183.609959, 364.730290, 218.464730, 424.688797, 124.896266, 421.161826, 121.369295, 362.924752, 209.371346, 331.760362, 179.46938",
            "image_id": "BLD00239_PS3_K3A_NIA0276.png",
            "ingest_time": "2023-03-02T15:10:41.602602Z",
            "type_id": "5",
            "type_name": "기타 포장 도로"
         }
      },
      {
         "type": "Feature",
         "geometry": {
            "type": "Polygon",
            "coordinates": [
               [
                  31.355947,
                  29.983821,
                  0.0
               ],
               [
                  31.356098,
                  29.983688,
                  0.0
               ],
               [
                  31.356116,
                  29.983711,
                  0.0
               ],
               [
                  31.355963,
                  29.983838,
                  0.0
               ]
            ]
         },
         "properties": {
            "object_imcoords": "EMPTY",
            "building_imcoords": "EMPTY",
            "road_imcoords": "361.825726, 144.190871, 387.984428, 171.386918, 391.087650, 166.813791, 364.730290, 140.87136",
            "image_id": "BLD00239_PS3_K3A_NIA0276.png",
            "ingest_time": "2023-03-02T15:10:41.602602Z",
            "type_id": "5",
            "type_name": "기타 포장 도로"
         }
      },
      {
         "type": "Feature",
         "geometry": {
            "type": "Polygon",
            "coordinates": [
               [
                  31.357134,
                  29.98445,
                  0.0
               ],
               [
                  31.358979,
                  29.983838,
                  0.0
               ],
               [
                  31.359016,
                  29.983862,
                  0.0
               ],
               [
                  31.358805,
                  29.984573,
                  0.0
               ]
            ]
         },
         "properties": {
            "object_imcoords": "EMPTY",
            "building_imcoords": "EMPTY",
            "road_imcoords": "571.823204, 20.441989, 893.806938, 148.300738, 900.239026, 143.746953, 865.344282, -0.155101, 875.442114, -0.214374, 914.748013, 159.536791, 1024.000000, 200.000000, 1024.000000, 217.679558, 568.508287, 35.35911",
            "image_id": "BLD00239_PS3_K3A_NIA0276.png",
            "ingest_time": "2023-03-02T15:10:41.602602Z",
            "type_id": "5",
            "type_name": "기타 포장 도로"
         }
      },
      {
         "type": "Feature",
         "geometry": {
            "type": "Polygon",
            "coordinates": [
               [
                  31.359743,
                  29.982547,
                  0.0
               ],
               [
                  31.358956,
                  29.980593,
                  0.0
               ],
               [
                  31.359013,
                  29.980558,
                  0.0
               ],
               [
                  31.359744,
                  29.982467,
                  0.0
               ]
            ]
         },
         "properties": {
            "object_imcoords": "EMPTY",
            "building_imcoords": "EMPTY",
            "road_imcoords": "1024.000000, 410.497238, 880.401914, 802.325306, 890.200957, 809.434772, 1024.000000, 426.51933",
            "image_id": "BLD00239_PS3_K3A_NIA0276.png",
            "ingest_time": "2023-03-02T15:10:41.602602Z",
            "type_id": "5",
            "type_name": "기타 포장 도로"
         }
      },
      {
         "type": "Feature",
         "geometry": {
            "type": "Polygon",
            "coordinates": [
               [
                  31.353952,
                  29.979948,
                  0.0
               ],
               [
                  31.35409,
                  29.979891,
                  0.0
               ],
               [
                  31.354224,
                  29.979928,
                  0.0
               ],
               [
                  31.354497,
                  29.979962,
                  0.0
               ]
            ]
         },
         "properties": {
            "object_imcoords": "EMPTY",
            "building_imcoords": "EMPTY",
            "road_imcoords": "0.566442, 919.580849, 24.711026, 931.435428, 48.352849, 924.317019, 96.291475, 918.096271, 152.551020, 924.714748, 306.057429, 956.736472, 346.428571, 957.653061, 404.081633, 957.653061, 451.020408, 958.673469, 513.202701, 966.313575, 595.408163, 983.673469, 687.755102, 1024.000000, 659.983194, 1025.132884, 584.071198, 994.500231, 512.981639, 979.306462, 438.265306, 973.979592, 391.836735, 971.938776, 350.220888, 971.255795, 310.324859, 969.683478, 151.020408, 935.204082, 99.693084, 928.890999, 42.857143, 936.224490, 32.558591, 941.349995, 29.436338, 952.308795, 28.763500, 976.621266, 35.634260, 985.997823, 59.095211, 999.148942, 97.701333, 1025.285391, 70.096701, 1024.821129, 43.554190, 1004.641891, 27.050837, 994.995444, 17.940748, 988.717107, 13.562959, 974.620944, 14.739992, 943.383666, -1.124757, 934.71013",
            "image_id": "BLD00239_PS3_K3A_NIA0276.png",
            "ingest_time": "2023-03-02T15:10:41.602602Z",
            "type_id": "5",
            "type_name": "기타 포장 도로"
         }
      },
      {
         "type": "Feature",
         "geometry": {
            "type": "Polygon",
            "coordinates": [
               [
                  31.356237,
                  29.979716,
                  0.0
               ],
               [
                  31.356164,
                  29.979458,
                  0.0
               ],
               [
                  31.356225,
                  29.979458,
                  0.0
               ],
               [
                  31.3563,
                  29.979715,
                  0.0
               ]
            ]
         },
         "properties": {
            "object_imcoords": "EMPTY",
            "building_imcoords": "EMPTY",
            "road_imcoords": "400.812165, 972.207792, 387.272727, 1024.000000, 397.922078, 1024.000000, 411.834654, 972.50047",
            "image_id": "BLD00239_PS3_K3A_NIA0276.png",
            "ingest_time": "2023-03-02T15:10:41.602602Z",
            "type_id": "5",
            "type_name": "기타 포장 도로"
         }
      },
      {
         "type": "Feature",
         "geometry": {
            "type": "Polygon",
            "coordinates": [
               [
                  31.35636,
                  29.979713,
                  0.0
               ],
               [
                  31.356313,
                  29.97946,
                  0.0
               ],
               [
                  31.356386,
                  29.979459,
                  0.0
               ],
               [
                  31.356422,
                  29.979709,
                  0.0
               ]
            ]
         },
         "properties": {
            "object_imcoords": "EMPTY",
            "building_imcoords": "EMPTY",
            "road_imcoords": "422.412742, 973.133356, 413.506494, 1024.000000, 426.210012, 1024.316439, 433.288888, 973.96927",
            "image_id": "BLD00239_PS3_K3A_NIA0276.png",
            "ingest_time": "2023-03-02T15:10:41.602602Z",
            "type_id": "5",
            "type_name": "기타 포장 도로"
         }
      },
      {
         "type": "Feature",
         "geometry": {
            "type": "Polygon",
            "coordinates": [
               [
                  31.356617,
                  29.982336,
                  0.0
               ],
               [
                  31.356604,
                  29.982266,
                  0.0
               ],
               [
                  31.356613,
                  29.982205,
                  0.0
               ],
               [
                  31.356623,
                  29.982142,
                  0.0
               ]
            ]
         },
         "properties": {
            "object_imcoords": "EMPTY",
            "building_imcoords": "EMPTY",
            "road_imcoords": "475.021477, 445.052669, 472.654798, 459.270837, 474.059684, 471.540097, 475.611901, 484.211244, 489.606688, 503.838528, 476.086957, 600.543478, 453.260870, 739.673913, 420.108696, 883.695652, 409.334015, 931.205141, 402.526674, 957.429258, 414.251150, 958.015013, 420.328820, 926.147637, 426.259387, 890.650313, 460.685371, 740.099011, 501.895272, 509.370404, 504.601771, 492.479289, 501.091423, 487.705116, 496.412938, 476.860845, 499.355989, 467.356776, 506.722067, 462.314023, 516.760367, 462.081337, 523.704665, 463.950359, 528.765455, 469.842365, 528.787937, 479.386183, 552.213213, 478.325252, 553.983110, 467.931109, 557.829143, 449.617016, 559.562564, 431.667749, 556.549147, 417.053062, 548.590546, 399.411558, 538.841442, 413.659130, 541.314738, 426.759043, 539.431305, 437.801328, 537.397588, 447.356799, 533.267086, 445.885646, 524.647498, 443.811194, 516.596160, 443.312365, 500.049731, 446.611805, 489.697056, 454.348010, 489.965059, 443.84374",
            "image_id": "BLD00239_PS3_K3A_NIA0276.png",
            "ingest_time": "2023-03-02T15:10:41.602602Z",
            "type_id": "5",
            "type_name": "기타 포장 도로"
         }
      },
      {
         "type": "Feature",
         "geometry": {
            "type": "Polygon",
            "coordinates": [
               [
                  31.35655,
                  29.981079,
                  0.0
               ],
               [
                  31.356378,
                  29.98103,
                  0.0
               ],
               [
                  31.356274,
                  29.980974,
                  0.0
               ],
               [
                  31.356213,
                  29.9809,
                  0.0
               ]
            ]
         },
         "properties": {
            "object_imcoords": "EMPTY",
            "building_imcoords": "EMPTY",
            "road_imcoords": "459.640103, 698.200514, 429.305913, 707.712082, 410.951874, 718.731976, 400.000000, 733.419023, 393.947342, 746.258122, 392.030848, 765.295630, 407.712082, 805.141388, 434.447301, 822.879177, 436.246787, 814.652956, 414.395887, 799.485861, 401.542416, 772.750643, 402.793920, 749.973504, 407.455013, 738.303342, 416.711126, 726.071977, 433.161954, 718.251928, 457.840617, 710.53984",
            "image_id": "BLD00239_PS3_K3A_NIA0276.png",
            "ingest_time": "2023-03-02T15:10:41.602602Z",
            "type_id": "5",
            "type_name": "기타 포장 도로"
         }
      },
      {
         "type": "Feature",
         "geometry": {
            "type": "Polygon",
            "coordinates": [
               [
                  31.356626,
                  29.981525,
                  0.0
               ],
               [
                  31.356373,
                  29.981523,
                  0.0
               ],
               [
                  31.3561,
                  29.981489,
                  0.0
               ],
               [
                  31.355939,
                  29.981436,
                  0.0
               ]
            ]
         },
         "properties": {
            "object_imcoords": "EMPTY",
            "building_imcoords": "EMPTY",
            "road_imcoords": "474.379629, 608.661399, 429.954188, 608.425839, 381.878052, 614.483353, 353.580790, 624.737855, 328.738800, 646.788127, 310.321778, 676.315947, 298.586831, 703.203703, 293.121912, 739.252659, 296.768451, 805.062428, 303.151590, 826.188681, 327.150208, 862.903045, 349.875553, 886.429874, 378.049951, 908.918469, 410.203816, 925.529430, 413.011989, 913.763607, 384.718311, 898.951931, 362.111648, 880.126695, 335.604887, 854.488483, 314.705240, 820.852718, 310.698364, 805.457827, 309.036431, 733.128286, 313.124112, 707.704856, 322.146971, 681.245557, 335.879921, 657.825024, 357.039336, 636.843900, 391.123463, 624.541290, 426.121931, 620.041529, 472.556360, 622.26229",
            "image_id": "BLD00239_PS3_K3A_NIA0276.png",
            "ingest_time": "2023-03-02T15:10:41.602602Z",
            "type_id": "5",
            "type_name": "기타 포장 도로"
         }
      },
      {
         "type": "Feature",
         "geometry": {
            "type": "Polygon",
            "coordinates": [
               [
                  31.356846,
                  29.981998,
                  0.0
               ],
               [
                  31.356796,
                  29.982005,
                  0.0
               ],
               [
                  31.3567,
                  29.981528,
                  0.0
               ],
               [
                  31.35669,
                  29.981459,
                  0.0
               ]
            ]
         },
         "properties": {
            "object_imcoords": "EMPTY",
            "building_imcoords": "EMPTY",
            "road_imcoords": "514.230807, 513.861429, 505.445545, 512.376238, 487.206368, 608.195673, 485.366478, 622.018672, 463.861386, 743.069307, 443.877551, 823.469388, 424.489796, 926.530612, 421.531911, 957.823129, 431.054619, 958.163265, 433.333333, 929.251701, 435.817452, 911.303960, 445.051740, 850.233636, 494.897959, 618.70748",
            "image_id": "BLD00239_PS3_K3A_NIA0276.png",
            "ingest_time": "2023-03-02T15:10:41.602602Z",
            "type_id": "5",
            "type_name": "기타 포장 도로"
         }
      },
      {
         "type": "Feature",
         "geometry": {
            "type": "Polygon",
            "coordinates": [
               [
                  31.356758,
                  29.981525,
                  0.0
               ],
               [
                  31.357001,
                  29.9814,
                  0.0
               ],
               [
                  31.357133,
                  29.981316,
                  0.0
               ],
               [
                  31.357203,
                  29.981249,
                  0.0
               ]
            ]
         },
         "properties": {
            "object_imcoords": "EMPTY",
            "building_imcoords": "EMPTY",
            "road_imcoords": "497.520827, 608.827167, 539.698960, 634.767387, 562.646619, 652.061994, 574.739946, 665.691251, 595.002848, 703.735137, 605.382187, 736.768438, 599.684118, 785.715475, 592.819648, 815.993893, 560.204082, 862.244898, 505.102041, 911.564626, 465.766277, 932.783034, 431.979728, 941.109068, 433.641393, 929.852502, 465.240682, 919.760232, 499.319728, 903.741497, 552.040816, 855.442177, 582.279181, 812.585034, 590.915742, 774.964718, 594.497833, 738.794257, 588.108885, 712.901526, 568.284860, 670.453156, 542.654749, 646.906155, 512.652282, 629.787343, 494.346830, 624.00596",
            "image_id": "BLD00239_PS3_K3A_NIA0276.png",
            "ingest_time": "2023-03-02T15:10:41.602602Z",
            "type_id": "5",
            "type_name": "기타 포장 도로"
         }
      },
      {
         "type": "Feature",
         "geometry": {
            "type": "Polygon",
            "coordinates": [
               [
                  31.356624,
                  29.98214,
                  0.0
               ],
               [
                  31.356209,
                  29.982188,
                  0.0
               ],
               [
                  31.356084,
                  29.982176,
                  0.0
               ],
               [
                  31.355905,
                  29.982134,
                  0.0
               ]
            ]
         },
         "properties": {
            "object_imcoords": "EMPTY",
            "building_imcoords": "EMPTY",
            "road_imcoords": "475.769231, 484.615385, 403.076923, 473.846154, 381.058488, 476.042849, 349.497505, 484.083085, 310.000000, 501.538462, 273.938839, 525.505485, 240.384615, 560.769231, 0.000000, 860.384615, 0.000000, 836.923077, 165.000000, 628.846154, 272.307692, 509.230769, 312.307692, 486.923077, 344.200173, 471.461556, 387.307692, 460.384615, 436.153846, 462.307692, 473.076923, 470.76923",
            "image_id": "BLD00239_PS3_K3A_NIA0276.png",
            "ingest_time": "2023-03-02T15:10:41.602602Z",
            "type_id": "5",
            "type_name": "기타 포장 도로"
         }
      },
      {
         "type": "Feature",
         "geometry": {
            "type": "Polygon",
            "coordinates": [
               [
                  31.356848,
                  29.982,
                  0.0
               ],
               [
                  31.356799,
                  29.982007,
                  0.0
               ],
               [
                  31.356811,
                  29.982036,
                  0.0
               ],
               [
                  31.356779,
                  29.982041,
                  0.0
               ]
            ]
         },
         "properties": {
            "object_imcoords": "EMPTY",
            "building_imcoords": "EMPTY",
            "road_imcoords": "514.576982, 513.484350, 505.961340, 511.923077, 508.196507, 506.008653, 502.551962, 505.025223, 504.881543, 492.591189, 507.395257, 494.247555, 512.886797, 494.990482, 521.849063, 492.550904, 526.522945, 487.594481, 528.973635, 479.343721, 551.549797, 478.355251, 551.602094, 478.912268, 552.295001, 482.113600, 569.797579, 498.457573, 589.322807, 513.958225, 592.730993, 517.609741, 608.072987, 544.143362, 677.499801, 670.000000, 687.499801, 723.461538, 684.807494, 759.230769, 686.999835, 767.738762, 690.961340, 770.319440, 699.748680, 771.294214, 701.345955, 754.615385, 700.727996, 724.114097, 700.442255, 711.872103, 679.927383, 684.005471, 677.589114, 670.193110, 716.424680, 717.509448, 799.039918, 816.925787, 793.361713, 825.632457, 718.265009, 735.380593, 710.288082, 726.665908, 708.328458, 733.330122, 708.351105, 752.156421, 708.299207, 762.968353, 708.540999, 780.592212, 697.188408, 787.238494, 688.545827, 786.050048, 681.410075, 778.884332, 677.076564, 768.716608, 678.269032, 722.307692, 667.499801, 672.692308, 595.481307, 554.143946, 576.620197, 529.726353, 560.381840, 516.921780, 536.884229, 502.773358, 526.075622, 502.338279, 517.960778, 504.69361",
            "image_id": "BLD00239_PS3_K3A_NIA0276.png",
            "ingest_time": "2023-03-02T15:10:41.602602Z",
            "type_id": "5",
            "type_name": "기타 포장 도로"
         }
      },
      {
         "type": "Feature",
         "geometry": {
            "type": "Polygon",
            "coordinates": [
               [
                  31.353957,
                  29.97943,
                  0.0
               ],
               [
                  31.359793,
                  29.979503,
                  0.0
               ],
               [
                  31.359709,
                  29.984584,
                  0.0
               ],
               [
                  31.353873,
                  29.984511,
                  0.0
               ]
            ]
         },
         "properties": {
            "object_imcoords": "EMPTY",
            "building_imcoords": "EMPTY",
            "road_imcoords": "41.163311, 721.252796, 0.000000, 761.968680, 0.000000, 768.903803, 12.527964, 758.16554",
            "image_id": "BLD00239_PS3_K3A_NIA0276.png",
            "ingest_time": "2023-03-02T15:10:41.602602Z",
            "type_id": "2",
            "type_name": "고속도로"
         }
      },
      {
         "type": "Feature",
         "geometry": {
            "type": "Polygon",
            "coordinates": [
               [
                  31.35867,
                  29.980368,
                  0.0
               ],
               [
                  31.358802,
                  29.980366,
                  0.0
               ],
               [
                  31.358883,
                  29.980248,
                  0.0
               ],
               [
                  31.35904,
                  29.980037,
                  0.0
               ]
            ]
         },
         "properties": {
            "object_imcoords": "EMPTY",
            "building_imcoords": "EMPTY",
            "road_imcoords": "829.491321, 846.938991, 852.754881, 847.665978, 866.567620, 871.656524, 893.466112, 914.548713, 919.637617, 963.256793, 934.177342, 996.698161, 943.732986, 1024.000000, 928.949188, 1024.000000, 925.453507, 1023.596652, 913.094741, 996.698161, 892.739126, 955.259944, 863.659675, 900.73597",
            "image_id": "BLD00239_PS3_K3A_NIA0276.png",
            "ingest_time": "2023-03-02T15:10:41.602602Z",
            "type_id": "1",
            "type_name": "분리형 고속도로"
         }
      },
      {
         "type": "Feature",
         "geometry": {
            "type": "Polygon",
            "coordinates": [
               [
                  31.356375,
                  29.981247,
                  0.0
               ],
               [
                  31.35633,
                  29.981462,
                  0.0
               ],
               [
                  31.356352,
                  29.981465,
                  0.0
               ],
               [
                  31.35637,
                  29.981464,
                  0.0
               ]
            ]
         },
         "properties": {
            "object_imcoords": "EMPTY",
            "building_imcoords": "EMPTY",
            "road_imcoords": "429.441044, 663.901660, 422.255169, 620.538679, 426.121931, 620.041529, 429.293383, 620.193206, 436.326779, 662.636060, 443.080752, 703.392853, 436.335767, 705.50780",
            "image_id": "BLD00239_PS3_K3A_NIA0276.png",
            "ingest_time": "2023-03-02T15:10:41.602602Z",
            "type_id": "6",
            "type_name": "보도"
         }
      },
      {
         "type": "Feature",
         "geometry": {
            "type": "Polygon",
            "coordinates": [
               [
                  31.356132,
                  29.981166,
                  0.0
               ],
               [
                  31.355956,
                  29.981368,
                  0.0
               ],
               [
                  31.355977,
                  29.981382,
                  0.0
               ],
               [
                  31.35599,
                  29.981386,
                  0.0
               ]
            ]
         },
         "properties": {
            "object_imcoords": "EMPTY",
            "building_imcoords": "EMPTY",
            "road_imcoords": "386.515720, 679.736519, 356.305896, 638.493568, 360.033484, 635.763167, 362.366172, 634.921187, 391.684963, 674.947685, 419.845098, 713.392422, 413.818528, 717.01081",
            "image_id": "BLD00239_PS3_K3A_NIA0276.png",
            "ingest_time": "2023-03-02T15:10:41.602602Z",
            "type_id": "6",
            "type_name": "보도"
         }
      },
      {
         "type": "Feature",
         "geometry": {
            "type": "Polygon",
            "coordinates": [
               [
                  31.355981,
                  29.980995,
                  0.0
               ],
               [
                  31.355746,
                  29.981103,
                  0.0
               ],
               [
                  31.355758,
                  29.981136,
                  0.0
               ],
               [
                  31.355999,
                  29.981026,
                  0.0
               ]
            ]
         },
         "properties": {
            "object_imcoords": "EMPTY",
            "building_imcoords": "EMPTY",
            "road_imcoords": "359.604831, 713.810027, 318.677312, 691.420240, 320.970436, 684.695716, 362.823941, 707.592072, 402.907395, 729.520051, 400.000000, 733.419023, 399.067003, 735.39812",
            "image_id": "BLD00239_PS3_K3A_NIA0276.png",
            "ingest_time": "2023-03-02T15:10:41.602602Z",
            "type_id": "6",
            "type_name": "보도"
         }
      },
      {
         "type": "Feature",
         "geometry": {
            "type": "Polygon",
            "coordinates": [
               [
                  31.356194,
                  29.980314,
                  0.0
               ],
               [
                  31.356089,
                  29.980113,
                  0.0
               ],
               [
                  31.356057,
                  29.980136,
                  0.0
               ],
               [
                  31.356159,
                  29.98033,
                  0.0
               ]
            ]
         },
         "properties": {
            "object_imcoords": "EMPTY",
            "building_imcoords": "EMPTY",
            "road_imcoords": "395.011303, 851.619417, 376.012462, 891.702313, 370.458223, 887.077134, 388.922962, 848.121061, 408.916164, 805.940250, 414.809416, 809.85019",
            "image_id": "BLD00239_PS3_K3A_NIA0276.png",
            "ingest_time": "2023-03-02T15:10:41.602602Z",
            "type_id": "6",
            "type_name": "보도"
         }
      },
      {
         "type": "Feature",
         "geometry": {
            "type": "Polygon",
            "coordinates": [
               [
                  31.356013,
                  29.980502,
                  0.0
               ],
               [
                  31.355812,
                  29.980354,
                  0.0
               ],
               [
                  31.35579,
                  29.980384,
                  0.0
               ],
               [
                  31.355989,
                  29.98053,
                  0.0
               ]
            ]
         },
         "properties": {
            "object_imcoords": "EMPTY",
            "building_imcoords": "EMPTY",
            "road_imcoords": "363.801209, 813.089367, 328.115922, 842.435788, 324.388990, 836.437686, 359.670043, 807.423695, 396.643959, 777.017468, 399.338596, 783.86449",
            "image_id": "BLD00239_PS3_K3A_NIA0276.png",
            "ingest_time": "2023-03-02T15:10:41.602602Z",
            "type_id": "6",
            "type_name": "보도"
         }
      },
      {
         "type": "Feature",
         "geometry": {
            "type": "Polygon",
            "coordinates": [
               [
                  31.35594,
                  29.980789,
                  0.0
               ],
               [
                  31.3557,
                  29.980772,
                  0.0
               ],
               [
                  31.355698,
                  29.980807,
                  0.0
               ],
               [
                  31.355936,
                  29.980824,
                  0.0
               ]
            ]
         },
         "properties": {
            "object_imcoords": "EMPTY",
            "building_imcoords": "EMPTY",
            "road_imcoords": "351.829592, 755.108339, 309.607246, 757.970912, 309.446287, 750.965756, 351.313536, 748.127257, 394.444692, 745.203127, 393.947342, 746.258122, 393.339703, 752.29411",
            "image_id": "BLD00239_PS3_K3A_NIA0276.png",
            "ingest_time": "2023-03-02T15:10:41.602602Z",
            "type_id": "6",
            "type_name": "보도"
         }
      },
      {
         "type": "Feature",
         "geometry": {
            "type": "Polygon",
            "coordinates": [
               [
                  31.359021,
                  29.979669,
                  0.0
               ],
               [
                  31.358866,
                  29.979951,
                  0.0
               ],
               [
                  31.358738,
                  29.980142,
                  0.0
               ],
               [
                  31.358596,
                  29.980346,
                  0.0
               ]
            ]
         },
         "properties": {
            "object_imcoords": "EMPTY",
            "building_imcoords": "EMPTY",
            "road_imcoords": "889.152677, 988.638294, 862.648734, 931.472930, 840.839954, 892.528683, 816.542519, 851.171335, 793.383161, 825.599570, 797.336823, 819.537226, 822.213706, 847.005422, 846.912122, 889.045291, 868.886911, 928.285982, 895.548739, 985.791882, 911.850885, 1024.000000, 904.240353, 1024.00000",
            "image_id": "BLD00239_PS3_K3A_NIA0276.png",
            "ingest_time": "2023-03-02T15:10:41.602602Z",
            "type_id": "6",
            "type_name": "보도"
         }
      },
      {
         "type": "Feature",
         "geometry": {
            "type": "Polygon",
            "coordinates": [
               [
                  31.358542,
                  29.979742,
                  0.0
               ],
               [
                  31.358782,
                  29.980076,
                  0.0
               ],
               [
                  31.358805,
                  29.980042,
                  0.0
               ],
               [
                  31.358576,
                  29.979724,
                  0.0
               ]
            ]
         },
         "properties": {
            "object_imcoords": "EMPTY",
            "building_imcoords": "EMPTY",
            "road_imcoords": "805.274241, 972.613847, 848.391350, 906.013317, 852.258986, 912.919811, 811.150320, 976.418014, 780.345795, 1024.000000, 772.006902, 1024.00000",
            "image_id": "BLD00239_PS3_K3A_NIA0276.png",
            "ingest_time": "2023-03-02T15:10:41.602602Z",
            "type_id": "6",
            "type_name": "보도"
         }
      },
      {
         "type": "Feature",
         "geometry": {
            "type": "Polygon",
            "coordinates": [
               [
                  31.357906,
                  29.980089,
                  0.0
               ],
               [
                  31.35724,
                  29.980405,
                  0.0
               ],
               [
                  31.357263,
                  29.980433,
                  0.0
               ],
               [
                  31.357925,
                  29.98012,
                  0.0
               ]
            ]
         },
         "properties": {
            "object_imcoords": "EMPTY",
            "building_imcoords": "EMPTY",
            "road_imcoords": "694.674554, 901.133911, 578.780610, 835.902167, 582.835619, 830.151899, 698.108038, 895.033814, 813.464400, 959.962976, 809.652937, 965.85032",
            "image_id": "BLD00239_PS3_K3A_NIA0276.png",
            "ingest_time": "2023-03-02T15:10:41.602602Z",
            "type_id": "6",
            "type_name": "보도"
         }
      },
      {
         "type": "Feature",
         "geometry": {
            "type": "Polygon",
            "coordinates": [
               [
                  31.357813,
                  29.980286,
                  0.0
               ],
               [
                  31.357863,
                  29.980456,
                  0.0
               ],
               [
                  31.357861,
                  29.980565,
                  0.0
               ],
               [
                  31.357873,
                  29.980659,
                  0.0
               ]
            ]
         },
         "properties": {
            "object_imcoords": "EMPTY",
            "building_imcoords": "EMPTY",
            "road_imcoords": "679.026415, 861.150436, 688.208557, 827.045268, 688.208557, 805.221025, 690.499733, 786.318731, 697.188408, 787.238494, 697.458661, 787.080277, 695.208557, 805.643721, 695.208557, 827.971090, 685.659742, 863.438187, 677.238814, 883.287420, 671.100648, 879.83250",
            "image_id": "BLD00239_PS3_K3A_NIA0276.png",
            "ingest_time": "2023-03-02T15:10:41.602602Z",
            "type_id": "6",
            "type_name": "보도"
         }
      },
      {
         "type": "Feature",
         "geometry": {
            "type": "Polygon",
            "coordinates": [
               [
                  31.358224,
                  29.980316,
                  0.0
               ],
               [
                  31.358082,
                  29.980045,
                  0.0
               ],
               [
                  31.358057,
                  29.980057,
                  0.0
               ],
               [
                  31.358198,
                  29.980326,
                  0.0
               ]
            ]
         },
         "properties": {
            "object_imcoords": "EMPTY",
            "building_imcoords": "EMPTY",
            "road_imcoords": "751.175460, 856.316885, 725.525795, 910.466096, 721.157797, 908.007537, 746.634476, 854.223520, 772.215603, 800.218881, 775.741160, 804.45592",
            "image_id": "BLD00239_PS3_K3A_NIA0276.png",
            "ingest_time": "2023-03-02T15:10:41.602602Z",
            "type_id": "6",
            "type_name": "보도"
         }
      },
      {
         "type": "Feature",
         "geometry": {
            "type": "Polygon",
            "coordinates": [
               [
                  31.358522,
                  29.980098,
                  0.0
               ],
               [
                  31.358391,
                  29.979899,
                  0.0
               ],
               [
                  31.358356,
                  29.979915,
                  0.0
               ],
               [
                  31.358487,
                  29.980116,
                  0.0
               ]
            ]
         },
         "properties": {
            "object_imcoords": "EMPTY",
            "building_imcoords": "EMPTY",
            "road_imcoords": "802.716004, 900.941716, 779.292708, 940.729192, 773.191461, 937.295061, 796.776428, 897.232966, 820.214151, 857.420924, 824.271451, 864.32696",
            "image_id": "BLD00239_PS3_K3A_NIA0276.png",
            "ingest_time": "2023-03-02T15:10:41.602602Z",
            "type_id": "6",
            "type_name": "보도"
         }
      },
      {
         "type": "Feature",
         "geometry": {
            "type": "Polygon",
            "coordinates": [
               [
                  31.357809,
                  29.980651,
                  0.0
               ],
               [
                  31.357652,
                  29.980663,
                  0.0
               ],
               [
                  31.35736,
                  29.980695,
                  0.0
               ],
               [
                  31.357364,
                  29.980729,
                  0.0
               ]
            ]
         },
         "properties": {
            "object_imcoords": "EMPTY",
            "building_imcoords": "EMPTY",
            "road_imcoords": "679.352615, 787.578470, 651.824053, 784.825564, 600.617736, 777.695590, 601.427365, 770.740792, 652.655317, 777.873777, 678.643845, 780.472677, 681.971996, 779.448613, 687.554661, 785.05472",
            "image_id": "BLD00239_PS3_K3A_NIA0276.png",
            "ingest_time": "2023-03-02T15:10:41.602602Z",
            "type_id": "6",
            "type_name": "보도"
         }
      },
      {
         "type": "Feature",
         "geometry": {
            "type": "Polygon",
            "coordinates": [
               [
                  31.357643,
                  29.980896,
                  0.0
               ],
               [
                  31.357384,
                  29.980898,
                  0.0
               ],
               [
                  31.35737,
                  29.980933,
                  0.0
               ],
               [
                  31.357544,
                  29.980932,
                  0.0
               ]
            ]
         },
         "properties": {
            "object_imcoords": "EMPTY",
            "building_imcoords": "EMPTY",
            "road_imcoords": "650.824250, 737.904308, 605.382139, 736.768286, 603.164575, 729.710662, 633.586151, 730.471180, 678.030724, 731.582263, 677.850919, 738.57995",
            "image_id": "BLD00239_PS3_K3A_NIA0276.png",
            "ingest_time": "2023-03-02T15:10:41.602602Z",
            "type_id": "6",
            "type_name": "보도"
         }
      },
      {
         "type": "Feature",
         "geometry": {
            "type": "Polygon",
            "coordinates": [
               [
                  31.357122,
                  29.981643,
                  0.0
               ],
               [
                  31.356992,
                  29.981404,
                  0.0
               ],
               [
                  31.356958,
                  29.981422,
                  0.0
               ],
               [
                  31.357087,
                  29.98166,
                  0.0
               ]
            ]
         },
         "properties": {
            "object_imcoords": "EMPTY",
            "building_imcoords": "EMPTY",
            "road_imcoords": "561.641063, 586.056681, 538.207000, 633.849808, 532.217110, 630.165931, 555.528493, 582.623006, 579.583732, 533.562946, 584.352704, 539.73685",
            "image_id": "BLD00239_PS3_K3A_NIA0276.png",
            "ingest_time": "2023-03-02T15:10:41.602602Z",
            "type_id": "6",
            "type_name": "보도"
         }
      },
      {
         "type": "Feature",
         "geometry": {
            "type": "Polygon",
            "coordinates": [
               [
                  31.3573,
                  29.981443,
                  0.0
               ],
               [
                  31.357152,
                  29.981298,
                  0.0
               ],
               [
                  31.357133,
                  29.981316,
                  0.0
               ],
               [
                  31.357123,
                  29.981322,
                  0.0
               ]
            ]
         },
         "properties": {
            "object_imcoords": "EMPTY",
            "building_imcoords": "EMPTY",
            "road_imcoords": "592.373416, 626.874594, 565.842354, 655.663608, 562.646619, 652.061994, 560.873677, 650.725808, 590.354489, 618.736002, 617.094215, 589.720569, 620.876210, 595.94604",
            "image_id": "BLD00239_PS3_K3A_NIA0276.png",
            "ingest_time": "2023-03-02T15:10:41.602602Z",
            "type_id": "6",
            "type_name": "보도"
         }
      },
      {
         "type": "Feature",
         "geometry": {
            "type": "Polygon",
            "coordinates": [
               [
                  31.357465,
                  29.981233,
                  0.0
               ],
               [
                  31.357273,
                  29.981138,
                  0.0
               ],
               [
                  31.357254,
                  29.981169,
                  0.0
               ],
               [
                  31.357444,
                  29.981262,
                  0.0
               ]
            ]
         },
         "properties": {
            "object_imcoords": "EMPTY",
            "building_imcoords": "EMPTY",
            "road_imcoords": "620.608374, 669.618277, 586.675167, 688.099797, 583.384342, 681.921227, 616.974633, 663.626474, 650.800311, 645.203574, 654.438784, 651.19280",
            "image_id": "BLD00239_PS3_K3A_NIA0276.png",
            "ingest_time": "2023-03-02T15:10:41.602602Z",
            "type_id": "6",
            "type_name": "보도"
         }
      },
      {
         "type": "Feature",
         "geometry": {
            "type": "Polygon",
            "coordinates": [
               [
                  31.357555,
                  29.98106,
                  0.0
               ],
               [
                  31.357352,
                  29.98098,
                  0.0
               ],
               [
                  31.35734,
                  29.981013,
                  0.0
               ],
               [
                  31.357538,
                  29.981092,
                  0.0
               ]
            ]
         },
         "properties": {
            "object_imcoords": "EMPTY",
            "building_imcoords": "EMPTY",
            "road_imcoords": "635.910696, 704.616944, 600.174451, 720.194290, 598.064151, 713.478045, 633.113596, 698.200073, 669.585626, 682.302000, 671.099815, 689.27808",
            "image_id": "BLD00239_PS3_K3A_NIA0276.png",
            "ingest_time": "2023-03-02T15:10:41.602602Z",
            "type_id": "6",
            "type_name": "보도"
         }
      },
      {
         "type": "Feature",
         "geometry": {
            "type": "Polygon",
            "coordinates": [
               [
                  31.357324,
                  29.979986,
                  0.0
               ],
               [
                  31.357501,
                  29.980281,
                  0.0
               ],
               [
                  31.357536,
                  29.980264,
                  0.0
               ],
               [
                  31.357358,
                  29.979967,
                  0.0
               ]
            ]
         },
         "properties": {
            "object_imcoords": "EMPTY",
            "building_imcoords": "EMPTY",
            "road_imcoords": "592.364580, 920.426835, 624.150746, 861.439075, 630.251877, 864.873141, 598.152021, 924.443038, 569.215711, 978.142228, 562.076505, 976.63459",
            "image_id": "BLD00239_PS3_K3A_NIA0276.png",
            "ingest_time": "2023-03-02T15:10:41.602602Z",
            "type_id": "6",
            "type_name": "보도"
         }
      },
      {
         "type": "Feature",
         "geometry": {
            "type": "Polygon",
            "coordinates": [
               [
                  31.35761,
                  29.979883,
                  0.0
               ],
               [
                  31.357753,
                  29.980161,
                  0.0
               ],
               [
                  31.357788,
                  29.980145,
                  0.0
               ],
               [
                  31.357648,
                  29.979872,
                  0.0
               ]
            ]
         },
         "properties": {
            "object_imcoords": "EMPTY",
            "building_imcoords": "EMPTY",
            "road_imcoords": "642.115808, 941.876264, 668.123436, 886.189422, 674.241068, 889.632776, 648.739051, 944.237017, 624.406765, 996.336726, 617.989707, 993.53449",
            "image_id": "BLD00239_PS3_K3A_NIA0276.png",
            "ingest_time": "2023-03-02T15:10:41.602602Z",
            "type_id": "6",
            "type_name": "보도"
         }
      },
      {
         "type": "Feature",
         "geometry": {
            "type": "Polygon",
            "coordinates": [
               [
                  31.357881,
                  29.979764,
                  0.0
               ],
               [
                  31.358031,
                  29.98003,
                  0.0
               ],
               [
                  31.358066,
                  29.980013,
                  0.0
               ],
               [
                  31.357917,
                  29.97975,
                  0.0
               ]
            ]
         },
         "properties": {
            "object_imcoords": "EMPTY",
            "building_imcoords": "EMPTY",
            "road_imcoords": "689.316146, 966.563607, 716.382956, 913.352642, 722.488464, 916.789171, 695.721329, 969.411002, 671.552550, 1016.924587, 665.126412, 1014.11838",
            "image_id": "BLD00239_PS3_K3A_NIA0276.png",
            "ingest_time": "2023-03-02T15:10:41.602602Z",
            "type_id": "6",
            "type_name": "보도"
         }
      },
      {
         "type": "Feature",
         "geometry": {
            "type": "Polygon",
            "coordinates": [
               [
                  31.358185,
                  29.979671,
                  0.0
               ],
               [
                  31.358329,
                  29.979889,
                  0.0
               ],
               [
                  31.358343,
                  29.979882,
                  0.0
               ],
               [
                  31.358363,
                  29.979872,
                  0.0
               ]
            ]
         },
         "properties": {
            "object_imcoords": "EMPTY",
            "building_imcoords": "EMPTY",
            "road_imcoords": "742.476059, 986.159849, 768.269165, 942.557170, 770.686081, 943.917549, 774.324349, 946.069761, 748.439834, 989.826967, 728.224748, 1024.000000, 720.091686, 1024.00000",
            "image_id": "BLD00239_PS3_K3A_NIA0276.png",
            "ingest_time": "2023-03-02T15:10:41.602602Z",
            "type_id": "6",
            "type_name": "보도"
         }
      },
      {
         "type": "Feature",
         "geometry": {
            "type": "Polygon",
            "coordinates": [
               [
                  31.354264,
                  29.982509,
                  0.0
               ],
               [
                  31.354553,
                  29.982876,
                  0.0
               ],
               [
                  31.354595,
                  29.98285,
                  0.0
               ],
               [
                  31.354309,
                  29.982487,
                  0.0
               ]
            ]
         },
         "properties": {
            "object_imcoords": "EMPTY",
            "building_imcoords": "EMPTY",
            "road_imcoords": "62.813478, 404.328114, 114.590291, 331.116823, 121.860088, 336.424215, 70.677135, 408.795800, 69.921492, 409.86426",
            "image_id": "BLD00239_PS3_K3A_NIA0276.png",
            "ingest_time": "2023-03-02T15:10:41.602602Z",
            "type_id": "6",
            "type_name": "보도"
         }
      },
      {
         "type": "Feature",
         "geometry": {
            "type": "Polygon",
            "coordinates": [
               [
                  31.354572,
                  29.9829,
                  0.0
               ],
               [
                  31.354721,
                  29.983089,
                  0.0
               ],
               [
                  31.354789,
                  29.983098,
                  0.0
               ],
               [
                  31.35479,
                  29.983097,
                  0.0
               ]
            ]
         },
         "properties": {
            "object_imcoords": "EMPTY",
            "building_imcoords": "EMPTY",
            "road_imcoords": "117.947127, 326.370329, 144.615813, 288.661385, 156.551609, 287.074545, 156.691441, 287.173438, 125.241483, 331.64299",
            "image_id": "BLD00239_PS3_K3A_NIA0276.png",
            "ingest_time": "2023-03-02T15:10:41.602602Z",
            "type_id": "6",
            "type_name": "보도"
         }
      },
      {
         "type": "Feature",
         "geometry": {
            "type": "Polygon",
            "coordinates": [
               [
                  31.354281,
                  29.982452,
                  0.0
               ],
               [
                  31.353982,
                  29.982072,
                  0.0
               ],
               [
                  31.353941,
                  29.982099,
                  0.0
               ],
               [
                  31.35424,
                  29.982479,
                  0.0
               ]
            ]
         },
         "properties": {
            "object_imcoords": "EMPTY",
            "building_imcoords": "EMPTY",
            "road_imcoords": "65.605610, 415.966830, 11.986332, 491.783358, 4.962473, 486.128212, 58.542116, 410.36772",
            "image_id": "BLD00239_PS3_K3A_NIA0276.png",
            "ingest_time": "2023-03-02T15:10:41.602602Z",
            "type_id": "6",
            "type_name": "보도"
         }
      },
      {
         "type": "Feature",
         "geometry": {
            "type": "Polygon",
            "coordinates": [
               [
                  31.353962,
                  29.982047,
                  0.0
               ],
               [
                  31.353915,
                  29.981987,
                  0.0
               ],
               [
                  31.353913,
                  29.982064,
                  0.0
               ],
               [
                  31.353922,
                  29.982075,
                  0.0
               ]
            ]
         },
         "properties": {
            "object_imcoords": "EMPTY",
            "building_imcoords": "EMPTY",
            "road_imcoords": "8.506695, 496.703490, 0.000000, 508.731778, 0.000000, 493.145045, 1.513358, 491.00518",
            "image_id": "BLD00239_PS3_K3A_NIA0276.png",
            "ingest_time": "2023-03-02T15:10:41.602602Z",
            "type_id": "6",
            "type_name": "보도"
         }
      },
      {
         "type": "Feature",
         "geometry": {
            "type": "Polygon",
            "coordinates": [
               [
                  31.355617,
                  29.9802,
                  0.0
               ],
               [
                  31.355404,
                  29.980192,
                  0.0
               ],
               [
                  31.3553,
                  29.980221,
                  0.0
               ],
               [
                  31.355217,
                  29.980296,
                  0.0
               ]
            ]
         },
         "properties": {
            "object_imcoords": "EMPTY",
            "building_imcoords": "EMPTY",
            "road_imcoords": "293.545383, 873.073188, 256.059878, 874.034367, 237.842098, 867.961768, 223.484397, 852.646875, 192.960007, 831.100281, 178.924432, 831.100281, 133.987960, 825.483214, 111.928787, 823.565001, 90.396814, 812.799010, 59.822571, 785.821763, 64.207933, 780.355848, 94.343726, 806.946229, 113.865204, 816.706971, 134.725541, 818.520936, 179.360235, 824.100281, 195.181717, 824.100281, 228.103585, 847.339209, 241.736851, 861.881372, 257.108273, 867.005184, 292.399319, 866.100274, 323.040683, 856.616074, 327.024451, 862.71065",
            "image_id": "BLD00239_PS3_K3A_NIA0276.png",
            "ingest_time": "2023-03-02T15:10:41.602602Z",
            "type_id": "6",
            "type_name": "보도"
         }
      },
      {
         "type": "Feature",
         "geometry": {
            "type": "Polygon",
            "coordinates": [
               [
                  31.35441,
                  29.980226,
                  0.0
               ],
               [
                  31.354414,
                  29.980499,
                  0.0
               ],
               [
                  31.354436,
                  29.980499,
                  0.0
               ],
               [
                  31.354454,
                  29.980485,
                  0.0
               ]
            ]
         },
         "properties": {
            "object_imcoords": "EMPTY",
            "building_imcoords": "EMPTY",
            "road_imcoords": "81.873651, 864.832615, 83.273202, 809.783665, 87.089377, 809.880687, 90.203147, 812.628129, 87.492722, 919.238040, 82.196163, 919.925347, 80.474100, 919.88156",
            "image_id": "BLD00239_PS3_K3A_NIA0276.png",
            "ingest_time": "2023-03-02T15:10:41.602602Z",
            "type_id": "6",
            "type_name": "보도"
         }
      },
      {
         "type": "Feature",
         "geometry": {
            "type": "Polygon",
            "coordinates": [
               [
                  31.354856,
                  29.980163,
                  0.0
               ],
               [
                  31.354894,
                  29.980406,
                  0.0
               ],
               [
                  31.354933,
                  29.980403,
                  0.0
               ],
               [
                  31.354895,
                  29.980156,
                  0.0
               ]
            ]
         },
         "properties": {
            "object_imcoords": "EMPTY",
            "building_imcoords": "EMPTY",
            "road_imcoords": "159.857749, 878.608623, 167.181293, 829.632386, 174.129252, 830.500882, 166.703805, 880.158588, 159.814626, 926.229950, 152.950898, 924.79816",
            "image_id": "BLD00239_PS3_K3A_NIA0276.png",
            "ingest_time": "2023-03-02T15:10:41.602602Z",
            "type_id": "6",
            "type_name": "보도"
         }
      },
      {
         "type": "Feature",
         "geometry": {
            "type": "Polygon",
            "coordinates": [
               [
                  31.355294,
                  29.980026,
                  0.0
               ],
               [
                  31.355323,
                  29.980215,
                  0.0
               ],
               [
                  31.355361,
                  29.980204,
                  0.0
               ],
               [
                  31.355334,
                  29.980025,
                  0.0
               ]
            ]
         },
         "properties": {
            "object_imcoords": "EMPTY",
            "building_imcoords": "EMPTY",
            "road_imcoords": "236.273621, 907.223732, 241.890304, 869.311171, 248.633696, 871.558971, 243.305328, 907.525413, 238.114515, 942.563453, 231.250248, 941.13155",
            "image_id": "BLD00239_PS3_K3A_NIA0276.png",
            "ingest_time": "2023-03-02T15:10:41.602602Z",
            "type_id": "6",
            "type_name": "보도"
         }
      },
      {
         "type": "Feature",
         "geometry": {
            "type": "Polygon",
            "coordinates": [
               [
                  31.355508,
                  29.98052,
                  0.0
               ],
               [
                  31.355372,
                  29.980608,
                  0.0
               ],
               [
                  31.354677,
                  29.981062,
                  0.0
               ],
               [
                  31.354701,
                  29.981089,
                  0.0
               ]
            ]
         },
         "properties": {
            "object_imcoords": "EMPTY",
            "building_imcoords": "EMPTY",
            "road_imcoords": "275.347115, 808.263140, 251.656036, 790.257955, 131.040848, 697.055302, 135.422132, 691.594470, 255.913910, 784.701761, 278.874504, 802.151777, 298.357635, 810.322144, 300.983828, 819.01404",
            "image_id": "BLD00239_PS3_K3A_NIA0276.png",
            "ingest_time": "2023-03-02T15:10:41.602602Z",
            "type_id": "6",
            "type_name": "보도"
         }
      },
      {
         "type": "Feature",
         "geometry": {
            "type": "Polygon",
            "coordinates": [
               [
                  31.355382,
                  29.981316,
                  0.0
               ],
               [
                  31.355073,
                  29.981505,
                  0.0
               ],
               [
                  31.355098,
                  29.981532,
                  0.0
               ],
               [
                  31.355405,
                  29.981344,
                  0.0
               ]
            ]
         },
         "properties": {
            "object_imcoords": "EMPTY",
            "building_imcoords": "EMPTY",
            "road_imcoords": "255.437591, 647.541199, 201.881651, 608.759325, 206.267557, 603.292732, 259.596650, 641.910339, 309.550258, 678.083696, 306.684100, 684.65079",
            "image_id": "BLD00239_PS3_K3A_NIA0276.png",
            "ingest_time": "2023-03-02T15:10:41.602602Z",
            "type_id": "6",
            "type_name": "보도"
         }
      },
      {
         "type": "Feature",
         "geometry": {
            "type": "Polygon",
            "coordinates": [
               [
                  31.355822,
                  29.981743,
                  0.0
               ],
               [
                  31.355694,
                  29.981895,
                  0.0
               ],
               [
                  31.355559,
                  29.981972,
                  0.0
               ],
               [
                  31.355595,
                  29.981993,
                  0.0
               ]
            ]
         },
         "properties": {
            "object_imcoords": "EMPTY",
            "building_imcoords": "EMPTY",
            "road_imcoords": "333.830326, 562.579655, 311.948511, 531.580455, 288.409658, 515.887867, 294.729065, 511.687854, 316.915746, 526.478993, 339.819515, 558.925960, 370.884521, 618.467243, 364.244489, 620.87349",
            "image_id": "BLD00239_PS3_K3A_NIA0276.png",
            "ingest_time": "2023-03-02T15:10:41.602602Z",
            "type_id": "6",
            "type_name": "보도"
         }
      },
      {
         "type": "Feature",
         "geometry": {
            "type": "Polygon",
            "coordinates": [
               [
                  31.354737,
                  29.979645,
                  0.0
               ],
               [
                  31.354801,
                  29.979882,
                  0.0
               ],
               [
                  31.35481,
                  29.979881,
                  0.0
               ],
               [
                  31.35484,
                  29.979876,
                  0.0
               ]
            ]
         },
         "properties": {
            "object_imcoords": "EMPTY",
            "building_imcoords": "EMPTY",
            "road_imcoords": "137.492487, 982.567873, 149.383760, 935.002780, 151.020408, 935.204082, 156.265083, 936.339224, 134.349890, 1024.000000, 127.134455, 1024.00000",
            "image_id": "BLD00239_PS3_K3A_NIA0276.png",
            "ingest_time": "2023-03-02T15:10:41.602602Z",
            "type_id": "6",
            "type_name": "보도"
         }
      },
      {
         "type": "Feature",
         "geometry": {
            "type": "Polygon",
            "coordinates": [
               [
                  31.355211,
                  29.979613,
                  0.0
               ],
               [
                  31.355245,
                  29.979803,
                  0.0
               ],
               [
                  31.355284,
                  29.979798,
                  0.0
               ],
               [
                  31.35525,
                  29.979608,
                  0.0
               ]
            ]
         },
         "properties": {
            "object_imcoords": "EMPTY",
            "building_imcoords": "EMPTY",
            "road_imcoords": "220.477840, 990.292004, 227.009075, 952.037671, 233.909230, 953.215747, 227.377995, 991.470081, 221.824100, 1024.000000, 214.722810, 1024.00000",
            "image_id": "BLD00239_PS3_K3A_NIA0276.png",
            "ingest_time": "2023-03-02T15:10:41.602602Z",
            "type_id": "6",
            "type_name": "보도"
         }
      },
      {
         "type": "Feature",
         "geometry": {
            "type": "Polygon",
            "coordinates": [
               [
                  31.355666,
                  29.979574,
                  0.0
               ],
               [
                  31.355691,
                  29.979727,
                  0.0
               ],
               [
                  31.355721,
                  29.979722,
                  0.0
               ],
               [
                  31.355731,
                  29.979721,
                  0.0
               ]
            ]
         },
         "properties": {
            "object_imcoords": "EMPTY",
            "building_imcoords": "EMPTY",
            "road_imcoords": "300.287100, 999.398023, 305.133114, 968.559792, 310.324859, 969.683478, 312.031864, 969.750752, 307.117380, 1001.024706, 303.506979, 1024.000000, 296.421078, 1024.00000",
            "image_id": "BLD00239_PS3_K3A_NIA0276.png",
            "ingest_time": "2023-03-02T15:10:41.602602Z",
            "type_id": "6",
            "type_name": "보도"
         }
      },
      {
         "type": "Feature",
         "geometry": {
            "type": "Polygon",
            "coordinates": [
               [
                  31.356714,
                  29.979567,
                  0.0
               ],
               [
                  31.356719,
                  29.979696,
                  0.0
               ],
               [
                  31.356758,
                  29.979694,
                  0.0
               ],
               [
                  31.356753,
                  29.979566,
                  0.0
               ]
            ]
         },
         "properties": {
            "object_imcoords": "EMPTY",
            "building_imcoords": "EMPTY",
            "road_imcoords": "484.011207, 1003.362784, 485.250906, 977.329411, 492.235127, 977.827348, 491.008263, 1003.591196, 490.036425, 1024.000000, 483.028493, 1024.00000",
            "image_id": "BLD00239_PS3_K3A_NIA0276.png",
            "ingest_time": "2023-03-02T15:10:41.602602Z",
            "type_id": "6",
            "type_name": "보도"
         }
      },
      {
         "type": "Feature",
         "geometry": {
            "type": "Polygon",
            "coordinates": [
               [
                  31.357014,
                  29.97955,
                  0.0
               ],
               [
                  31.357022,
                  29.979663,
                  0.0
               ],
               [
                  31.357062,
                  29.979656,
                  0.0
               ],
               [
                  31.357054,
                  29.979549,
                  0.0
               ]
            ]
         },
         "properties": {
            "object_imcoords": "EMPTY",
            "building_imcoords": "EMPTY",
            "road_imcoords": "536.730483, 1007.486685, 538.415271, 984.742320, 545.325055, 986.219128, 543.721665, 1007.864634, 542.526477, 1024.000000, 535.507300, 1024.00000",
            "image_id": "BLD00239_PS3_K3A_NIA0276.png",
            "ingest_time": "2023-03-02T15:10:41.602602Z",
            "type_id": "6",
            "type_name": "보도"
         }
      },
      {
         "type": "Feature",
         "geometry": {
            "type": "Polygon",
            "coordinates": [
               [
                  31.357313,
                  29.979529,
                  0.0
               ],
               [
                  31.357316,
                  29.979607,
                  0.0
               ],
               [
                  31.357356,
                  29.979594,
                  0.0
               ],
               [
                  31.35735,
                  29.979472,
                  0.0
               ]
            ]
         },
         "properties": {
            "object_imcoords": "EMPTY",
            "building_imcoords": "EMPTY",
            "road_imcoords": "588.981653, 1012.607635, 589.882375, 996.845206, 596.735761, 999.610743, 595.342071, 1024.000000, 588.330652, 1024.00000",
            "image_id": "BLD00239_PS3_K3A_NIA0276.png",
            "ingest_time": "2023-03-02T15:10:41.602602Z",
            "type_id": "6",
            "type_name": "보도"
         }
      }
   ]
}