{
   "type": "FeatureCollection",
   "features": [
      {
         "type": "Feature",
         "geometry": {
            "type": "Polygon",
            "coordinates": [
               [
                  31.379727,
                  30.064382,
                  0.0
               ],
               [
                  31.385568,
                  30.064454,
                  0.0
               ],
               [
                  31.385485,
                  30.069535,
                  0.0
               ],
               [
                  31.379644,
                  30.069463,
                  0.0
               ]
            ]
         },
         "properties": {
            "object_imcoords": "EMPTY",
            "building_imcoords": "EMPTY",
            "road_imcoords": "70.038067, 0.340324, 111.660295, 152.676657, 153.900173, 324.132639, 156.564242, 382.879131, 165.105345, 572.212222, 181.361378, 657.379846, 214.886101, 785.849124, 253.900579, 876.882906, 318.111908, 1023.187198, 344.121560, 1024.000000, 299.750092, 927.993372, 253.087778, 813.484379, 237.119853, 772.364118, 223.660609, 728.735177, 206.175622, 648.783133, 192.065718, 568.409204, 186.345138, 455.851664, 180.202672, 351.813056, 176.684425, 314.424181, 94.591461, 0.68275",
            "image_id": "BLD00969_PS3_K3A_NIA0277.png",
            "ingest_time": "2023-03-02T15:10:41.602602Z",
            "type_id": "5",
            "type_name": "기타 포장 도로"
         }
      },
      {
         "type": "Feature",
         "geometry": {
            "type": "Polygon",
            "coordinates": [
               [
                  31.383633,
                  30.065247,
                  0.0
               ],
               [
                  31.383627,
                  30.065299,
                  0.0
               ],
               [
                  31.38365,
                  30.0653,
                  0.0
               ],
               [
                  31.383656,
                  30.06525,
                  0.0
               ]
            ]
         },
         "properties": {
            "object_imcoords": "EMPTY",
            "building_imcoords": "EMPTY",
            "road_imcoords": "687.225702, 859.440695, 686.265744, 848.895614, 690.244510, 848.800445, 691.183234, 858.823831, 692.143192, 868.103218, 688.164425, 868.51482",
            "image_id": "BLD00969_PS3_K3A_NIA0277.png",
            "ingest_time": "2023-03-02T15:10:41.602602Z",
            "type_id": "5",
            "type_name": "기타 포장 도로"
         }
      }
   ]
}