{
   "type": "FeatureCollection",
   "features": [
      {
         "type": "Feature",
         "geometry": {
            "type": "Polygon",
            "coordinates": [
               [
                  31.430144,
                  29.960034,
                  0.0
               ],
               [
                  31.435979,
                  29.960103,
                  0.0
               ],
               [
                  31.435899,
                  29.965184,
                  0.0
               ],
               [
                  31.430064,
                  29.965114,
                  0.0
               ]
            ]
         },
         "properties": {
            "object_imcoords": "EMPTY",
            "building_imcoords": "EMPTY",
            "road_imcoords": "0.000000, 745.736642, 171.124525, 771.491169, 257.788524, 791.186223, 341.962888, 812.126090, 512.515091, 871.647664, 645.866309, 941.471049, 703.342660, 975.979811, 756.324614, 1013.297563, 773.780461, 1024.000000, 745.846855, 1023.854256, 673.923255, 977.641441, 567.674352, 914.910333, 474.397950, 873.008824, 336.669513, 823.455736, 255.310709, 804.043452, 172.707088, 786.290919, 49.423674, 765.527120, 0.000000, 759.58225",
            "image_id": "BLD00352_PS3_K3A_NIA0276.png",
            "ingest_time": "2023-03-02T15:10:41.602602Z",
            "type_id": "5",
            "type_name": "기타 포장 도로"
         }
      }
   ]
}