{
   "type": "FeatureCollection",
   "features": [
      {
         "type": "Feature",
         "geometry": {
            "type": "Polygon",
            "coordinates": [
               [
                  31.453641,
                  29.950148,
                  0.0
               ],
               [
                  31.459475,
                  29.950216,
                  0.0
               ],
               [
                  31.459397,
                  29.955297,
                  0.0
               ],
               [
                  31.453562,
                  29.955229,
                  0.0
               ]
            ]
         },
         "properties": {
            "object_imcoords": "EMPTY",
            "building_imcoords": "EMPTY",
            "road_imcoords": "1024.000000, 955.689545, 950.215950, 1024.000000, 988.531110, 1024.000000, 1024.000000, 983.05751",
            "image_id": "BLD00407_PS3_K3A_NIA0276.png",
            "ingest_time": "2023-03-02T15:10:41.602602Z",
            "type_id": "3",
            "type_name": "1차 도로"
         }
      },
      {
         "type": "Feature",
         "geometry": {
            "type": "Polygon",
            "coordinates": [
               [
                  31.453641,
                  29.950148,
                  0.0
               ],
               [
                  31.459475,
                  29.950216,
                  0.0
               ],
               [
                  31.459397,
                  29.955297,
                  0.0
               ],
               [
                  31.453562,
                  29.955229,
                  0.0
               ]
            ]
         },
         "properties": {
            "object_imcoords": "EMPTY",
            "building_imcoords": "EMPTY",
            "road_imcoords": "892.195852, 1024.000000, 927.226855, 1024.000000, 1024.000000, 921.753261, 1023.562112, 881.24866",
            "image_id": "BLD00407_PS3_K3A_NIA0276.png",
            "ingest_time": "2023-03-02T15:10:41.602602Z",
            "type_id": "3",
            "type_name": "1차 도로"
         }
      },
      {
         "type": "Feature",
         "geometry": {
            "type": "Polygon",
            "coordinates": [
               [
                  31.453641,
                  29.950148,
                  0.0
               ],
               [
                  31.459475,
                  29.950216,
                  0.0
               ],
               [
                  31.459397,
                  29.955297,
                  0.0
               ],
               [
                  31.453562,
                  29.955229,
                  0.0
               ]
            ]
         },
         "properties": {
            "object_imcoords": "EMPTY",
            "building_imcoords": "EMPTY",
            "road_imcoords": "834.175754, 1024.000000, 872.490913, 1024.000000, 1024.000000, 858.259568, 1023.562112, 830.89159",
            "image_id": "BLD00407_PS3_K3A_NIA0276.png",
            "ingest_time": "2023-03-02T15:10:41.602602Z",
            "type_id": "5",
            "type_name": "기타 포장 도로"
         }
      },
      {
         "type": "Feature",
         "geometry": {
            "type": "Polygon",
            "coordinates": [
               [
                  31.454633,
                  29.951353,
                  0.0
               ],
               [
                  31.454793,
                  29.951429,
                  0.0
               ],
               [
                  31.455004,
                  29.951585,
                  0.0
               ],
               [
                  31.455113,
                  29.951683,
                  0.0
               ]
            ]
         },
         "properties": {
            "object_imcoords": "EMPTY",
            "building_imcoords": "EMPTY",
            "road_imcoords": "177.287591, 783.527550, 205.625488, 768.683892, 243.013789, 737.741829, 262.576027, 718.179605, 276.969173, 672.383269, 296.102691, 648.834319, 343.816273, 626.302901, 357.446145, 611.433939, 381.852776, 587.027277, 436.749305, 550.875908, 481.384292, 524.620062, 547.637327, 473.955983, 570.960239, 445.722937, 578.411917, 408.464572, 582.227649, 352.500112, 566.205692, 309.363982, 537.967535, 281.125826, 475.637608, 252.557935, 460.291632, 244.294726, 453.346055, 244.989291, 446.293505, 258.086898, 427.791878, 312.270238, 383.539005, 390.047985, 325.522221, 457.509345, 259.422117, 496.629835, 202.909798, 521.600397, 153.914809, 555.123272, 118.957569, 590.080504, 91.336111, 621.647902, 53.160596, 657.987550, 59.253687, 638.463502, 56.594164, 629.187335, 80.199915, 611.596099, 107.997799, 579.827071, 144.293992, 543.530886, 195.581596, 508.439381, 252.546938, 483.268646, 315.758602, 445.857642, 371.219539, 381.368196, 414.054192, 306.083077, 432.498793, 252.066741, 443.919326, 230.857158, 463.363885, 228.912684, 482.325160, 239.122590, 546.667963, 268.613049, 579.127194, 301.072280, 597.412365, 350.301690, 593.311105, 410.453928, 584.928677, 452.366034, 558.110353, 484.830377, 489.773545, 537.087928, 444.681969, 563.612356, 391.378853, 598.714405, 368.283225, 621.810062, 352.883923, 638.609313, 305.592927, 660.941176, 290.419254, 679.616469, 275.783226, 726.185612, 253.121190, 748.847631, 213.978028, 781.241994, 186.896582, 795.427511, 168.061130, 818.030071, 156.537808, 808.42730",
            "image_id": "BLD00407_PS3_K3A_NIA0276.png",
            "ingest_time": "2023-03-02T15:10:41.602602Z",
            "type_id": "5",
            "type_name": "기타 포장 도로"
         }
      },
      {
         "type": "Feature",
         "geometry": {
            "type": "Polygon",
            "coordinates": [
               [
                  31.455278,
                  29.95181,
                  0.0
               ],
               [
                  31.455348,
                  29.951697,
                  0.0
               ],
               [
                  31.456129,
                  29.950946,
                  0.0
               ],
               [
                  31.456215,
                  29.950888,
                  0.0
               ]
            ]
         },
         "properties": {
            "object_imcoords": "EMPTY",
            "building_imcoords": "EMPTY",
            "road_imcoords": "291.724249, 692.997758, 303.740063, 715.874386, 438.846118, 869.016063, 453.777375, 880.950105, 468.048609, 880.950105, 846.058278, 570.135175, 773.898045, 474.336287, 728.852220, 417.707201, 702.271955, 404.994905, 684.071299, 408.407532, 652.213995, 419.026623, 630.115895, 421.973029, 593.143277, 410.881272, 593.311105, 410.042133, 594.298023, 395.567239, 631.333690, 406.677911, 648.820795, 404.346302, 680.299917, 393.853272, 704.323504, 389.348845, 738.440627, 405.665724, 785.760280, 465.153337, 866.663035, 572.558673, 469.805585, 899.592690, 452.894693, 903.235275, 440.427733, 900.806885, 426.751050, 878.012379, 279.468234, 716.264316, 288.957031, 676.52566",
            "image_id": "BLD00407_PS3_K3A_NIA0276.png",
            "ingest_time": "2023-03-02T15:10:41.602602Z",
            "type_id": "5",
            "type_name": "기타 포장 도로"
         }
      },
      {
         "type": "Feature",
         "geometry": {
            "type": "Polygon",
            "coordinates": [
               [
                  31.454505,
                  29.951129,
                  0.0
               ],
               [
                  31.453941,
                  29.951719,
                  0.0
               ],
               [
                  31.453778,
                  29.951875,
                  0.0
               ],
               [
                  31.453907,
                  29.951973,
                  0.0
               ]
            ]
         },
         "properties": {
            "object_imcoords": "EMPTY",
            "building_imcoords": "EMPTY",
            "road_imcoords": "154.355390, 828.419001, 56.889788, 708.057413, 28.681021, 676.327992, 51.674126, 656.895514, 67.626921, 695.516265, 160.349042, 803.442029, 156.537808, 808.015514, 168.061130, 817.618275, 170.377768, 814.838308, 171.048846, 815.600897, 307.428483, 1020.170275, 301.683898, 1024.000000, 284.742772, 1024.00000",
            "image_id": "BLD00407_PS3_K3A_NIA0276.png",
            "ingest_time": "2023-03-02T15:10:41.602602Z",
            "type_id": "5",
            "type_name": "기타 포장 도로"
         }
      },
      {
         "type": "Feature",
         "geometry": {
            "type": "Polygon",
            "coordinates": [
               [
                  31.453736,
                  29.952272,
                  0.0
               ],
               [
                  31.453855,
                  29.952244,
                  0.0
               ],
               [
                  31.453922,
                  29.952162,
                  0.0
               ],
               [
                  31.453927,
                  29.952108,
                  0.0
               ]
            ]
         },
         "properties": {
            "object_imcoords": "EMPTY",
            "building_imcoords": "EMPTY",
            "road_imcoords": "22.419451, 596.188358, 43.307417, 602.156320, 54.727282, 618.767062, 55.510327, 629.649874, 59.888528, 637.835040, 53.990869, 654.112476, 44.495334, 667.629131, 27.397552, 676.680855, 0.383843, 676.968851, 0.416984, 663.980123, 23.915962, 663.814645, 34.054558, 658.447179, 40.065262, 642.418609, 41.446145, 622.395796, 35.242475, 613.372261, 22.485505, 609.727430, 2.670168, 615.598650, 0.823591, 609.366463, 0.823591, 602.58714",
            "image_id": "BLD00407_PS3_K3A_NIA0276.png",
            "ingest_time": "2023-03-02T15:10:41.602602Z",
            "type_id": "5",
            "type_name": "기타 포장 도로"
         }
      },
      {
         "type": "Feature",
         "geometry": {
            "type": "Polygon",
            "coordinates": [
               [
                  31.457878,
                  29.954888,
                  0.0
               ],
               [
                  31.45762,
                  29.954721,
                  0.0
               ],
               [
                  31.457361,
                  29.954525,
                  0.0
               ],
               [
                  31.457307,
                  29.954315,
                  0.0
               ]
            ]
         },
         "properties": {
            "object_imcoords": "EMPTY",
            "building_imcoords": "EMPTY",
            "road_imcoords": "756.431646, 78.947468, 710.708527, 111.868102, 664.678086, 150.816959, 654.558674, 192.981239, 672.101737, 247.364752, 710.709279, 302.518357, 728.213792, 353.087025, 717.153489, 395.484922, 705.208701, 389.772200, 714.640456, 353.617076, 699.018260, 308.486220, 660.330026, 253.217340, 641.065594, 193.497582, 653.030654, 143.643094, 702.699676, 101.615434, 748.995356, 68.282558, 822.691917, 18.537363, 829.965065, 29.31239",
            "image_id": "BLD00407_PS3_K3A_NIA0276.png",
            "ingest_time": "2023-03-02T15:10:41.602602Z",
            "type_id": "9",
            "type_name": "건설중인 도로"
         }
      },
      {
         "type": "Feature",
         "geometry": {
            "type": "Polygon",
            "coordinates": [
               [
                  31.454966,
                  29.95188,
                  0.0
               ],
               [
                  31.45513,
                  29.95176,
                  0.0
               ],
               [
                  31.455108,
                  29.951737,
                  0.0
               ],
               [
                  31.454944,
                  29.951857,
                  0.0
               ]
            ]
         },
         "properties": {
            "object_imcoords": "EMPTY",
            "building_imcoords": "EMPTY",
            "road_imcoords": "237.148649, 678.156386, 265.639479, 702.736709, 261.720079, 707.279649, 233.229250, 682.699327, 204.738420, 658.119004, 208.657820, 653.57606",
            "image_id": "BLD00407_PS3_K3A_NIA0276.png",
            "ingest_time": "2023-03-02T15:10:41.602602Z",
            "type_id": "5",
            "type_name": "기타 포장 도로"
         }
      },
      {
         "type": "Feature",
         "geometry": {
            "type": "Polygon",
            "coordinates": [
               [
                  31.454377,
                  29.952016,
                  0.0
               ],
               [
                  31.454544,
                  29.952172,
                  0.0
               ],
               [
                  31.454767,
                  29.952198,
                  0.0
               ],
               [
                  31.454888,
                  29.952114,
                  0.0
               ]
            ]
         },
         "properties": {
            "object_imcoords": "EMPTY",
            "building_imcoords": "EMPTY",
            "road_imcoords": "134.175965, 649.361494, 163.935310, 618.362219, 203.132305, 613.611039, 224.207836, 630.734898, 192.292983, 674.470112, 138.586806, 737.127301, 134.031267, 733.222552, 187.584641, 670.743633, 216.003285, 631.799526, 201.325642, 619.873947, 166.781670, 624.061121, 142.911254, 648.926104, 178.478213, 679.262665, 174.584531, 683.82766",
            "image_id": "BLD00407_PS3_K3A_NIA0276.png",
            "ingest_time": "2023-03-02T15:10:41.602602Z",
            "type_id": "5",
            "type_name": "기타 포장 도로"
         }
      },
      {
         "type": "Feature",
         "geometry": {
            "type": "Polygon",
            "coordinates": [
               [
                  31.455539,
                  29.952394,
                  0.0
               ],
               [
                  31.455465,
                  29.952613,
                  0.0
               ],
               [
                  31.455497,
                  29.952622,
                  0.0
               ],
               [
                  31.455569,
                  29.952411,
                  0.0
               ]
            ]
         },
         "properties": {
            "object_imcoords": "EMPTY",
            "building_imcoords": "EMPTY",
            "road_imcoords": "339.233226, 575.917947, 326.712352, 531.525745, 332.487050, 529.896984, 344.546498, 572.653220, 371.463338, 597.416729, 367.217019, 601.66305",
            "image_id": "BLD00407_PS3_K3A_NIA0276.png",
            "ingest_time": "2023-03-02T15:10:41.602602Z",
            "type_id": "5",
            "type_name": "기타 포장 도로"
         }
      },
      {
         "type": "Feature",
         "geometry": {
            "type": "Polygon",
            "coordinates": [
               [
                  31.455892,
                  29.952071,
                  0.0
               ],
               [
                  31.455743,
                  29.952199,
                  0.0
               ],
               [
                  31.455767,
                  29.952221,
                  0.0
               ],
               [
                  31.455915,
                  29.952093,
                  0.0
               ]
            ]
         },
         "properties": {
            "object_imcoords": "EMPTY",
            "building_imcoords": "EMPTY",
            "road_imcoords": "400.185345, 641.853598, 374.491811, 615.601468, 378.734695, 611.358579, 404.261372, 637.440225, 430.064965, 663.804747, 425.776954, 668.00152",
            "image_id": "BLD00407_PS3_K3A_NIA0276.png",
            "ingest_time": "2023-03-02T15:10:41.602602Z",
            "type_id": "5",
            "type_name": "기타 포장 도로"
         }
      },
      {
         "type": "Feature",
         "geometry": {
            "type": "Polygon",
            "coordinates": [
               [
                  31.456259,
                  29.952089,
                  0.0
               ],
               [
                  31.455902,
                  29.951747,
                  0.0
               ],
               [
                  31.455876,
                  29.951767,
                  0.0
               ],
               [
                  31.456235,
                  29.952111,
                  0.0
               ]
            ]
         },
         "properties": {
            "object_imcoords": "EMPTY",
            "building_imcoords": "EMPTY",
            "road_imcoords": "464.625721, 639.033709, 401.063491, 707.056414, 396.679551, 702.959943, 460.488048, 634.673689, 509.786697, 593.217953, 513.648300, 597.81012",
            "image_id": "BLD00407_PS3_K3A_NIA0276.png",
            "ingest_time": "2023-03-02T15:10:41.602602Z",
            "type_id": "5",
            "type_name": "기타 포장 도로"
         }
      },
      {
         "type": "Feature",
         "geometry": {
            "type": "Polygon",
            "coordinates": [
               [
                  31.456376,
                  29.953449,
                  0.0
               ],
               [
                  31.456265,
                  29.953203,
                  0.0
               ],
               [
                  31.456233,
                  29.953214,
                  0.0
               ],
               [
                  31.456355,
                  29.953482,
                  0.0
               ]
            ]
         },
         "properties": {
            "object_imcoords": "EMPTY",
            "building_imcoords": "EMPTY",
            "road_imcoords": "488.987812, 365.378959, 468.681506, 414.541522, 463.135938, 412.250958, 485.286602, 358.623116, 580.649113, 375.652138, 580.238553, 381.67373",
            "image_id": "BLD00407_PS3_K3A_NIA0276.png",
            "ingest_time": "2023-03-02T15:10:41.602602Z",
            "type_id": "5",
            "type_name": "기타 포장 도로"
         }
      },
      {
         "type": "Feature",
         "geometry": {
            "type": "Polygon",
            "coordinates": [
               [
                  31.456997,
                  29.952822,
                  0.0
               ],
               [
                  31.456828,
                  29.952905,
                  0.0
               ],
               [
                  31.456845,
                  29.952932,
                  0.0
               ],
               [
                  31.456851,
                  29.952938,
                  0.0
               ]
            ]
         },
         "properties": {
            "object_imcoords": "EMPTY",
            "building_imcoords": "EMPTY",
            "road_imcoords": "596.121927, 493.051250, 566.700267, 476.077199, 569.847064, 470.622756, 570.946950, 469.291313, 599.375266, 485.692280, 628.796984, 502.666329, 624.799207, 509.59581",
            "image_id": "BLD00407_PS3_K3A_NIA0276.png",
            "ingest_time": "2023-03-02T15:10:41.602602Z",
            "type_id": "5",
            "type_name": "기타 포장 도로"
         }
      },
      {
         "type": "Feature",
         "geometry": {
            "type": "Polygon",
            "coordinates": [
               [
                  31.457217,
                  29.952754,
                  0.0
               ],
               [
                  31.456995,
                  29.952549,
                  0.0
               ],
               [
                  31.456962,
                  29.952577,
                  0.0
               ],
               [
                  31.457148,
                  29.952748,
                  0.0
               ]
            ]
         },
         "properties": {
            "object_imcoords": "EMPTY",
            "building_imcoords": "EMPTY",
            "road_imcoords": "634.535639, 507.390218, 595.030151, 548.024458, 589.294190, 542.447832, 622.514895, 508.277945, 624.799207, 509.595817, 628.796984, 502.666329, 628.173512, 502.306635, 659.014497, 443.929092, 666.088043, 447.66606",
            "image_id": "BLD00407_PS3_K3A_NIA0276.png",
            "ingest_time": "2023-03-02T15:10:41.602602Z",
            "type_id": "5",
            "type_name": "기타 포장 도로"
         }
      },
      {
         "type": "Feature",
         "geometry": {
            "type": "Polygon",
            "coordinates": [
               [
                  31.458028,
                  29.952429,
                  0.0
               ],
               [
                  31.457704,
                  29.95219,
                  0.0
               ],
               [
                  31.457812,
                  29.952033,
                  0.0
               ],
               [
                  31.457778,
                  29.952015,
                  0.0
               ]
            ]
         },
         "properties": {
            "object_imcoords": "EMPTY",
            "building_imcoords": "EMPTY",
            "road_imcoords": "776.050676, 574.726953, 718.467398, 622.027471, 737.084437, 654.090056, 731.030919, 657.605012, 709.425546, 620.395869, 776.978499, 564.905981, 807.135493, 601.094440, 801.757940, 605.57572",
            "image_id": "BLD00407_PS3_K3A_NIA0276.png",
            "ingest_time": "2023-03-02T15:10:41.602602Z",
            "type_id": "5",
            "type_name": "기타 포장 도로"
         }
      },
      {
         "type": "Feature",
         "geometry": {
            "type": "Polygon",
            "coordinates": [
               [
                  31.457148,
                  29.951799,
                  0.0
               ],
               [
                  31.456405,
                  29.951276,
                  0.0
               ],
               [
                  31.456516,
                  29.951079,
                  0.0
               ],
               [
                  31.45648,
                  29.951064,
                  0.0
               ]
            ]
         },
         "properties": {
            "object_imcoords": "EMPTY",
            "building_imcoords": "EMPTY",
            "road_imcoords": "619.858099, 699.592143, 488.143376, 803.236540, 507.059567, 843.170767, 500.733401, 846.167368, 479.427303, 801.187776, 620.330621, 690.313008, 656.045555, 724.837485, 651.180397, 729.87040",
            "image_id": "BLD00407_PS3_K3A_NIA0276.png",
            "ingest_time": "2023-03-02T15:10:41.602602Z",
            "type_id": "5",
            "type_name": "기타 포장 도로"
         }
      },
      {
         "type": "Feature",
         "geometry": {
            "type": "Polygon",
            "coordinates": [
               [
                  31.454076,
                  29.950908,
                  0.0
               ],
               [
                  31.453644,
                  29.950673,
                  0.0
               ],
               [
                  31.453633,
                  29.950689,
                  0.0
               ],
               [
                  31.453632,
                  29.950743,
                  0.0
               ]
            ]
         },
         "properties": {
            "object_imcoords": "EMPTY",
            "building_imcoords": "EMPTY",
            "road_imcoords": "78.396684, 871.934561, 1.885752, 918.136826, 0.000000, 915.014021, 0.000000, 904.089179, 71.241637, 861.068857, 144.816688, 816.639529, 153.075642, 826.83862",
            "image_id": "BLD00407_PS3_K3A_NIA0276.png",
            "ingest_time": "2023-03-02T15:10:41.602602Z",
            "type_id": "5",
            "type_name": "기타 포장 도로"
         }
      },
      {
         "type": "Feature",
         "geometry": {
            "type": "Polygon",
            "coordinates": [
               [
                  31.454583,
                  29.950182,
                  0.0
               ],
               [
                  31.454032,
                  29.950863,
                  0.0
               ],
               [
                  31.454092,
                  29.9509,
                  0.0
               ],
               [
                  31.454655,
                  29.950205,
                  0.0
               ]
            ]
         },
         "properties": {
            "object_imcoords": "EMPTY",
            "building_imcoords": "EMPTY",
            "road_imcoords": "165.405006, 1019.479744, 70.560368, 880.860630, 81.289363, 873.519741, 178.099724, 1015.011833, 178.791127, 1024.000000, 165.752721, 1024.00000",
            "image_id": "BLD00407_PS3_K3A_NIA0276.png",
            "ingest_time": "2023-03-02T15:10:41.602602Z",
            "type_id": "5",
            "type_name": "기타 포장 도로"
         }
      },
      {
         "type": "Feature",
         "geometry": {
            "type": "Polygon",
            "coordinates": [
               [
                  31.455533,
                  29.951115,
                  0.0
               ],
               [
                  31.455686,
                  29.951239,
                  0.0
               ],
               [
                  31.455713,
                  29.951214,
                  0.0
               ],
               [
                  31.455559,
                  29.951089,
                  0.0
               ]
            ]
         },
         "properties": {
            "object_imcoords": "EMPTY",
            "building_imcoords": "EMPTY",
            "road_imcoords": "334.578536, 833.632959, 361.795385, 808.990661, 366.493616, 814.179749, 339.162491, 838.925512, 295.728678, 876.836175, 289.556184, 873.85848",
            "image_id": "BLD00407_PS3_K3A_NIA0276.png",
            "ingest_time": "2023-03-02T15:10:41.602602Z",
            "type_id": "5",
            "type_name": "기타 포장 도로"
         }
      },
      {
         "type": "Feature",
         "geometry": {
            "type": "Polygon",
            "coordinates": [
               [
                  31.455274,
                  29.950879,
                  0.0
               ],
               [
                  31.455074,
                  29.951181,
                  0.0
               ],
               [
                  31.455108,
                  29.951199,
                  0.0
               ],
               [
                  31.455303,
                  29.950906,
                  0.0
               ]
            ]
         },
         "properties": {
            "object_imcoords": "EMPTY",
            "building_imcoords": "EMPTY",
            "road_imcoords": "288.632893, 880.561670, 254.207479, 819.194679, 260.312479, 815.769920, 293.703472, 875.292945, 356.155904, 907.245399, 352.967570, 913.47713",
            "image_id": "BLD00407_PS3_K3A_NIA0276.png",
            "ingest_time": "2023-03-02T15:10:41.602602Z",
            "type_id": "5",
            "type_name": "기타 포장 도로"
         }
      },
      {
         "type": "Feature",
         "geometry": {
            "type": "Polygon",
            "coordinates": [
               [
                  31.454003,
                  29.950292,
                  0.0
               ],
               [
                  31.453731,
                  29.950149,
                  0.0
               ],
               [
                  31.453641,
                  29.950148,
                  0.0
               ],
               [
                  31.453641,
                  29.950171,
                  0.0
               ]
            ]
         },
         "properties": {
            "object_imcoords": "EMPTY",
            "building_imcoords": "EMPTY",
            "road_imcoords": "64.012119, 995.861140, 15.774141, 1024.000000, 0.000000, 1024.000000, 0.000000, 1019.309147, 57.919209, 985.522893, 118.137068, 950.395820, 124.930864, 960.32521",
            "image_id": "BLD00407_PS3_K3A_NIA0276.png",
            "ingest_time": "2023-03-02T15:10:41.602602Z",
            "type_id": "5",
            "type_name": "기타 포장 도로"
         }
      },
      {
         "type": "Feature",
         "geometry": {
            "type": "Polygon",
            "coordinates": [
               [
                  31.454278,
                  29.954827,
                  0.0
               ],
               [
                  31.453576,
                  29.954356,
                  0.0
               ],
               [
                  31.453574,
                  29.954443,
                  0.0
               ],
               [
                  31.454229,
                  29.954882,
                  0.0
               ]
            ]
         },
         "properties": {
            "object_imcoords": "EMPTY",
            "building_imcoords": "EMPTY",
            "road_imcoords": "124.437831, 82.653825, 0.000000, 175.982202, 0.000000, 158.482203, 116.037831, 71.453826, 211.309597, 0.000000, 234.642929, 0.00000",
            "image_id": "BLD00407_PS3_K3A_NIA0276.png",
            "ingest_time": "2023-03-02T15:10:41.602602Z",
            "type_id": "5",
            "type_name": "기타 포장 도로"
         }
      },
      {
         "type": "Feature",
         "geometry": {
            "type": "Polygon",
            "coordinates": [
               [
                  31.454007,
                  29.954554,
                  0.0
               ],
               [
                  31.453577,
                  29.954279,
                  0.0
               ],
               [
                  31.453576,
                  29.954352,
                  0.0
               ],
               [
                  31.453967,
                  29.954602,
                  0.0
               ]
            ]
         },
         "properties": {
            "object_imcoords": "EMPTY",
            "building_imcoords": "EMPTY",
            "road_imcoords": "76.263677, 137.005993, 0.000000, 191.480046, 0.000000, 176.733203, 69.376520, 127.178547, 96.516774, 108.519623, 103.315120, 118.40812",
            "image_id": "BLD00407_PS3_K3A_NIA0276.png",
            "ingest_time": "2023-03-02T15:10:41.602602Z",
            "type_id": "5",
            "type_name": "기타 포장 도로"
         }
      },
      {
         "type": "Feature",
         "geometry": {
            "type": "Polygon",
            "coordinates": [
               [
                  31.453706,
                  29.954673,
                  0.0
               ],
               [
                  31.453772,
                  29.954603,
                  0.0
               ],
               [
                  31.45372,
                  29.954565,
                  0.0
               ],
               [
                  31.453668,
                  29.954619,
                  0.0
               ]
            ]
         },
         "properties": {
            "object_imcoords": "EMPTY",
            "building_imcoords": "EMPTY",
            "road_imcoords": "23.692313, 112.305947, 35.168044, 126.650601, 25.797620, 134.146945, 16.951463, 123.089256, 5.475732, 108.744592, 14.846156, 101.24825",
            "image_id": "BLD00407_PS3_K3A_NIA0276.png",
            "ingest_time": "2023-03-02T15:10:41.602602Z",
            "type_id": "5",
            "type_name": "기타 포장 도로"
         }
      }
   ]
}