{
   "type": "FeatureCollection",
   "features": [
      {
         "type": "Feature",
         "geometry": {
            "type": "Polygon",
            "coordinates": [
               [
                  31.30423,
                  30.038022,
                  0.0
               ],
               [
                  31.310069,
                  30.038098,
                  0.0
               ],
               [
                  31.309983,
                  30.043178,
                  0.0
               ],
               [
                  31.304144,
                  30.043103,
                  0.0
               ]
            ]
         },
         "properties": {
            "object_imcoords": "EMPTY",
            "building_imcoords": "EMPTY",
            "road_imcoords": "347.322583, 0.000000, 379.164115, 7.394366, 423.591549, 9.507042, 490.845070, 9.859155, 553.873239, 4.929577, 587.365758, 0.00000",
            "image_id": "BLD01082_PS3_K3A_NIA0277.png",
            "ingest_time": "2023-03-02T15:10:41.602602Z",
            "type_id": "3",
            "type_name": "1차 도로"
         }
      },
      {
         "type": "Feature",
         "geometry": {
            "type": "Polygon",
            "coordinates": [
               [
                  31.30423,
                  30.038022,
                  0.0
               ],
               [
                  31.310069,
                  30.038098,
                  0.0
               ],
               [
                  31.309983,
                  30.043178,
                  0.0
               ],
               [
                  31.304144,
                  30.043103,
                  0.0
               ]
            ]
         },
         "properties": {
            "object_imcoords": "EMPTY",
            "building_imcoords": "EMPTY",
            "road_imcoords": "659.318996, 0.000000, 654.016175, 54.301075, 647.132616, 106.451613, 636.379928, 168.100358, 619.892473, 248.387097, 598.924731, 334.767025, 566.129032, 450.716846, 526.881720, 573.655914, 484.229391, 708.602151, 449.283154, 817.741935, 420.430108, 912.903226, 402.508961, 977.777778, 392.058974, 1024.000000, 414.620638, 1024.000000, 423.192982, 983.721564, 440.484666, 918.569489, 469.704699, 824.261441, 503.618481, 714.566895, 546.046921, 579.798631, 585.130661, 457.194526, 618.635386, 340.883675, 639.434343, 252.888237, 655.814417, 172.301872, 666.703428, 109.907044, 673.787927, 56.421433, 679.630253, 0.00000",
            "image_id": "BLD01082_PS3_K3A_NIA0277.png",
            "ingest_time": "2023-03-02T15:10:41.602602Z",
            "type_id": "2",
            "type_name": "고속도로"
         }
      },
      {
         "type": "Feature",
         "geometry": {
            "type": "Polygon",
            "coordinates": [
               [
                  31.30423,
                  30.038022,
                  0.0
               ],
               [
                  31.310069,
                  30.038098,
                  0.0
               ],
               [
                  31.309983,
                  30.043178,
                  0.0
               ],
               [
                  31.304144,
                  30.043103,
                  0.0
               ]
            ]
         },
         "properties": {
            "object_imcoords": "EMPTY",
            "building_imcoords": "EMPTY",
            "road_imcoords": "689.223371, 0.000000, 682.234986, 60.971368, 675.694363, 111.169522, 663.956428, 175.128285, 648.150166, 254.754770, 627.674024, 340.036236, 593.696375, 460.036493, 555.348048, 579.684997, 512.625162, 715.681189, 478.329746, 825.779381, 448.896435, 920.548465, 431.411466, 984.554681, 422.412015, 1024.000000, 443.964792, 1024.000000, 450.764007, 989.134126, 467.909991, 926.655348, 498.471986, 829.881154, 532.176851, 720.543294, 574.928299, 585.851246, 613.238231, 465.195246, 646.689304, 344.312394, 666.656108, 258.980564, 684.040747, 178.607810, 695.004579, 114.055770, 702.546689, 62.648557, 708.507451, 0.25031",
            "image_id": "BLD01082_PS3_K3A_NIA0277.png",
            "ingest_time": "2023-03-02T15:10:41.602602Z",
            "type_id": "2",
            "type_name": "고속도로"
         }
      },
      {
         "type": "Feature",
         "geometry": {
            "type": "Polygon",
            "coordinates": [
               [
                  31.30423,
                  30.038022,
                  0.0
               ],
               [
                  31.310069,
                  30.038098,
                  0.0
               ],
               [
                  31.309983,
                  30.043178,
                  0.0
               ],
               [
                  31.304144,
                  30.043103,
                  0.0
               ]
            ]
         },
         "properties": {
            "object_imcoords": "EMPTY",
            "building_imcoords": "EMPTY",
            "road_imcoords": "0.000000, 764.605946, 123.836153, 879.963079, 153.978063, 912.074834, 172.615707, 936.648476, 186.700524, 963.182072, 196.702017, 988.865224, 208.903063, 1023.715761, 223.751608, 1024.000000, 209.389846, 986.287360, 197.477440, 959.302392, 190.188600, 945.260144, 181.817536, 931.990913, 165.094339, 906.496971, 150.077302, 888.683900, 134.905661, 873.653689, 0.000000, 742.42711",
            "image_id": "BLD01082_PS3_K3A_NIA0277.png",
            "ingest_time": "2023-03-02T15:10:41.602602Z",
            "type_id": "3",
            "type_name": "1차 도로"
         }
      },
      {
         "type": "Feature",
         "geometry": {
            "type": "Polygon",
            "coordinates": [
               [
                  31.30423,
                  30.038022,
                  0.0
               ],
               [
                  31.310069,
                  30.038098,
                  0.0
               ],
               [
                  31.309983,
                  30.043178,
                  0.0
               ],
               [
                  31.304144,
                  30.043103,
                  0.0
               ]
            ]
         },
         "properties": {
            "object_imcoords": "EMPTY",
            "building_imcoords": "EMPTY",
            "road_imcoords": "0.000000, 780.358117, 127.967807, 901.207243, 146.478873, 920.925553, 161.770624, 943.259557, 174.396707, 965.083310, 185.513078, 991.348089, 196.814991, 1024.000000, 182.422505, 1024.000000, 172.468252, 991.706270, 160.261899, 967.282187, 154.403592, 953.668456, 147.308458, 942.064569, 132.996631, 923.284925, 112.965880, 902.562691, 0.000000, 802.73647",
            "image_id": "BLD01082_PS3_K3A_NIA0277.png",
            "ingest_time": "2023-03-02T15:10:41.602602Z",
            "type_id": "3",
            "type_name": "1차 도로"
         }
      },
      {
         "type": "Feature",
         "geometry": {
            "type": "Polygon",
            "coordinates": [
               [
                  31.30423,
                  30.038022,
                  0.0
               ],
               [
                  31.310069,
                  30.038098,
                  0.0
               ],
               [
                  31.309983,
                  30.043178,
                  0.0
               ],
               [
                  31.304144,
                  30.043103,
                  0.0
               ]
            ]
         },
         "properties": {
            "object_imcoords": "EMPTY",
            "building_imcoords": "EMPTY",
            "road_imcoords": "168.852875, 161.188297, 283.366523, 0.000000, 272.265543, 0.000000, 159.482617, 153.64219",
            "image_id": "BLD01082_PS3_K3A_NIA0277.png",
            "ingest_time": "2023-03-02T15:10:41.602602Z",
            "type_id": "3",
            "type_name": "1차 도로"
         }
      },
      {
         "type": "Feature",
         "geometry": {
            "type": "Polygon",
            "coordinates": [
               [
                  31.30423,
                  30.038022,
                  0.0
               ],
               [
                  31.310069,
                  30.038098,
                  0.0
               ],
               [
                  31.309983,
                  30.043178,
                  0.0
               ],
               [
                  31.304144,
                  30.043103,
                  0.0
               ]
            ]
         },
         "properties": {
            "object_imcoords": "EMPTY",
            "building_imcoords": "EMPTY",
            "road_imcoords": "135.680836, 136.441822, 208.663137, 43.025365, 216.521991, 34.129604, 224.892430, 31.011261, 235.031022, 32.348123, 244.609003, 37.082749, 238.237186, 46.050671, 231.241195, 41.645384, 225.742536, 41.203754, 220.459063, 43.231133, 216.136368, 47.798928, 147.452233, 145.79952",
            "image_id": "BLD01082_PS3_K3A_NIA0277.png",
            "ingest_time": "2023-03-02T15:10:41.602602Z",
            "type_id": "3",
            "type_name": "1차 도로"
         }
      },
      {
         "type": "Feature",
         "geometry": {
            "type": "Polygon",
            "coordinates": [
               [
                  31.30423,
                  30.038022,
                  0.0
               ],
               [
                  31.310069,
                  30.038098,
                  0.0
               ],
               [
                  31.309983,
                  30.043178,
                  0.0
               ],
               [
                  31.304144,
                  30.043103,
                  0.0
               ]
            ]
         },
         "properties": {
            "object_imcoords": "EMPTY",
            "building_imcoords": "EMPTY",
            "road_imcoords": "732.621580, 0.000000, 730.837790, 7.130125, 730.303030, 18.538324, 733.689840, 49.197861, 750.445633, 138.859180, 759.589041, 209.360731, 775.799087, 306.392694, 875.160549, 934.402735, 895.334154, 1024.000000, 903.392120, 1024.000000, 882.989179, 933.684211, 782.807018, 304.958058, 767.512875, 208.833878, 757.796081, 137.349603, 740.277848, 48.037141, 736.654169, 18.646464, 737.513864, 7.333440, 739.511037, 0.00000",
            "image_id": "BLD01082_PS3_K3A_NIA0277.png",
            "ingest_time": "2023-03-02T15:10:41.602602Z",
            "type_id": "5",
            "type_name": "기타 포장 도로"
         }
      },
      {
         "type": "Feature",
         "geometry": {
            "type": "Polygon",
            "coordinates": [
               [
                  31.30423,
                  30.038022,
                  0.0
               ],
               [
                  31.310069,
                  30.038098,
                  0.0
               ],
               [
                  31.309983,
                  30.043178,
                  0.0
               ],
               [
                  31.304144,
                  30.043103,
                  0.0
               ]
            ]
         },
         "properties": {
            "object_imcoords": "EMPTY",
            "building_imcoords": "EMPTY",
            "road_imcoords": "1024.000000, 206.164384, 1001.826484, 182.876712, 973.744292, 157.077626, 913.992200, 102.171231, 811.288341, 10.122999, 808.192087, 0.000000, 798.025910, 0.000000, 800.674178, 14.491587, 907.538316, 112.574857, 964.504823, 163.853578, 992.310598, 190.191211, 1024.000000, 224.62720",
            "image_id": "BLD01082_PS3_K3A_NIA0277.png",
            "ingest_time": "2023-03-02T15:10:41.602602Z",
            "type_id": "5",
            "type_name": "기타 포장 도로"
         }
      },
      {
         "type": "Feature",
         "geometry": {
            "type": "Polygon",
            "coordinates": [
               [
                  31.30423,
                  30.038022,
                  0.0
               ],
               [
                  31.310069,
                  30.038098,
                  0.0
               ],
               [
                  31.309983,
                  30.043178,
                  0.0
               ],
               [
                  31.304144,
                  30.043103,
                  0.0
               ]
            ]
         },
         "properties": {
            "object_imcoords": "EMPTY",
            "building_imcoords": "EMPTY",
            "road_imcoords": "125.764005, 148.038284, 137.757848, 155.234589, 0.000000, 343.709256, 0.000000, 320.40693",
            "image_id": "BLD01082_PS3_K3A_NIA0277.png",
            "ingest_time": "2023-03-02T15:10:41.602602Z",
            "type_id": "3",
            "type_name": "1차 도로"
         }
      },
      {
         "type": "Feature",
         "geometry": {
            "type": "Polygon",
            "coordinates": [
               [
                  31.30423,
                  30.038022,
                  0.0
               ],
               [
                  31.310069,
                  30.038098,
                  0.0
               ],
               [
                  31.309983,
                  30.043178,
                  0.0
               ],
               [
                  31.304144,
                  30.043103,
                  0.0
               ]
            ]
         },
         "properties": {
            "object_imcoords": "EMPTY",
            "building_imcoords": "EMPTY",
            "road_imcoords": "0.000000, 363.584767, 0.000000, 387.229770, 160.374808, 170.997925, 148.723646, 163.80162",
            "image_id": "BLD01082_PS3_K3A_NIA0277.png",
            "ingest_time": "2023-03-02T15:10:41.602602Z",
            "type_id": "3",
            "type_name": "1차 도로"
         }
      },
      {
         "type": "Feature",
         "geometry": {
            "type": "Polygon",
            "coordinates": [
               [
                  31.308356,
                  30.043,
                  0.0
               ],
               [
                  31.308703,
                  30.043126,
                  0.0
               ],
               [
                  31.30871,
                  30.043102,
                  0.0
               ],
               [
                  31.308361,
                  30.042971,
                  0.0
               ]
            ]
         },
         "properties": {
            "object_imcoords": "EMPTY",
            "building_imcoords": "EMPTY",
            "road_imcoords": "738.270994, 31.760090, 799.338758, 7.184038, 800.655288, 12.018095, 738.980684, 37.51619",
            "image_id": "BLD01082_PS3_K3A_NIA0277.png",
            "ingest_time": "2023-03-02T15:10:41.602602Z",
            "type_id": "5",
            "type_name": "기타 포장 도로"
         }
      },
      {
         "type": "Feature",
         "geometry": {
            "type": "Polygon",
            "coordinates": [
               [
                  31.305348,
                  30.042955,
                  0.0
               ],
               [
                  31.304933,
                  30.042792,
                  0.0
               ],
               [
                  31.304502,
                  30.042717,
                  0.0
               ],
               [
                  31.304157,
                  30.042284,
                  0.0
               ]
            ]
         },
         "properties": {
            "object_imcoords": "EMPTY",
            "building_imcoords": "EMPTY",
            "road_imcoords": "210.661901, 33.002587, 137.514984, 64.699583, 61.642071, 78.706892, -0.072654, 165.073642, 0.000000, 140.632715, 0.000000, 133.373975, 53.315884, 64.990556, 133.115204, 50.258371, 203.665735, 19.686477, 235.164099, 0.000000, 243.986291, 0.000000, 256.643003, 0.37259",
            "image_id": "BLD01082_PS3_K3A_NIA0277.png",
            "ingest_time": "2023-03-02T15:10:41.602602Z",
            "type_id": "5",
            "type_name": "기타 포장 도로"
         }
      }
   ]
}