{
   "type": "FeatureCollection",
   "features": [
      {
         "type": "Feature",
         "geometry": {
            "type": "Polygon",
            "coordinates": [
               [
                  31.426385,
                  30.06966,
                  0.0
               ],
               [
                  31.423709,
                  30.067859,
                  0.0
               ],
               [
                  31.422702,
                  30.067214,
                  0.0
               ],
               [
                  31.4217,
                  30.066499,
                  0.0
               ]
            ]
         },
         "properties": {
            "object_imcoords": "EMPTY",
            "building_imcoords": "EMPTY",
            "road_imcoords": "1024.933033, 74.644510, 550.858959, 431.091358, 372.607107, 558.775309, 195.031004, 700.275032, 0.933033, 862.974801, 0.933033, 896.275924, 200.739768, 725.013008, 384.371671, 583.245373, 645.071887, 388.195941, 805.868735, 271.166283, 1024.933033, 109.76964",
            "image_id": "BLD00976_PS3_K3A_NIA0277.png",
            "ingest_time": "2023-03-02T15:10:41.602602Z",
            "type_id": "2",
            "type_name": "고속도로"
         }
      },
      {
         "type": "Feature",
         "geometry": {
            "type": "Polygon",
            "coordinates": [
               [
                  31.426387,
                  30.069353,
                  0.0
               ],
               [
                  31.426176,
                  30.069076,
                  0.0
               ],
               [
                  31.425686,
                  30.068546,
                  0.0
               ],
               [
                  31.425136,
                  30.068057,
                  0.0
               ]
            ]
         },
         "properties": {
            "object_imcoords": "EMPTY",
            "building_imcoords": "EMPTY",
            "road_imcoords": "1024.339092, 136.492214, 986.646681, 191.888636, 899.268820, 297.541605, 801.611211, 394.628118, 654.268151, 504.849864, 539.477628, 599.080891, 383.568111, 712.729220, 208.241292, 845.794851, 131.143179, 909.757730, 0.933033, 1022.834962, 43.194221, 1024.000000, 125.432208, 950.876723, 329.884981, 788.685138, 506.925091, 655.619507, 742.788206, 480.292687, 868.429575, 377.495204, 1024.910189, 247.285058, 1023.767995, 209.021550, 865.574090, 350.653639, 898.126626, 312.390131, 964.944990, 234.720921, 1009.490567, 175.897916, 1020.341412, 162.762682, 1024.933033, 153.05403",
            "image_id": "BLD00976_PS3_K3A_NIA0277.png",
            "ingest_time": "2023-03-02T15:10:41.602602Z",
            "type_id": "1",
            "type_name": "분리형 고속도로"
         }
      },
      {
         "type": "Feature",
         "geometry": {
            "type": "Polygon",
            "coordinates": [
               [
                  31.426399,
                  30.068758,
                  0.0
               ],
               [
                  31.425176,
                  30.067828,
                  0.0
               ],
               [
                  31.424499,
                  30.067378,
                  0.0
               ],
               [
                  31.423963,
                  30.067029,
                  0.0
               ]
            ]
         },
         "properties": {
            "object_imcoords": "EMPTY",
            "building_imcoords": "EMPTY",
            "road_imcoords": "1024.910189, 256.422612, 807.893279, 440.886985, 687.962882, 529.978138, 593.160758, 599.080891, 466.948292, 695.025209, 355.584351, 778.976487, 207.099097, 891.482622, 162.553521, 930.888324, 51.189581, 1024.000000, 90.595283, 1024.000000, 286.481599, 867.496542, 482.939012, 713.300317, 809.606571, 476.295007, 1024.933033, 288.97514",
            "image_id": "BLD00976_PS3_K3A_NIA0277.png",
            "ingest_time": "2023-03-02T15:10:41.602602Z",
            "type_id": "1",
            "type_name": "분리형 고속도로"
         }
      },
      {
         "type": "Feature",
         "geometry": {
            "type": "Polygon",
            "coordinates": [
               [
                  31.4264,
                  30.068512,
                  0.0
               ],
               [
                  31.425521,
                  30.067798,
                  0.0
               ],
               [
                  31.424946,
                  30.067413,
                  0.0
               ],
               [
                  31.423993,
                  30.066797,
                  0.0
               ]
            ]
         },
         "properties": {
            "object_imcoords": "EMPTY",
            "building_imcoords": "EMPTY",
            "road_imcoords": "1024.339092, 306.108062, 868.264643, 447.896479, 766.461141, 524.042087, 597.729535, 645.910855, 414.978453, 784.687458, 178.544241, 962.298666, 108.299294, 1024.000000, 143.707316, 1024.000000, 380.141528, 835.515103, 693.673853, 607.076250, 737.175445, 580.179494, 788.107796, 544.871632, 853.465788, 496.511003, 889.044264, 470.327547, 897.254070, 460.932528, 900.406469, 456.093137, 909.858143, 444.518436, 962.089505, 394.057020, 1024.933033, 332.92787",
            "image_id": "BLD00976_PS3_K3A_NIA0277.png",
            "ingest_time": "2023-03-02T15:10:41.602602Z",
            "type_id": "2",
            "type_name": "고속도로"
         }
      },
      {
         "type": "Feature",
         "geometry": {
            "type": "Polygon",
            "coordinates": [
               [
                  31.420613,
                  30.06488,
                  0.0
               ],
               [
                  31.426454,
                  30.06495,
                  0.0
               ],
               [
                  31.426374,
                  30.070031,
                  0.0
               ],
               [
                  31.420533,
                  30.069961,
                  0.0
               ]
            ]
         },
         "properties": {
            "object_imcoords": "EMPTY",
            "building_imcoords": "EMPTY",
            "road_imcoords": "264.310986, 1023.920251, 324.692374, 971.798580, 391.054939, 919.107274, 443.461427, 882.935404, 515.520349, 857.016978, 663.625643, 832.237823, 738.817561, 810.591665, 797.774860, 772.141252, 888.346944, 702.930509, 999.425914, 619.478872, 1024.000000, 601.250528, 1024.000000, 615.990758, 1001.562212, 635.144513, 926.156434, 692.322276, 847.902806, 748.216551, 815.148751, 774.134977, 768.723437, 806.889032, 724.576667, 824.832558, 657.359649, 839.927905, 541.438775, 860.149974, 500.994637, 868.979328, 455.993414, 886.068401, 428.081262, 901.448566, 374.250684, 942.177522, 340.642175, 971.513762, 277.697426, 1024.00000",
            "image_id": "BLD00976_PS3_K3A_NIA0277.png",
            "ingest_time": "2023-03-02T15:10:41.602602Z",
            "type_id": "5",
            "type_name": "기타 포장 도로"
         }
      },
      {
         "type": "Feature",
         "geometry": {
            "type": "Polygon",
            "coordinates": [
               [
                  31.420613,
                  30.06488,
                  0.0
               ],
               [
                  31.426454,
                  30.06495,
                  0.0
               ],
               [
                  31.426374,
                  30.070031,
                  0.0
               ],
               [
                  31.420533,
                  30.069961,
                  0.0
               ]
            ]
         },
         "properties": {
            "object_imcoords": "EMPTY",
            "building_imcoords": "EMPTY",
            "road_imcoords": "279.121515, 1023.350615, 348.047440, 969.520037, 406.150286, 922.809906, 440.328431, 898.600387, 485.329654, 876.669411, 504.127634, 871.827507, 571.059834, 859.865157, 662.486371, 842.206448, 715.462495, 829.959280, 746.222825, 819.990654, 772.426070, 807.743486, 927.651810, 697.803787, 1023.350615, 621.472597, 1024.000000, 638.276852, 970.659309, 682.138804, 881.226497, 744.798736, 831.452692, 786.944202, 798.468219, 808.559778, 794.455056, 804.372781, 767.868984, 819.990654, 738.500282, 832.871356, 642.950176, 856.078234, 553.970762, 872.966779, 481.627022, 889.771033, 411.846643, 930.499989, 378.522952, 954.424690, 297.065041, 1024.00000",
            "image_id": "BLD00976_PS3_K3A_NIA0277.png",
            "ingest_time": "2023-03-02T15:10:41.602602Z",
            "type_id": "5",
            "type_name": "기타 포장 도로"
         }
      },
      {
         "type": "Feature",
         "geometry": {
            "type": "Polygon",
            "coordinates": [
               [
                  31.420613,
                  30.06488,
                  0.0
               ],
               [
                  31.426454,
                  30.06495,
                  0.0
               ],
               [
                  31.426374,
                  30.070031,
                  0.0
               ],
               [
                  31.420533,
                  30.069961,
                  0.0
               ]
            ]
         },
         "properties": {
            "object_imcoords": "EMPTY",
            "building_imcoords": "EMPTY",
            "road_imcoords": "1023.459324, 986.734145, 971.431987, 1024.000000, 999.740979, 1024.000000, 1024.000000, 1005.86184",
            "image_id": "BLD00976_PS3_K3A_NIA0277.png",
            "ingest_time": "2023-03-02T15:10:41.602602Z",
            "type_id": "5",
            "type_name": "기타 포장 도로"
         }
      },
      {
         "type": "Feature",
         "geometry": {
            "type": "Polygon",
            "coordinates": [
               [
                  31.420613,
                  30.06488,
                  0.0
               ],
               [
                  31.426454,
                  30.06495,
                  0.0
               ],
               [
                  31.426374,
                  30.070031,
                  0.0
               ],
               [
                  31.420533,
                  30.069961,
                  0.0
               ]
            ]
         },
         "properties": {
            "object_imcoords": "EMPTY",
            "building_imcoords": "EMPTY",
            "road_imcoords": "952.779262, 1023.765550, 970.799260, 1024.000000, 972.975574, 1021.510278, 915.983617, 957.338014, 808.852934, 823.831692, 794.564964, 803.742218, 780.197919, 811.132311, 779.054455, 812.919473, 774.390530, 817.343178, 768.368574, 820.861529, 766.962566, 831.066968, 764.242285, 839.461701, 772.438444, 843.309453, 777.096484, 835.593736, 785.479444, 830.129630, 794.751765, 833.226845, 798.929363, 840.215569, 869.721298, 927.928241, 914.784624, 978.289084, 925.629541, 993.367129, 940.671380, 1010.494271, 924.931203, 1024.00000",
            "image_id": "BLD00976_PS3_K3A_NIA0277.png",
            "ingest_time": "2023-03-02T15:10:41.602602Z",
            "type_id": "5",
            "type_name": "기타 포장 도로"
         }
      },
      {
         "type": "Feature",
         "geometry": {
            "type": "Polygon",
            "coordinates": [
               [
                  31.425618,
                  30.06633,
                  0.0
               ],
               [
                  31.425697,
                  30.066239,
                  0.0
               ],
               [
                  31.425736,
                  30.066196,
                  0.0
               ],
               [
                  31.425632,
                  30.066124,
                  0.0
               ]
            ]
         },
         "properties": {
            "object_imcoords": "EMPTY",
            "building_imcoords": "EMPTY",
            "road_imcoords": "881.245118, 743.962052, 894.900272, 762.494047, 901.484007, 771.272360, 883.195855, 785.415198, 873.582203, 795.411512, 922.054257, 855.345352, 928.654286, 851.130022, 885.634275, 795.168880, 907.580058, 777.856095, 935.865734, 816.139295, 965.493147, 850.712353, 977.275486, 864.305639, 954.382986, 879.089066, 928.743458, 851.232604, 922.107347, 855.297014, 954.548088, 890.386338, 982.560002, 874.637538, 992.083090, 869.081493, 946.611078, 811.767642, 996.826243, 773.710780, 1023.405025, 754.203418, 1024.000000, 739.277752, 971.310348, 778.623838, 940.933906, 800.795960, 922.560654, 778.244804, 891.730326, 736.89063",
            "image_id": "BLD00976_PS3_K3A_NIA0277.png",
            "ingest_time": "2023-03-02T15:10:41.602602Z",
            "type_id": "5",
            "type_name": "기타 포장 도로"
         }
      },
      {
         "type": "Feature",
         "geometry": {
            "type": "Polygon",
            "coordinates": [
               [
                  31.420613,
                  30.06488,
                  0.0
               ],
               [
                  31.426454,
                  30.06495,
                  0.0
               ],
               [
                  31.426374,
                  30.070031,
                  0.0
               ],
               [
                  31.420533,
                  30.069961,
                  0.0
               ]
            ]
         },
         "properties": {
            "object_imcoords": "EMPTY",
            "building_imcoords": "EMPTY",
            "road_imcoords": "600.150182, 864.277776, 592.845343, 874.273871, 566.317244, 894.266062, 555.167753, 901.955366, 515.567837, 926.176674, 500.130319, 940.231357, 490.577599, 956.549425, 479.812573, 978.848407, 467.894152, 1003.838645, 466.248859, 1024.000000, 475.583456, 1024.000000, 478.274712, 1007.683297, 486.925487, 986.631966, 498.992426, 967.044704, 512.921538, 947.981121, 530.924741, 931.633598, 556.321149, 910.980996, 596.689995, 877.349593, 605.532695, 863.12438",
            "image_id": "BLD00976_PS3_K3A_NIA0277.png",
            "ingest_time": "2023-03-02T15:10:41.602602Z",
            "type_id": "5",
            "type_name": "기타 포장 도로"
         }
      },
      {
         "type": "Feature",
         "geometry": {
            "type": "Polygon",
            "coordinates": [
               [
                  31.420613,
                  30.06488,
                  0.0
               ],
               [
                  31.426454,
                  30.06495,
                  0.0
               ],
               [
                  31.426374,
                  30.070031,
                  0.0
               ],
               [
                  31.420533,
                  30.069961,
                  0.0
               ]
            ]
         },
         "properties": {
            "object_imcoords": "EMPTY",
            "building_imcoords": "EMPTY",
            "road_imcoords": "585.924969, 866.969033, 577.466735, 877.349593, 554.783288, 893.497132, 538.635749, 900.033040, 539.020214, 911.951461, 531.330910, 916.180578, 527.486258, 901.955366, 517.490163, 899.648575, 489.039738, 915.027183, 454.053405, 938.479560, 464.228106, 950.761064, 483.228737, 970.093753, 479.664992, 980.667174, 444.973821, 947.352028, 426.371910, 961.163007, 467.518141, 1006.806935, 466.439597, 1014.008569, 405.846416, 950.951411, 420.888774, 939.639455, 430.728065, 929.957284, 440.161926, 925.116198, 456.916139, 928.571511, 475.731037, 913.984473, 488.906412, 906.051157, 504.033881, 900.801970, 518.643559, 893.497132, 530.177515, 898.495179, 545.171658, 891.959271, 555.552218, 888.883549, 575.928874, 869.27582",
            "image_id": "BLD00976_PS3_K3A_NIA0277.png",
            "ingest_time": "2023-03-02T15:10:41.602602Z",
            "type_id": "5",
            "type_name": "기타 포장 도로"
         }
      },
      {
         "type": "Feature",
         "geometry": {
            "type": "Polygon",
            "coordinates": [
               [
                  31.420613,
                  30.06488,
                  0.0
               ],
               [
                  31.426454,
                  30.06495,
                  0.0
               ],
               [
                  31.426374,
                  30.070031,
                  0.0
               ],
               [
                  31.420533,
                  30.069961,
                  0.0
               ]
            ]
         },
         "properties": {
            "object_imcoords": "EMPTY",
            "building_imcoords": "EMPTY",
            "road_imcoords": "324.843329, 997.931213, 340.887309, 1015.579717, 349.094170, 1024.000000, 364.081419, 1024.000000, 356.399243, 1019.217253, 350.008692, 1008.711052, 336.490608, 990.91313",
            "image_id": "BLD00976_PS3_K3A_NIA0277.png",
            "ingest_time": "2023-03-02T15:10:41.602602Z",
            "type_id": "5",
            "type_name": "기타 포장 도로"
         }
      },
      {
         "type": "Feature",
         "geometry": {
            "type": "Polygon",
            "coordinates": [
               [
                  31.420613,
                  30.06488,
                  0.0
               ],
               [
                  31.426454,
                  30.06495,
                  0.0
               ],
               [
                  31.426374,
                  30.070031,
                  0.0
               ],
               [
                  31.420533,
                  30.069961,
                  0.0
               ]
            ]
         },
         "properties": {
            "object_imcoords": "EMPTY",
            "building_imcoords": "EMPTY",
            "road_imcoords": "333.889891, 871.950325, 363.550728, 859.093427, 399.341938, 832.193261, 428.796205, 810.485034, 442.226449, 795.106089, 453.714253, 780.892607, 471.811966, 768.351752, 503.238204, 744.802646, 494.790616, 759.678521, 485.211336, 773.006215, 443.256041, 810.850838, 403.162724, 843.809586, 356.099307, 877.961800, 319.031660, 893.371945, 300.561336, 897.50066",
            "image_id": "BLD00976_PS3_K3A_NIA0277.png",
            "ingest_time": "2023-03-02T15:10:41.602602Z",
            "type_id": "5",
            "type_name": "기타 포장 도로"
         }
      },
      {
         "type": "Feature",
         "geometry": {
            "type": "Polygon",
            "coordinates": [
               [
                  31.420613,
                  30.06488,
                  0.0
               ],
               [
                  31.426454,
                  30.06495,
                  0.0
               ],
               [
                  31.426374,
                  30.070031,
                  0.0
               ],
               [
                  31.420533,
                  30.069961,
                  0.0
               ]
            ]
         },
         "properties": {
            "object_imcoords": "EMPTY",
            "building_imcoords": "EMPTY",
            "road_imcoords": "364.016647, 950.677622, 366.919219, 954.263152, 370.675488, 951.702060, 367.772916, 947.43357",
            "image_id": "BLD00976_PS3_K3A_NIA0277.png",
            "ingest_time": "2023-03-02T15:10:41.602602Z",
            "type_id": "5",
            "type_name": "기타 포장 도로"
         }
      },
      {
         "type": "Feature",
         "geometry": {
            "type": "Polygon",
            "coordinates": [
               [
                  31.420613,
                  30.06488,
                  0.0
               ],
               [
                  31.426454,
                  30.06495,
                  0.0
               ],
               [
                  31.426374,
                  30.070031,
                  0.0
               ],
               [
                  31.420533,
                  30.069961,
                  0.0
               ]
            ]
         },
         "properties": {
            "object_imcoords": "EMPTY",
            "building_imcoords": "EMPTY",
            "road_imcoords": "430.875710, 980.058244, 390.292609, 1018.222161, 393.398974, 1024.000000, 401.608653, 1024.000000, 396.727222, 1016.668978, 414.322982, 1004.819456, 435.090295, 1024.000000, 449.488781, 1024.000000, 420.246845, 998.252670, 434.958122, 986.00423",
            "image_id": "BLD00976_PS3_K3A_NIA0277.png",
            "ingest_time": "2023-03-02T15:10:41.602602Z",
            "type_id": "5",
            "type_name": "기타 포장 도로"
         }
      },
      {
         "type": "Feature",
         "geometry": {
            "type": "Polygon",
            "coordinates": [
               [
                  31.420613,
                  30.06488,
                  0.0
               ],
               [
                  31.426454,
                  30.06495,
                  0.0
               ],
               [
                  31.426374,
                  30.070031,
                  0.0
               ],
               [
                  31.420533,
                  30.069961,
                  0.0
               ]
            ]
         },
         "properties": {
            "object_imcoords": "EMPTY",
            "building_imcoords": "EMPTY",
            "road_imcoords": "1024.000000, 1014.033382, 1010.662778, 1024.000000, 1024.000000, 1024.00000",
            "image_id": "BLD00976_PS3_K3A_NIA0277.png",
            "ingest_time": "2023-03-02T15:10:41.602602Z",
            "type_id": "5",
            "type_name": "기타 포장 도로"
         }
      },
      {
         "type": "Feature",
         "geometry": {
            "type": "Polygon",
            "coordinates": [
               [
                  31.420613,
                  30.06488,
                  0.0
               ],
               [
                  31.426454,
                  30.06495,
                  0.0
               ],
               [
                  31.426374,
                  30.070031,
                  0.0
               ],
               [
                  31.420533,
                  30.069961,
                  0.0
               ]
            ]
         },
         "properties": {
            "object_imcoords": "EMPTY",
            "building_imcoords": "EMPTY",
            "road_imcoords": "0.000000, 34.649662, 0.000000, 53.926587, 68.323277, 0.000000, 46.118212, 0.00000",
            "image_id": "BLD00976_PS3_K3A_NIA0277.png",
            "ingest_time": "2023-03-02T15:10:41.602602Z",
            "type_id": "5",
            "type_name": "기타 포장 도로"
         }
      },
      {
         "type": "Feature",
         "geometry": {
            "type": "Polygon",
            "coordinates": [
               [
                  31.420613,
                  30.06488,
                  0.0
               ],
               [
                  31.426454,
                  30.06495,
                  0.0
               ],
               [
                  31.426374,
                  30.070031,
                  0.0
               ],
               [
                  31.420533,
                  30.069961,
                  0.0
               ]
            ]
         },
         "properties": {
            "object_imcoords": "EMPTY",
            "building_imcoords": "EMPTY",
            "road_imcoords": "397.423232, 848.457809, 407.329676, 858.558497, 412.365692, 860.462687, 413.742966, 861.747393, 418.681921, 863.570348, 425.130101, 862.575329, 427.142564, 861.523116, 440.933889, 861.472157, 456.667653, 858.752741, 479.005714, 848.846297, 498.041626, 836.414681, 512.998414, 824.760040, 533.782523, 825.148528, 562.142147, 824.177308, 590.307528, 815.630572, 605.652804, 807.666568, 623.717496, 803.393200, 648.192241, 811.162960, 656.857369, 832.784319, 676.020181, 827.370292, 675.192157, 801.062272, 686.846798, 781.055139, 701.026610, 764.932887, 718.120082, 755.997663, 739.486923, 754.637955, 755.220687, 755.220687, 773.868111, 754.249467, 791.155828, 746.285463, 802.033492, 733.076871, 816.601792, 725.307110, 831.558581, 726.666818, 839.716829, 740.263899, 849.040541, 732.494139, 843.213221, 715.594910, 843.990197, 695.005046, 856.227569, 672.278497, 872.544065, 660.041125, 888.472074, 655.573513, 903.234618, 652.659853, 917.220186, 642.753409, 926.349654, 634.595161, 940.529467, 620.415348, 957.817183, 618.472908, 973.356703, 623.523252, 980.543731, 634.012429, 992.781104, 623.911740, 991.227152, 604.487340, 997.637204, 590.696016, 1006.960916, 580.789572, 1015.896140, 569.329175, 1024.000000, 554.955119, 1018.809800, 544.271699, 1012.982480, 540.775307, 1008.514868, 524.653054, 1004.047256, 506.782606, 997.831448, 503.286214, 987.148028, 498.235870, 981.514951, 487.163962, 959.176891, 489.300646, 950.241667, 495.127966, 969.296595, 519.325575, 979.123188, 518.320266, 986.960425, 522.969474, 986.561921, 531.072379, 990.414122, 533.729069, 994.133488, 539.706623, 994.266323, 546.348348, 996.126006, 553.521412, 992.273805, 560.561641, 987.358928, 564.812345, 981.779879, 564.015338, 977.263505, 554.052750, 977.130671, 542.761816, 975.802326, 538.378277, 968.629262, 532.666393, 963.714385, 525.493330, 969.160600, 519.382942, 949.501092, 494.542888, 942.726532, 501.317449, 937.944490, 510.881533, 934.357958, 516.991921, 923.731197, 522.305301, 932.099771, 545.285672, 943.656374, 544.090161, 954.415969, 548.739369, 956.674156, 556.842275, 956.674156, 570.524229, 948.438416, 576.501782, 941.265353, 578.759969, 931.701268, 576.767451, 923.199859, 571.985409, 921.340176, 559.498965, 925.192377, 550.067714, 931.834102, 545.285672, 923.465528, 522.305301, 914.167112, 525.360495, 903.009013, 532.666393, 895.968784, 543.027485, 889.592727, 559.498965, 879.762973, 566.539194, 870.597392, 572.782416, 860.767638, 573.313754, 866.081019, 606.655217, 874.848096, 608.913403, 879.895808, 608.249231, 891.053907, 607.452224, 897.164294, 608.780569, 899.289647, 614.625287, 895.570280, 622.595358, 889.327058, 626.181890, 872.324241, 626.049055, 864.487005, 632.557946, 856.915437, 635.613140, 850.008043, 636.941485, 844.030490, 637.074320, 844.163324, 626.447559, 852.266229, 619.008826, 858.642286, 610.905921, 865.948184, 606.123879, 860.634804, 572.383912, 838.849944, 575.704775, 834.997743, 583.010673, 832.075384, 587.527047, 828.887355, 597.888139, 816.002408, 617.281978, 801.390611, 618.743157, 790.498181, 619.407330, 780.535593, 624.986379, 770.307335, 637.074320, 761.938761, 648.896591, 757.422388, 656.202490, 778.808744, 668.954603, 788.505664, 662.047208, 800.327935, 663.508388, 807.102495, 667.891927, 810.556193, 674.267983, 811.353200, 683.433565, 808.430840, 689.278283, 802.851791, 694.724498, 791.428023, 696.052843, 782.129607, 692.864815, 777.746068, 684.761910, 776.816227, 674.799321, 779.605751, 669.220272, 757.289553, 655.936821, 743.341930, 672.541135, 717.040696, 678.385853, 699.506541, 677.057508, 689.145449, 685.293248, 688.082773, 693.528988, 675.596328, 696.185678, 670.150113, 715.579517, 701.366224, 720.627228, 705.218425, 708.007949, 712.789992, 705.882597, 737.364376, 705.882597, 740.419570, 711.195978, 743.873268, 716.642193, 743.209095, 723.682422, 737.497211, 727.268954, 718.900379, 728.065961, 705.616928, 735.371859, 697.514023, 739.091225, 691.403635, 737.497211, 690.872297, 730.191313, 701.366224, 721.158566, 668.821768, 715.579517, 654.342806, 729.394306, 643.051873, 732.316665, 632.823615, 733.113672, 639.199672, 752.773180, 652.881627, 750.780662, 660.320359, 755.562705, 666.165078, 767.252142, 663.906891, 778.011737, 656.600993, 789.037002, 647.302577, 793.154872, 634.019126, 789.435505, 625.916221, 779.738586, 624.587876, 769.510328, 629.237084, 759.946244, 639.066838, 753.171683, 633.222119, 733.379341, 607.452224, 740.153901, 595.098614, 746.529958, 582.745004, 753.304518, 569.992891, 753.703021, 570.258560, 774.823709, 578.095797, 772.831191, 584.339019, 777.480399, 591.644917, 783.192283, 589.253896, 789.701174, 581.682328, 795.545893, 564.015338, 800.859273, 550.864722, 802.851791, 538.511112, 800.593604, 553.122908, 787.575822, 557.240778, 779.340082, 562.288490, 774.558040, 570.258560, 774.956543, 569.992891, 753.171683, 558.834792, 749.850821, 553.388577, 750.514993, 538.776781, 766.322300, 523.500812, 784.653463, 497.066744, 802.718956, 480.196761, 815.736739, 454.294031, 833.270894, 433.837516, 837.787268, 428.258467, 833.270894, 429.188308, 822.245630, 396.909522, 848.679698, 400.496054, 848.679698, 398.769205, 848.41402",
            "image_id": "BLD00976_PS3_K3A_NIA0277.png",
            "ingest_time": "2023-03-02T15:10:41.602602Z",
            "type_id": "5",
            "type_name": "기타 포장 도로"
         }
      },
      {
         "type": "Feature",
         "geometry": {
            "type": "Polygon",
            "coordinates": [
               [
                  31.420613,
                  30.06488,
                  0.0
               ],
               [
                  31.426454,
                  30.06495,
                  0.0
               ],
               [
                  31.426374,
                  30.070031,
                  0.0
               ],
               [
                  31.420533,
                  30.069961,
                  0.0
               ]
            ]
         },
         "properties": {
            "object_imcoords": "EMPTY",
            "building_imcoords": "EMPTY",
            "road_imcoords": "872.403426, 730.686336, 874.729835, 735.145287, 887.912820, 725.645783, 885.198676, 722.35003",
            "image_id": "BLD00976_PS3_K3A_NIA0277.png",
            "ingest_time": "2023-03-02T15:10:41.602602Z",
            "type_id": "5",
            "type_name": "기타 포장 도로"
         }
      },
      {
         "type": "Feature",
         "geometry": {
            "type": "Polygon",
            "coordinates": [
               [
                  31.420613,
                  30.06488,
                  0.0
               ],
               [
                  31.426454,
                  30.06495,
                  0.0
               ],
               [
                  31.426374,
                  30.070031,
                  0.0
               ],
               [
                  31.420533,
                  30.069961,
                  0.0
               ]
            ]
         },
         "properties": {
            "object_imcoords": "EMPTY",
            "building_imcoords": "EMPTY",
            "road_imcoords": "412.906128, 861.795360, 412.726212, 872.230461, 409.487733, 886.083956, 395.994068, 915.949933, 418.303593, 899.757536, 420.822411, 883.205308, 425.320299, 862.155191, 419.383087, 863.234684, 415.604861, 862.335107, 411.826635, 859.81628",
            "image_id": "BLD00976_PS3_K3A_NIA0277.png",
            "ingest_time": "2023-03-02T15:10:41.602602Z",
            "type_id": "5",
            "type_name": "기타 포장 도로"
         }
      },
      {
         "type": "Feature",
         "geometry": {
            "type": "Polygon",
            "coordinates": [
               [
                  31.425692,
                  30.067746,
                  0.0
               ],
               [
                  31.425867,
                  30.067836,
                  0.0
               ],
               [
                  31.426042,
                  30.067918,
                  0.0
               ],
               [
                  31.426196,
                  30.067954,
                  0.0
               ]
            ]
         },
         "properties": {
            "object_imcoords": "EMPTY",
            "building_imcoords": "EMPTY",
            "road_imcoords": "898.065472, 458.642642, 929.133113, 441.002540, 959.937470, 424.942149, 987.055835, 418.096737, 1006.012362, 417.833452, 1024.000000, 420.466303, 1024.000000, 404.932482, 996.270813, 402.562916, 962.833606, 408.091903, 935.451956, 418.096737, 909.123446, 443.63539",
            "image_id": "BLD00976_PS3_K3A_NIA0277.png",
            "ingest_time": "2023-03-02T15:10:41.602602Z",
            "type_id": "4",
            "type_name": "2차 도로"
         }
      },
      {
         "type": "Feature",
         "geometry": {
            "type": "Polygon",
            "coordinates": [
               [
                  31.426235,
                  30.066028,
                  0.0
               ],
               [
                  31.426442,
                  30.066186,
                  0.0
               ],
               [
                  31.426444,
                  30.066145,
                  0.0
               ],
               [
                  31.426249,
                  30.066012,
                  0.0
               ]
            ]
         },
         "properties": {
            "object_imcoords": "EMPTY",
            "building_imcoords": "EMPTY",
            "road_imcoords": "988.604881, 806.321792, 1025.234906, 774.833366, 1025.446520, 783.163827, 991.037575, 809.500108, 963.517547, 833.781358, 960.468529, 829.46624",
            "image_id": "BLD00976_PS3_K3A_NIA0277.png",
            "ingest_time": "2023-03-02T15:10:41.602602Z",
            "type_id": "5",
            "type_name": "기타 포장 도로"
         }
      },
      {
         "type": "Feature",
         "geometry": {
            "type": "Polygon",
            "coordinates": [
               [
                  31.426219,
                  30.065762,
                  0.0
               ],
               [
                  31.42644,
                  30.065718,
                  0.0
               ],
               [
                  31.426443,
                  30.065593,
                  0.0
               ],
               [
                  31.426332,
                  30.065696,
                  0.0
               ]
            ]
         },
         "properties": {
            "object_imcoords": "EMPTY",
            "building_imcoords": "EMPTY",
            "road_imcoords": "984.999746, 859.841846, 1023.537066, 869.211011, 1023.713842, 894.490078, 1004.621959, 873.453651, 986.944290, 873.100098, 986.806417, 872.160056, 992.083090, 869.081493, 985.055822, 860.22418",
            "image_id": "BLD00976_PS3_K3A_NIA0277.png",
            "ingest_time": "2023-03-02T15:10:41.602602Z",
            "type_id": "5",
            "type_name": "기타 포장 도로"
         }
      }
   ]
}