{
   "type": "FeatureCollection",
   "features": [
      {
         "type": "Feature",
         "geometry": {
            "type": "Polygon",
            "coordinates": [
               [
                  31.402452,
                  30.104876,
                  0.0
               ],
               [
                  31.403527,
                  30.105021,
                  0.0
               ],
               [
                  31.404777,
                  30.105223,
                  0.0
               ],
               [
                  31.404898,
                  30.10518,
                  0.0
               ]
            ]
         },
         "properties": {
            "object_imcoords": "EMPTY",
            "building_imcoords": "EMPTY",
            "road_imcoords": "1.414214, 88.195369, 190.064902, 61.598355, 409.725675, 23.960675, 430.809130, 32.866939, 436.115866, 42.502577, 427.310140, 57.585440, 503.218220, 0.000000, 0.000000, 0.00000",
            "image_id": "BLD00796_PS3_K3A_NIA0277.png",
            "ingest_time": "2023-03-02T15:10:41.602602Z",
            "type_id": "8",
            "type_name": "특수도로"
         }
      },
      {
         "type": "Feature",
         "geometry": {
            "type": "Polygon",
            "coordinates": [
               [
                  31.402631,
                  30.103393,
                  0.0
               ],
               [
                  31.405095,
                  30.105203,
                  0.0
               ],
               [
                  31.405309,
                  30.105348,
                  0.0
               ],
               [
                  31.405762,
                  30.105353,
                  0.0
               ]
            ]
         },
         "properties": {
            "object_imcoords": "EMPTY",
            "building_imcoords": "EMPTY",
            "road_imcoords": "28.637834, 387.456627, 465.368499, 28.713582, 503.218220, 0.000000, 582.655988, 0.000000, 663.266161, 1.414214, 97.264658, 478.492787, 82.471880, 459.48358",
            "image_id": "BLD00796_PS3_K3A_NIA0277.png",
            "ingest_time": "2023-03-02T15:10:41.602602Z",
            "type_id": "8",
            "type_name": "특수도로"
         }
      },
      {
         "type": "Feature",
         "geometry": {
            "type": "Polygon",
            "coordinates": [
               [
                  31.402476,
                  30.103419,
                  0.0
               ],
               [
                  31.402634,
                  30.103394,
                  0.0
               ],
               [
                  31.402631,
                  30.103393,
                  0.0
               ],
               [
                  31.402944,
                  30.103039,
                  0.0
               ]
            ]
         },
         "properties": {
            "object_imcoords": "EMPTY",
            "building_imcoords": "EMPTY",
            "road_imcoords": "1.414214, 381.837662, 29.066248, 387.104716, 28.637834, 387.456627, 82.471880, 459.483587, 97.264658, 478.492787, 147.479966, 437.710983, 156.129036, 458.647180, 130.472910, 482.046543, 140.684713, 543.535296, 533.408910, 1018.490474, 440.739217, 1024.000000, 393.540403, 1023.890619, 39.250369, 612.554754, 10.966098, 604.087124, 1.726522, 601.88331",
            "image_id": "BLD00796_PS3_K3A_NIA0277.png",
            "ingest_time": "2023-03-02T15:10:41.602602Z",
            "type_id": "8",
            "type_name": "특수도로"
         }
      },
      {
         "type": "Feature",
         "geometry": {
            "type": "Polygon",
            "coordinates": [
               [
                  31.404794,
                  30.101092,
                  0.0
               ],
               [
                  31.404805,
                  30.101089,
                  0.0
               ],
               [
                  31.404949,
                  30.10121,
                  0.0
               ],
               [
                  31.40526,
                  30.101431,
                  0.0
               ]
            ]
         },
         "properties": {
            "object_imcoords": "EMPTY",
            "building_imcoords": "EMPTY",
            "road_imcoords": "401.029686, 856.335849, 403.050865, 857.013419, 428.506709, 832.971788, 483.661038, 789.131168, 1024.000000, 330.618994, 1024.000000, 343.114854, 427.092496, 845.699710, 407.293506, 869.741341, 410.304564, 869.70603",
            "image_id": "BLD00796_PS3_K3A_NIA0277.png",
            "ingest_time": "2023-03-02T15:10:41.602602Z",
            "type_id": "5",
            "type_name": "기타 포장 도로"
         }
      },
      {
         "type": "Feature",
         "geometry": {
            "type": "Polygon",
            "coordinates": [
               [
                  31.404478,
                  30.10057,
                  0.0
               ],
               [
                  31.404459,
                  30.100544,
                  0.0
               ],
               [
                  31.40438,
                  30.100459,
                  0.0
               ],
               [
                  31.404076,
                  30.100259,
                  0.0
               ]
            ]
         },
         "properties": {
            "object_imcoords": "EMPTY",
            "building_imcoords": "EMPTY",
            "road_imcoords": "344.260861, 960.763599, 340.825469, 965.907863, 326.683333, 982.878426, 272.943218, 1022.476406, 280.561190, 1024.000000, 288.627428, 1024.000000, 323.854906, 994.192134, 353.553391, 965.907863, 351.644238, 968.31195",
            "image_id": "BLD00796_PS3_K3A_NIA0277.png",
            "ingest_time": "2023-03-02T15:10:41.602602Z",
            "type_id": "5",
            "type_name": "기타 포장 도로"
         }
      }
   ]
}