{
   "type": "FeatureCollection",
   "features": [
      {
         "type": "Feature",
         "geometry": {
            "type": "Polygon",
            "coordinates": [
               [
                  31.414865,
                  30.058579,
                  0.0
               ],
               [
                  31.413315,
                  30.056756,
                  0.0
               ],
               [
                  31.412422,
                  30.055658,
                  0.0
               ],
               [
                  31.412528,
                  30.055591,
                  0.0
               ]
            ]
         },
         "properties": {
            "object_imcoords": "EMPTY",
            "building_imcoords": "EMPTY",
            "road_imcoords": "1022.918933, 231.774266, 746.100198, 595.405976, 586.368783, 814.337754, 604.827563, 828.204863, 656.011261, 759.204044, 796.877599, 572.474247, 907.441295, 429.150937, 1024.000000, 272.72378",
            "image_id": "BLD01024_PS3_K3A_NIA0277.png",
            "ingest_time": "2023-03-02T15:10:41.602602Z",
            "type_id": "1",
            "type_name": "분리형 고속도로"
         }
      },
      {
         "type": "Feature",
         "geometry": {
            "type": "Polygon",
            "coordinates": [
               [
                  31.414876,
                  30.058295,
                  0.0
               ],
               [
                  31.414068,
                  30.057349,
                  0.0
               ],
               [
                  31.413331,
                  30.056499,
                  0.0
               ],
               [
                  31.41292,
                  30.05601,
                  0.0
               ]
            ]
         },
         "properties": {
            "object_imcoords": "EMPTY",
            "building_imcoords": "EMPTY",
            "road_imcoords": "1024.000000, 289.099652, 879.721205, 477.692002, 748.158278, 647.086329, 674.754069, 744.770391, 609.382243, 832.224897, 624.803027, 843.084622, 631.689557, 850.932257, 780.343200, 649.909568, 925.457673, 458.493979, 1024.000000, 326.91841",
            "image_id": "BLD01024_PS3_K3A_NIA0277.png",
            "ingest_time": "2023-03-02T15:10:41.602602Z",
            "type_id": "1",
            "type_name": "분리형 고속도로"
         }
      },
      {
         "type": "Feature",
         "geometry": {
            "type": "Polygon",
            "coordinates": [
               [
                  31.412829,
                  30.055378,
                  0.0
               ],
               [
                  31.413259,
                  30.055896,
                  0.0
               ],
               [
                  31.413495,
                  30.056184,
                  0.0
               ],
               [
                  31.413651,
                  30.056363,
                  0.0
               ]
            ]
         },
         "properties": {
            "object_imcoords": "EMPTY",
            "building_imcoords": "EMPTY",
            "road_imcoords": "656.931654, 871.736042, 733.760128, 768.442024, 775.922433, 710.978882, 803.803958, 675.276929, 759.261522, 747.360871, 728.659849, 801.423828, 715.243115, 831.069567, 708.824529, 862.529640, 707.091022, 900.798439, 711.318900, 937.771284, 718.799309, 981.973702, 729.412360, 1003.505232, 739.247839, 1024.000000, 756.201355, 1024.000000, 740.365430, 997.465725, 727.639793, 970.413069, 718.799309, 920.770355, 718.587533, 888.145276, 723.559570, 853.446673, 733.807542, 816.197930, 748.720946, 781.022712, 806.864125, 688.537654, 877.247974, 588.572188, 963.612698, 467.525568, 1024.000000, 388.641254, 1024.000000, 345.118874, 910.569797, 501.527427, 831.005446, 608.293266, 746.000797, 718.119272, 641.771587, 858.14147",
            "image_id": "BLD01024_PS3_K3A_NIA0277.png",
            "ingest_time": "2023-03-02T15:10:41.602602Z",
            "type_id": "2",
            "type_name": "고속도로"
         }
      },
      {
         "type": "Feature",
         "geometry": {
            "type": "Polygon",
            "coordinates": [
               [
                  31.409094,
                  30.054578,
                  0.0
               ],
               [
                  31.414934,
                  30.054648,
                  0.0
               ],
               [
                  31.414853,
                  30.059729,
                  0.0
               ],
               [
                  31.409013,
                  30.059658,
                  0.0
               ]
            ]
         },
         "properties": {
            "object_imcoords": "EMPTY",
            "building_imcoords": "EMPTY",
            "road_imcoords": "692.628750, 1023.363846, 678.476180, 1015.123523, 662.768466, 1011.030251, 647.450698, 1010.025017, 634.206456, 1010.056546, 608.463062, 1014.352911, 585.259700, 1024.000000, 550.792403, 1024.000000, 577.569288, 1008.659515, 600.199122, 997.725271, 618.661026, 993.379767, 640.233218, 990.330217, 656.919277, 990.720163, 671.531810, 995.775541, 685.003715, 1000.714083, 701.067525, 1011.354819, 696.199001, 1002.916043, 643.618937, 962.669574, 632.982840, 946.896483, 630.122463, 931.123392, 634.959459, 919.017458, 643.943505, 908.466668, 661.794761, 903.922712, 681.917996, 906.194690, 699.120116, 923.396810, 711.129143, 936.379542, 718.918782, 982.143672, 695.874433, 938.651520, 677.049471, 920.475695, 660.171920, 919.826559, 647.838324, 924.695083, 644.917210, 937.353247, 651.870859, 952.443353, 667.636991, 964.941552, 721.515328, 1014.275934, 731.252377, 1024.00000",
            "image_id": "BLD01024_PS3_K3A_NIA0277.png",
            "ingest_time": "2023-03-02T15:10:41.602602Z",
            "type_id": "2",
            "type_name": "고속도로"
         }
      },
      {
         "type": "Feature",
         "geometry": {
            "type": "Polygon",
            "coordinates": [
               [
                  31.414707,
                  30.056964,
                  0.0
               ],
               [
                  31.41359,
                  30.055781,
                  0.0
               ],
               [
                  31.413421,
                  30.055533,
                  0.0
               ],
               [
                  31.413297,
                  30.055259,
                  0.0
               ]
            ]
         },
         "properties": {
            "object_imcoords": "EMPTY",
            "building_imcoords": "EMPTY",
            "road_imcoords": "990.679404, 556.791620, 791.481721, 792.472080, 761.146487, 842.135120, 738.680855, 896.951090, 725.758500, 963.495391, 740.996174, 998.193914, 756.754051, 1024.627114, 763.191405, 1025.084219, 748.682753, 974.662555, 757.522244, 919.966217, 769.951177, 881.975341, 849.153775, 759.148441, 1010.542651, 551.825809, 1024.000000, 534.075128, 1024.000000, 507.10989",
            "image_id": "BLD01024_PS3_K3A_NIA0277.png",
            "ingest_time": "2023-03-02T15:10:41.602602Z",
            "type_id": "5",
            "type_name": "기타 포장 도로"
         }
      },
      {
         "type": "Feature",
         "geometry": {
            "type": "Polygon",
            "coordinates": [
               [
                  31.414087,
                  30.05615,
                  0.0
               ],
               [
                  31.414139,
                  30.056215,
                  0.0
               ],
               [
                  31.414474,
                  30.056007,
                  0.0
               ],
               [
                  31.414516,
                  30.056084,
                  0.0
               ]
            ]
         },
         "properties": {
            "object_imcoords": "EMPTY",
            "building_imcoords": "EMPTY",
            "road_imcoords": "879.685713, 719.279924, 889.029550, 706.291926, 947.153325, 749.004094, 954.638962, 733.592487, 1010.120747, 643.764835, 1017.166053, 621.748254, 982.379855, 592.686367, 979.711176, 590.973042, 986.542038, 581.865226, 1005.378657, 596.975921, 1023.594288, 616.226531, 1024.129284, 646.841904, 986.956030, 702.129793, 957.084935, 752.637214, 912.376038, 833.292963, 888.111913, 875.530514, 863.042346, 930.508412, 841.830341, 971.688344, 816.892212, 1024.000000, 805.434153, 1024.000000, 829.473610, 970.340337, 885.640567, 859.354431, 926.080775, 789.033402, 939.560845, 758.029242, 894.851947, 729.27176",
            "image_id": "BLD01024_PS3_K3A_NIA0277.png",
            "ingest_time": "2023-03-02T15:10:41.602602Z",
            "type_id": "5",
            "type_name": "기타 포장 도로"
         }
      },
      {
         "type": "Feature",
         "geometry": {
            "type": "Polygon",
            "coordinates": [
               [
                  31.409026,
                  30.059016,
                  0.0
               ],
               [
                  31.409024,
                  30.05895,
                  0.0
               ],
               [
                  31.410704,
                  30.059142,
                  0.0
               ],
               [
                  31.412089,
                  30.059311,
                  0.0
               ]
            ]
         },
         "properties": {
            "object_imcoords": "EMPTY",
            "building_imcoords": "EMPTY",
            "road_imcoords": "0.558342, 129.535442, 0.000000, 142.692967, 294.994188, 108.143780, 538.368354, 77.430034, 742.784810, 50.882117, 786.578211, 46.347334, 804.942838, 47.177478, 824.550409, 55.465289, 845.330425, 68.117775, 852.030534, 75.934569, 852.745233, 78.941137, 861.150032, 99.061486, 865.981058, 122.755608, 862.949787, 145.734974, 853.364221, 166.570078, 789.183570, 272.782633, 729.875395, 361.151316, 686.972626, 428.792121, 659.079698, 475.705050, 634.045788, 530.567838, 607.381536, 609.360687, 598.471775, 666.718042, 607.861205, 643.784139, 687.945832, 471.127521, 788.254348, 315.379739, 816.218276, 271.448925, 863.396203, 208.537271, 871.364409, 178.721727, 876.509191, 154.369301, 882.310503, 118.539848, 876.874110, 97.025961, 868.578699, 76.226829, 887.126473, 75.095867, 911.102865, 57.905247, 920.343746, 43.032542, 919.019597, 26.916892, 911.102865, 5.428617, 903.186132, 0.000000, 869.257276, 0.000000, 797.554295, 0.000000, 717.434145, -1.473134, 626.745209, 13.305968, 587.168484, 12.623611, 545.822489, 7.853677, 455.473519, 19.447184, 395.084895, 26.502588, 347.319882, 31.729616, 322.755018, 26.270757, 303.307834, 0.000000, 288.978330, 0.000000, 296.825439, 13.988325, 310.472586, 33.776688, 327.327299, 41.777525, 346.064515, 46.148765, 393.720180, 39.235547, 428.520404, 33.776688, 437.732228, 39.576725, 427.838047, 46.400299, 314.907908, 56.294480, 200.626591, 64.087071, 247.337085, 0.000000, 232.010405, 0.000000, 182.192008, 66.235439, 0.000000, 87.724868, 0.000000, 110.200709, 279.084149, 79.494629, 448.991124, 60.047445, 618.556921, 37.291255, 754.687208, 18.423648, 836.228910, 6.823573, 865.570275, 3.070608, 892.523389, 8.870645, 903.441107, 24.223685, 903.441107, 38.894368, 894.570461, 52.200336, 885.699816, 58.341552, 872.735027, 60.047445, 850.217235, 50.494443, 822.240584, 33.435509, 783.687395, 28.659008, 765.263747, 25.929579, 627.768745, 46.059120, 374.955354, 77.788736, 179.118799, 100.647706, 23.541328, 117.365461, 0.000000, 122.14196",
            "image_id": "BLD01024_PS3_K3A_NIA0277.png",
            "ingest_time": "2023-03-02T15:10:41.602602Z",
            "type_id": "5",
            "type_name": "기타 포장 도로"
         }
      },
      {
         "type": "Feature",
         "geometry": {
            "type": "Polygon",
            "coordinates": [
               [
                  31.412261,
                  30.055755,
                  0.0
               ],
               [
                  31.412369,
                  30.055939,
                  0.0
               ],
               [
                  31.412526,
                  30.056197,
                  0.0
               ],
               [
                  31.412627,
                  30.056382,
                  0.0
               ]
            ]
         },
         "properties": {
            "object_imcoords": "EMPTY",
            "building_imcoords": "EMPTY",
            "road_imcoords": "558.457752, 794.422894, 577.907713, 757.684077, 606.198700, 705.988728, 624.459246, 668.953254, 679.755267, 545.244482, 747.139255, 426.422335, 798.448818, 349.007907, 845.643329, 285.996162, 1024.000000, 54.010067, 1024.000000, 6.172579, 944.466319, 110.334850, 887.565428, 187.749279, 775.430242, 336.405558, 687.728181, 471.173533, 641.433839, 567.620081, 597.919645, 668.546104, 548.845153, 758.455650, 537.006035, 777.73649",
            "image_id": "BLD01024_PS3_K3A_NIA0277.png",
            "ingest_time": "2023-03-02T15:10:41.602602Z",
            "type_id": "2",
            "type_name": "고속도로"
         }
      },
      {
         "type": "Feature",
         "geometry": {
            "type": "Polygon",
            "coordinates": [
               [
                  31.40982,
                  30.059443,
                  0.0
               ],
               [
                  31.409881,
                  30.059453,
                  0.0
               ],
               [
                  31.410143,
                  30.059445,
                  0.0
               ],
               [
                  31.410111,
                  30.059406,
                  0.0
               ]
            ]
         },
         "properties": {
            "object_imcoords": "EMPTY",
            "building_imcoords": "EMPTY",
            "road_imcoords": "140.992394, 45.328290, 151.568995, 43.565523, 197.613254, 45.732310, 191.795389, 53.467381, 152.043890, 51.596724, 142.228584, 53.232608, 0.000000, 74.019864, 0.000000, 65.93487",
            "image_id": "BLD01024_PS3_K3A_NIA0277.png",
            "ingest_time": "2023-03-02T15:10:41.602602Z",
            "type_id": "5",
            "type_name": "기타 포장 도로"
         }
      },
      {
         "type": "Feature",
         "geometry": {
            "type": "Polygon",
            "coordinates": [
               [
                  31.412871,
                  30.055299,
                  0.0
               ],
               [
                  31.412602,
                  30.05549,
                  0.0
               ],
               [
                  31.41207,
                  30.055815,
                  0.0
               ],
               [
                  31.411995,
                  30.055694,
                  0.0
               ]
            ]
         },
         "properties": {
            "object_imcoords": "EMPTY",
            "building_imcoords": "EMPTY",
            "road_imcoords": "664.135896, 887.822813, 617.472870, 848.669432, 525.098185, 782.018922, 511.688636, 806.111151, 504.508203, 802.583917, 522.819417, 770.675993, 537.201230, 777.418611, 537.006035, 777.736499, 558.457752, 794.422894, 558.540943, 794.265756, 623.155002, 842.365034, 663.603973, 877.210268, 678.083134, 863.213766, 683.643306, 868.96567",
            "image_id": "BLD01024_PS3_K3A_NIA0277.png",
            "ingest_time": "2023-03-02T15:10:41.602602Z",
            "type_id": "6",
            "type_name": "보도"
         }
      },
      {
         "type": "Feature",
         "geometry": {
            "type": "Polygon",
            "coordinates": [
               [
                  31.412382,
                  30.055002,
                  0.0
               ],
               [
                  31.412723,
                  30.055409,
                  0.0
               ],
               [
                  31.412783,
                  30.055361,
                  0.0
               ],
               [
                  31.412784,
                  30.055361,
                  0.0
               ]
            ]
         },
         "properties": {
            "object_imcoords": "EMPTY",
            "building_imcoords": "EMPTY",
            "road_imcoords": "577.656494, 946.608838, 638.427802, 865.271334, 648.836811, 875.202552, 649.095060, 875.202552, 653.130940, 878.588924, 592.791382, 958.095141, 542.774286, 1024.000000, 518.922112, 1024.00000",
            "image_id": "BLD01024_PS3_K3A_NIA0277.png",
            "ingest_time": "2023-03-02T15:10:41.602602Z",
            "type_id": "2",
            "type_name": "고속도로"
         }
      },
      {
         "type": "Feature",
         "geometry": {
            "type": "Polygon",
            "coordinates": [
               [
                  31.411126,
                  30.054603,
                  0.0
               ],
               [
                  31.411913,
                  30.055504,
                  0.0
               ],
               [
                  31.411996,
                  30.055606,
                  0.0
               ],
               [
                  31.412116,
                  30.055782,
                  0.0
               ]
            ]
         },
         "properties": {
            "object_imcoords": "EMPTY",
            "building_imcoords": "EMPTY",
            "road_imcoords": "356.339346, 1023.938880, 496.707343, 844.268290, 511.562768, 823.853743, 533.208749, 788.697100, 537.509435, 790.973931, 552.444843, 801.939386, 533.510639, 836.956615, 517.710008, 862.152379, 473.587210, 924.259640, 397.544298, 1025.121137, 376.755618, 1024.071944, 425.283656, 956.361827, 370.388093, 1024.37371",
            "image_id": "BLD01024_PS3_K3A_NIA0277.png",
            "ingest_time": "2023-03-02T15:10:41.602602Z",
            "type_id": "2",
            "type_name": "고속도로"
         }
      },
      {
         "type": "Feature",
         "geometry": {
            "type": "Polygon",
            "coordinates": [
               [
                  31.411949,
                  30.055103,
                  0.0
               ],
               [
                  31.412379,
                  30.055623,
                  0.0
               ],
               [
                  31.41249,
                  30.055561,
                  0.0
               ],
               [
                  31.412071,
                  30.055046,
                  0.0
               ]
            ]
         },
         "properties": {
            "object_imcoords": "EMPTY",
            "building_imcoords": "EMPTY",
            "road_imcoords": "501.972759, 925.018203, 578.719838, 821.371994, 598.100226, 834.173514, 523.120120, 936.816545, 456.805875, 1024.747425, 428.679502, 1024.00000",
            "image_id": "BLD01024_PS3_K3A_NIA0277.png",
            "ingest_time": "2023-03-02T15:10:41.602602Z",
            "type_id": "1",
            "type_name": "분리형 고속도로"
         }
      },
      {
         "type": "Feature",
         "geometry": {
            "type": "Polygon",
            "coordinates": [
               [
                  31.412131,
                  30.055065,
                  0.0
               ],
               [
                  31.412521,
                  30.055542,
                  0.0
               ],
               [
                  31.412658,
                  30.055453,
                  0.0
               ],
               [
                  31.412252,
                  30.054977,
                  0.0
               ]
            ]
         },
         "properties": {
            "object_imcoords": "EMPTY",
            "building_imcoords": "EMPTY",
            "road_imcoords": "533.825376, 933.303531, 603.471087, 838.074455, 627.163588, 856.337178, 554.798623, 951.327690, 497.886886, 1024.000000, 465.005932, 1024.00000",
            "image_id": "BLD01024_PS3_K3A_NIA0277.png",
            "ingest_time": "2023-03-02T15:10:41.602602Z",
            "type_id": "1",
            "type_name": "분리형 고속도로"
         }
      },
      {
         "type": "Feature",
         "geometry": {
            "type": "Polygon",
            "coordinates": [
               [
                  31.414408,
                  30.059286,
                  0.0
               ],
               [
                  31.413987,
                  30.058778,
                  0.0
               ],
               [
                  31.413982,
                  30.058781,
                  0.0
               ],
               [
                  31.413997,
                  30.058832,
                  0.0
               ]
            ]
         },
         "properties": {
            "object_imcoords": "EMPTY",
            "building_imcoords": "EMPTY",
            "road_imcoords": "944.626056, 88.214135, 869.510561, 189.496845, 868.654444, 188.861913, 871.364409, 178.721727, 873.878884, 166.819655, 936.562664, 82.299369, 997.599264, 0.000000, 1010.049290, 0.00000",
            "image_id": "BLD01024_PS3_K3A_NIA0277.png",
            "ingest_time": "2023-03-02T15:10:41.602602Z",
            "type_id": "9",
            "type_name": "건설중인 도로"
         }
      }
   ]
}