{
   "type": "FeatureCollection",
   "features": [
      {
         "type": "Feature",
         "geometry": {
            "type": "Polygon",
            "coordinates": [
               [
                  31.304047,
                  30.110488,
                  0.0
               ],
               [
                  31.304575,
                  30.111757,
                  0.0
               ],
               [
                  31.304636,
                  30.11199,
                  0.0
               ],
               [
                  31.304882,
                  30.112446,
                  0.0
               ]
            ]
         },
         "properties": {
            "object_imcoords": "EMPTY",
            "building_imcoords": "EMPTY",
            "road_imcoords": "184.607175, 756.546968, 280.837473, 502.136879, 292.305134, 455.455862, 336.640150, 364.149816, 387.838479, 266.996468, 421.845169, 220.413393, 461.533087, 158.993324, 483.562796, 90.733260, 486.082567, 67.717695, 513.151719, 0.000000, 531.964376, 0.000000, 465.986562, 178.543257, 427.347241, 243.797624, 395.728949, 294.208409, 352.729395, 364.465699, 309.490232, 458.237282, 274.979654, 553.961465, 202.092576, 768.537342, 134.469920, 1024.566442, 109.984039, 1024.000000, 171.837199, 834.32697",
            "image_id": "BLD00729_PS3_K3A_NIA0277.png",
            "ingest_time": "2023-03-02T15:10:41.602602Z",
            "type_id": "4",
            "type_name": "2차 도로"
         }
      },
      {
         "type": "Feature",
         "geometry": {
            "type": "Polygon",
            "coordinates": [
               [
                  31.302934,
                  30.113976,
                  0.0
               ],
               [
                  31.305459,
                  30.113306,
                  0.0
               ],
               [
                  31.305353,
                  30.113166,
                  0.0
               ],
               [
                  31.305311,
                  30.113234,
                  0.0
               ]
            ]
         },
         "properties": {
            "object_imcoords": "EMPTY",
            "building_imcoords": "EMPTY",
            "road_imcoords": "0.000000, 50.818470, 440.399361, 192.472111, 421.291857, 220.370017, 414.276167, 206.427958, 0.000000, 73.97673",
            "image_id": "BLD00729_PS3_K3A_NIA0277.png",
            "ingest_time": "2023-03-02T15:10:41.602602Z",
            "type_id": "5",
            "type_name": "기타 포장 도로"
         }
      },
      {
         "type": "Feature",
         "geometry": {
            "type": "Polygon",
            "coordinates": [
               [
                  31.303718,
                  30.113656,
                  0.0
               ],
               [
                  31.303657,
                  30.113446,
                  0.0
               ],
               [
                  31.30294,
                  30.113647,
                  0.0
               ],
               [
                  31.30294,
                  30.11361,
                  0.0
               ]
            ]
         },
         "properties": {
            "object_imcoords": "EMPTY",
            "building_imcoords": "EMPTY",
            "road_imcoords": "136.436170, 117.316955, 125.125631, 159.469128, 0.000000, 117.104948, 0.000000, 124.462327, 123.542655, 164.927911, 102.624970, 229.534036, 100.016571, 237.293826, 107.410554, 240.393882, 148.187026, 121.71977",
            "image_id": "BLD00729_PS3_K3A_NIA0277.png",
            "ingest_time": "2023-03-02T15:10:41.602602Z",
            "type_id": "5",
            "type_name": "기타 포장 도로"
         }
      },
      {
         "type": "Feature",
         "geometry": {
            "type": "Polygon",
            "coordinates": [
               [
                  31.302944,
                  30.113389,
                  0.0
               ],
               [
                  31.303033,
                  30.113588,
                  0.0
               ],
               [
                  31.303061,
                  30.113577,
                  0.0
               ],
               [
                  31.302945,
                  30.113323,
                  0.0
               ]
            ]
         },
         "properties": {
            "object_imcoords": "EMPTY",
            "building_imcoords": "EMPTY",
            "road_imcoords": "0.000000, 169.107445, 16.228610, 129.179912, 21.122947, 131.498285, 0.000000, 182.50251",
            "image_id": "BLD00729_PS3_K3A_NIA0277.png",
            "ingest_time": "2023-03-02T15:10:41.602602Z",
            "type_id": "5",
            "type_name": "기타 포장 도로"
         }
      },
      {
         "type": "Feature",
         "geometry": {
            "type": "Polygon",
            "coordinates": [
               [
                  31.303975,
                  30.109299,
                  0.0
               ],
               [
                  31.303997,
                  30.109237,
                  0.0
               ],
               [
                  31.304167,
                  30.109164,
                  0.0
               ],
               [
                  31.303936,
                  30.10916,
                  0.0
               ]
            ]
         },
         "properties": {
            "object_imcoords": "EMPTY",
            "building_imcoords": "EMPTY",
            "road_imcoords": "168.456400, 996.088571, 171.994321, 1008.569705, 201.542251, 1023.788672, 161.096031, 1024.00000",
            "image_id": "BLD00729_PS3_K3A_NIA0277.png",
            "ingest_time": "2023-03-02T15:10:41.602602Z",
            "type_id": "5",
            "type_name": "기타 포장 도로"
         }
      },
      {
         "type": "Feature",
         "geometry": {
            "type": "Polygon",
            "coordinates": [
               [
                  31.305837,
                  30.113596,
                  0.0
               ],
               [
                  31.305878,
                  30.113538,
                  0.0
               ],
               [
                  31.306685,
                  30.113334,
                  0.0
               ],
               [
                  31.306844,
                  30.113856,
                  0.0
               ]
            ]
         },
         "properties": {
            "object_imcoords": "EMPTY",
            "building_imcoords": "EMPTY",
            "road_imcoords": "507.530386, 134.943087, 514.381059, 146.648702, 655.154876, 189.999059, 684.725730, 85.234049, 712.303194, -0.651912, 720.900029, -0.463313, 692.718656, 89.000257, 658.710916, 198.995021, 497.145212, 149.355910, 503.651707, 129.71117",
            "image_id": "BLD00729_PS3_K3A_NIA0277.png",
            "ingest_time": "2023-03-02T15:10:41.602602Z",
            "type_id": "5",
            "type_name": "기타 포장 도로"
         }
      },
      {
         "type": "Feature",
         "geometry": {
            "type": "Polygon",
            "coordinates": [
               [
                  31.305555,
                  30.113112,
                  0.0
               ],
               [
                  31.306806,
                  30.112787,
                  0.0
               ],
               [
                  31.306933,
                  30.113149,
                  0.0
               ],
               [
                  31.306976,
                  30.113175,
                  0.0
               ]
            ]
         },
         "properties": {
            "object_imcoords": "EMPTY",
            "building_imcoords": "EMPTY",
            "road_imcoords": "456.641205, 231.659579, 674.795156, 300.458645, 698.211801, 227.900026, 705.797475, 222.623035, 723.277506, 227.240402, 915.249325, 278.242540, 967.856406, 0.000000, 975.778832, 0.000000, 920.513593, 286.261981, 721.342926, 233.967493, 708.723688, 231.580069, 702.584599, 233.626432, 680.415667, 307.977618, 452.236499, 239.39144",
            "image_id": "BLD00729_PS3_K3A_NIA0277.png",
            "ingest_time": "2023-03-02T15:10:41.602602Z",
            "type_id": "5",
            "type_name": "기타 포장 도로"
         }
      },
      {
         "type": "Feature",
         "geometry": {
            "type": "Polygon",
            "coordinates": [
               [
                  31.308638,
                  30.113553,
                  0.0
               ],
               [
                  31.308774,
                  30.114258,
                  0.0
               ],
               [
                  31.308777,
                  30.11406,
                  0.0
               ],
               [
                  31.308552,
                  30.112843,
                  0.0
               ]
            ]
         },
         "properties": {
            "object_imcoords": "EMPTY",
            "building_imcoords": "EMPTY",
            "road_imcoords": "997.997953, 150.909819, 1024.000000, 9.084199, 1024.000000, 49.054676, 980.884582, 293.648096, 1024.000000, 303.936068, 1007.129247, 384.588930, 999.990705, 383.101734, 1015.754984, 308.147047, 920.033636, 286.773716, 921.827574, 279.341689, 974.620590, 291.899251, 996.367410, 157.60720",
            "image_id": "BLD00729_PS3_K3A_NIA0277.png",
            "ingest_time": "2023-03-02T15:10:41.602602Z",
            "type_id": "5",
            "type_name": "기타 포장 도로"
         }
      },
      {
         "type": "Feature",
         "geometry": {
            "type": "Polygon",
            "coordinates": [
               [
                  31.306848,
                  30.112776,
                  0.0
               ],
               [
                  31.307325,
                  30.112678,
                  0.0
               ],
               [
                  31.307364,
                  30.112675,
                  0.0
               ],
               [
                  31.307938,
                  30.112556,
                  0.0
               ]
            ]
         },
         "properties": {
            "object_imcoords": "EMPTY",
            "building_imcoords": "EMPTY",
            "road_imcoords": "682.120970, 302.861711, 765.330830, 323.842467, 772.242490, 324.391170, 872.422856, 349.958709, 880.027354, 350.966788, 937.043268, 366.645097, 942.841120, 368.577715, 999.517750, 383.425455, 1006.877620, 385.092380, 1024.000000, 389.360834, 1024.000000, 396.245873, 1005.591367, 391.413528, 998.518504, 389.406777, 927.987039, 372.116466, 680.548351, 308.26231",
            "image_id": "BLD00729_PS3_K3A_NIA0277.png",
            "ingest_time": "2023-03-02T15:10:41.602602Z",
            "type_id": "5",
            "type_name": "기타 포장 도로"
         }
      },
      {
         "type": "Feature",
         "geometry": {
            "type": "Polygon",
            "coordinates": [
               [
                  31.305318,
                  30.112751,
                  0.0
               ],
               [
                  31.305958,
                  30.112579,
                  0.0
               ],
               [
                  31.30607,
                  30.112941,
                  0.0
               ],
               [
                  31.306118,
                  30.112927,
                  0.0
               ]
            ]
         },
         "properties": {
            "object_imcoords": "EMPTY",
            "building_imcoords": "EMPTY",
            "road_imcoords": "414.049496, 303.875354, 525.568289, 340.156674, 546.259607, 267.419704, 554.632712, 270.396331, 531.324555, 342.505646, 653.655334, 381.449004, 680.665885, 308.520516, 686.668230, 310.321219, 659.357562, 383.549824, 743.006313, 405.828468, 763.662253, 329.279985, 770.345057, 331.102568, 748.474061, 406.435996, 746.364152, 412.387975, 645.054210, 385.205015, 409.472621, 309.22646",
            "image_id": "BLD00729_PS3_K3A_NIA0277.png",
            "ingest_time": "2023-03-02T15:10:41.602602Z",
            "type_id": "5",
            "type_name": "기타 포장 도로"
         }
      },
      {
         "type": "Feature",
         "geometry": {
            "type": "Polygon",
            "coordinates": [
               [
                  31.304651,
                  30.111395,
                  0.0
               ],
               [
                  31.304666,
                  30.111425,
                  0.0
               ],
               [
                  31.305051,
                  30.111287,
                  0.0
               ],
               [
                  31.305298,
                  30.111862,
                  0.0
               ]
            ]
         },
         "properties": {
            "object_imcoords": "EMPTY",
            "building_imcoords": "EMPTY",
            "road_imcoords": "293.072190, 575.310215, 295.735179, 569.446057, 362.841735, 598.133646, 407.854753, 483.037588, 412.473492, 484.454977, 364.944168, 606.18434",
            "image_id": "BLD00729_PS3_K3A_NIA0277.png",
            "ingest_time": "2023-03-02T15:10:41.602602Z",
            "type_id": "5",
            "type_name": "기타 포장 도로"
         }
      },
      {
         "type": "Feature",
         "geometry": {
            "type": "Polygon",
            "coordinates": [
               [
                  31.302996,
                  30.110331,
                  0.0
               ],
               [
                  31.303988,
                  30.110142,
                  0.0
               ],
               [
                  31.303978,
                  30.1101,
                  0.0
               ],
               [
                  31.302997,
                  30.110302,
                  0.0
               ]
            ]
         },
         "properties": {
            "object_imcoords": "EMPTY",
            "building_imcoords": "EMPTY",
            "road_imcoords": "0.000000, 785.542163, 173.184926, 826.152962, 171.275813, 834.568733, 0.000000, 791.40352",
            "image_id": "BLD00729_PS3_K3A_NIA0277.png",
            "ingest_time": "2023-03-02T15:10:41.602602Z",
            "type_id": "5",
            "type_name": "기타 포장 도로"
         }
      },
      {
         "type": "Feature",
         "geometry": {
            "type": "Polygon",
            "coordinates": [
               [
                  31.302929,
                  30.114228,
                  0.0
               ],
               [
                  31.303141,
                  30.114231,
                  0.0
               ],
               [
                  31.302931,
                  30.114151,
                  0.0
               ]
            ]
         },
         "properties": {
            "object_imcoords": "EMPTY",
            "building_imcoords": "EMPTY",
            "road_imcoords": "-0.166951, 0.000000, 36.936134, 0.000000, 0.000000, 15.48058",
            "image_id": "BLD00729_PS3_K3A_NIA0277.png",
            "ingest_time": "2023-03-02T15:10:41.602602Z",
            "type_id": "4",
            "type_name": "2차 도로"
         }
      },
      {
         "type": "Feature",
         "geometry": {
            "type": "Polygon",
            "coordinates": [
               [
                  31.305977,
                  30.11427,
                  0.0
               ],
               [
                  31.306073,
                  30.114269,
                  0.0
               ],
               [
                  31.305817,
                  30.113619,
                  0.0
               ],
               [
                  31.305815,
                  30.113622,
                  0.0
               ]
            ]
         },
         "properties": {
            "object_imcoords": "EMPTY",
            "building_imcoords": "EMPTY",
            "road_imcoords": "534.010907, -0.501847, 550.840204, 0.000000, 504.073150, 130.279651, 503.651707, 129.711170, 497.145212, 149.355910, 497.217310, 149.378061, 481.600438, 186.806678, 377.205792, 364.033526, 341.152241, 437.079727, 281.223846, 610.313110, 203.506785, 847.814923, 161.659625, 1023.844292, 160.777282, 1024.000000, 140.525210, 1024.000000, 172.866999, 896.553034, 206.769464, 771.261266, 220.336082, 732.856967, 266.176533, 595.296902, 310.146984, 474.201567, 321.492645, 443.928988, 354.453697, 373.807140, 473.004088, 176.02937",
            "image_id": "BLD00729_PS3_K3A_NIA0277.png",
            "ingest_time": "2023-03-02T15:10:41.602602Z",
            "type_id": "4",
            "type_name": "2차 도로"
         }
      },
      {
         "type": "Feature",
         "geometry": {
            "type": "Polygon",
            "coordinates": [
               [
                  31.304509,
                  30.111006,
                  0.0
               ],
               [
                  31.304826,
                  30.110904,
                  0.0
               ],
               [
                  31.304876,
                  30.110882,
                  0.0
               ],
               [
                  31.305115,
                  30.110395,
                  0.0
               ]
            ]
         },
         "properties": {
            "object_imcoords": "EMPTY",
            "building_imcoords": "EMPTY",
            "road_imcoords": "267.124892, 653.399237, 322.336855, 674.695280, 331.027310, 679.435528, 371.319417, 778.190692, 382.379995, 790.831353, 390.280408, 795.571601, 628.082843, 881.686104, 639.143421, 888.796476, 647.833876, 904.597302, 638.865436, 982.016517, 625.342072, 980.807081, 632.823091, 903.807261, 626.502760, 894.326765, 380.009871, 807.422221, 367.369210, 794.781560, 324.706979, 689.706065, 316.806566, 682.595693, 264.821002, 661.105302, 266.905917, 654.06842",
            "image_id": "BLD00729_PS3_K3A_NIA0277.png",
            "ingest_time": "2023-03-02T15:10:41.602602Z",
            "type_id": "5",
            "type_name": "기타 포장 도로"
         }
      },
      {
         "type": "Feature",
         "geometry": {
            "type": "Polygon",
            "coordinates": [
               [
                  31.307264,
                  30.114284,
                  0.0
               ],
               [
                  31.306929,
                  30.113299,
                  0.0
               ],
               [
                  31.306909,
                  30.113242,
                  0.0
               ],
               [
                  31.306938,
                  30.113152,
                  0.0
               ]
            ]
         },
         "properties": {
            "object_imcoords": "EMPTY",
            "building_imcoords": "EMPTY",
            "road_imcoords": "759.436307, 0.000000, 697.930827, 197.547262, 694.282197, 209.014385, 698.973293, 227.257536, 699.977191, 226.671928, 705.089872, 223.115280, 701.579457, 210.578084, 767.254800, 0.52123",
            "image_id": "BLD00729_PS3_K3A_NIA0277.png",
            "ingest_time": "2023-03-02T15:10:41.602602Z",
            "type_id": "6",
            "type_name": "보도"
         }
      },
      {
         "type": "Feature",
         "geometry": {
            "type": "Polygon",
            "coordinates": [
               [
                  31.303976,
                  30.111777,
                  0.0
               ],
               [
                  31.303454,
                  30.111889,
                  0.0
               ],
               [
                  31.303468,
                  30.111937,
                  0.0
               ],
               [
                  31.30399,
                  30.111825,
                  0.0
               ]
            ]
         },
         "properties": {
            "object_imcoords": "EMPTY",
            "building_imcoords": "EMPTY",
            "road_imcoords": "175.933132, 496.656698, 84.906032, 472.669818, 87.454182, 462.999920, 178.636448, 487.027689, 275.616128, 515.940877, 272.069111, 525.31834",
            "image_id": "BLD00729_PS3_K3A_NIA0277.png",
            "ingest_time": "2023-03-02T15:10:41.602602Z",
            "type_id": "5",
            "type_name": "기타 포장 도로"
         }
      }
   ]
}