{
   "type": "FeatureCollection",
   "features": [
      {
         "type": "Feature",
         "geometry": {
            "type": "Polygon",
            "coordinates": [
               [
                  31.379803,
                  30.058325,
                  0.0
               ],
               [
                  31.380023,
                  30.05833,
                  0.0
               ],
               [
                  31.380202,
                  30.058197,
                  0.0
               ],
               [
                  31.37985,
                  30.055559,
                  0.0
               ]
            ]
         },
         "properties": {
            "object_imcoords": "EMPTY",
            "building_imcoords": "EMPTY",
            "road_imcoords": "-4.000000, 196.717663, 34.720445, 196.272601, 65.678532, 223.670187, -3.554937, 754.381085, -4.000000, 703.198887, 54.689956, 226.841339, 33.729258, 205.414847, -4.000000, 205.41484",
            "image_id": "BLD01019_PS3_K3A_NIA0277.png",
            "ingest_time": "2023-03-02T15:10:41.602602Z",
            "type_id": "3",
            "type_name": "1차 도로"
         }
      },
      {
         "type": "Feature",
         "geometry": {
            "type": "Polygon",
            "coordinates": [
               [
                  31.379892,
                  30.054221,
                  0.0
               ],
               [
                  31.385733,
                  30.054293,
                  0.0
               ],
               [
                  31.38565,
                  30.059374,
                  0.0
               ],
               [
                  31.379809,
                  30.059302,
                  0.0
               ]
            ]
         },
         "properties": {
            "object_imcoords": "EMPTY",
            "building_imcoords": "EMPTY",
            "road_imcoords": "0.000000, 226.075132, 11.831231, 235.928665, 26.446281, 259.591127, 0.000000, 524.228811, 0.000000, 389.098532, 12.938005, 261.156035, 7.666966, 249.176400, 0.000000, 245.82210",
            "image_id": "BLD01019_PS3_K3A_NIA0277.png",
            "ingest_time": "2023-03-02T15:10:41.602602Z",
            "type_id": "3",
            "type_name": "1차 도로"
         }
      },
      {
         "type": "Feature",
         "geometry": {
            "type": "Polygon",
            "coordinates": [
               [
                  31.383554,
                  30.056458,
                  0.0
               ],
               [
                  31.38359,
                  30.056365,
                  0.0
               ],
               [
                  31.383632,
                  30.056376,
                  0.0
               ],
               [
                  31.3836,
                  30.05647,
                  0.0
               ]
            ]
         },
         "properties": {
            "object_imcoords": "EMPTY",
            "building_imcoords": "EMPTY",
            "road_imcoords": "648.300772, 582.367427, 654.244808, 601.096718, 661.702965, 598.995257, 656.443934, 580.00328",
            "image_id": "BLD01019_PS3_K3A_NIA0277.png",
            "ingest_time": "2023-03-02T15:10:41.602602Z",
            "type_id": "5",
            "type_name": "기타 포장 도로"
         }
      },
      {
         "type": "Feature",
         "geometry": {
            "type": "Polygon",
            "coordinates": [
               [
                  31.379892,
                  30.054221,
                  0.0
               ],
               [
                  31.385733,
                  30.054293,
                  0.0
               ],
               [
                  31.38565,
                  30.059374,
                  0.0
               ],
               [
                  31.379809,
                  30.059302,
                  0.0
               ]
            ]
         },
         "properties": {
            "object_imcoords": "EMPTY",
            "building_imcoords": "EMPTY",
            "road_imcoords": "1024.000000, 161.112656, 995.159944, 134.408901, 908.817803, 0.000000, 893.685675, 0.000000, 983.143255, 140.194715, 1024.000000, 182.92072",
            "image_id": "BLD01019_PS3_K3A_NIA0277.png",
            "ingest_time": "2023-03-02T15:10:41.602602Z",
            "type_id": "5",
            "type_name": "기타 포장 도로"
         }
      },
      {
         "type": "Feature",
         "geometry": {
            "type": "Polygon",
            "coordinates": [
               [
                  31.383715,
                  30.057368,
                  0.0
               ],
               [
                  31.38378,
                  30.057227,
                  0.0
               ],
               [
                  31.383819,
                  30.057239,
                  0.0
               ],
               [
                  31.383758,
                  30.057382,
                  0.0
               ]
            ]
         },
         "properties": {
            "object_imcoords": "EMPTY",
            "building_imcoords": "EMPTY",
            "road_imcoords": "679.109224, 399.253374, 690.031592, 427.956342, 696.889824, 425.670265, 686.729481, 396.71328",
            "image_id": "BLD01019_PS3_K3A_NIA0277.png",
            "ingest_time": "2023-03-02T15:10:41.602602Z",
            "type_id": "5",
            "type_name": "기타 포장 도로"
         }
      },
      {
         "type": "Feature",
         "geometry": {
            "type": "Polygon",
            "coordinates": [
               [
                  31.385722,
                  30.054965,
                  0.0
               ],
               [
                  31.385467,
                  30.055001,
                  0.0
               ],
               [
                  31.385294,
                  30.054993,
                  0.0
               ],
               [
                  31.384799,
                  30.054873,
                  0.0
               ]
            ]
         },
         "properties": {
            "object_imcoords": "EMPTY",
            "building_imcoords": "EMPTY",
            "road_imcoords": "1024.000000, 888.480204, 979.485143, 880.646265, 949.056615, 881.919086, 861.944163, 904.760333, 840.071064, 916.271928, 836.985951, 933.844189, 847.733942, 1024.000000, 867.036192, 1024.000000, 853.002537, 938.708768, 873.752467, 917.056668, 947.721736, 895.367692, 979.061030, 894.155618, 1024.000000, 899.91542",
            "image_id": "BLD01019_PS3_K3A_NIA0277.png",
            "ingest_time": "2023-03-02T15:10:41.602602Z",
            "type_id": "5",
            "type_name": "기타 포장 도로"
         }
      },
      {
         "type": "Feature",
         "geometry": {
            "type": "Polygon",
            "coordinates": [
               [
                  31.385097,
                  30.054871,
                  0.0
               ],
               [
                  31.385164,
                  30.054743,
                  0.0
               ],
               [
                  31.385547,
                  30.054798,
                  0.0
               ],
               [
                  31.385561,
                  30.05492,
                  0.0
               ]
            ]
         },
         "properties": {
            "object_imcoords": "EMPTY",
            "building_imcoords": "EMPTY",
            "road_imcoords": "914.285714, 906.022631, 925.601132, 931.922364, 992.990728, 921.864215, 995.756719, 897.221751, 998.895929, 896.986142, 995.505265, 924.630206, 925.601132, 935.442716, 911.519723, 906.52553",
            "image_id": "BLD01019_PS3_K3A_NIA0277.png",
            "ingest_time": "2023-03-02T15:10:41.602602Z",
            "type_id": "5",
            "type_name": "기타 포장 도로"
         }
      },
      {
         "type": "Feature",
         "geometry": {
            "type": "Polygon",
            "coordinates": [
               [
                  31.380498,
                  30.055037,
                  0.0
               ],
               [
                  31.379878,
                  30.055084,
                  0.0
               ],
               [
                  31.379879,
                  30.055042,
                  0.0
               ],
               [
                  31.380496,
                  30.054985,
                  0.0
               ]
            ]
         },
         "properties": {
            "object_imcoords": "EMPTY",
            "building_imcoords": "EMPTY",
            "road_imcoords": "108.500000, 861.000000, 0.000000, 850.000000, 0.000000, 858.500000, 108.000000, 871.50000",
            "image_id": "BLD01019_PS3_K3A_NIA0277.png",
            "ingest_time": "2023-03-02T15:10:41.602602Z",
            "type_id": "5",
            "type_name": "기타 포장 도로"
         }
      },
      {
         "type": "Feature",
         "geometry": {
            "type": "Polygon",
            "coordinates": [
               [
                  31.382604,
                  30.057842,
                  0.0
               ],
               [
                  31.382859,
                  30.057928,
                  0.0
               ],
               [
                  31.382878,
                  30.057871,
                  0.0
               ],
               [
                  31.382632,
                  30.0578,
                  0.0
               ]
            ]
         },
         "properties": {
            "object_imcoords": "EMPTY",
            "building_imcoords": "EMPTY",
            "road_imcoords": "485.622724, 301.082163, 530.623056, 284.337853, 533.794110, 295.965051, 490.456371, 309.706286, 486.455048, 303.30416",
            "image_id": "BLD01019_PS3_K3A_NIA0277.png",
            "ingest_time": "2023-03-02T15:10:41.602602Z",
            "type_id": "5",
            "type_name": "기타 포장 도로"
         }
      }
   ]
}