{
   "type": "FeatureCollection",
   "features": [
      {
         "type": "Feature",
         "geometry": {
            "type": "Polygon",
            "coordinates": [
               [
                  31.40196,
                  30.030838,
                  0.0
               ],
               [
                  31.401858,
                  30.029836,
                  0.0
               ],
               [
                  31.401816,
                  30.029478,
                  0.0
               ],
               [
                  31.401767,
                  30.029249,
                  0.0
               ]
            ]
         },
         "properties": {
            "object_imcoords": "EMPTY",
            "building_imcoords": "EMPTY",
            "road_imcoords": "373.848300, 0.000000, 353.131781, 201.667636, 344.744542, 273.740808, 335.504541, 319.642751, 326.133015, 360.597189, 269.497529, 553.454615, 247.471098, 643.949288, 217.869477, 827.043686, 191.780294, 1022.359677, 192.899125, 1024.000000, 214.918747, 1024.000000, 233.057972, 893.727386, 248.117012, 789.435614, 272.687887, 638.106049, 295.288759, 549.642008, 330.013327, 437.757367, 351.177932, 362.838749, 363.771410, 312.203580, 370.170318, 259.379763, 378.784216, 198.601090, 400.831473, 0.00000",
            "image_id": "BLD00028_PS3_K3A_NIA0276.png",
            "ingest_time": "2023-03-02T15:10:41.602602Z",
            "type_id": "2",
            "type_name": "고속도로"
         }
      },
      {
         "type": "Feature",
         "geometry": {
            "type": "Polygon",
            "coordinates": [
               [
                  31.40281,
                  30.025767,
                  0.0
               ],
               [
                  31.402886,
                  30.026524,
                  0.0
               ],
               [
                  31.402936,
                  30.026985,
                  0.0
               ],
               [
                  31.402912,
                  30.027073,
                  0.0
               ]
            ]
         },
         "properties": {
            "object_imcoords": "EMPTY",
            "building_imcoords": "EMPTY",
            "road_imcoords": "508.507999, 1024.000000, 523.946956, 871.635259, 534.087865, 778.918379, 530.107598, 761.082300, 531.570766, 747.354652, 538.433969, 777.469677, 537.951069, 797.751495, 516.703450, 1024.00000",
            "image_id": "BLD00028_PS3_K3A_NIA0276.png",
            "ingest_time": "2023-03-02T15:10:41.602602Z",
            "type_id": "2",
            "type_name": "고속도로"
         }
      },
      {
         "type": "Feature",
         "geometry": {
            "type": "Polygon",
            "coordinates": [
               [
                  31.403388,
                  30.025774,
                  0.0
               ],
               [
                  31.403516,
                  30.026686,
                  0.0
               ],
               [
                  31.40369,
                  30.027915,
                  0.0
               ],
               [
                  31.403874,
                  30.029214,
                  0.0
               ]
            ]
         },
         "properties": {
            "object_imcoords": "EMPTY",
            "building_imcoords": "EMPTY",
            "road_imcoords": "609.935681, 1024.000000, 634.922542, 840.583627, 668.879045, 593.277774, 704.757614, 331.876768, 726.541032, 164.016318, 747.683760, 0.000000, 764.658106, -0.293008, 740.636184, 191.565933, 712.445879, 396.586330, 684.255575, 604.169482, 650.939760, 845.068449, 625.312211, 1024.00000",
            "image_id": "BLD00028_PS3_K3A_NIA0276.png",
            "ingest_time": "2023-03-02T15:10:41.602602Z",
            "type_id": "5",
            "type_name": "기타 포장 도로"
         }
      },
      {
         "type": "Feature",
         "geometry": {
            "type": "Polygon",
            "coordinates": [
               [
                  31.39991,
                  30.025732,
                  0.0
               ],
               [
                  31.405749,
                  30.025802,
                  0.0
               ],
               [
                  31.405668,
                  30.030883,
                  0.0
               ],
               [
                  31.399829,
                  30.030812,
                  0.0
               ]
            ]
         },
         "properties": {
            "object_imcoords": "EMPTY",
            "building_imcoords": "EMPTY",
            "road_imcoords": "639.599709, 1024.000000, 650.851125, 933.434758, 682.874385, 710.137431, 697.155028, 602.383488, 725.283567, 396.396031, 749.517386, 189.110334, 776.780432, 0.000000, 793.657555, 0.000000, 757.306828, 252.724107, 732.640262, 435.775986, 705.611928, 637.868722, 691.534163, 740.268029, 673.353956, 875.013946, 651.283872, 1024.00000",
            "image_id": "BLD00028_PS3_K3A_NIA0276.png",
            "ingest_time": "2023-03-02T15:10:41.602602Z",
            "type_id": "5",
            "type_name": "기타 포장 도로"
         }
      },
      {
         "type": "Feature",
         "geometry": {
            "type": "Polygon",
            "coordinates": [
               [
                  31.403794,
                  30.026912,
                  0.0
               ],
               [
                  31.403804,
                  30.02699,
                  0.0
               ],
               [
                  31.404084,
                  30.026921,
                  0.0
               ],
               [
                  31.404055,
                  30.026548,
                  0.0
               ]
            ]
         },
         "properties": {
            "object_imcoords": "EMPTY",
            "building_imcoords": "EMPTY",
            "road_imcoords": "684.265816, 795.709709, 686.328161, 779.909986, 735.131925, 794.429019, 729.050171, 869.690716, 718.026994, 892.117181, 697.501076, 892.877400, 670.513296, 890.216633, 672.413844, 880.333784, 714.986117, 879.953674, 723.348528, 800.130663, 685.208993, 785.785254, 685.016491, 788.960864, 685.642811, 789.621498, 715.366227, 805.832306, 708.904364, 879.737002, 700.161844, 880.713893, 695.980638, 879.573565, 704.343049, 807.73285",
            "image_id": "BLD00028_PS3_K3A_NIA0276.png",
            "ingest_time": "2023-03-02T15:10:41.602602Z",
            "type_id": "5",
            "type_name": "기타 포장 도로"
         }
      },
      {
         "type": "Feature",
         "geometry": {
            "type": "Polygon",
            "coordinates": [
               [
                  31.404122,
                  30.029291,
                  0.0
               ],
               [
                  31.404116,
                  30.029253,
                  0.0
               ],
               [
                  31.405305,
                  30.02914,
                  0.0
               ],
               [
                  31.405376,
                  30.029623,
                  0.0
               ]
            ]
         },
         "properties": {
            "object_imcoords": "EMPTY",
            "building_imcoords": "EMPTY",
            "road_imcoords": "748.432389, 317.104890, 747.345756, 324.689317, 955.513109, 350.258217, 969.277134, 253.185619, 760.754118, 229.153889, 759.068854, 239.983348, 778.754050, 241.957072, 770.016966, 320.046594, 950.442152, 343.013993, 960.946277, 260.429843, 795.777976, 243.405917, 787.084907, 322.36795",
            "image_id": "BLD00028_PS3_K3A_NIA0276.png",
            "ingest_time": "2023-03-02T15:10:41.602602Z",
            "type_id": "5",
            "type_name": "기타 포장 도로"
         }
      },
      {
         "type": "Feature",
         "geometry": {
            "type": "Polygon",
            "coordinates": [
               [
                  31.404254,
                  30.03023,
                  0.0
               ],
               [
                  31.404252,
                  30.030179,
                  0.0
               ],
               [
                  31.405136,
                  30.030105,
                  0.0
               ],
               [
                  31.405191,
                  30.030606,
                  0.0
               ]
            ]
         },
         "properties": {
            "object_imcoords": "EMPTY",
            "building_imcoords": "EMPTY",
            "road_imcoords": "774.341300, 128.149593, 773.747783, 138.337263, 928.607885, 155.563635, 939.700990, 54.675438, 787.746662, 40.721475, 785.928755, 53.237313, 806.030335, 55.275249, 798.061689, 132.788443, 923.536928, 148.319411, 933.659492, 61.919662, 821.909581, 49.076303, 814.361192, 135.68613",
            "image_id": "BLD00028_PS3_K3A_NIA0276.png",
            "ingest_time": "2023-03-02T15:10:41.602602Z",
            "type_id": "5",
            "type_name": "기타 포장 도로"
         }
      },
      {
         "type": "Feature",
         "geometry": {
            "type": "Polygon",
            "coordinates": [
               [
                  31.39991,
                  30.025732,
                  0.0
               ],
               [
                  31.405749,
                  30.025802,
                  0.0
               ],
               [
                  31.405668,
                  30.030883,
                  0.0
               ],
               [
                  31.399829,
                  30.030812,
                  0.0
               ]
            ]
         },
         "properties": {
            "object_imcoords": "EMPTY",
            "building_imcoords": "EMPTY",
            "road_imcoords": "931.392581, 130.940265, 1008.475668, 142.721523, 1011.168527, 119.832222, 1003.426558, 104.011676, 978.517613, 93.240240, 984.576545, 86.171486, 1008.139061, 98.962566, 1018.910497, 119.495615, 1014.534601, 151.473315, 930.382759, 140.36527",
            "image_id": "BLD00028_PS3_K3A_NIA0276.png",
            "ingest_time": "2023-03-02T15:10:41.602602Z",
            "type_id": "5",
            "type_name": "기타 포장 도로"
         }
      },
      {
         "type": "Feature",
         "geometry": {
            "type": "Polygon",
            "coordinates": [
               [
                  31.404237,
                  30.030076,
                  0.0
               ],
               [
                  31.404673,
                  30.030028,
                  0.0
               ],
               [
                  31.404639,
                  30.029833,
                  0.0
               ],
               [
                  31.404812,
                  30.029817,
                  0.0
               ]
            ]
         },
         "properties": {
            "object_imcoords": "EMPTY",
            "building_imcoords": "EMPTY",
            "road_imcoords": "770.869756, 159.225335, 847.210426, 169.941914, 840.730046, 209.149949, 870.889423, 212.684114, 872.056352, 205.685809, 850.542621, 202.014285, 851.984302, 191.574322, 873.388569, 194.387626, 874.473891, 186.967385, 853.083932, 184.573328, 855.351527, 171.014687, 878.866273, 174.107157, 873.524964, 216.529748, 1000.907893, 229.921414, 1001.753526, 223.976197, 883.025293, 213.621637, 884.580037, 203.270668, 1002.615653, 214.718223, 1003.337636, 208.775817, 884.512413, 196.657648, 888.390852, 171.927393, 1005.836782, 187.908046, 1006.739233, 182.021119, 771.745057, 150.81903",
            "image_id": "BLD00028_PS3_K3A_NIA0276.png",
            "ingest_time": "2023-03-02T15:10:41.602602Z",
            "type_id": "5",
            "type_name": "기타 포장 도로"
         }
      },
      {
         "type": "Feature",
         "geometry": {
            "type": "Polygon",
            "coordinates": [
               [
                  31.405584,
                  30.029977,
                  0.0
               ],
               [
                  31.405555,
                  30.029741,
                  0.0
               ],
               [
                  31.405588,
                  30.029739,
                  0.0
               ],
               [
                  31.405616,
                  30.029974,
                  0.0
               ]
            ]
         },
         "properties": {
            "object_imcoords": "EMPTY",
            "building_imcoords": "EMPTY",
            "road_imcoords": "1006.762067, 182.318855, 1000.957501, 229.762507, 1006.788000, 230.395991, 1012.400456, 183.11851",
            "image_id": "BLD00028_PS3_K3A_NIA0276.png",
            "ingest_time": "2023-03-02T15:10:41.602602Z",
            "type_id": "5",
            "type_name": "기타 포장 도로"
         }
      },
      {
         "type": "Feature",
         "geometry": {
            "type": "Polygon",
            "coordinates": [
               [
                  31.404347,
                  30.030818,
                  0.0
               ],
               [
                  31.40442,
                  30.030817,
                  0.0
               ],
               [
                  31.404438,
                  30.030868,
                  0.0
               ],
               [
                  31.404473,
                  30.030865,
                  0.0
               ]
            ]
         },
         "properties": {
            "object_imcoords": "EMPTY",
            "building_imcoords": "EMPTY",
            "road_imcoords": "792.287217, 9.923538, 805.047050, 10.171627, 808.272200, 0.000000, 814.474411, 0.744265, 814.474411, 10.915892, 851.191503, 17.366192, 854.664741, 0.496177, 860.618864, 0.665847, 857.145626, 26.793554, 790.990842, 16.62192",
            "image_id": "BLD00028_PS3_K3A_NIA0276.png",
            "ingest_time": "2023-03-02T15:10:41.602602Z",
            "type_id": "5",
            "type_name": "기타 포장 도로"
         }
      },
      {
         "type": "Feature",
         "geometry": {
            "type": "Polygon",
            "coordinates": [
               [
                  31.405105,
                  30.025799,
                  0.0
               ],
               [
                  31.405198,
                  30.025957,
                  0.0
               ],
               [
                  31.405174,
                  30.026173,
                  0.0
               ],
               [
                  31.405097,
                  30.026728,
                  0.0
               ]
            ]
         },
         "properties": {
            "object_imcoords": "EMPTY",
            "building_imcoords": "EMPTY",
            "road_imcoords": "911.064737, 1023.080893, 927.723550, 991.486593, 924.276899, 947.829014, 912.213621, 835.812858, 905.320319, 759.412095, 907.618086, 673.820263, 920.255806, 561.229665, 931.170201, 485.403343, 957.020083, 400.960395, 975.402221, 340.644003, 1007.570964, 265.966566, 1024.000000, 224.606754, 1024.000000, 264.817682, 1002.400987, 315.368563, 981.146640, 376.259396, 963.913385, 431.980254, 946.680130, 489.998878, 934.042410, 569.271850, 921.404690, 684.160215, 920.255806, 765.730955, 923.702457, 840.982834, 940.361270, 945.531246, 943.233479, 975.402221, 934.042410, 1007.570964, 948.977897, 1001.826545, 971.381129, 1000.103220, 957.594525, 974.827780, 950.701223, 904.745877, 938.637945, 840.982834, 936.340177, 786.985302, 936.914619, 684.734657, 948.977897, 575.016268, 957.020083, 521.018737, 963.922554, 491.609149, 987.465500, 399.237069, 1008.719847, 336.622910, 1023.846168, 301.774734, 1024.000000, 325.708516, 1002.400987, 393.492651, 984.018849, 469.318972, 971.720292, 522.454841, 965.636710, 575.590710, 957.594525, 637.055986, 954.147874, 682.436890, 954.147874, 735.285538, 950.701223, 789.283070, 955.871199, 845.003927, 959.892292, 885.789297, 967.934478, 958.168967, 989.763267, 990.912151, 1003.615326, 1000.393315, 1005.509231, 1013.491841, 1002.911370, 1024.000000, 992.061034, 1024.000000, 977.125547, 1011.017615, 957.020083, 1010.443173, 939.212386, 1012.740940, 932.319084, 1024.00000",
            "image_id": "BLD00028_PS3_K3A_NIA0276.png",
            "ingest_time": "2023-03-02T15:10:41.602602Z",
            "type_id": "5",
            "type_name": "기타 포장 도로"
         }
      },
      {
         "type": "Feature",
         "geometry": {
            "type": "Polygon",
            "coordinates": [
               [
                  31.405356,
                  30.026623,
                  0.0
               ],
               [
                  31.405387,
                  30.026713,
                  0.0
               ],
               [
                  31.405357,
                  30.027231,
                  0.0
               ],
               [
                  31.405324,
                  30.027408,
                  0.0
               ]
            ]
         },
         "properties": {
            "object_imcoords": "EMPTY",
            "building_imcoords": "EMPTY",
            "road_imcoords": "957.346417, 857.688743, 963.041141, 839.655449, 959.244658, 735.252172, 953.993128, 699.348253, 953.848384, 687.949842, 961.459273, 701.083827, 964.623009, 721.015361, 989.400688, 718.950889, 989.084315, 727.143088, 964.306635, 725.444591, 964.939382, 731.455689, 989.184856, 731.572318, 988.767941, 738.299279, 966.204877, 740.946896, 968.603184, 852.797057, 959.193646, 879.72281",
            "image_id": "BLD00028_PS3_K3A_NIA0276.png",
            "ingest_time": "2023-03-02T15:10:41.602602Z",
            "type_id": "5",
            "type_name": "기타 포장 도로"
         }
      },
      {
         "type": "Feature",
         "geometry": {
            "type": "Polygon",
            "coordinates": [
               [
                  31.405708,
                  30.028367,
                  0.0
               ],
               [
                  31.40557,
                  30.028213,
                  0.0
               ],
               [
                  31.405536,
                  30.027996,
                  0.0
               ],
               [
                  31.405527,
                  30.027302,
                  0.0
               ]
            ]
         },
         "properties": {
            "object_imcoords": "EMPTY",
            "building_imcoords": "EMPTY",
            "road_imcoords": "1024.000000, 507.155148, 999.327409, 537.891514, 992.838387, 581.437500, 989.272416, 721.344470, 988.757170, 745.561035, 991.848646, 888.799436, 998.031599, 956.811915, 1005.760290, 967.632082, 1024.000000, 977.937003, 1023.793902, 968.147328, 1010.912750, 960.418637, 1005.245044, 949.083224, 1005.245044, 939.808795, 1024.000000, 938.778303, 1024.123767, 928.988628, 1004.729798, 930.019120, 1002.153567, 904.256818, 1024.000000, 904.772064, 1024.000000, 896.528127, 1002.668814, 897.558619, 1000.607829, 871.796317, 1024.000000, 872.311563, 1024.123767, 863.573021, 997.516353, 862.006642, 997.001107, 833.668109, 1023.793902, 833.668109, 1024.103126, 826.454664, 994.424877, 825.424172, 993.765655, 798.781348, 1024.000000, 799.304796, 1024.000000, 793.808594, 994.027379, 792.238251, 993.503931, 768.683099, 1024.000000, 768.683099, 1023.602180, 761.093106, 992.980483, 759.522763, 995.074274, 727.330723, 1024.000000, 725.498656, 1023.863904, 719.479006, 995.335998, 721.049349, 997.891818, 695.083266, 1024.000000, 696.169900, 1024.224107, 687.476831, 996.080762, 685.665775, 996.080762, 660.673203, 1023.608812, 661.759837, 1023.945865, 660.475321, 1023.956163, 652.610289, 998.254029, 650.169079, 999.340662, 583.884432, 1008.395942, 538.608034, 1024.000000, 514.33988",
            "image_id": "BLD00028_PS3_K3A_NIA0276.png",
            "ingest_time": "2023-03-02T15:10:41.602602Z",
            "type_id": "5",
            "type_name": "기타 포장 도로"
         }
      },
      {
         "type": "Feature",
         "geometry": {
            "type": "Polygon",
            "coordinates": [
               [
                  31.40537,
                  30.027952,
                  0.0
               ],
               [
                  31.405462,
                  30.028105,
                  0.0
               ],
               [
                  31.405508,
                  30.028367,
                  0.0
               ],
               [
                  31.405527,
                  30.028487,
                  0.0
               ]
            ]
         },
         "properties": {
            "object_imcoords": "EMPTY",
            "building_imcoords": "EMPTY",
            "road_imcoords": "963.572343, 589.926239, 980.133778, 559.304458, 988.915129, 506.616357, 992.524008, 482.523571, 979.971110, 487.202267, 981.872334, 478.527113, 997.020990, 471.153212, 1018.636622, 461.696373, 991.694634, 437.891609, 994.478204, 426.795283, 1024.000000, 456.019864, 1024.000000, 469.062659, 998.246836, 480.847036, 994.656781, 509.656055, 985.537686, 561.330923, 962.158037, 602.86682",
            "image_id": "BLD00028_PS3_K3A_NIA0276.png",
            "ingest_time": "2023-03-02T15:10:41.602602Z",
            "type_id": "5",
            "type_name": "기타 포장 도로"
         }
      },
      {
         "type": "Feature",
         "geometry": {
            "type": "Polygon",
            "coordinates": [
               [
                  31.39991,
                  30.025732,
                  0.0
               ],
               [
                  31.405749,
                  30.025802,
                  0.0
               ],
               [
                  31.405668,
                  30.030883,
                  0.0
               ],
               [
                  31.399829,
                  30.030812,
                  0.0
               ]
            ]
         },
         "properties": {
            "object_imcoords": "EMPTY",
            "building_imcoords": "EMPTY",
            "road_imcoords": "743.974979, 348.613944, 963.288459, 379.447132, 959.807293, 390.387940, 742.454065, 359.80899",
            "image_id": "BLD00028_PS3_K3A_NIA0276.png",
            "ingest_time": "2023-03-02T15:10:41.602602Z",
            "type_id": "5",
            "type_name": "기타 포장 도로"
         }
      },
      {
         "type": "Feature",
         "geometry": {
            "type": "Polygon",
            "coordinates": [
               [
                  31.39991,
                  30.025732,
                  0.0
               ],
               [
                  31.405749,
                  30.025802,
                  0.0
               ],
               [
                  31.405668,
                  30.030883,
                  0.0
               ],
               [
                  31.399829,
                  30.030812,
                  0.0
               ]
            ]
         },
         "properties": {
            "object_imcoords": "EMPTY",
            "building_imcoords": "EMPTY",
            "road_imcoords": "1004.556601, 1005.127291, 1024.000000, 1008.551429, 1024.000000, 1012.118240, 1004.984618, 1009.12211",
            "image_id": "BLD00028_PS3_K3A_NIA0276.png",
            "ingest_time": "2023-03-02T15:10:41.602602Z",
            "type_id": "5",
            "type_name": "기타 포장 도로"
         }
      },
      {
         "type": "Feature",
         "geometry": {
            "type": "Polygon",
            "coordinates": [
               [
                  31.39991,
                  30.025732,
                  0.0
               ],
               [
                  31.405749,
                  30.025802,
                  0.0
               ],
               [
                  31.405668,
                  30.030883,
                  0.0
               ],
               [
                  31.399829,
                  30.030812,
                  0.0
               ]
            ]
         },
         "properties": {
            "object_imcoords": "EMPTY",
            "building_imcoords": "EMPTY",
            "road_imcoords": "1004.051323, 1019.542229, 1024.000000, 1020.143817, 1024.000000, 1024.000000, 1002.848146, 1024.00000",
            "image_id": "BLD00028_PS3_K3A_NIA0276.png",
            "ingest_time": "2023-03-02T15:10:41.602602Z",
            "type_id": "5",
            "type_name": "기타 포장 도로"
         }
      },
      {
         "type": "Feature",
         "geometry": {
            "type": "Polygon",
            "coordinates": [
               [
                  31.403032,
                  30.030844,
                  0.0
               ],
               [
                  31.402869,
                  30.030848,
                  0.0
               ],
               [
                  31.402181,
                  30.025759,
                  0.0
               ],
               [
                  31.402326,
                  30.025763,
                  0.0
               ]
            ]
         },
         "properties": {
            "object_imcoords": "EMPTY",
            "building_imcoords": "EMPTY",
            "road_imcoords": "561.672330, 1.458288, 533.212785, 0.165805, 398.194025, 1024.000000, 423.629494, 1023.585694, 471.892802, 722.801351, 488.328412, 658.451541, 526.901629, 551.375722, 546.013281, 480.429940, 543.166050, 446.600271, 533.338125, 495.595600, 465.673180, 696.20445",
            "image_id": "BLD00028_PS3_K3A_NIA0276.png",
            "ingest_time": "2023-03-02T15:10:41.602602Z",
            "type_id": "1",
            "type_name": "분리형 고속도로"
         }
      },
      {
         "type": "Feature",
         "geometry": {
            "type": "Polygon",
            "coordinates": [
               [
                  31.402977,
                  30.028466,
                  0.0
               ],
               [
                  31.402962,
                  30.028635,
                  0.0
               ],
               [
                  31.403408,
                  30.030856,
                  0.0
               ],
               [
                  31.403565,
                  30.030857,
                  0.0
               ]
            ]
         },
         "properties": {
            "object_imcoords": "EMPTY",
            "building_imcoords": "EMPTY",
            "road_imcoords": "545.395119, 480.408693, 543.182579, 446.405710, 627.640918, -0.035394, 655.300254, 0.105213, 627.521847, 164.023294, 646.752095, 96.331474, 663.764180, -0.035394, 671.893553, -0.379279, 655.017824, 96.326151, 608.375688, 246.392154, 531.570766, 747.354652, 530.107598, 761.082300, 527.453763, 769.578893, 500.950574, 1024.546003, 477.581557, 1025.117983, 480.903071, 969.708218, 490.925946, 891.128910, 535.436302, 548.14157",
            "image_id": "BLD00028_PS3_K3A_NIA0276.png",
            "ingest_time": "2023-03-02T15:10:41.602602Z",
            "type_id": "2",
            "type_name": "고속도로"
         }
      },
      {
         "type": "Feature",
         "geometry": {
            "type": "Polygon",
            "coordinates": [
               [
                  31.404215,
                  30.029943,
                  0.0
               ],
               [
                  31.404297,
                  30.029936,
                  0.0
               ],
               [
                  31.404308,
                  30.03,
                  0.0
               ],
               [
                  31.404525,
                  30.02998,
                  0.0
               ]
            ]
         },
         "properties": {
            "object_imcoords": "EMPTY",
            "building_imcoords": "EMPTY",
            "road_imcoords": "766.640922, 185.891742, 780.920233, 187.402706, 783.121246, 174.547753, 821.077956, 179.235033, 819.489797, 192.847821, 812.982773, 191.631522, 814.044682, 184.240504, 789.995425, 181.503831, 788.634146, 188.310225, 786.365348, 204.418690, 811.030421, 206.094665, 812.910283, 192.012791, 819.272328, 192.925015, 816.820909, 213.112612, 778.738040, 209.791315, 780.612938, 195.659853, 765.796482, 194.51317",
            "image_id": "BLD00028_PS3_K3A_NIA0276.png",
            "ingest_time": "2023-03-02T15:10:41.602602Z",
            "type_id": "5",
            "type_name": "기타 포장 도로"
         }
      },
      {
         "type": "Feature",
         "geometry": {
            "type": "Polygon",
            "coordinates": [
               [
                  31.405144,
                  30.030156,
                  0.0
               ],
               [
                  31.405456,
                  30.03013,
                  0.0
               ],
               [
                  31.405453,
                  30.030097,
                  0.0
               ],
               [
                  31.405137,
                  30.03012,
                  0.0
               ]
            ]
         },
         "properties": {
            "object_imcoords": "EMPTY",
            "building_imcoords": "EMPTY",
            "road_imcoords": "930.171212, 145.227879, 984.832133, 151.140162, 984.117168, 157.882562, 928.789763, 152.45684",
            "image_id": "BLD00028_PS3_K3A_NIA0276.png",
            "ingest_time": "2023-03-02T15:10:41.602602Z",
            "type_id": "5",
            "type_name": "기타 포장 도로"
         }
      },
      {
         "type": "Feature",
         "geometry": {
            "type": "Polygon",
            "coordinates": [
               [
                  31.404979,
                  30.030873,
                  0.0
               ],
               [
                  31.405056,
                  30.030876,
                  0.0
               ],
               [
                  31.405134,
                  30.030877,
                  0.0
               ],
               [
                  31.405673,
                  30.030579,
                  0.0
               ]
            ]
         },
         "properties": {
            "object_imcoords": "EMPTY",
            "building_imcoords": "EMPTY",
            "road_imcoords": "903.250896, 0.291183, 916.645333, 0.000000, 930.484785, 0.000000, 1024.000000, 61.188968, 1024.000000, 77.02622",
            "image_id": "BLD00028_PS3_K3A_NIA0276.png",
            "ingest_time": "2023-03-02T15:10:41.602602Z",
            "type_id": "5",
            "type_name": "기타 포장 도로"
         }
      },
      {
         "type": "Feature",
         "geometry": {
            "type": "Polygon",
            "coordinates": [
               [
                  31.403869,
                  30.030848,
                  0.0
               ],
               [
                  31.40382,
                  30.030788,
                  0.0
               ],
               [
                  31.403749,
                  30.030707,
                  0.0
               ],
               [
                  31.403712,
                  30.030604,
                  0.0
               ]
            ]
         },
         "properties": {
            "object_imcoords": "EMPTY",
            "building_imcoords": "EMPTY",
            "road_imcoords": "708.432640, 2.675855, 699.736111, 14.717203, 687.025799, 30.772334, 680.336162, 51.510211, 674.984451, 80.944617, 677.660306, 87.634255, 687.484490, 82.353255, 683.012017, 60.875704, 691.039582, 28.096479, 705.756785, 22.744768, 703.080930, 44.820573, 692.377510, 72.917052, 687.201647, 82.775661, 691.391277, 84.042878, 703.080930, 68.903269, 712.446423, 36.124044, 717.129169, 14.048239, 715.791242, 2.006891, 715.122278, 1.33792",
            "image_id": "BLD00028_PS3_K3A_NIA0276.png",
            "ingest_time": "2023-03-02T15:10:41.602602Z",
            "type_id": "6",
            "type_name": "보도"
         }
      },
      {
         "type": "Feature",
         "geometry": {
            "type": "Polygon",
            "coordinates": [
               [
                  31.403755,
                  30.030452,
                  0.0
               ],
               [
                  31.403704,
                  30.030432,
                  0.0
               ],
               [
                  31.40373,
                  30.030364,
                  0.0
               ],
               [
                  31.40371,
                  30.030268,
                  0.0
               ]
            ]
         },
         "properties": {
            "object_imcoords": "EMPTY",
            "building_imcoords": "EMPTY",
            "road_imcoords": "687.475012, 82.141435, 678.407251, 86.127487, 682.772394, 99.781187, 679.035271, 119.214228, 673.938577, 140.992697, 672.682162, 155.090610, 672.248796, 185.315690, 665.729299, 234.540077, 647.060070, 302.407713, 642.205226, 331.137070, 636.428820, 361.493038, 627.611334, 464.483901, 624.719557, 594.603519, 625.937477, 649.425389, 627.657988, 655.534368, 612.336618, 693.202079, 603.156143, 697.065633, 596.436327, 698.251216, 586.756140, 700.938097, 580.515189, 709.760740, 578.044483, 724.896327, 577.415321, 747.550359, 573.773472, 763.695231, 572.335835, 775.442562, 574.695076, 819.729851, 581.727938, 852.233050, 582.536746, 897.921921, 579.827846, 939.157726, 567.292894, 994.590821, 564.831067, 1007.646291, 558.660670, 1023.176136, 566.316579, 1023.281892, 573.859473, 1003.532525, 578.380686, 988.134055, 583.719287, 964.000405, 587.414028, 939.132818, 590.780822, 899.847797, 588.741451, 856.904479, 584.063526, 823.148696, 577.381102, 785.454701, 579.491441, 764.636895, 584.141325, 753.171580, 590.461686, 739.842279, 586.318333, 728.426157, 583.039952, 718.785065, 586.935105, 707.806053, 599.246406, 704.057602, 604.523349, 706.108375, 586.791827, 727.818880, 590.466402, 738.329444, 604.718873, 716.130413, 607.791039, 712.559787, 608.435847, 722.591512, 606.951538, 731.112269, 603.168150, 736.605622, 591.047469, 740.057404, 583.878751, 753.069113, 610.489246, 739.354399, 614.755403, 729.015786, 616.038221, 713.951537, 611.445012, 704.605664, 616.888501, 701.986262, 631.914316, 660.042832, 633.466235, 645.441022, 628.799014, 612.848870, 631.230140, 576.719788, 632.268756, 457.436865, 642.129972, 359.124679, 655.585452, 290.602608, 670.575834, 239.993208, 677.772947, 184.411721, 680.167904, 140.105008, 690.945213, 98.193254, 690.945213, 83.675594, 690.445145, 83.98961",
            "image_id": "BLD00028_PS3_K3A_NIA0276.png",
            "ingest_time": "2023-03-02T15:10:41.602602Z",
            "type_id": "6",
            "type_name": "보도"
         }
      },
      {
         "type": "Feature",
         "geometry": {
            "type": "Polygon",
            "coordinates": [
               [
                  31.403322,
                  30.025775,
                  0.0
               ],
               [
                  31.403303,
                  30.025773,
                  0.0
               ],
               [
                  31.403959,
                  30.030587,
                  0.0
               ],
               [
                  31.404001,
                  30.030865,
                  0.0
               ]
            ]
         },
         "properties": {
            "object_imcoords": "EMPTY",
            "building_imcoords": "EMPTY",
            "road_imcoords": "598.357763, 1023.570207, 595.051027, 1023.983932, 723.634252, 55.400961, 731.772853, -0.429283, 734.407532, 0.42928",
            "image_id": "BLD00028_PS3_K3A_NIA0276.png",
            "ingest_time": "2023-03-02T15:10:41.602602Z",
            "type_id": "6",
            "type_name": "보도"
         }
      },
      {
         "type": "Feature",
         "geometry": {
            "type": "Polygon",
            "coordinates": [
               [
                  31.40346,
                  30.026783,
                  0.0
               ],
               [
                  31.403517,
                  30.026779,
                  0.0
               ],
               [
                  31.403514,
                  30.026741,
                  0.0
               ],
               [
                  31.403455,
                  30.026749,
                  0.0
               ]
            ]
         },
         "properties": {
            "object_imcoords": "EMPTY",
            "building_imcoords": "EMPTY",
            "road_imcoords": "625.310767, 820.874374, 635.409810, 821.792469, 634.776932, 829.387008, 624.414083, 827.61774",
            "image_id": "BLD00028_PS3_K3A_NIA0276.png",
            "ingest_time": "2023-03-02T15:10:41.602602Z",
            "type_id": "6",
            "type_name": "보도"
         }
      },
      {
         "type": "Feature",
         "geometry": {
            "type": "Polygon",
            "coordinates": [
               [
                  31.403645,
                  30.028122,
                  0.0
               ],
               [
                  31.403711,
                  30.028118,
                  0.0
               ],
               [
                  31.403701,
                  30.028086,
                  0.0
               ],
               [
                  31.403638,
                  30.028087,
                  0.0
               ]
            ]
         },
         "properties": {
            "object_imcoords": "EMPTY",
            "building_imcoords": "EMPTY",
            "road_imcoords": "661.624766, 551.353971, 673.151329, 552.314518, 671.230235, 558.846238, 660.202225, 558.478637, 660.689424, 554.81473",
            "image_id": "BLD00028_PS3_K3A_NIA0276.png",
            "ingest_time": "2023-03-02T15:10:41.602602Z",
            "type_id": "6",
            "type_name": "보도"
         }
      },
      {
         "type": "Feature",
         "geometry": {
            "type": "Polygon",
            "coordinates": [
               [
                  31.403828,
                  30.029457,
                  0.0
               ],
               [
                  31.403897,
                  30.029453,
                  0.0
               ],
               [
                  31.403895,
                  30.02942,
                  0.0
               ],
               [
                  31.40382,
                  30.029425,
                  0.0
               ]
            ]
         },
         "properties": {
            "object_imcoords": "EMPTY",
            "building_imcoords": "EMPTY",
            "road_imcoords": "697.431883, 282.896599, 709.456571, 283.845916, 709.140132, 290.491138, 696.003597, 289.240040, 696.182642, 287.89356",
            "image_id": "BLD00028_PS3_K3A_NIA0276.png",
            "ingest_time": "2023-03-02T15:10:41.602602Z",
            "type_id": "6",
            "type_name": "보도"
         }
      },
      {
         "type": "Feature",
         "geometry": {
            "type": "Polygon",
            "coordinates": [
               [
                  31.405021,
                  30.027534,
                  0.0
               ],
               [
                  31.405061,
                  30.027865,
                  0.0
               ],
               [
                  31.405157,
                  30.028394,
                  0.0
               ],
               [
                  31.405292,
                  30.028904,
                  0.0
               ]
            ]
         },
         "properties": {
            "object_imcoords": "EMPTY",
            "building_imcoords": "EMPTY",
            "road_imcoords": "901.170955, 673.369822, 909.126319, 606.752324, 927.415349, 500.406215, 952.543818, 397.853779, 948.966687, 395.847640, 927.476640, 478.726243, 908.751635, 591.372466, 897.972325, 675.852020, 895.620458, 802.851950, 751.617814, 787.061649, 751.676429, 789.818526, 895.773542, 808.926567, 914.473484, 974.680224, 895.145463, 1024.000000, 897.002197, 1024.208772, 917.822770, 973.713043, 900.928084, 803.67691",
            "image_id": "BLD00028_PS3_K3A_NIA0276.png",
            "ingest_time": "2023-03-02T15:10:41.602602Z",
            "type_id": "6",
            "type_name": "보도"
         }
      },
      {
         "type": "Feature",
         "geometry": {
            "type": "Polygon",
            "coordinates": [
               [
                  31.404675,
                  30.029764,
                  0.0
               ],
               [
                  31.404675,
                  30.029747,
                  0.0
               ],
               [
                  31.405552,
                  30.029643,
                  0.0
               ],
               [
                  31.40558,
                  30.029612,
                  0.0
               ]
            ]
         },
         "properties": {
            "object_imcoords": "EMPTY",
            "building_imcoords": "EMPTY",
            "road_imcoords": "846.791161, 223.089600, 846.791161, 226.570430, 1000.264148, 249.670488, 1005.010736, 255.999271, 953.431154, 376.562587, 962.291451, 377.511904, 970.165774, 357.826097, 975.402221, 340.644003, 998.311673, 287.461348, 1010.390201, 257.265028, 1023.224311, 223.479963, 1023.971735, 208.157758, 1008.275818, 241.79186",
            "image_id": "BLD00028_PS3_K3A_NIA0276.png",
            "ingest_time": "2023-03-02T15:10:41.602602Z",
            "type_id": "6",
            "type_name": "보도"
         }
      },
      {
         "type": "Feature",
         "geometry": {
            "type": "Polygon",
            "coordinates": [
               [
                  31.404851,
                  30.03087,
                  0.0
               ],
               [
                  31.40489,
                  30.030874,
                  0.0
               ],
               [
                  31.405672,
                  30.030464,
                  0.0
               ],
               [
                  31.405675,
                  30.030454,
                  0.0
               ]
            ]
         },
         "properties": {
            "object_imcoords": "EMPTY",
            "building_imcoords": "EMPTY",
            "road_imcoords": "880.817221, 0.566442, 887.614524, 0.000000, 1023.560590, 84.399849, 1024.000000, 86.450428, 1024.000000, 91.52961",
            "image_id": "BLD00028_PS3_K3A_NIA0276.png",
            "ingest_time": "2023-03-02T15:10:41.602602Z",
            "type_id": "6",
            "type_name": "보도"
         }
      },
      {
         "type": "Feature",
         "geometry": {
            "type": "Polygon",
            "coordinates": [
               [
                  31.40295,
                  30.02577,
                  0.0
               ],
               [
                  31.402988,
                  30.025896,
                  0.0
               ],
               [
                  31.402999,
                  30.026066,
                  0.0
               ],
               [
                  31.403025,
                  30.02627,
                  0.0
               ]
            ]
         },
         "properties": {
            "object_imcoords": "EMPTY",
            "building_imcoords": "EMPTY",
            "road_imcoords": "533.149597, 1023.732572, 540.194231, 998.489479, 542.514489, 964.071842, 547.743134, 923.018792, 548.262415, 908.998069, 547.732294, 875.069942, 556.199169, 787.225832, 557.788046, 754.388677, 567.843947, 680.821921, 575.701090, 608.536589, 573.036495, 597.345425, 576.796264, 574.160339, 586.116516, 574.160339, 598.272217, 574.160339, 606.199829, 574.160339, 616.239309, 574.160339, 623.612937, 576.429193, 621.554299, 583.119635, 615.186716, 581.160339, 606.199829, 581.160339, 598.272217, 581.160339, 586.116516, 581.160339, 582.752564, 581.160339, 580.170170, 597.084995, 582.790731, 608.091219, 574.792528, 681.674295, 564.765055, 755.033076, 563.182911, 787.731077, 554.737555, 875.351933, 555.264440, 909.072976, 554.726715, 923.591682, 549.484656, 964.750057, 547.129988, 999.678123, 540.342439, 1024.000000, 533.149597, 1024.00000",
            "image_id": "BLD00028_PS3_K3A_NIA0276.png",
            "ingest_time": "2023-03-02T15:10:41.602602Z",
            "type_id": "6",
            "type_name": "보도"
         }
      },
      {
         "type": "Feature",
         "geometry": {
            "type": "Polygon",
            "coordinates": [
               [
                  31.403306,
                  30.028756,
                  0.0
               ],
               [
                  31.403308,
                  30.028991,
                  0.0
               ],
               [
                  31.403329,
                  30.029111,
                  0.0
               ],
               [
                  31.403419,
                  30.029194,
                  0.0
               ]
            ]
         },
         "properties": {
            "object_imcoords": "EMPTY",
            "building_imcoords": "EMPTY",
            "road_imcoords": "603.929001, 422.779419, 604.901783, 375.599616, 609.018218, 351.415592, 625.038134, 334.910161, 628.670644, 310.390744, 622.967462, 283.775956, 629.812079, 282.309249, 635.780772, 310.163089, 631.632032, 338.167048, 615.554414, 354.731930, 611.889599, 376.262688, 610.917068, 423.430358, 585.795370, 574.160339, 578.698813, 574.16033",
            "image_id": "BLD00028_PS3_K3A_NIA0276.png",
            "ingest_time": "2023-03-02T15:10:41.602602Z",
            "type_id": "6",
            "type_name": "보도"
         }
      },
      {
         "type": "Feature",
         "geometry": {
            "type": "Polygon",
            "coordinates": [
               [
                  31.40349,
                  30.029251,
                  0.0
               ],
               [
                  31.40347,
                  30.029258,
                  0.0
               ],
               [
                  31.403475,
                  30.029293,
                  0.0
               ],
               [
                  31.403528,
                  30.029276,
                  0.0
               ]
            ]
         },
         "properties": {
            "object_imcoords": "EMPTY",
            "building_imcoords": "EMPTY",
            "road_imcoords": "637.515740, 323.505993, 634.007424, 322.133174, 635.060011, 315.028218, 644.315379, 318.649884, 643.137437, 325.620553, 643.108513, 325.69446",
            "image_id": "BLD00028_PS3_K3A_NIA0276.png",
            "ingest_time": "2023-03-02T15:10:41.602602Z",
            "type_id": "6",
            "type_name": "보도"
         }
      }
   ]
}