{
   "type": "FeatureCollection",
   "features": [
      {
         "type": "Feature",
         "geometry": {
            "type": "Polygon",
            "coordinates": [
               [
                  31.359727,
                  30.009992,
                  0.0
               ],
               [
                  31.360211,
                  30.009588,
                  0.0
               ],
               [
                  31.360663,
                  30.009179,
                  0.0
               ],
               [
                  31.361231,
                  30.008715,
                  0.0
               ]
            ]
         },
         "properties": {
            "object_imcoords": "EMPTY",
            "building_imcoords": "EMPTY",
            "road_imcoords": "76.489670, 0.000000, 160.081953, 82.499573, 238.210688, 166.091856, 336.554550, 261.157589, 408.127027, 325.627454, 448.557282, 370.428547, 531.603210, 457.845313, 642.513232, 561.652723, 763.257640, 647.976780, 880.723920, 720.641967, 947.379204, 752.330545, 1024.000000, 784.019122, 1024.000000, 777.462865, 888.372887, 714.632064, 726.651870, 612.463719, 634.317910, 541.983951, 483.523988, 392.282739, 406.487963, 309.236811, 266.621137, 183.575209, 131.671504, 34.966707, 93.973024, 0.00000",
            "image_id": "BLD00114_PS3_K3A_NIA0276.png",
            "ingest_time": "2023-03-02T15:10:41.602602Z",
            "type_id": "3",
            "type_name": "1차 도로"
         }
      },
      {
         "type": "Feature",
         "geometry": {
            "type": "Polygon",
            "coordinates": [
               [
                  31.359924,
                  30.009994,
                  0.0
               ],
               [
                  31.360361,
                  30.009643,
                  0.0
               ],
               [
                  31.361053,
                  30.009008,
                  0.0
               ],
               [
                  31.361656,
                  30.008541,
                  0.0
               ]
            ]
         },
         "properties": {
            "object_imcoords": "EMPTY",
            "building_imcoords": "EMPTY",
            "road_imcoords": "110.961514, 0.000000, 186.561666, 71.942081, 306.058682, 201.600406, 410.516957, 297.116728, 486.930014, 377.187857, 572.285025, 462.542868, 655.201321, 541.394640, 740.149879, 608.052839, 848.672679, 670.240061, 941.343833, 723.078877, 1024.000000, 759.253144, 1024.000000, 746.246666, 849.079131, 661.298107, 704.788518, 568.220500, 608.052839, 484.897752, 504.813921, 381.252382, 414.175029, 286.548965, 309.716753, 189.813286, 130.064778, 0.00000",
            "image_id": "BLD00114_PS3_K3A_NIA0276.png",
            "ingest_time": "2023-03-02T15:10:41.602602Z",
            "type_id": "3",
            "type_name": "1차 도로"
         }
      },
      {
         "type": "Feature",
         "geometry": {
            "type": "Polygon",
            "coordinates": [
               [
                  31.359319,
                  30.008333,
                  0.0
               ],
               [
                  31.36059,
                  30.00872,
                  0.0
               ],
               [
                  31.360636,
                  30.008619,
                  0.0
               ],
               [
                  31.359853,
                  30.008363,
                  0.0
               ]
            ]
         },
         "properties": {
            "object_imcoords": "EMPTY",
            "building_imcoords": "EMPTY",
            "road_imcoords": "0.000000, 333.229755, 224.068283, 258.540327, 231.960714, 279.007907, 93.786990, 328.495543, 113.803030, 410.404393, 226.456205, 770.434169, 280.064127, 929.387645, 317.880485, 1024.000000, 305.982751, 1024.000000, 244.546377, 863.840413, 191.550963, 696.845990, 105.504707, 423.997398, 0.241860, 443.321996, -0.131852, 431.516117, 100.953842, 412.433378, 80.705151, 332.264824, -0.262572, 358.769212, 0.000000, 348.00449",
            "image_id": "BLD00114_PS3_K3A_NIA0276.png",
            "ingest_time": "2023-03-02T15:10:41.602602Z",
            "type_id": "5",
            "type_name": "기타 포장 도로"
         }
      }
   ]
}