{
   "type": "FeatureCollection",
   "features": [
      {
         "type": "Feature",
         "geometry": {
            "type": "Polygon",
            "coordinates": [
               [
                  31.335931,
                  30.01029,
                  0.0
               ],
               [
                  31.337934,
                  30.009718,
                  0.0
               ],
               [
                  31.338499,
                  30.009726,
                  0.0
               ],
               [
                  31.337819,
                  30.009893,
                  0.0
               ]
            ]
         },
         "properties": {
            "object_imcoords": "EMPTY",
            "building_imcoords": "EMPTY",
            "road_imcoords": "0.000000, 903.775404, 349.594220, 1024.000000, 448.746707, 1023.951825, 330.012652, 988.435504, 0.000000, 875.22901",
            "image_id": "BLD00084_PS3_K3A_NIA0276.png",
            "ingest_time": "2023-03-02T15:10:41.602602Z",
            "type_id": "4",
            "type_name": "2차 도로"
         }
      },
      {
         "type": "Feature",
         "geometry": {
            "type": "Polygon",
            "coordinates": [
               [
                  31.335941,
                  30.009693,
                  0.0
               ],
               [
                  31.341779,
                  30.009767,
                  0.0
               ],
               [
                  31.341694,
                  30.014847,
                  0.0
               ],
               [
                  31.335856,
                  30.014774,
                  0.0
               ]
            ]
         },
         "properties": {
            "object_imcoords": "EMPTY",
            "building_imcoords": "EMPTY",
            "road_imcoords": "605.873156, 1024.000000, 704.749126, 1017.994199, 754.582298, 1009.263798, 793.347985, 999.213653, 831.432523, 983.714309, 886.998180, 945.252467, 921.002002, 912.951032, 954.450513, 870.748299, 986.535396, 807.519777, 1014.169197, 746.080479, 1024.000000, 717.804529, 1024.000000, 753.111385, 1000.161724, 814.955279, 983.322655, 848.923674, 965.415839, 879.154960, 932.824879, 922.499866, 894.667121, 960.731471, 868.532539, 978.872186, 839.194721, 996.479028, 805.056555, 1016.564087, 781.061972, 1024.000000, 729.320846, 1024.00000",
            "image_id": "BLD00084_PS3_K3A_NIA0276.png",
            "ingest_time": "2023-03-02T15:10:41.602602Z",
            "type_id": "4",
            "type_name": "2차 도로"
         }
      },
      {
         "type": "Feature",
         "geometry": {
            "type": "Polygon",
            "coordinates": [
               [
                  31.335941,
                  30.009693,
                  0.0
               ],
               [
                  31.341779,
                  30.009767,
                  0.0
               ],
               [
                  31.341694,
                  30.014847,
                  0.0
               ],
               [
                  31.335856,
                  30.014774,
                  0.0
               ]
            ]
         },
         "properties": {
            "object_imcoords": "EMPTY",
            "building_imcoords": "EMPTY",
            "road_imcoords": "809.020889, 1023.550434, 865.808121, 990.424549, 905.101356, 961.278513, 944.482100, 921.909867, 985.807601, 860.390365, 1007.039292, 816.694093, 1024.000000, 768.726840, 1024.000000, 811.538638, 1010.796356, 839.694148, 995.991093, 865.180295, 974.812616, 899.026547, 952.566393, 931.271181, 917.863085, 966.763202, 872.733543, 1000.422960, 839.334277, 1023.46612",
            "image_id": "BLD00084_PS3_K3A_NIA0276.png",
            "ingest_time": "2023-03-02T15:10:41.602602Z",
            "type_id": "4",
            "type_name": "2차 도로"
         }
      },
      {
         "type": "Feature",
         "geometry": {
            "type": "Polygon",
            "coordinates": [
               [
                  31.338357,
                  30.012562,
                  0.0
               ],
               [
                  31.33812,
                  30.012097,
                  0.0
               ],
               [
                  31.338172,
                  30.012081,
                  0.0
               ],
               [
                  31.338267,
                  30.012255,
                  0.0
               ]
            ]
         },
         "properties": {
            "object_imcoords": "EMPTY",
            "building_imcoords": "EMPTY",
            "road_imcoords": "432.028250, 452.004995, 389.094143, 545.223874, 398.235972, 548.552790, 415.453502, 513.728804, 480.878011, 537.733901, 463.661609, 574.564730, 476.859614, 579.395698, 517.693312, 477.231456, 527.722403, 445.899947, 506.682128, 438.837696, 487.785897, 464.882311, 481.213353, 483.561412, 485.195474, 487.103674, 485.852799, 492.267528, 479.511702, 514.710796, 476.221136, 517.767479, 419.201879, 503.836140, 442.024300, 455.70611",
            "image_id": "BLD00084_PS3_K3A_NIA0276.png",
            "ingest_time": "2023-03-02T15:10:41.602602Z",
            "type_id": "5",
            "type_name": "기타 포장 도로"
         }
      },
      {
         "type": "Feature",
         "geometry": {
            "type": "Polygon",
            "coordinates": [
               [
                  31.339828,
                  30.011845,
                  0.0
               ],
               [
                  31.339618,
                  30.011913,
                  0.0
               ],
               [
                  31.339593,
                  30.011951,
                  0.0
               ],
               [
                  31.339599,
                  30.012005,
                  0.0
               ]
            ]
         },
         "properties": {
            "object_imcoords": "EMPTY",
            "building_imcoords": "EMPTY",
            "road_imcoords": "687.965058, 600.224135, 651.356213, 585.991981, 647.131360, 578.287035, 648.205584, 567.464985, 661.337451, 546.169739, 675.825173, 517.345041, 663.672461, 510.692005, 644.611482, 551.861118, 574.129713, 523.609628, 581.931670, 502.535330, 591.907973, 482.213231, 575.895825, 471.461458, 524.537966, 597.932744, 539.661307, 602.975436, 568.518516, 536.477613, 607.200023, 551.064931, 577.172566, 617.810132, 588.969028, 621.927046, 617.381280, 555.915249, 633.206002, 562.562847, 636.382217, 571.427787, 635.687117, 582.956035, 637.642360, 591.480624, 645.876564, 598.617519, 682.584405, 614.86999",
            "image_id": "BLD00084_PS3_K3A_NIA0276.png",
            "ingest_time": "2023-03-02T15:10:41.602602Z",
            "type_id": "5",
            "type_name": "기타 포장 도로"
         }
      },
      {
         "type": "Feature",
         "geometry": {
            "type": "Polygon",
            "coordinates": [
               [
                  31.335941,
                  30.009693,
                  0.0
               ],
               [
                  31.341779,
                  30.009767,
                  0.0
               ],
               [
                  31.341694,
                  30.014847,
                  0.0
               ],
               [
                  31.335856,
                  30.014774,
                  0.0
               ]
            ]
         },
         "properties": {
            "object_imcoords": "EMPTY",
            "building_imcoords": "EMPTY",
            "road_imcoords": "1024.000000, 45.754557, 983.831402, 43.369248, 925.282917, 31.442705, 860.229044, 18.648777, 814.040794, 11.276005, 793.657247, 6.939080, 778.478010, 0.000000, 800.379481, 0.000000, 862.180660, 9.541235, 927.017687, 23.202548, 984.698787, 33.828014, 1024.000000, 36.43016",
            "image_id": "BLD00084_PS3_K3A_NIA0276.png",
            "ingest_time": "2023-03-02T15:10:41.602602Z",
            "type_id": "3",
            "type_name": "1차 도로"
         }
      },
      {
         "type": "Feature",
         "geometry": {
            "type": "Polygon",
            "coordinates": [
               [
                  31.340052,
                  30.014821,
                  0.0
               ],
               [
                  31.340207,
                  30.014744,
                  0.0
               ],
               [
                  31.340319,
                  30.014722,
                  0.0
               ],
               [
                  31.341415,
                  30.014551,
                  0.0
               ]
            ]
         },
         "properties": {
            "object_imcoords": "EMPTY",
            "building_imcoords": "EMPTY",
            "road_imcoords": "735.882197, 1.197479, 762.987977, 17.027255, 782.504139, 21.797872, 974.196217, 59.095426, 1009.759001, 63.649197, 1027.592436, 64.082889, 1027.592436, 53.240577, 1010.626386, 52.806885, 976.364680, 47.819421, 789.443219, 10.521867, 766.457517, 2.715403, 763.218360, 1.19747",
            "image_id": "BLD00084_PS3_K3A_NIA0276.png",
            "ingest_time": "2023-03-02T15:10:41.602602Z",
            "type_id": "3",
            "type_name": "1차 도로"
         }
      },
      {
         "type": "Feature",
         "geometry": {
            "type": "Polygon",
            "coordinates": [
               [
                  31.339987,
                  30.012166,
                  0.0
               ],
               [
                  31.339627,
                  30.012307,
                  0.0
               ],
               [
                  31.339276,
                  30.012446,
                  0.0
               ],
               [
                  31.339183,
                  30.012485,
                  0.0
               ]
            ]
         },
         "properties": {
            "object_imcoords": "EMPTY",
            "building_imcoords": "EMPTY",
            "road_imcoords": "716.875976, 535.909715, 654.162163, 506.754264, 592.955288, 477.799214, 576.825459, 469.650096, 562.330846, 463.600357, 530.659757, 449.467643, 507.799129, 439.368293, 495.764962, 465.748598, 480.825273, 464.455384, 432.230607, 450.869337, 447.279323, 435.595728, 494.936214, 449.324943, 500.644245, 433.293143, 489.668686, 427.731019, 507.484242, 379.793274, 521.818282, 385.588381, 506.512967, 426.939972, 584.851089, 459.575878, 612.431902, 401.186806, 662.510441, 272.360230, 668.467739, 278.876025, 601.946004, 451.377161, 600.808103, 465.018068, 614.705511, 476.200997, 633.704277, 485.776952, 652.403919, 492.361677, 688.154945, 444.373312, 719.718249, 383.672215, 722.012743, 378.427657, 736.107493, 359.088348, 740.696482, 365.152369, 728.568441, 383.016645, 726.929516, 388.097311, 673.330434, 498.181963, 697.649937, 507.465467, 723.806504, 520.30643",
            "image_id": "BLD00084_PS3_K3A_NIA0276.png",
            "ingest_time": "2023-03-02T15:10:41.602602Z",
            "type_id": "5",
            "type_name": "기타 포장 도로"
         }
      },
      {
         "type": "Feature",
         "geometry": {
            "type": "Polygon",
            "coordinates": [
               [
                  31.338658,
                  30.013741,
                  0.0
               ],
               [
                  31.33826,
                  30.012677,
                  0.0
               ],
               [
                  31.33834,
                  30.01266,
                  0.0
               ],
               [
                  31.338479,
                  30.013022,
                  0.0
               ]
            ]
         },
         "properties": {
            "object_imcoords": "EMPTY",
            "building_imcoords": "EMPTY",
            "road_imcoords": "488.314809, 215.319916, 415.416842, 428.600886, 429.380328, 432.265392, 454.807171, 359.695941, 521.885101, 385.506771, 604.480802, 418.241761, 610.120715, 406.184154, 546.369395, 381.288500, 539.512014, 371.604188, 565.340922, 290.604637, 563.081591, 290.691573, 569.316421, 266.691127, 652.457419, 298.719311, 655.867822, 290.162282, 568.928884, 255.868290, 593.091018, 192.826675, 588.284770, 187.059177, 562.715530, 249.732652, 541.842534, 328.787676, 520.969538, 374.124868, 456.647714, 348.715628, 497.955064, 222.329329, 563.406862, 246.796101, 567.651026, 237.490038, 483.700811, 205.515170, 481.950407, 212.45632",
            "image_id": "BLD00084_PS3_K3A_NIA0276.png",
            "ingest_time": "2023-03-02T15:10:41.602602Z",
            "type_id": "5",
            "type_name": "기타 포장 도로"
         }
      },
      {
         "type": "Feature",
         "geometry": {
            "type": "Polygon",
            "coordinates": [
               [
                  31.33592,
                  30.010944,
                  0.0
               ],
               [
                  31.335918,
                  30.011084,
                  0.0
               ],
               [
                  31.336076,
                  30.011466,
                  0.0
               ],
               [
                  31.336071,
                  30.011495,
                  0.0
               ]
            ]
         },
         "properties": {
            "object_imcoords": "EMPTY",
            "building_imcoords": "EMPTY",
            "road_imcoords": "0.000000, 771.954272, 0.000000, 743.604001, 28.940902, 667.117330, 28.054956, 661.211024, 21.853334, 663.573546, 0.000000, 725.906941, 0.000000, 714.072468, 0.000000, 693.991025, 15.236637, 659.135109, 0.000000, 668.592563, 0.000000, 656.781294, 32.433513, 638.039253, 31.478980, 628.833305, 22.688557, 625.016642, 18.309550, 623.115346, 0.000000, 616.968161, 0.000000, 601.262012, 28.054956, 612.483994, 37.505047, 608.644895, 54.633336, 569.072641, 48.431714, 562.575703, 0.000000, 546.556468, 0.000000, 533.399846, 51.680183, 549.286514, 63.197481, 547.514622, 73.828832, 536.587954, 87.410193, 502.870685, 78.350181, 493.031642, 0.000000, 470.512046, 0.000000, 457.407879, 40.606481, 468.057802, 57.603762, 400.463036, 0.000000, 385.121719, 0.000000, 368.074271, 13.186391, 371.695962, 22.593228, 328.163217, 32.587942, 331.087110, 22.964970, 374.326247, 33.139663, 377.970055, 45.030047, 335.043595, 54.400728, 338.191699, 43.271360, 380.031701, 64.872394, 386.203957, 119.915439, 400.301580, 115.405169, 412.361257, 72.229420, 400.593773, 51.018202, 472.608519, 91.393795, 484.668284, 129.348114, 368.848847, 126.394961, 360.875333, 0.000000, 321.598394, 0.000000, 308.899835, 31.573987, 318.074173, 45.296247, 277.078371, 41.222298, 263.057311, 25.832977, 258.128063, 0.000000, 250.212104, 0.000000, 238.645980, 32.447528, 246.814403, 58.672424, 170.602192, 56.935715, 159.683667, 75.766317, 96.606772, 88.319120, 101.367051, 69.724484, 156.292692, 75.833915, 170.092240, 135.104804, 187.639118, 156.152088, 126.587077, 167.117618, 130.506338, 146.209796, 194.557026, 208.341592, 210.023125, 218.237668, 205.296790, 234.545642, 151.711194, 246.450086, 155.065881, 221.735089, 225.940282, 237.865974, 245.832124, 209.093410, 257.870895, 211.934485, 232.053845, 204.304801, 221.540211, 143.662156, 206.015169, 125.661077, 270.782325, 200.285947, 290.646032, 209.206515, 257.990085, 237.860438, 245.872936, 265.153189, 253.627326, 261.274683, 269.625173, 226.323612, 258.668348, 214.262676, 299.926636, 202.423809, 314.383275, 185.675177, 360.933627, 170.504981, 356.545428, 184.733456, 309.871470, 175.805444, 301.053334, 120.967179, 284.583489, 106.703420, 337.248098, 93.823613, 334.223289, 131.675896, 200.660117, 70.501436, 180.895504, 47.502896, 243.904627, 50.940445, 251.681429, 55.274331, 262.787912, 56.953773, 277.694898, 43.547768, 319.390950, 125.213700, 342.270467, 247.178931, 380.661460, 429.093174, 431.751012, 447.402725, 435.294796, 432.341643, 451.241824, 416.689930, 447.993355, 407.535155, 454.490293, 372.392631, 538.064531, 320.369973, 670.613954, 304.765420, 713.186522, 306.537312, 721.455351, 320.121818, 734.449225, 345.223621, 748.919677, 532.404886, 810.890174, 541.468025, 808.253967, 568.061534, 744.444076, 580.709571, 738.989056, 549.579770, 816.096077, 577.884295, 826.071951, 592.675828, 822.900049, 583.839744, 841.744854, 575.395712, 860.768888, 556.700869, 847.643588, 542.202434, 840.575931, 463.540873, 1023.726163, 449.172396, 1024.000000, 530.685925, 838.127626, 497.938665, 824.545101, 435.234453, 955.506798, 425.437217, 952.854438, 483.029918, 822.111646, 456.306190, 809.624046, 395.003323, 942.743626, 385.287366, 938.692636, 448.659760, 805.312430, 429.952108, 799.287541, 405.298286, 790.537324, 339.145146, 924.371329, 474.029511, 968.619908, 468.683346, 980.907818, 333.864698, 935.368374, 314.957608, 980.060387, 303.405684, 975.296707, 391.792540, 787.879736, 359.596850, 775.206622, 269.850697, 965.318636, 256.183424, 960.116482, 341.454996, 779.580675, 342.010153, 772.641926, 339.236899, 765.227689, 253.021954, 731.236646, 286.681469, 710.353854, 391.571801, 455.470668, 381.331190, 441.033275, 351.607173, 427.060446, 326.964185, 418.930801, 160.306450, 370.915081, 153.701112, 379.298778, 53.600317, 628.606400, 57.327916, 633.516549, 276.628111, 714.073958, 268.669281, 719.769306, 58.219394, 644.878886, 56.343747, 650.351081, 261.509496, 723.486512, 252.693588, 730.986965, 215.725656, 718.211983, 195.661166, 771.620958, 182.215586, 766.402052, 202.751257, 714.294288, 56.003743, 661.182346, 44.713051, 661.80396",
            "image_id": "BLD00084_PS3_K3A_NIA0276.png",
            "ingest_time": "2023-03-02T15:10:41.602602Z",
            "type_id": "5",
            "type_name": "기타 포장 도로"
         }
      },
      {
         "type": "Feature",
         "geometry": {
            "type": "Polygon",
            "coordinates": [
               [
                  31.335933,
                  30.010157,
                  0.0
               ],
               [
                  31.336439,
                  30.010017,
                  0.0
               ],
               [
                  31.336512,
                  30.009991,
                  0.0
               ],
               [
                  31.336864,
                  30.009893,
                  0.0
               ]
            ]
         },
         "properties": {
            "object_imcoords": "EMPTY",
            "building_imcoords": "EMPTY",
            "road_imcoords": "0.000000, 930.435629, 88.316778, 959.979067, 100.991553, 965.533590, 162.484334, 985.998357, 242.414743, 1011.436230, 277.613551, 1024.000000, 330.826589, 1024.000000, 290.746982, 1012.859228, 276.934236, 1008.104020, 170.037004, 972.151855, 0.000000, 912.999867, 0.000000, 929.98275",
            "image_id": "BLD00084_PS3_K3A_NIA0276.png",
            "ingest_time": "2023-03-02T15:10:41.602602Z",
            "type_id": "4",
            "type_name": "2차 도로"
         }
      },
      {
         "type": "Feature",
         "geometry": {
            "type": "Polygon",
            "coordinates": [
               [
                  31.33942,
                  30.010571,
                  0.0
               ],
               [
                  31.339458,
                  30.010648,
                  0.0
               ],
               [
                  31.339962,
                  30.010631,
                  0.0
               ],
               [
                  31.340003,
                  30.010626,
                  0.0
               ]
            ]
         },
         "properties": {
            "object_imcoords": "EMPTY",
            "building_imcoords": "EMPTY",
            "road_imcoords": "612.686688, 855.866456, 619.595204, 840.470334, 707.947016, 845.263805, 715.045253, 846.308919, 724.599071, 848.760554, 733.116203, 859.024635, 737.591603, 862.981011, 748.846185, 879.672762, 752.236116, 899.790082, 748.883149, 912.911061, 713.156251, 1003.511315, 718.288292, 1016.144030, 707.826824, 1016.933575, 703.089556, 1007.261652, 705.852963, 991.470758, 741.382474, 902.646979, 737.829523, 898.699256, 733.289641, 903.831297, 694.009792, 995.418482, 694.799337, 1007.064266, 701.905239, 1018.117892, 691.641158, 1018.710051, 686.114345, 1006.472108, 685.522187, 990.681214, 694.996723, 970.153051, 730.131462, 892.580285, 730.332567, 882.961836, 722.948138, 871.622245, 715.641131, 863.817237, 704.530312, 856.90871",
            "image_id": "BLD00084_PS3_K3A_NIA0276.png",
            "ingest_time": "2023-03-02T15:10:41.602602Z",
            "type_id": "5",
            "type_name": "기타 포장 도로"
         }
      },
      {
         "type": "Feature",
         "geometry": {
            "type": "Polygon",
            "coordinates": [
               [
                  31.340954,
                  30.014838,
                  0.0
               ],
               [
                  31.341701,
                  30.014847,
                  0.0
               ],
               [
                  31.341702,
                  30.014804,
                  0.0
               ],
               [
                  31.341383,
                  30.014807,
                  0.0
               ]
            ]
         },
         "properties": {
            "object_imcoords": "EMPTY",
            "building_imcoords": "EMPTY",
            "road_imcoords": "894.193168, 0.000000, 1025.197479, 0.000000, 1025.197479, 8.692878, 969.268026, 7.375776, 934.496513, 5.53183",
            "image_id": "BLD00084_PS3_K3A_NIA0276.png",
            "ingest_time": "2023-03-02T15:10:41.602602Z",
            "type_id": "3",
            "type_name": "1차 도로"
         }
      },
      {
         "type": "Feature",
         "geometry": {
            "type": "Polygon",
            "coordinates": [
               [
                  31.340562,
                  30.014683,
                  0.0
               ],
               [
                  31.340764,
                  30.014619,
                  0.0
               ],
               [
                  31.341022,
                  30.014539,
                  0.0
               ],
               [
                  31.341261,
                  30.014474,
                  0.0
               ]
            ]
         },
         "properties": {
            "object_imcoords": "EMPTY",
            "building_imcoords": "EMPTY",
            "road_imcoords": "824.937733, 30.173740, 860.236088, 43.608189, 905.281003, 60.467104, 946.901451, 74.164973, 997.478198, 86.809160, 1027.592436, 90.233627, 1027.592436, 77.062599, 990.629263, 72.847871, 942.686722, 61.520787, 890.002611, 42.55449",
            "image_id": "BLD00084_PS3_K3A_NIA0276.png",
            "ingest_time": "2023-03-02T15:10:41.602602Z",
            "type_id": "3",
            "type_name": "1차 도로"
         }
      },
      {
         "type": "Feature",
         "geometry": {
            "type": "Polygon",
            "coordinates": [
               [
                  31.335941,
                  30.009693,
                  0.0
               ],
               [
                  31.341779,
                  30.009767,
                  0.0
               ],
               [
                  31.341694,
                  30.014847,
                  0.0
               ],
               [
                  31.335856,
                  30.014774,
                  0.0
               ]
            ]
         },
         "properties": {
            "object_imcoords": "EMPTY",
            "building_imcoords": "EMPTY",
            "road_imcoords": "1021.281500, 95.621662, 1024.000000, 96.411924, 1024.000000, 115.114783, 1014.695986, 137.768951, 1008.637313, 165.164689, 1004.422584, 206.521717, 1007.847051, 234.444296, 999.154173, 205.468035, 997.310229, 171.486783, 1000.207855, 149.096035, 1006.003108, 127.75897",
            "image_id": "BLD00084_PS3_K3A_NIA0276.png",
            "ingest_time": "2023-03-02T15:10:41.602602Z",
            "type_id": "3",
            "type_name": "1차 도로"
         }
      },
      {
         "type": "Feature",
         "geometry": {
            "type": "Polygon",
            "coordinates": [
               [
                  31.335941,
                  30.009693,
                  0.0
               ],
               [
                  31.341779,
                  30.009767,
                  0.0
               ],
               [
                  31.341694,
                  30.014847,
                  0.0
               ],
               [
                  31.335856,
                  30.014774,
                  0.0
               ]
            ]
         },
         "properties": {
            "object_imcoords": "EMPTY",
            "building_imcoords": "EMPTY",
            "road_imcoords": "1003.368902, 92.460616, 1013.642304, 94.567980, 1002.051799, 132.500540, 996.783388, 172.803885, 998.627332, 207.048558, 1007.847051, 235.497978, 1018.383874, 264.474239, 1024.000000, 275.537903, 1024.000000, 315.841248, 1007.583631, 270.006071, 997.197212, 242.896357, 989.671033, 215.214595, 984.666042, 180.706502, 985.719725, 148.042353, 992.832080, 117.74898",
            "image_id": "BLD00084_PS3_K3A_NIA0276.png",
            "ingest_time": "2023-03-02T15:10:41.602602Z",
            "type_id": "4",
            "type_name": "2차 도로"
         }
      },
      {
         "type": "Feature",
         "geometry": {
            "type": "Polygon",
            "coordinates": [
               [
                  31.338592,
                  30.013355,
                  0.0
               ],
               [
                  31.338993,
                  30.013254,
                  0.0
               ],
               [
                  31.339003,
                  30.013289,
                  0.0
               ],
               [
                  31.338606,
                  30.013398,
                  0.0
               ]
            ]
         },
         "properties": {
            "object_imcoords": "EMPTY",
            "building_imcoords": "EMPTY",
            "road_imcoords": "475.645252, 292.770814, 545.711930, 314.132606, 547.519957, 307.284829, 478.220948, 284.18515",
            "image_id": "BLD00084_PS3_K3A_NIA0276.png",
            "ingest_time": "2023-03-02T15:10:41.602602Z",
            "type_id": "5",
            "type_name": "기타 포장 도로"
         }
      },
      {
         "type": "Feature",
         "geometry": {
            "type": "Polygon",
            "coordinates": [
               [
                  31.337047,
                  30.009858,
                  0.0
               ],
               [
                  31.33713,
                  30.009708,
                  0.0
               ],
               [
                  31.337217,
                  30.009709,
                  0.0
               ],
               [
                  31.337148,
                  30.009812,
                  0.0
               ]
            ]
         },
         "properties": {
            "object_imcoords": "EMPTY",
            "building_imcoords": "EMPTY",
            "road_imcoords": "194.520817, 993.533542, 208.524305, 1024.000000, 223.903724, 1024.000000, 211.947639, 1003.110482, 198.811658, 996.13248",
            "image_id": "BLD00084_PS3_K3A_NIA0276.png",
            "ingest_time": "2023-03-02T15:10:41.602602Z",
            "type_id": "5",
            "type_name": "기타 포장 도로"
         }
      },
      {
         "type": "Feature",
         "geometry": {
            "type": "Polygon",
            "coordinates": [
               [
                  31.339389,
                  30.010484,
                  0.0
               ],
               [
                  31.339607,
                  30.010444,
                  0.0
               ],
               [
                  31.339657,
                  30.010374,
                  0.0
               ],
               [
                  31.3396,
                  30.010208,
                  0.0
               ]
            ]
         },
         "properties": {
            "object_imcoords": "EMPTY",
            "building_imcoords": "EMPTY",
            "road_imcoords": "606.954196, 873.496961, 645.119673, 882.114972, 653.737683, 896.273133, 643.272956, 929.514032, 630.345940, 971.372942, 625.421362, 978.759809, 565.710858, 979.990953, 559.555136, 994.149114, 603.260763, 992.917969, 630.345940, 991.071253, 639.579523, 980.606525, 658.046689, 920.280449, 662.971267, 901.197711, 662.971267, 885.808405, 656.199972, 875.959250, 641.426239, 869.187956, 611.263201, 863.64780",
            "image_id": "BLD00084_PS3_K3A_NIA0276.png",
            "ingest_time": "2023-03-02T15:10:41.602602Z",
            "type_id": "5",
            "type_name": "기타 포장 도로"
         }
      },
      {
         "type": "Feature",
         "geometry": {
            "type": "Polygon",
            "coordinates": [
               [
                  31.336764,
                  30.010821,
                  0.0
               ],
               [
                  31.336474,
                  30.01088,
                  0.0
               ],
               [
                  31.336377,
                  30.010925,
                  0.0
               ],
               [
                  31.336371,
                  30.01097,
                  0.0
               ]
            ]
         },
         "properties": {
            "object_imcoords": "EMPTY",
            "building_imcoords": "EMPTY",
            "road_imcoords": "147.569994, 798.870542, 96.950420, 786.215671, 80.080081, 776.843284, 79.082025, 767.860770, 77.412091, 755.336224, 73.713545, 746.459712, 59.473120, 742.504077, 16.587876, 732.211608, 17.246331, 729.468048, 18.075034, 727.426542, 60.726038, 737.662793, 77.393969, 742.292729, 82.281085, 754.021808, 84.045401, 767.254221, 84.764478, 773.725930, 98.802494, 781.524808, 144.342268, 792.909731, 174.502022, 705.781589, 179.226952, 707.41714",
            "image_id": "BLD00084_PS3_K3A_NIA0276.png",
            "ingest_time": "2023-03-02T15:10:41.602602Z",
            "type_id": "6",
            "type_name": "보도"
         }
      },
      {
         "type": "Feature",
         "geometry": {
            "type": "Polygon",
            "coordinates": [
               [
                  31.336674,
                  30.010724,
                  0.0
               ],
               [
                  31.336722,
                  30.010827,
                  0.0
               ],
               [
                  31.336748,
                  30.010818,
                  0.0
               ],
               [
                  31.336701,
                  30.010715,
                  0.0
               ]
            ]
         },
         "properties": {
            "object_imcoords": "EMPTY",
            "building_imcoords": "EMPTY",
            "road_imcoords": "131.654803, 818.046771, 140.214174, 797.504340, 144.829557, 799.427422, 136.217603, 820.096052, 127.969637, 839.891204, 123.119362, 838.53186",
            "image_id": "BLD00084_PS3_K3A_NIA0276.png",
            "ingest_time": "2023-03-02T15:10:41.602602Z",
            "type_id": "6",
            "type_name": "보도"
         }
      },
      {
         "type": "Feature",
         "geometry": {
            "type": "Polygon",
            "coordinates": [
               [
                  31.336888,
                  30.010995,
                  0.0
               ],
               [
                  31.336826,
                  30.01101,
                  0.0
               ],
               [
                  31.336834,
                  30.011033,
                  0.0
               ],
               [
                  31.336894,
                  30.011019,
                  0.0
               ]
            ]
         },
         "properties": {
            "object_imcoords": "EMPTY",
            "building_imcoords": "EMPTY",
            "road_imcoords": "169.894712, 764.149154, 158.977851, 760.914522, 160.615076, 756.184763, 170.955752, 759.248674, 182.726090, 762.736184, 181.305648, 767.53017",
            "image_id": "BLD00084_PS3_K3A_NIA0276.png",
            "ingest_time": "2023-03-02T15:10:41.602602Z",
            "type_id": "6",
            "type_name": "보도"
         }
      },
      {
         "type": "Feature",
         "geometry": {
            "type": "Polygon",
            "coordinates": [
               [
                  31.337124,
                  30.010453,
                  0.0
               ],
               [
                  31.337397,
                  30.011138,
                  0.0
               ],
               [
                  31.337424,
                  30.011129,
                  0.0
               ],
               [
                  31.337161,
                  30.010469,
                  0.0
               ]
            ]
         },
         "properties": {
            "object_imcoords": "EMPTY",
            "building_imcoords": "EMPTY",
            "road_imcoords": "209.698227, 873.862390, 259.512537, 736.654535, 264.212377, 738.360846, 216.150222, 870.742590, 285.834300, 893.970577, 284.253163, 898.71399",
            "image_id": "BLD00084_PS3_K3A_NIA0276.png",
            "ingest_time": "2023-03-02T15:10:41.602602Z",
            "type_id": "6",
            "type_name": "보도"
         }
      },
      {
         "type": "Feature",
         "geometry": {
            "type": "Polygon",
            "coordinates": [
               [
                  31.338164,
                  30.011178,
                  0.0
               ],
               [
                  31.338227,
                  30.011327,
                  0.0
               ],
               [
                  31.338259,
                  30.011317,
                  0.0
               ],
               [
                  31.338196,
                  30.011168,
                  0.0
               ]
            ]
         },
         "properties": {
            "object_imcoords": "EMPTY",
            "building_imcoords": "EMPTY",
            "road_imcoords": "394.211476, 730.483029, 405.695655, 700.624179, 411.358590, 702.614617, 399.848522, 732.540775, 388.123188, 763.026703, 382.523113, 760.87283",
            "image_id": "BLD00084_PS3_K3A_NIA0276.png",
            "ingest_time": "2023-03-02T15:10:41.602602Z",
            "type_id": "6",
            "type_name": "보도"
         }
      },
      {
         "type": "Feature",
         "geometry": {
            "type": "Polygon",
            "coordinates": [
               [
                  31.338572,
                  30.011059,
                  0.0
               ],
               [
                  31.338631,
                  30.011205,
                  0.0
               ],
               [
                  31.338663,
                  30.011196,
                  0.0
               ],
               [
                  31.338604,
                  30.011048,
                  0.0
               ]
            ]
         },
         "properties": {
            "object_imcoords": "EMPTY",
            "building_imcoords": "EMPTY",
            "road_imcoords": "465.487180, 755.485064, 476.158677, 726.138407, 481.797438, 728.188863, 471.062137, 757.710981, 460.393654, 787.049263, 460.102396, 786.952836, 454.751848, 785.00717",
            "image_id": "BLD00084_PS3_K3A_NIA0276.png",
            "ingest_time": "2023-03-02T15:10:41.602602Z",
            "type_id": "6",
            "type_name": "보도"
         }
      }
   ]
}