{
   "type": "FeatureCollection",
   "features": [
      {
         "type": "Feature",
         "geometry": {
            "type": "Polygon",
            "coordinates": [
               [
                  31.420452,
                  30.075041,
                  0.0
               ],
               [
                  31.426294,
                  30.075111,
                  0.0
               ],
               [
                  31.426213,
                  30.080192,
                  0.0
               ],
               [
                  31.420371,
                  30.080122,
                  0.0
               ]
            ]
         },
         "properties": {
            "object_imcoords": "EMPTY",
            "building_imcoords": "EMPTY",
            "road_imcoords": "1024.000000, 241.671003, 823.964915, 251.185609, 651.750539, 239.768081, 557.101081, 228.554540, 463.288088, 209.812818, 382.264336, 186.949845, 300.290802, 163.528835, 248.429995, 149.308936, 212.880248, 143.453684, 318.693024, 177.748734, 368.044437, 193.223330, 388.537821, 199.496814, 386.446659, 202.842673, 350.896912, 196.987420, 222.081359, 158.510047, 0.000000, 93.684039, 0.000000, 120.032674, 196.569188, 176.075805, 297.781408, 203.260905, 391.047215, 225.845450, 460.473779, 239.228884, 552.484888, 255.121712, 690.083320, 268.923379, 767.038066, 274.569515, 844.829276, 276.869793, 959.843163, 273.523934, 1024.000000, 268.08691",
            "image_id": "BLD00925_PS3_K3A_NIA0277.png",
            "ingest_time": "2023-03-02T15:10:41.602602Z",
            "type_id": "1",
            "type_name": "분리형 고속도로"
         }
      },
      {
         "type": "Feature",
         "geometry": {
            "type": "Polygon",
            "coordinates": [
               [
                  31.420452,
                  30.075041,
                  0.0
               ],
               [
                  31.426294,
                  30.075111,
                  0.0
               ],
               [
                  31.426213,
                  30.080192,
                  0.0
               ],
               [
                  31.420371,
                  30.080122,
                  0.0
               ]
            ]
         },
         "properties": {
            "object_imcoords": "EMPTY",
            "building_imcoords": "EMPTY",
            "road_imcoords": "232.747618, 232.001632, 276.760789, 254.381210, 371.128012, 268.554944, 552.029606, 299.140368, 661.316549, 309.957164, 713.908558, 313.314101, 835.131276, 313.687094, 1001.486144, 305.854241, 1023.492730, 304.735262, 1023.865723, 276.760789, 911.221843, 283.101670, 833.266311, 283.101670, 700.853804, 277.879768, 632.969082, 273.030859, 549.045662, 263.333042, 393.134598, 236.477548, 284.593642, 209.622053, 218.200892, 190.972404, 142.483317, 167.473847, 0.000000, 128.309584, 0.000000, 157.403036, 262.587056, 227.898709, 391.269633, 258.484133, 434.163826, 266.689979, 383.063788, 261.468077, 293.172480, 246.17536",
            "image_id": "BLD00925_PS3_K3A_NIA0277.png",
            "ingest_time": "2023-03-02T15:10:41.602602Z",
            "type_id": "1",
            "type_name": "분리형 고속도로"
         }
      },
      {
         "type": "Feature",
         "geometry": {
            "type": "Polygon",
            "coordinates": [
               [
                  31.420452,
                  30.075041,
                  0.0
               ],
               [
                  31.426294,
                  30.075111,
                  0.0
               ],
               [
                  31.426213,
                  30.080192,
                  0.0
               ],
               [
                  31.420371,
                  30.080122,
                  0.0
               ]
            ]
         },
         "properties": {
            "object_imcoords": "EMPTY",
            "building_imcoords": "EMPTY",
            "road_imcoords": "1023.770840, 317.959047, 822.110328, 329.130581, 654.250867, 322.542240, 528.213047, 305.928164, 368.660624, 278.715453, 299.912722, 261.814927, 288.168289, 256.658834, 277.569654, 255.513036, 230.591921, 231.164820, 66.456305, 188.770281, 0.000000, 170.151057, 0.000000, 202.233412, 222.571333, 263.820074, 406.758420, 312.230055, 613.288576, 342.020812, 683.182276, 346.604006, 808.074298, 354.624594, 1024.000000, 348.60915",
            "image_id": "BLD00925_PS3_K3A_NIA0277.png",
            "ingest_time": "2023-03-02T15:10:41.602602Z",
            "type_id": "3",
            "type_name": "1차 도로"
         }
      },
      {
         "type": "Feature",
         "geometry": {
            "type": "Polygon",
            "coordinates": [
               [
                  31.420452,
                  30.075041,
                  0.0
               ],
               [
                  31.426294,
                  30.075111,
                  0.0
               ],
               [
                  31.426213,
                  30.080192,
                  0.0
               ],
               [
                  31.420371,
                  30.080122,
                  0.0
               ]
            ]
         },
         "properties": {
            "object_imcoords": "EMPTY",
            "building_imcoords": "EMPTY",
            "road_imcoords": "1024.000000, 228.095884, 964.100709, 231.955375, 841.754862, 235.814865, 747.197347, 233.113222, 583.169003, 218.833107, 464.296698, 199.535655, 345.424393, 170.589477, 276.725464, 154.765566, 247.393336, 149.362280, 211.886024, 142.029248, 65.225388, 95.715363, 0.000000, 77.961707, 0.000000, 35.434983, 285.312567, 112.496443, 497.055101, 176.175293, 587.800392, 190.272878, 650.710086, 198.763757, 866.841550, 208.412483, 1011.186492, 205.710840, 1024.000000, 205.71084",
            "image_id": "BLD00925_PS3_K3A_NIA0277.png",
            "ingest_time": "2023-03-02T15:10:41.602602Z",
            "type_id": "3",
            "type_name": "1차 도로"
         }
      },
      {
         "type": "Feature",
         "geometry": {
            "type": "Polygon",
            "coordinates": [
               [
                  31.420452,
                  30.075041,
                  0.0
               ],
               [
                  31.426294,
                  30.075111,
                  0.0
               ],
               [
                  31.426213,
                  30.080192,
                  0.0
               ],
               [
                  31.420371,
                  30.080122,
                  0.0
               ]
            ]
         },
         "properties": {
            "object_imcoords": "EMPTY",
            "building_imcoords": "EMPTY",
            "road_imcoords": "1024.000000, 199.842265, 884.981155, 196.448063, 820.527665, 194.132368, 790.598466, 188.077042, 769.196442, 174.063018, 746.811398, 155.923413, 735.183443, 141.541589, 728.671793, 126.591286, 722.710473, 113.661993, 719.023066, 100.732700, 697.409920, 0.000000, 708.988391, 0.000000, 727.127996, 87.610433, 742.138228, 126.247118, 761.477461, 149.362280, 781.546811, 165.186190, 798.528569, 172.519222, 820.527665, 177.922509, 869.268924, 181.593066, 970.878667, 185.263624, 1024.000000, 185.57836",
            "image_id": "BLD00925_PS3_K3A_NIA0277.png",
            "ingest_time": "2023-03-02T15:10:41.602602Z",
            "type_id": "3",
            "type_name": "1차 도로"
         }
      },
      {
         "type": "Feature",
         "geometry": {
            "type": "Polygon",
            "coordinates": [
               [
                  31.423335,
                  30.079322,
                  0.0
               ],
               [
                  31.423513,
                  30.079328,
                  0.0
               ],
               [
                  31.423704,
                  30.079375,
                  0.0
               ],
               [
                  31.423832,
                  30.079442,
                  0.0
               ]
            ]
         },
         "properties": {
            "object_imcoords": "EMPTY",
            "building_imcoords": "EMPTY",
            "road_imcoords": "517.171717, 168.273783, 548.433590, 167.501885, 582.011156, 158.656167, 604.674240, 145.471679, 620.220112, 131.994573, 632.742054, 114.471255, 641.447309, 95.715363, 649.938188, 65.997286, 649.938188, 46.313885, 637.896969, 0.632878, 654.183627, 0.771898, 666.148048, 60.594000, 665.084066, 78.384731, 661.902608, 93.013719, 650.710086, 119.644203, 631.798583, 144.344942, 605.554048, 165.572139, 572.748379, 178.308458, 561.169908, 181.781999, 537.241067, 181.781999, 497.055101, 175.992763, 285.385566, 112.26769",
            "image_id": "BLD00925_PS3_K3A_NIA0277.png",
            "ingest_time": "2023-03-02T15:10:41.602602Z",
            "type_id": "3",
            "type_name": "1차 도로"
         }
      }
   ]
}