{
   "type": "FeatureCollection",
   "features": [
      {
         "type": "Feature",
         "geometry": {
            "type": "Polygon",
            "coordinates": [
               [
                  31.394481,
                  30.000257,
                  0.0
               ],
               [
                  31.400318,
                  30.000328,
                  0.0
               ],
               [
                  31.400237,
                  30.005409,
                  0.0
               ],
               [
                  31.394399,
                  30.005338,
                  0.0
               ]
            ]
         },
         "properties": {
            "object_imcoords": "EMPTY",
            "building_imcoords": "EMPTY",
            "road_imcoords": "83.620690, 0.862069, 145.765045, 29.844631, 189.173332, 57.709453, 199.146935, 63.373995, 214.269257, 65.606058, 238.793103, 60.344828, 254.024305, 52.421466, 265.823027, 34.772748, 270.240849, 17.672414, 266.077474, 0.000000, 278.460124, 0.286040, 283.187681, 15.372247, 281.622360, 30.458454, 276.140210, 46.547775, 263.793103, 61.206897, 243.423057, 74.698163, 220.764691, 79.036153, 193.107398, 76.743884, 164.655172, 60.344828, 194.827586, 97.413793, 214.506229, 131.614461, 231.324472, 172.966127, 241.798497, 214.214265, 246.551724, 256.034483, 243.965517, 297.413793, 228.812488, 351.335843, 207.353916, 382.516901, 224.827216, 301.184169, 226.073636, 263.460241, 223.275862, 225.000000, 209.463012, 172.846802, 185.924806, 124.126083, 167.523470, 99.853031, 145.689655, 76.724138, 128.354822, 64.600447, 108.740014, 52.476755, 61.492936, 31.661852, 0.000000, 15.501444, 0.000000, 0.00000",
            "image_id": "BLD00145_PS3_K3A_NIA0276.png",
            "ingest_time": "2023-03-02T15:10:41.602602Z",
            "type_id": "5",
            "type_name": "기타 포장 도로"
         }
      },
      {
         "type": "Feature",
         "geometry": {
            "type": "Polygon",
            "coordinates": [
               [
                  31.394481,
                  30.000257,
                  0.0
               ],
               [
                  31.400318,
                  30.000328,
                  0.0
               ],
               [
                  31.400237,
                  30.005409,
                  0.0
               ],
               [
                  31.394399,
                  30.005338,
                  0.0
               ]
            ]
         },
         "properties": {
            "object_imcoords": "EMPTY",
            "building_imcoords": "EMPTY",
            "road_imcoords": "475.213675, 0.000000, 0.000000, 680.341880, 0.000000, 732.478632, 257.151776, 354.088763, 510.853606, 0.00000",
            "image_id": "BLD00145_PS3_K3A_NIA0276.png",
            "ingest_time": "2023-03-02T15:10:41.602602Z",
            "type_id": "2",
            "type_name": "고속도로"
         }
      },
      {
         "type": "Feature",
         "geometry": {
            "type": "Polygon",
            "coordinates": [
               [
                  31.394481,
                  30.000257,
                  0.0
               ],
               [
                  31.400318,
                  30.000328,
                  0.0
               ],
               [
                  31.400237,
                  30.005409,
                  0.0
               ],
               [
                  31.394399,
                  30.005338,
                  0.0
               ]
            ]
         },
         "properties": {
            "object_imcoords": "EMPTY",
            "building_imcoords": "EMPTY",
            "road_imcoords": "731.016104, 0.000000, 647.275965, 173.332980, 556.769636, 326.582278, 352.106718, 628.661787, 215.876241, 831.853690, 74.491155, 1024.000000, 97.275965, 1024.000000, 160.432129, 942.069169, 217.415072, 875.330706, 301.502689, 751.387621, 329.187228, 699.725298, 363.499123, 645.117483, 587.510932, 299.560804, 673.066443, 158.164292, 745.381142, 0.00000",
            "image_id": "BLD00145_PS3_K3A_NIA0276.png",
            "ingest_time": "2023-03-02T15:10:41.602602Z",
            "type_id": "1",
            "type_name": "분리형 고속도로"
         }
      },
      {
         "type": "Feature",
         "geometry": {
            "type": "Polygon",
            "coordinates": [
               [
                  31.394481,
                  30.000257,
                  0.0
               ],
               [
                  31.400318,
                  30.000328,
                  0.0
               ],
               [
                  31.400237,
                  30.005409,
                  0.0
               ],
               [
                  31.394399,
                  30.005338,
                  0.0
               ]
            ]
         },
         "properties": {
            "object_imcoords": "EMPTY",
            "building_imcoords": "EMPTY",
            "road_imcoords": "753.883495, 0.000000, 662.621359, 214.077670, 572.330097, 405.339806, 496.116505, 547.087379, 402.427184, 702.427184, 308.295861, 847.171691, 206.796117, 983.495146, 172.815534, 1024.000000, 212.621359, 1024.000000, 321.359223, 880.582524, 412.621359, 747.087379, 556.310680, 496.116505, 653.398058, 296.116505, 725.242718, 145.631068, 769.902913, 30.582524, 779.611650, 0.00000",
            "image_id": "BLD00145_PS3_K3A_NIA0276.png",
            "ingest_time": "2023-03-02T15:10:41.602602Z",
            "type_id": "1",
            "type_name": "분리형 고속도로"
         }
      },
      {
         "type": "Feature",
         "geometry": {
            "type": "Polygon",
            "coordinates": [
               [
                  31.394481,
                  30.000257,
                  0.0
               ],
               [
                  31.400318,
                  30.000328,
                  0.0
               ],
               [
                  31.400237,
                  30.005409,
                  0.0
               ],
               [
                  31.394399,
                  30.005338,
                  0.0
               ]
            ]
         },
         "properties": {
            "object_imcoords": "EMPTY",
            "building_imcoords": "EMPTY",
            "road_imcoords": "790.789474, 0.000000, 771.052632, 46.491228, 732.456140, 147.807018, 653.070175, 317.105263, 553.508772, 522.368421, 465.789474, 670.175439, 404.385965, 771.491228, 330.263158, 884.210526, 243.421053, 997.807018, 222.368421, 1024.000000, 255.263158, 1024.000000, 367.982456, 867.982456, 493.859649, 675.438596, 698.684211, 277.192982, 817.105263, 0.00000",
            "image_id": "BLD00145_PS3_K3A_NIA0276.png",
            "ingest_time": "2023-03-02T15:10:41.602602Z",
            "type_id": "1",
            "type_name": "분리형 고속도로"
         }
      },
      {
         "type": "Feature",
         "geometry": {
            "type": "Polygon",
            "coordinates": [
               [
                  31.394481,
                  30.000257,
                  0.0
               ],
               [
                  31.400318,
                  30.000328,
                  0.0
               ],
               [
                  31.400237,
                  30.005409,
                  0.0
               ],
               [
                  31.394399,
                  30.005338,
                  0.0
               ]
            ]
         },
         "properties": {
            "object_imcoords": "EMPTY",
            "building_imcoords": "EMPTY",
            "road_imcoords": "838.596491, 0.000000, 753.947368, 210.526316, 678.947368, 370.175439, 524.122807, 658.333333, 428.070175, 818.421053, 277.631579, 1024.000000, 309.649123, 1023.684211, 374.561404, 932.017544, 491.711419, 754.764805, 585.346547, 610.096347, 631.226838, 533.889803, 669.470797, 455.271785, 698.684211, 392.105263, 794.736842, 180.701754, 843.859649, 60.526316, 864.473684, 0.00000",
            "image_id": "BLD00145_PS3_K3A_NIA0276.png",
            "ingest_time": "2023-03-02T15:10:41.602602Z",
            "type_id": "2",
            "type_name": "고속도로"
         }
      },
      {
         "type": "Feature",
         "geometry": {
            "type": "Polygon",
            "coordinates": [
               [
                  31.394481,
                  30.000257,
                  0.0
               ],
               [
                  31.400318,
                  30.000328,
                  0.0
               ],
               [
                  31.400237,
                  30.005409,
                  0.0
               ],
               [
                  31.394399,
                  30.005338,
                  0.0
               ]
            ]
         },
         "properties": {
            "object_imcoords": "EMPTY",
            "building_imcoords": "EMPTY",
            "road_imcoords": "795.029303, 180.497089, 771.929825, 242.105263, 754.385965, 287.719298, 753.495409, 304.949645, 759.649123, 319.298246, 768.019948, 330.829342, 774.198431, 336.329619, 784.972780, 343.941749, 795.894908, 333.812980, 778.021799, 326.761068, 767.982456, 318.421053, 762.048040, 307.059239, 763.157895, 294.736842, 773.684211, 264.912281, 807.017544, 175.438596, 818.713513, 121.31582",
            "image_id": "BLD00145_PS3_K3A_NIA0276.png",
            "ingest_time": "2023-03-02T15:10:41.602602Z",
            "type_id": "5",
            "type_name": "기타 포장 도로"
         }
      },
      {
         "type": "Feature",
         "geometry": {
            "type": "Polygon",
            "coordinates": [
               [
                  31.394481,
                  30.000257,
                  0.0
               ],
               [
                  31.400318,
                  30.000328,
                  0.0
               ],
               [
                  31.400237,
                  30.005409,
                  0.0
               ],
               [
                  31.394399,
                  30.005338,
                  0.0
               ]
            ]
         },
         "properties": {
            "object_imcoords": "EMPTY",
            "building_imcoords": "EMPTY",
            "road_imcoords": "781.893021, 352.453674, 762.194497, 356.511569, 741.155553, 369.728997, 723.245614, 385.087719, 696.241497, 410.298425, 680.630034, 431.265251, 662.014657, 468.868277, 696.699945, 427.886088, 723.296936, 405.962992, 743.912274, 389.527712, 756.069938, 381.821179, 769.471751, 373.441349, 785.107595, 369.52958",
            "image_id": "BLD00145_PS3_K3A_NIA0276.png",
            "ingest_time": "2023-03-02T15:10:41.602602Z",
            "type_id": "5",
            "type_name": "기타 포장 도로"
         }
      },
      {
         "type": "Feature",
         "geometry": {
            "type": "Polygon",
            "coordinates": [
               [
                  31.394481,
                  30.000257,
                  0.0
               ],
               [
                  31.400318,
                  30.000328,
                  0.0
               ],
               [
                  31.400237,
                  30.005409,
                  0.0
               ],
               [
                  31.394399,
                  30.005338,
                  0.0
               ]
            ]
         },
         "properties": {
            "object_imcoords": "EMPTY",
            "building_imcoords": "EMPTY",
            "road_imcoords": "556.140351, 708.333333, 570.302951, 734.715421, 578.508772, 761.842105, 588.861683, 826.198515, 601.542730, 875.438596, 622.368421, 930.263158, 646.498870, 977.131579, 680.263158, 1024.000000, 699.921188, 1024.000000, 663.456688, 976.021793, 637.288344, 924.122807, 616.666667, 873.245614, 605.237670, 815.024542, 596.052632, 754.824561, 582.170544, 724.041188, 567.543860, 702.19298",
            "image_id": "BLD00145_PS3_K3A_NIA0276.png",
            "ingest_time": "2023-03-02T15:10:41.602602Z",
            "type_id": "2",
            "type_name": "고속도로"
         }
      },
      {
         "type": "Feature",
         "geometry": {
            "type": "Polygon",
            "coordinates": [
               [
                  31.394481,
                  30.000257,
                  0.0
               ],
               [
                  31.400318,
                  30.000328,
                  0.0
               ],
               [
                  31.400237,
                  30.005409,
                  0.0
               ],
               [
                  31.394399,
                  30.005338,
                  0.0
               ]
            ]
         },
         "properties": {
            "object_imcoords": "EMPTY",
            "building_imcoords": "EMPTY",
            "road_imcoords": "461.651990, 799.986394, 452.011286, 820.940649, 445.027962, 844.020808, 439.553106, 865.056453, 441.253175, 886.623574, 442.884620, 904.236191, 448.236397, 922.380283, 458.155866, 943.572753, 472.327143, 963.170795, 449.754249, 957.651571, 437.678004, 965.950720, 433.706768, 978.767415, 432.791518, 991.451242, 459.661244, 996.392181, 449.085325, 988.472966, 443.957034, 981.616703, 446.987351, 968.834260, 459.597070, 967.957101, 475.927120, 976.115033, 491.314253, 987.116138, 539.998050, 1024.000000, 572.049793, 1024.000000, 512.132356, 979.863262, 487.567079, 955.236069, 474.561404, 931.140351, 467.783797, 909.476264, 465.789474, 887.280702, 467.923116, 859.881966, 475.105780, 834.077657, 494.142680, 775.754287, 585.455800, 611.67315",
            "image_id": "BLD00145_PS3_K3A_NIA0276.png",
            "ingest_time": "2023-03-02T15:10:41.602602Z",
            "type_id": "4",
            "type_name": "2차 도로"
         }
      },
      {
         "type": "Feature",
         "geometry": {
            "type": "Polygon",
            "coordinates": [
               [
                  31.394481,
                  30.000257,
                  0.0
               ],
               [
                  31.400318,
                  30.000328,
                  0.0
               ],
               [
                  31.400237,
                  30.005409,
                  0.0
               ],
               [
                  31.394399,
                  30.005338,
                  0.0
               ]
            ]
         },
         "properties": {
            "object_imcoords": "EMPTY",
            "building_imcoords": "EMPTY",
            "road_imcoords": "338.960919, 1001.639668, 354.491200, 994.526601, 370.021481, 989.511636, 398.225563, 988.033476, 427.618679, 991.373840, 459.516254, 996.093910, 496.966702, 1024.000000, 457.017544, 1024.000000, 420.271393, 1009.363409, 396.757966, 1008.437701, 378.070175, 1013.596491, 360.526316, 1024.000000, 308.542494, 1024.000000, 320.890692, 1009.24356",
            "image_id": "BLD00145_PS3_K3A_NIA0276.png",
            "ingest_time": "2023-03-02T15:10:41.602602Z",
            "type_id": "4",
            "type_name": "2차 도로"
         }
      },
      {
         "type": "Feature",
         "geometry": {
            "type": "Polygon",
            "coordinates": [
               [
                  31.399952,
                  30.003797,
                  0.0
               ],
               [
                  31.399854,
                  30.00384,
                  0.0
               ],
               [
                  31.399702,
                  30.003854,
                  0.0
               ],
               [
                  31.399588,
                  30.00389,
                  0.0
               ]
            ]
         },
         "properties": {
            "object_imcoords": "EMPTY",
            "building_imcoords": "EMPTY",
            "road_imcoords": "969.462315, 324.040400, 952.542387, 315.239613, 925.833701, 312.086901, 905.945357, 304.563302, 867.848421, 292.206026, 843.972101, 281.819571, 840.667628, 294.712847, 863.379228, 303.780690, 878.321992, 306.976613, 909.184715, 316.054644, 923.040914, 317.717995, 950.183609, 326.262667, 967.149758, 330.91787",
            "image_id": "BLD00145_PS3_K3A_NIA0276.png",
            "ingest_time": "2023-03-02T15:10:41.602602Z",
            "type_id": "5",
            "type_name": "기타 포장 도로"
         }
      },
      {
         "type": "Feature",
         "geometry": {
            "type": "Polygon",
            "coordinates": [
               [
                  31.394481,
                  30.000257,
                  0.0
               ],
               [
                  31.400318,
                  30.000328,
                  0.0
               ],
               [
                  31.400237,
                  30.005409,
                  0.0
               ],
               [
                  31.394399,
                  30.005338,
                  0.0
               ]
            ]
         },
         "properties": {
            "object_imcoords": "EMPTY",
            "building_imcoords": "EMPTY",
            "road_imcoords": "898.515706, 419.818217, 877.817855, 421.659330, 853.862766, 420.038290, 839.130435, 430.434783, 827.640008, 445.099213, 822.857040, 466.191626, 814.265164, 574.771338, 815.628642, 589.925536, 826.494355, 603.402870, 999.159218, 660.045868, 1024.000000, 676.794579, 1024.000000, 664.725215, 1001.713261, 646.179952, 985.362371, 625.961260, 972.139125, 604.848956, 958.245670, 570.667563, 950.607506, 536.039363, 946.203237, 505.065940, 947.287230, 474.092517, 954.464292, 471.837424, 960.177817, 475.070593, 965.845947, 485.822289, 963.787079, 502.139398, 963.740575, 519.005333, 967.435157, 548.970915, 970.654513, 564.411061, 976.435059, 579.119438, 985.948047, 599.133136, 998.022225, 616.585645, 1010.279344, 632.940502, 1024.000000, 647.465937, 1024.000000, 631.219356, 1012.876757, 621.072268, 1002.851166, 607.632223, 993.008518, 593.277468, 986.824711, 575.629755, 979.268838, 558.805282, 976.103576, 535.760778, 974.584792, 512.167448, 978.554270, 488.574117, 983.354962, 477.256500, 993.278032, 468.134188, 1009.370784, 460.915673, 1024.000000, 463.758973, 1024.000000, 454.385527, 1015.510028, 450.911692, 1013.572301, 442.019653, 1017.274094, 436.200872, 1024.000000, 437.701646, 1024.000000, 416.269562, 1010.608380, 400.456530, 1003.810659, 390.341571, 998.638977, 380.040338, 977.724010, 372.960339, 955.276798, 367.490959, 935.034593, 377.456631, 796.141472, 333.802245, 784.806126, 343.749021, 782.023019, 352.678353, 796.893755, 355.317236, 801.676346, 347.202430, 929.887121, 389.437852, 928.512973, 397.057880, 945.590434, 402.780190, 958.626909, 398.887398, 968.631498, 398.302118, 978.911713, 400.748723, 988.611215, 407.778885, 996.600298, 423.294765, 997.216759, 435.801411, 989.055826, 450.854173, 978.430277, 457.327323, 967.202881, 457.481082, 954.538977, 453.738021, 944.225176, 445.807154, 937.683285, 434.570519, 936.662950, 419.084140, 938.987529, 409.330656, 945.524525, 402.662345, 797.032856, 355.465139, 781.943983, 352.428549, 785.422084, 369.176438, 913.361678, 409.684281, 919.882714, 416.096922, 916.621127, 423.364176, 928.864922, 437.768828, 936.283388, 455.320003, 936.458885, 499.303703, 942.488529, 542.555635, 950.888975, 577.835716, 949.334524, 595.119741, 944.205621, 611.063347, 926.547554, 617.972189, 894.775872, 611.605850, 849.119069, 595.519441, 836.939698, 580.714997, 832.725437, 562.277345, 844.603822, 466.798585, 849.249963, 449.572679, 860.743304, 438.076063, 873.474266, 435.555855, 889.558958, 434.991990, 913.763234, 437.078252, 929.120952, 438.319785, 916.505932, 423.364852, 898.543710, 419.68296",
            "image_id": "BLD00145_PS3_K3A_NIA0276.png",
            "ingest_time": "2023-03-02T15:10:41.602602Z",
            "type_id": "5",
            "type_name": "기타 포장 도로"
         }
      },
      {
         "type": "Feature",
         "geometry": {
            "type": "Polygon",
            "coordinates": [
               [
                  31.394481,
                  30.000257,
                  0.0
               ],
               [
                  31.400318,
                  30.000328,
                  0.0
               ],
               [
                  31.400237,
                  30.005409,
                  0.0
               ],
               [
                  31.394399,
                  30.005338,
                  0.0
               ]
            ]
         },
         "properties": {
            "object_imcoords": "EMPTY",
            "building_imcoords": "EMPTY",
            "road_imcoords": "328.790450, 699.554149, 357.877175, 667.521933, 375.918309, 652.058104, 399.114051, 640.644326, 406.845966, 658.317273, 365.977276, 678.935711, 338.731483, 703.972386, 300.808284, 751.83661",
            "image_id": "BLD00145_PS3_K3A_NIA0276.png",
            "ingest_time": "2023-03-02T15:10:41.602602Z",
            "type_id": "2",
            "type_name": "고속도로"
         }
      },
      {
         "type": "Feature",
         "geometry": {
            "type": "Polygon",
            "coordinates": [
               [
                  31.394481,
                  30.000257,
                  0.0
               ],
               [
                  31.400318,
                  30.000328,
                  0.0
               ],
               [
                  31.400237,
                  30.005409,
                  0.0
               ],
               [
                  31.394399,
                  30.005338,
                  0.0
               ]
            ]
         },
         "properties": {
            "object_imcoords": "EMPTY",
            "building_imcoords": "EMPTY",
            "road_imcoords": "141.430336, 1021.348874, 140.875707, 989.735035, 148.363195, 960.339710, 160.565028, 941.759646, 205.212644, 889.347228, 171.102975, 942.591590, 160.287714, 973.650801, 155.573369, 1002.768811, 156.959941, 1018.85304",
            "image_id": "BLD00145_PS3_K3A_NIA0276.png",
            "ingest_time": "2023-03-02T15:10:41.602602Z",
            "type_id": "2",
            "type_name": "고속도로"
         }
      },
      {
         "type": "Feature",
         "geometry": {
            "type": "Polygon",
            "coordinates": [
               [
                  31.394481,
                  30.000257,
                  0.0
               ],
               [
                  31.400318,
                  30.000328,
                  0.0
               ],
               [
                  31.400237,
                  30.005409,
                  0.0
               ],
               [
                  31.394399,
                  30.005338,
                  0.0
               ]
            ]
         },
         "properties": {
            "object_imcoords": "EMPTY",
            "building_imcoords": "EMPTY",
            "road_imcoords": "967.165007, 331.124003, 969.794288, 323.568668, 989.729730, 275.675676, 982.702703, 253.783784, 999.459459, 201.081081, 1024.000000, 166.216216, 1024.000000, 222.702703, 1006.416269, 271.529725, 1015.140316, 275.945826, 1024.000000, 251.465405, 1024.000000, 303.727474, 1011.132437, 339.758592, 998.532668, 379.948528, 985.932432, 375.716072, 996.176582, 337.082116, 1008.917962, 303.012585, 997.138340, 298.570234, 982.775783, 332.915645, 970.302512, 370.747407, 955.356390, 367.84522",
            "image_id": "BLD00145_PS3_K3A_NIA0276.png",
            "ingest_time": "2023-03-02T15:10:41.602602Z",
            "type_id": "5",
            "type_name": "기타 포장 도로"
         }
      },
      {
         "type": "Feature",
         "geometry": {
            "type": "Polygon",
            "coordinates": [
               [
                  31.400248,
                  30.004582,
                  0.0
               ],
               [
                  31.399678,
                  30.00474,
                  0.0
               ],
               [
                  31.399517,
                  30.004323,
                  0.0
               ],
               [
                  31.399476,
                  30.00433,
                  0.0
               ]
            ]
         },
         "properties": {
            "object_imcoords": "EMPTY",
            "building_imcoords": "EMPTY",
            "road_imcoords": "1023.639227, 166.728768, 924.100044, 133.387973, 894.759621, 216.971195, 887.609434, 215.491846, 916.949857, 130.922392, 899.444226, 128.456810, 879.226456, 182.946167, 871.583153, 178.754678, 898.211436, 111.197737, 1024.000000, 155.885780, 1024.000000, 166.21621",
            "image_id": "BLD00145_PS3_K3A_NIA0276.png",
            "ingest_time": "2023-03-02T15:10:41.602602Z",
            "type_id": "5",
            "type_name": "기타 포장 도로"
         }
      },
      {
         "type": "Feature",
         "geometry": {
            "type": "Polygon",
            "coordinates": [
               [
                  31.400317,
                  30.000393,
                  0.0
               ],
               [
                  31.398511,
                  30.000942,
                  0.0
               ],
               [
                  31.39852,
                  30.000976,
                  0.0
               ],
               [
                  31.400317,
                  30.000418,
                  0.0
               ]
            ]
         },
         "properties": {
            "object_imcoords": "EMPTY",
            "building_imcoords": "EMPTY",
            "road_imcoords": "1024.000000, 1010.980170, 708.771952, 895.831276, 710.376234, 889.093291, 1024.000000, 1005.89110",
            "image_id": "BLD00145_PS3_K3A_NIA0276.png",
            "ingest_time": "2023-03-02T15:10:41.602602Z",
            "type_id": "6",
            "type_name": "보도"
         }
      },
      {
         "type": "Feature",
         "geometry": {
            "type": "Polygon",
            "coordinates": [
               [
                  31.398971,
                  30.001946,
                  0.0
               ],
               [
                  31.398548,
                  30.000967,
                  0.0
               ],
               [
                  31.398524,
                  30.000975,
                  0.0
               ],
               [
                  31.398948,
                  30.001954,
                  0.0
               ]
            ]
         },
         "properties": {
            "object_imcoords": "EMPTY",
            "building_imcoords": "EMPTY",
            "road_imcoords": "792.194635, 694.654267, 715.261375, 890.912584, 711.078738, 889.354913, 788.344358, 693.04998",
            "image_id": "BLD00145_PS3_K3A_NIA0276.png",
            "ingest_time": "2023-03-02T15:10:41.602602Z",
            "type_id": "6",
            "type_name": "보도"
         }
      },
      {
         "type": "Feature",
         "geometry": {
            "type": "Polygon",
            "coordinates": [
               [
                  31.39897,
                  30.001944,
                  0.0
               ],
               [
                  31.399005,
                  30.001955,
                  0.0
               ],
               [
                  31.400299,
                  30.001553,
                  0.0
               ],
               [
                  31.400298,
                  30.00157,
                  0.0
               ]
            ]
         },
         "properties": {
            "object_imcoords": "EMPTY",
            "building_imcoords": "EMPTY",
            "road_imcoords": "792.044405, 695.037509, 798.290908, 693.049985, 1024.000000, 777.175033, 1024.000000, 773.646956, 800.536904, 690.483133, 788.857728, 693.263889, 792.194635, 694.65426",
            "image_id": "BLD00145_PS3_K3A_NIA0276.png",
            "ingest_time": "2023-03-02T15:10:41.602602Z",
            "type_id": "6",
            "type_name": "보도"
         }
      },
      {
         "type": "Feature",
         "geometry": {
            "type": "Polygon",
            "coordinates": [
               [
                  31.398526,
                  30.000938,
                  0.0
               ],
               [
                  31.398462,
                  30.000711,
                  0.0
               ],
               [
                  31.398472,
                  30.00066,
                  0.0
               ],
               [
                  31.399768,
                  30.000252,
                  0.0
               ]
            ]
         },
         "properties": {
            "object_imcoords": "EMPTY",
            "building_imcoords": "EMPTY",
            "road_imcoords": "711.332688, 896.766682, 699.467114, 942.355465, 701.071397, 952.622872, 927.275211, 1037.970695, 942.355465, 1036.366412, 703.638248, 945.884887, 702.033966, 939.146901, 716.377919, 898.60964",
            "image_id": "BLD00145_PS3_K3A_NIA0276.png",
            "ingest_time": "2023-03-02T15:10:41.602602Z",
            "type_id": "6",
            "type_name": "보도"
         }
      },
      {
         "type": "Feature",
         "geometry": {
            "type": "Polygon",
            "coordinates": [
               [
                  31.399904,
                  30.001675,
                  0.0
               ],
               [
                  31.399482,
                  30.000677,
                  0.0
               ],
               [
                  31.399454,
                  30.000686,
                  0.0
               ],
               [
                  31.399875,
                  30.001684,
                  0.0
               ]
            ]
         },
         "properties": {
            "object_imcoords": "EMPTY",
            "building_imcoords": "EMPTY",
            "road_imcoords": "955.119567, 751.502298, 878.322941, 951.638961, 873.389843, 949.801807, 950.048380, 749.61219",
            "image_id": "BLD00145_PS3_K3A_NIA0276.png",
            "ingest_time": "2023-03-02T15:10:41.602602Z",
            "type_id": "6",
            "type_name": "보도"
         }
      },
      {
         "type": "Feature",
         "geometry": {
            "type": "Polygon",
            "coordinates": [
               [
                  31.399471,
                  30.00065,
                  0.0
               ],
               [
                  31.39937,
                  30.000413,
                  0.0
               ],
               [
                  31.399342,
                  30.000422,
                  0.0
               ],
               [
                  31.399442,
                  30.000659,
                  0.0
               ]
            ]
         },
         "properties": {
            "object_imcoords": "EMPTY",
            "building_imcoords": "EMPTY",
            "road_imcoords": "876.260851, 957.012892, 857.990602, 1004.626268, 853.107542, 1002.767937, 871.319674, 955.20794",
            "image_id": "BLD00145_PS3_K3A_NIA0276.png",
            "ingest_time": "2023-03-02T15:10:41.602602Z",
            "type_id": "6",
            "type_name": "보도"
         }
      },
      {
         "type": "Feature",
         "geometry": {
            "type": "Polygon",
            "coordinates": [
               [
                  31.399356,
                  30.00038,
                  0.0
               ],
               [
                  31.399329,
                  30.000316,
                  0.0
               ],
               [
                  31.399298,
                  30.000316,
                  0.0
               ],
               [
                  31.399328,
                  30.000388,
                  0.0
               ]
            ]
         },
         "properties": {
            "object_imcoords": "EMPTY",
            "building_imcoords": "EMPTY",
            "road_imcoords": "855.432566, 1011.292666, 850.556496, 1024.000000, 844.977155, 1024.000000, 850.553317, 1009.43815",
            "image_id": "BLD00145_PS3_K3A_NIA0276.png",
            "ingest_time": "2023-03-02T15:10:41.602602Z",
            "type_id": "6",
            "type_name": "보도"
         }
      },
      {
         "type": "Feature",
         "geometry": {
            "type": "Polygon",
            "coordinates": [
               [
                  31.399292,
                  30.001865,
                  0.0
               ],
               [
                  31.398863,
                  30.000869,
                  0.0
               ],
               [
                  31.398834,
                  30.000878,
                  0.0
               ],
               [
                  31.39927,
                  30.001872,
                  0.0
               ]
            ]
         },
         "properties": {
            "object_imcoords": "EMPTY",
            "building_imcoords": "EMPTY",
            "road_imcoords": "848.389873, 711.722595, 770.314585, 911.415159, 765.281811, 909.540885, 844.533974, 710.28544",
            "image_id": "BLD00145_PS3_K3A_NIA0276.png",
            "ingest_time": "2023-03-02T15:10:41.602602Z",
            "type_id": "6",
            "type_name": "보도"
         }
      },
      {
         "type": "Feature",
         "geometry": {
            "type": "Polygon",
            "coordinates": [
               [
                  31.39885,
                  30.000839,
                  0.0
               ],
               [
                  31.398751,
                  30.000609,
                  0.0
               ],
               [
                  31.398721,
                  30.000619,
                  0.0
               ],
               [
                  31.398821,
                  30.000848,
                  0.0
               ]
            ]
         },
         "properties": {
            "object_imcoords": "EMPTY",
            "building_imcoords": "EMPTY",
            "road_imcoords": "767.955049, 917.450127, 749.947243, 963.508553, 744.622604, 961.482172, 762.874177, 915.59414",
            "image_id": "BLD00145_PS3_K3A_NIA0276.png",
            "ingest_time": "2023-03-02T15:10:41.602602Z",
            "type_id": "6",
            "type_name": "보도"
         }
      },
      {
         "type": "Feature",
         "geometry": {
            "type": "Polygon",
            "coordinates": [
               [
                  31.399581,
                  30.001776,
                  0.0
               ],
               [
                  31.399163,
                  30.000776,
                  0.0
               ],
               [
                  31.399134,
                  30.000785,
                  0.0
               ],
               [
                  31.399556,
                  30.001783,
                  0.0
               ]
            ]
         },
         "properties": {
            "object_imcoords": "EMPTY",
            "building_imcoords": "EMPTY",
            "road_imcoords": "898.716177, 730.479937, 822.610725, 930.890963, 817.651017, 929.043899, 894.482716, 728.90206",
            "image_id": "BLD00145_PS3_K3A_NIA0276.png",
            "ingest_time": "2023-03-02T15:10:41.602602Z",
            "type_id": "6",
            "type_name": "보도"
         }
      },
      {
         "type": "Feature",
         "geometry": {
            "type": "Polygon",
            "coordinates": [
               [
                  31.399806,
                  30.000577,
                  0.0
               ],
               [
                  31.400217,
                  30.001578,
                  0.0
               ],
               [
                  31.400185,
                  30.001588,
                  0.0
               ],
               [
                  31.399779,
                  30.000585,
                  0.0
               ]
            ]
         },
         "properties": {
            "object_imcoords": "EMPTY",
            "building_imcoords": "EMPTY",
            "road_imcoords": "934.865048, 972.696021, 1009.741979, 771.860862, 1004.222135, 769.803536, 930.210747, 970.96269",
            "image_id": "BLD00145_PS3_K3A_NIA0276.png",
            "ingest_time": "2023-03-02T15:10:41.602602Z",
            "type_id": "6",
            "type_name": "보도"
         }
      },
      {
         "type": "Feature",
         "geometry": {
            "type": "Polygon",
            "coordinates": [
               [
                  31.400099,
                  30.000486,
                  0.0
               ],
               [
                  31.400307,
                  30.000997,
                  0.0
               ],
               [
                  31.400306,
                  30.001082,
                  0.0
               ],
               [
                  31.400066,
                  30.000496,
                  0.0
               ]
            ]
         },
         "properties": {
            "object_imcoords": "EMPTY",
            "building_imcoords": "EMPTY",
            "road_imcoords": "986.023501, 991.748135, 1024.000000, 889.263611, 1024.000000, 872.156655, 980.191218, 989.57611",
            "image_id": "BLD00145_PS3_K3A_NIA0276.png",
            "ingest_time": "2023-03-02T15:10:41.602602Z",
            "type_id": "6",
            "type_name": "보도"
         }
      },
      {
         "type": "Feature",
         "geometry": {
            "type": "Polygon",
            "coordinates": [
               [
                  31.400303,
                  30.001246,
                  0.0
               ],
               [
                  31.400105,
                  30.001306,
                  0.0
               ],
               [
                  31.400116,
                  30.001333,
                  0.0
               ],
               [
                  31.400303,
                  30.001275,
                  0.0
               ]
            ]
         },
         "properties": {
            "object_imcoords": "EMPTY",
            "building_imcoords": "EMPTY",
            "road_imcoords": "1024.000000, 839.031557, 989.411628, 826.391000, 991.396115, 821.068202, 1024.000000, 833.11246",
            "image_id": "BLD00145_PS3_K3A_NIA0276.png",
            "ingest_time": "2023-03-02T15:10:41.602602Z",
            "type_id": "6",
            "type_name": "보도"
         }
      },
      {
         "type": "Feature",
         "geometry": {
            "type": "Polygon",
            "coordinates": [
               [
                  31.400075,
                  30.001315,
                  0.0
               ],
               [
                  31.399789,
                  30.001403,
                  0.0
               ],
               [
                  31.3998,
                  30.00143,
                  0.0
               ],
               [
                  31.400086,
                  30.001342,
                  0.0
               ]
            ]
         },
         "properties": {
            "object_imcoords": "EMPTY",
            "building_imcoords": "EMPTY",
            "road_imcoords": "984.114477, 824.455120, 934.134856, 806.189727, 936.243600, 800.694214, 986.082774, 819.10539",
            "image_id": "BLD00145_PS3_K3A_NIA0276.png",
            "ingest_time": "2023-03-02T15:10:41.602602Z",
            "type_id": "6",
            "type_name": "보도"
         }
      },
      {
         "type": "Feature",
         "geometry": {
            "type": "Polygon",
            "coordinates": [
               [
                  31.39976,
                  30.001411,
                  0.0
               ],
               [
                  31.399466,
                  30.001501,
                  0.0
               ],
               [
                  31.399478,
                  30.001529,
                  0.0
               ],
               [
                  31.399771,
                  30.001439,
                  0.0
               ]
            ]
         },
         "properties": {
            "object_imcoords": "EMPTY",
            "building_imcoords": "EMPTY",
            "road_imcoords": "929.089267, 804.345782, 877.785806, 785.596582, 879.949614, 779.898554, 931.200895, 798.83138",
            "image_id": "BLD00145_PS3_K3A_NIA0276.png",
            "ingest_time": "2023-03-02T15:10:41.602602Z",
            "type_id": "6",
            "type_name": "보도"
         }
      },
      {
         "type": "Feature",
         "geometry": {
            "type": "Polygon",
            "coordinates": [
               [
                  31.399174,
                  30.00159,
                  0.0
               ],
               [
                  31.399186,
                  30.001619,
                  0.0
               ],
               [
                  31.399452,
                  30.001537,
                  0.0
               ],
               [
                  31.39944,
                  30.001509,
                  0.0
               ]
            ]
         },
         "properties": {
            "object_imcoords": "EMPTY",
            "building_imcoords": "EMPTY",
            "road_imcoords": "826.792945, 766.960893, 829.081568, 761.107299, 875.532294, 778.266744, 873.341920, 783.97253",
            "image_id": "BLD00145_PS3_K3A_NIA0276.png",
            "ingest_time": "2023-03-02T15:10:41.602602Z",
            "type_id": "6",
            "type_name": "보도"
         }
      },
      {
         "type": "Feature",
         "geometry": {
            "type": "Polygon",
            "coordinates": [
               [
                  31.39915,
                  30.001597,
                  0.0
               ],
               [
                  31.398858,
                  30.001686,
                  0.0
               ],
               [
                  31.398871,
                  30.001716,
                  0.0
               ],
               [
                  31.399162,
                  30.001626,
                  0.0
               ]
            ]
         },
         "properties": {
            "object_imcoords": "EMPTY",
            "building_imcoords": "EMPTY",
            "road_imcoords": "822.601109, 765.428958, 771.737613, 746.840547, 774.106023, 740.798686, 824.930004, 759.57366",
            "image_id": "BLD00145_PS3_K3A_NIA0276.png",
            "ingest_time": "2023-03-02T15:10:41.602602Z",
            "type_id": "6",
            "type_name": "보도"
         }
      },
      {
         "type": "Feature",
         "geometry": {
            "type": "Polygon",
            "coordinates": [
               [
                  31.39877,
                  30.001483,
                  0.0
               ],
               [
                  31.399059,
                  30.001392,
                  0.0
               ],
               [
                  31.399041,
                  30.00135,
                  0.0
               ],
               [
                  31.398752,
                  30.001441,
                  0.0
               ]
            ]
         },
         "properties": {
            "object_imcoords": "EMPTY",
            "building_imcoords": "EMPTY",
            "road_imcoords": "755.780826, 787.546637, 806.225005, 806.601686, 802.932080, 814.880744, 752.475731, 795.97800",
            "image_id": "BLD00145_PS3_K3A_NIA0276.png",
            "ingest_time": "2023-03-02T15:10:41.602602Z",
            "type_id": "6",
            "type_name": "보도"
         }
      },
      {
         "type": "Feature",
         "geometry": {
            "type": "Polygon",
            "coordinates": [
               [
                  31.399699,
                  30.00119,
                  0.0
               ],
               [
                  31.399988,
                  30.001099,
                  0.0
               ],
               [
                  31.399972,
                  30.00106,
                  0.0
               ],
               [
                  31.399682,
                  30.00115,
                  0.0
               ]
            ]
         },
         "properties": {
            "object_imcoords": "EMPTY",
            "building_imcoords": "EMPTY",
            "road_imcoords": "917.803600, 848.749969, 968.175089, 867.777560, 965.261961, 875.695291, 914.728570, 856.76368",
            "image_id": "BLD00145_PS3_K3A_NIA0276.png",
            "ingest_time": "2023-03-02T15:10:41.602602Z",
            "type_id": "6",
            "type_name": "보도"
         }
      },
      {
         "type": "Feature",
         "geometry": {
            "type": "Polygon",
            "coordinates": [
               [
                  31.400017,
                  30.00109,
                  0.0
               ],
               [
                  31.400276,
                  30.001009,
                  0.0
               ],
               [
                  31.40026,
                  30.00097,
                  0.0
               ],
               [
                  31.400001,
                  30.001051,
                  0.0
               ]
            ]
         },
         "properties": {
            "object_imcoords": "EMPTY",
            "building_imcoords": "EMPTY",
            "road_imcoords": "973.264768, 869.700162, 1018.536166, 886.801217, 1015.638374, 894.568088, 970.322753, 877.59124",
            "image_id": "BLD00145_PS3_K3A_NIA0276.png",
            "ingest_time": "2023-03-02T15:10:41.602602Z",
            "type_id": "6",
            "type_name": "보도"
         }
      },
      {
         "type": "Feature",
         "geometry": {
            "type": "Polygon",
            "coordinates": [
               [
                  31.400307,
                  30.000997,
                  0.0
               ],
               [
                  31.400308,
                  30.000955,
                  0.0
               ],
               [
                  31.400292,
                  30.00096,
                  0.0
               ]
            ]
         },
         "properties": {
            "object_imcoords": "EMPTY",
            "building_imcoords": "EMPTY",
            "road_imcoords": "1024.000000, 889.263611, 1024.000000, 897.700650, 1021.254699, 896.67216",
            "image_id": "BLD00145_PS3_K3A_NIA0276.png",
            "ingest_time": "2023-03-02T15:10:41.602602Z",
            "type_id": "6",
            "type_name": "보도"
         }
      },
      {
         "type": "Feature",
         "geometry": {
            "type": "Polygon",
            "coordinates": [
               [
                  31.399083,
                  30.001379,
                  0.0
               ],
               [
                  31.39935,
                  30.001296,
                  0.0
               ],
               [
                  31.399334,
                  30.001258,
                  0.0
               ],
               [
                  31.399066,
                  30.001341,
                  0.0
               ]
            ]
         },
         "properties": {
            "object_imcoords": "EMPTY",
            "building_imcoords": "EMPTY",
            "road_imcoords": "810.243254, 809.289909, 856.995059, 826.555098, 854.034865, 834.266221, 807.301529, 816.81393",
            "image_id": "BLD00145_PS3_K3A_NIA0276.png",
            "ingest_time": "2023-03-02T15:10:41.602602Z",
            "type_id": "6",
            "type_name": "보도"
         }
      },
      {
         "type": "Feature",
         "geometry": {
            "type": "Polygon",
            "coordinates": [
               [
                  31.399377,
                  30.001288,
                  0.0
               ],
               [
                  31.39967,
                  30.001198,
                  0.0
               ],
               [
                  31.399653,
                  30.001159,
                  0.0
               ],
               [
                  31.399361,
                  30.00125,
                  0.0
               ]
            ]
         },
         "properties": {
            "object_imcoords": "EMPTY",
            "building_imcoords": "EMPTY",
            "road_imcoords": "861.587853, 828.251192, 912.706317, 847.128965, 909.675131, 855.044744, 858.649276, 835.98944",
            "image_id": "BLD00145_PS3_K3A_NIA0276.png",
            "ingest_time": "2023-03-02T15:10:41.602602Z",
            "type_id": "6",
            "type_name": "보도"
         }
      }
   ]
}