{
   "type": "FeatureCollection",
   "features": [
      {
         "type": "Feature",
         "geometry": {
            "type": "Polygon",
            "coordinates": [
               [
                  31.329298,
                  29.942739,
                  0.0
               ],
               [
                  31.329274,
                  29.943541,
                  0.0
               ],
               [
                  31.329353,
                  29.943543,
                  0.0
               ],
               [
                  31.329378,
                  29.942742,
                  0.0
               ]
            ]
         },
         "properties": {
            "object_imcoords": "EMPTY",
            "building_imcoords": "EMPTY",
            "road_imcoords": "686.403003, 163.130705, 684.422644, 1.405218, 698.421595, 1.233798, 700.399853, 162.787752, 703.736756, 317.051907, 689.059503, 315.18841",
            "image_id": "BLD00435_PS3_K3A_NIA0276.png",
            "ingest_time": "2023-03-02T15:10:41.602602Z",
            "type_id": "9",
            "type_name": "건설중인 도로"
         }
      },
      {
         "type": "Feature",
         "geometry": {
            "type": "Polygon",
            "coordinates": [
               [
                  31.329981,
                  29.941938,
                  0.0
               ],
               [
                  31.329402,
                  29.941978,
                  0.0
               ],
               [
                  31.3294,
                  29.942028,
                  0.0
               ],
               [
                  31.330584,
                  29.941946,
                  0.0
               ]
            ]
         },
         "properties": {
            "object_imcoords": "EMPTY",
            "building_imcoords": "EMPTY",
            "road_imcoords": "803.770439, 326.278068, 702.284528, 316.703934, 702.161394, 306.647916, 909.610543, 326.218575, 908.671318, 336.17437",
            "image_id": "BLD00435_PS3_K3A_NIA0276.png",
            "ingest_time": "2023-03-02T15:10:41.602602Z",
            "type_id": "9",
            "type_name": "건설중인 도로"
         }
      },
      {
         "type": "Feature",
         "geometry": {
            "type": "Polygon",
            "coordinates": [
               [
                  31.330645,
                  29.942473,
                  0.0
               ],
               [
                  31.330517,
                  29.942467,
                  0.0
               ],
               [
                  31.330404,
                  29.942436,
                  0.0
               ],
               [
                  31.330265,
                  29.94242,
                  0.0
               ]
            ]
         },
         "properties": {
            "object_imcoords": "EMPTY",
            "building_imcoords": "EMPTY",
            "road_imcoords": "921.899148, 220.160069, 899.409342, 220.993021, 879.600617, 227.021753, 855.041955, 229.750495, 824.533673, 228.007163, 780.465584, 232.327565, 701.994364, 236.501567, 701.734723, 224.498413, 779.561028, 220.358715, 824.289081, 215.973611, 854.719398, 217.712487, 877.170379, 215.217932, 897.407065, 209.058951, 921.926902, 208.150813, 1024.000000, 212.403853, 1024.000000, 224.41426",
            "image_id": "BLD00435_PS3_K3A_NIA0276.png",
            "ingest_time": "2023-03-02T15:10:41.602602Z",
            "type_id": "9",
            "type_name": "건설중인 도로"
         }
      },
      {
         "type": "Feature",
         "geometry": {
            "type": "Polygon",
            "coordinates": [
               [
                  31.329935,
                  29.943002,
                  0.0
               ],
               [
                  31.329373,
                  29.94303,
                  0.0
               ],
               [
                  31.329377,
                  29.943084,
                  0.0
               ],
               [
                  31.329803,
                  29.943063,
                  0.0
               ]
            ]
         },
         "properties": {
            "object_imcoords": "EMPTY",
            "building_imcoords": "EMPTY",
            "road_imcoords": "798.972706, 111.663458, 700.407232, 104.729207, 701.179193, 93.756328, 775.853222, 99.009775, 874.418757, 105.944034, 873.646795, 116.91691",
            "image_id": "BLD00435_PS3_K3A_NIA0276.png",
            "ingest_time": "2023-03-02T15:10:41.602602Z",
            "type_id": "9",
            "type_name": "건설중인 도로"
         }
      }
   ]
}