{
   "type": "FeatureCollection",
   "features": [
      {
         "type": "Feature",
         "geometry": {
            "type": "Polygon",
            "coordinates": [
               [
                  31.312514,
                  30.06354,
                  0.0
               ],
               [
                  31.310319,
                  30.062377,
                  0.0
               ],
               [
                  31.309662,
                  30.062071,
                  0.0
               ],
               [
                  31.309663,
                  30.062007,
                  0.0
               ]
            ]
         },
         "properties": {
            "object_imcoords": "EMPTY",
            "building_imcoords": "EMPTY",
            "road_imcoords": "504.211614, -0.726986, 116.074706, 228.003886, 0.000000, 287.883695, 0.000000, 300.780885, 126.208212, 233.070639, 214.185469, 184.245565, 334.405700, 116.074706, 443.110583, 58.958581, 533.851524, 0.92122",
            "image_id": "BLD00982_PS3_K3A_NIA0277.png",
            "ingest_time": "2023-03-02T15:10:41.602602Z",
            "type_id": "2",
            "type_name": "고속도로"
         }
      },
      {
         "type": "Feature",
         "geometry": {
            "type": "Polygon",
            "coordinates": [
               [
                  31.312706,
                  30.063538,
                  0.0
               ],
               [
                  31.312173,
                  30.06323,
                  0.0
               ],
               [
                  31.311871,
                  30.063093,
                  0.0
               ],
               [
                  31.31172,
                  30.063007,
                  0.0
               ]
            ]
         },
         "properties": {
            "object_imcoords": "EMPTY",
            "building_imcoords": "EMPTY",
            "road_imcoords": "537.947069, 0.302788, 443.571197, 60.981714, 390.139983, 87.697320, 363.424377, 104.740035, 245.046601, 177.056419, 0.000000, 320.307346, 0.460614, 360.380756, 118.838389, 289.906828, 263.471158, 200.087115, 290.647378, 182.583786, 307.229479, 170.147211, 388.297528, 121.782750, 415.473749, 105.661263, 520.033107, 42.290785, 586.361510, -0.35206",
            "image_id": "BLD00982_PS3_K3A_NIA0277.png",
            "ingest_time": "2023-03-02T15:10:41.602602Z",
            "type_id": "2",
            "type_name": "고속도로"
         }
      },
      {
         "type": "Feature",
         "geometry": {
            "type": "Polygon",
            "coordinates": [
               [
                  31.312375,
                  30.063538,
                  0.0
               ],
               [
                  31.311739,
                  30.063162,
                  0.0
               ],
               [
                  31.311319,
                  30.062935,
                  0.0
               ],
               [
                  31.310543,
                  30.062518,
                  0.0
               ]
            ]
         },
         "properties": {
            "object_imcoords": "EMPTY",
            "building_imcoords": "EMPTY",
            "road_imcoords": "479.959696, -0.641291, 367.323524, 73.462870, 293.022579, 118.074988, 155.777741, 200.224928, 95.347080, 231.508121, 0.000000, 284.018107, 0.921228, 259.605569, 66.328403, 222.756456, 189.772932, 148.137002, 296.283522, 82.912255, 238.598006, 111.287890, 192.997229, 136.621655, 0.000000, 245.326538, 0.921228, 233.350576, 232.149412, 102.536225, 363.884990, 30.219841, 409.946382, 0.74054",
            "image_id": "BLD00982_PS3_K3A_NIA0277.png",
            "ingest_time": "2023-03-02T15:10:41.602602Z",
            "type_id": "2",
            "type_name": "고속도로"
         }
      },
      {
         "type": "Feature",
         "geometry": {
            "type": "Polygon",
            "coordinates": [
               [
                  31.309724,
                  30.058419,
                  0.0
               ],
               [
                  31.315565,
                  30.058494,
                  0.0
               ],
               [
                  31.315479,
                  30.063575,
                  0.0
               ],
               [
                  31.309638,
                  30.0635,
                  0.0
               ]
            ]
         },
         "properties": {
            "object_imcoords": "EMPTY",
            "building_imcoords": "EMPTY",
            "road_imcoords": "235.220186, 1024.000000, 193.782433, 974.396572, 158.438467, 935.396334, 118.828850, 899.442990, 56.062842, 834.848846, 24.984527, 787.317305, 0.000000, 756.848369, 0.000000, 738.567008, 127.969531, 880.674125, 265.689122, 1024.00000",
            "image_id": "BLD00982_PS3_K3A_NIA0277.png",
            "ingest_time": "2023-03-02T15:10:41.602602Z",
            "type_id": "3",
            "type_name": "1차 도로"
         }
      },
      {
         "type": "Feature",
         "geometry": {
            "type": "Polygon",
            "coordinates": [
               [
                  31.309724,
                  30.058419,
                  0.0
               ],
               [
                  31.315565,
                  30.058494,
                  0.0
               ],
               [
                  31.315479,
                  30.063575,
                  0.0
               ],
               [
                  31.309638,
                  30.0635,
                  0.0
               ]
            ]
         },
         "properties": {
            "object_imcoords": "EMPTY",
            "building_imcoords": "EMPTY",
            "road_imcoords": "196.829326, 1022.537491, 86.531778, 912.849322, 0.000000, 829.695457, 0.000000, 814.129969, 135.282076, 942.708879, 195.001190, 994.506070, 219.985718, 1023.75624",
            "image_id": "BLD00982_PS3_K3A_NIA0277.png",
            "ingest_time": "2023-03-02T15:10:41.602602Z",
            "type_id": "3",
            "type_name": "1차 도로"
         }
      },
      {
         "type": "Feature",
         "geometry": {
            "type": "Polygon",
            "coordinates": [
               [
                  31.309724,
                  30.058419,
                  0.0
               ],
               [
                  31.315565,
                  30.058494,
                  0.0
               ],
               [
                  31.315479,
                  30.063575,
                  0.0
               ],
               [
                  31.309638,
                  30.0635,
                  0.0
               ]
            ]
         },
         "properties": {
            "object_imcoords": "EMPTY",
            "building_imcoords": "EMPTY",
            "road_imcoords": "0.000000, 803.947090, 98.023428, 898.870963, 134.830644, 935.678179, 142.966976, 945.751733, 146.066531, 950.788510, 196.434301, 996.506947, 185.198414, 977.134728, 123.594757, 910.106850, 59.666435, 845.016194, 0.000000, 784.57487",
            "image_id": "BLD00982_PS3_K3A_NIA0277.png",
            "ingest_time": "2023-03-02T15:10:41.602602Z",
            "type_id": "4",
            "type_name": "2차 도로"
         }
      },
      {
         "type": "Feature",
         "geometry": {
            "type": "Polygon",
            "coordinates": [
               [
                  31.309724,
                  30.058419,
                  0.0
               ],
               [
                  31.315565,
                  30.058494,
                  0.0
               ],
               [
                  31.315479,
                  30.063575,
                  0.0
               ],
               [
                  31.309638,
                  30.0635,
                  0.0
               ]
            ]
         },
         "properties": {
            "object_imcoords": "EMPTY",
            "building_imcoords": "EMPTY",
            "road_imcoords": "56.566880, 834.555196, 0.000000, 780.312982, 0.000000, 764.427763, 24.408996, 787.28698",
            "image_id": "BLD00982_PS3_K3A_NIA0277.png",
            "ingest_time": "2023-03-02T15:10:41.602602Z",
            "type_id": "4",
            "type_name": "2차 도로"
         }
      },
      {
         "type": "Feature",
         "geometry": {
            "type": "Polygon",
            "coordinates": [
               [
                  31.309724,
                  30.058419,
                  0.0
               ],
               [
                  31.315565,
                  30.058494,
                  0.0
               ],
               [
                  31.315479,
                  30.063575,
                  0.0
               ],
               [
                  31.309638,
                  30.0635,
                  0.0
               ]
            ]
         },
         "properties": {
            "object_imcoords": "EMPTY",
            "building_imcoords": "EMPTY",
            "road_imcoords": "728.695199, 0.475960, 763.916261, 61.874837, 875.290968, 253.686833, 948.588852, 378.864389, 1023.790577, 509.277507, 1024.000000, 470.724724, 964.295542, 364.109620, 892.901499, 238.932064, 824.839177, 124.225635, 749.637452, 0.00000",
            "image_id": "BLD00982_PS3_K3A_NIA0277.png",
            "ingest_time": "2023-03-02T15:10:41.602602Z",
            "type_id": "5",
            "type_name": "기타 포장 도로"
         }
      },
      {
         "type": "Feature",
         "geometry": {
            "type": "Polygon",
            "coordinates": [
               [
                  31.314049,
                  30.063556,
                  0.0
               ],
               [
                  31.314188,
                  30.063363,
                  0.0
               ],
               [
                  31.314267,
                  30.063241,
                  0.0
               ],
               [
                  31.314458,
                  30.062966,
                  0.0
               ]
            ]
         },
         "properties": {
            "object_imcoords": "EMPTY",
            "building_imcoords": "EMPTY",
            "road_imcoords": "773.435466, 0.000000, 797.184989, 39.312519, 810.723075, 64.045561, 843.266551, 120.020340, 907.832808, 232.750941, 927.098546, 268.939286, 951.310892, 308.772501, 964.328282, 329.339978, 979.688803, 358.498932, 1024.000000, 436.863622, 1024.000000, 410.828842, 915.382894, 225.461202, 872.946202, 149.699990, 836.497508, 81.226904, 787.552120, 0.00000",
            "image_id": "BLD00982_PS3_K3A_NIA0277.png",
            "ingest_time": "2023-03-02T15:10:41.602602Z",
            "type_id": "5",
            "type_name": "기타 포장 도로"
         }
      },
      {
         "type": "Feature",
         "geometry": {
            "type": "Polygon",
            "coordinates": [
               [
                  31.309724,
                  30.058419,
                  0.0
               ],
               [
                  31.315565,
                  30.058494,
                  0.0
               ],
               [
                  31.315479,
                  30.063575,
                  0.0
               ],
               [
                  31.309638,
                  30.0635,
                  0.0
               ]
            ]
         },
         "properties": {
            "object_imcoords": "EMPTY",
            "building_imcoords": "EMPTY",
            "road_imcoords": "708.312742, 736.036118, 874.653000, 1024.000000, 884.414752, 1024.000000, 718.855435, 729.78859",
            "image_id": "BLD00982_PS3_K3A_NIA0277.png",
            "ingest_time": "2023-03-02T15:10:41.602602Z",
            "type_id": "5",
            "type_name": "기타 포장 도로"
         }
      },
      {
         "type": "Feature",
         "geometry": {
            "type": "Polygon",
            "coordinates": [
               [
                  31.313819,
                  30.059934,
                  0.0
               ],
               [
                  31.314802,
                  30.058485,
                  0.0
               ],
               [
                  31.314873,
                  30.058482,
                  0.0
               ],
               [
                  31.31389,
                  30.059968,
                  0.0
               ]
            ]
         },
         "properties": {
            "object_imcoords": "EMPTY",
            "building_imcoords": "EMPTY",
            "road_imcoords": "722.369665, 729.398127, 890.271804, 1023.812574, 902.728320, 1024.692434, 734.864708, 722.76013",
            "image_id": "BLD00982_PS3_K3A_NIA0277.png",
            "ingest_time": "2023-03-02T15:10:41.602602Z",
            "type_id": "5",
            "type_name": "기타 포장 도로"
         }
      },
      {
         "type": "Feature",
         "geometry": {
            "type": "Polygon",
            "coordinates": [
               [
                  31.314737,
                  30.060404,
                  0.0
               ],
               [
                  31.315553,
                  30.059195,
                  0.0
               ],
               [
                  31.315548,
                  30.059328,
                  0.0
               ],
               [
                  31.314783,
                  30.060428,
                  0.0
               ]
            ]
         },
         "properties": {
            "object_imcoords": "EMPTY",
            "building_imcoords": "EMPTY",
            "road_imcoords": "884.555658, 637.044589, 1024.000000, 882.681519, 1023.609530, 855.910436, 892.739874, 632.39025",
            "image_id": "BLD00982_PS3_K3A_NIA0277.png",
            "ingest_time": "2023-03-02T15:10:41.602602Z",
            "type_id": "5",
            "type_name": "기타 포장 도로"
         }
      },
      {
         "type": "Feature",
         "geometry": {
            "type": "Polygon",
            "coordinates": [
               [
                  31.315526,
                  30.060959,
                  0.0
               ],
               [
                  31.315069,
                  30.060713,
                  0.0
               ],
               [
                  31.314378,
                  30.060356,
                  0.0
               ],
               [
                  31.313832,
                  30.06009,
                  0.0
               ]
            ]
         },
         "properties": {
            "object_imcoords": "EMPTY",
            "building_imcoords": "EMPTY",
            "road_imcoords": "1024.640483, 527.258937, 943.734894, 575.614604, 821.486443, 645.665311, 724.977707, 697.925678, 715.685345, 691.251789, 704.214907, 683.225797, 634.513895, 723.541076, 603.276288, 744.235990, 511.515817, 799.292273, 500.381702, 809.127428, 500.973125, 816.755131, 559.934108, 782.502059, 615.380861, 747.750221, 672.779964, 712.998383, 687.617827, 710.655563, 703.627101, 700.893810, 719.227127, 705.809204, 729.157278, 709.038600, 740.132896, 717.237146, 906.406327, 624.612170, 979.799047, 580.895176, 1024.406126, 556.51474",
            "image_id": "BLD00982_PS3_K3A_NIA0277.png",
            "ingest_time": "2023-03-02T15:10:41.602602Z",
            "type_id": "5",
            "type_name": "기타 포장 도로"
         }
      },
      {
         "type": "Feature",
         "geometry": {
            "type": "Polygon",
            "coordinates": [
               [
                  31.3138,
                  30.060048,
                  0.0
               ],
               [
                  31.313798,
                  30.059996,
                  0.0
               ],
               [
                  31.31377,
                  30.059981,
                  0.0
               ],
               [
                  31.313725,
                  30.059988,
                  0.0
               ]
            ]
         },
         "properties": {
            "object_imcoords": "EMPTY",
            "building_imcoords": "EMPTY",
            "road_imcoords": "719.349860, 706.257787, 718.873784, 716.731445, 713.874993, 719.825935, 706.019750, 718.159671, 700.306845, 706.733863, 699.354695, 704.353486, 690.547301, 708.400126, 697.450393, 723.158462, 686.738698, 738.630911, 648.176594, 757.197850, 638.179012, 750.532795, 631.275919, 738.392874, 624.610864, 742.201477, 632.942183, 761.482528, 624.372827, 772.194224, 611.042717, 779.335354, 598.664757, 776.716940, 589.619326, 764.577018, 583.906421, 767.195433, 593.427929, 785.286296, 585.096610, 800.758745, 550.105071, 818.135496, 534.394585, 819.801759, 523.027308, 804.179070, 516.600290, 808.016938, 501.307348, 816.945307, 499.754234, 829.385710, 512.019043, 824.086437, 522.492701, 820.039797, 530.109906, 828.371116, 525.587191, 835.750284, 514.637457, 836.464397, 507.972403, 829.799342, 507.258289, 825.514663, 499.641084, 829.085229, 504.401837, 845.033753, 508.238631, 858.238586, 517.731947, 855.059526, 527.406921, 868.096270, 589.423047, 969.402181, 622.467473, 1024.000000, 634.693115, 1024.000000, 619.778596, 996.774162, 641.183849, 1024.052555, 650.436425, 1023.854442, 593.009287, 928.794825, 548.790659, 853.476780, 540.780896, 834.979790, 544.392167, 830.037379, 593.665966, 800.520707, 603.425511, 791.475276, 613.185056, 784.334145, 636.036673, 771.718149, 651.509122, 763.624867, 699.592732, 737.916798, 709.352277, 734.346233, 735.298384, 722.920425, 737.242781, 714.729068, 729.109404, 708.87620",
            "image_id": "BLD00982_PS3_K3A_NIA0277.png",
            "ingest_time": "2023-03-02T15:10:41.602602Z",
            "type_id": "5",
            "type_name": "기타 포장 도로"
         }
      },
      {
         "type": "Feature",
         "geometry": {
            "type": "Polygon",
            "coordinates": [
               [
                  31.312559,
                  30.059421,
                  0.0
               ],
               [
                  31.312493,
                  30.059352,
                  0.0
               ],
               [
                  31.311057,
                  30.058605,
                  0.0
               ],
               [
                  31.311115,
                  30.058544,
                  0.0
               ]
            ]
         },
         "properties": {
            "object_imcoords": "EMPTY",
            "building_imcoords": "EMPTY",
            "road_imcoords": "499.876595, 829.466149, 488.077351, 843.271684, 234.172461, 989.997397, 244.167627, 1002.372365, 271.297364, 981.430112, 385.196751, 928.817267, 508.324126, 858.17690",
            "image_id": "BLD00982_PS3_K3A_NIA0277.png",
            "ingest_time": "2023-03-02T15:10:41.602602Z",
            "type_id": "5",
            "type_name": "기타 포장 도로"
         }
      },
      {
         "type": "Feature",
         "geometry": {
            "type": "Polygon",
            "coordinates": [
               [
                  31.311849,
                  30.059018,
                  0.0
               ],
               [
                  31.311069,
                  30.060182,
                  0.0
               ],
               [
                  31.31006,
                  30.059692,
                  0.0
               ],
               [
                  31.309983,
                  30.059723,
                  0.0
               ]
            ]
         },
         "properties": {
            "object_imcoords": "EMPTY",
            "building_imcoords": "EMPTY",
            "road_imcoords": "374.182067, 908.819999, 241.008950, 672.350278, 62.688323, 768.295166, 49.275044, 761.978213, 24.961981, 744.774113, 0.051116, 717.141036, -0.736421, 706.289742, 39.620713, 743.023365, 57.774700, 753.636875, 233.696501, 654.445395, 441.423222, 534.626783, 445.209740, 539.883510, 264.372224, 648.918285, 263.607172, 659.628619, 395.288700, 896.83879",
            "image_id": "BLD00982_PS3_K3A_NIA0277.png",
            "ingest_time": "2023-03-02T15:10:41.602602Z",
            "type_id": "5",
            "type_name": "기타 포장 도로"
         }
      },
      {
         "type": "Feature",
         "geometry": {
            "type": "Polygon",
            "coordinates": [
               [
                  31.311185,
                  30.062544,
                  0.0
               ],
               [
                  31.311245,
                  30.062434,
                  0.0
               ],
               [
                  31.311312,
                  30.062249,
                  0.0
               ],
               [
                  31.311849,
                  30.061395,
                  0.0
               ]
            ]
         },
         "properties": {
            "object_imcoords": "EMPTY",
            "building_imcoords": "EMPTY",
            "road_imcoords": "268.263219, 196.580932, 278.612868, 218.870229, 289.779716, 256.279171, 381.347874, 429.923664, 453.932388, 555.550709, 516.466739, 654.935660, 577.326063, 758.787350, 587.376227, 753.203926, 543.267176, 684.527808, 510.568473, 622.559169, 518.385267, 609.316372, 541.592148, 603.568157, 532.100327, 590.167939, 516.466739, 601.334787, 505.299891, 605.801527, 480.732824, 578.442748, 417.067443, 467.332606, 417.430107, 456.463196, 424.340240, 443.882225, 445.557252, 437.740458, 433.273719, 418.756816, 428.806979, 431.598691, 408.706652, 442.207197, 393.073064, 423.781897, 379.114504, 397.539804, 393.189170, 385.553708, 414.290076, 383.022901, 402.564885, 366.830971, 392.514722, 378.556161, 369.064340, 384.697928, 347.847328, 348.405671, 299.829880, 258.512541, 295.921483, 239.528899, 279.729553, 190.39476",
            "image_id": "BLD00982_PS3_K3A_NIA0277.png",
            "ingest_time": "2023-03-02T15:10:41.602602Z",
            "type_id": "5",
            "type_name": "기타 포장 도로"
         }
      },
      {
         "type": "Feature",
         "geometry": {
            "type": "Polygon",
            "coordinates": [
               [
                  31.311287,
                  30.062602,
                  0.0
               ],
               [
                  31.311366,
                  30.062441,
                  0.0
               ],
               [
                  31.311506,
                  30.06231,
                  0.0
               ],
               [
                  31.311729,
                  30.062083,
                  0.0
               ]
            ]
         },
         "properties": {
            "object_imcoords": "EMPTY",
            "building_imcoords": "EMPTY",
            "road_imcoords": "286.344633, 185.070198, 299.829880, 217.753544, 323.838604, 244.553980, 362.364231, 290.896401, 381.906216, 324.955289, 403.123228, 367.389313, 414.848419, 382.464558, 433.965697, 418.629213, 445.610065, 438.225832, 488.779427, 511.500144, 505.819965, 546.149238, 527.972664, 583.922430, 532.516808, 590.170627, 542.457121, 604.087066, 573.414098, 658.616788, 618.003506, 734.447181, 629.931882, 726.494930, 589.034591, 666.285030, 550.693381, 593.862744, 508.873337, 529.476046, 536.828620, 514.513658, 550.490905, 506.086394, 545.231808, 495.766993, 518.347156, 445.053950, 472.556990, 464.129514, 476.648731, 469.900889, 514.407006, 452.933921, 538.029049, 496.321383, 541.263405, 503.811369, 529.360654, 510.670642, 521.136006, 513.843333, 512.280646, 521.431014, 502.127848, 513.204198, 449.302181, 425.161419, 398.464577, 336.550622, 361.827420, 273.784641, 332.006479, 239.703566, 301.617520, 205.906499, 293.501013, 180.18143",
            "image_id": "BLD00982_PS3_K3A_NIA0277.png",
            "ingest_time": "2023-03-02T15:10:41.602602Z",
            "type_id": "5",
            "type_name": "기타 포장 도로"
         }
      },
      {
         "type": "Feature",
         "geometry": {
            "type": "Polygon",
            "coordinates": [
               [
                  31.311833,
                  30.062021,
                  0.0
               ],
               [
                  31.312165,
                  30.062193,
                  0.0
               ],
               [
                  31.312377,
                  30.062313,
                  0.0
               ],
               [
                  31.312392,
                  30.062355,
                  0.0
               ]
            ]
         },
         "properties": {
            "object_imcoords": "EMPTY",
            "building_imcoords": "EMPTY",
            "road_imcoords": "380.376704, 303.560970, 439.145367, 269.780557, 476.627743, 246.180543, 479.404215, 237.851126, 440.070858, 171.678537, 449.325766, 165.200101, 456.577286, 187.749462, 491.898341, 241.553089, 474.776762, 259.137414, 385.004157, 314.20411",
            "image_id": "BLD00982_PS3_K3A_NIA0277.png",
            "ingest_time": "2023-03-02T15:10:41.602602Z",
            "type_id": "5",
            "type_name": "기타 포장 도로"
         }
      },
      {
         "type": "Feature",
         "geometry": {
            "type": "Polygon",
            "coordinates": [
               [
                  31.311663,
                  30.062231,
                  0.0
               ],
               [
                  31.311708,
                  30.062394,
                  0.0
               ],
               [
                  31.311746,
                  30.062475,
                  0.0
               ],
               [
                  31.312081,
                  30.062649,
                  0.0
               ]
            ]
         },
         "properties": {
            "object_imcoords": "EMPTY",
            "building_imcoords": "EMPTY",
            "road_imcoords": "351.223745, 260.988395, 359.553161, 228.133473, 366.494342, 211.937385, 425.725751, 177.694227, 439.608113, 171.215791, 448.400275, 165.662847, 484.957160, 147.153031, 607.584686, 63.396117, 704.298471, 12.956871, 702.447489, 3.701963, 662.651386, 24.062760, 658.533549, 17.617345, 670.173693, -0.228673, 643.234534, -0.422140, 605.597131, 22.943466, 575.606154, 60.562241, 541.412096, 93.937312, 465.059108, 147.615777, 368.345324, 203.607968, 354.000217, 211.011894, 339.655110, 248.03152",
            "image_id": "BLD00982_PS3_K3A_NIA0277.png",
            "ingest_time": "2023-03-02T15:10:41.602602Z",
            "type_id": "5",
            "type_name": "기타 포장 도로"
         }
      },
      {
         "type": "Feature",
         "geometry": {
            "type": "Polygon",
            "coordinates": [
               [
                  31.313656,
                  30.063487,
                  0.0
               ],
               [
                  31.31369,
                  30.063497,
                  0.0
               ],
               [
                  31.314103,
                  30.062847,
                  0.0
               ],
               [
                  31.314155,
                  30.062717,
                  0.0
               ]
            ]
         },
         "properties": {
            "object_imcoords": "EMPTY",
            "building_imcoords": "EMPTY",
            "road_imcoords": "704.298471, 12.956871, 710.314161, 11.105889, 780.651459, 142.988323, 789.443621, 169.364810, 773.710278, 182.321680, 736.227902, 203.145223, 728.823976, 214.713857, 753.349481, 265.615849, 785.741658, 326.235494, 811.192654, 373.435523, 817.671089, 395.647301, 816.014955, 402.913852, 810.027920, 411.312963, 803.185901, 411.676548, 772.451650, 427.855464, 765.595769, 441.484350, 750.208916, 481.302850, 711.630018, 409.775176, 659.850631, 319.393675, 650.367416, 325.256329, 700.434322, 409.510381, 743.247616, 489.279735, 731.600448, 506.706193, 644.141571, 546.965041, 608.510177, 564.549366, 589.537616, 578.894472, 575.655255, 583.984672, 564.298952, 588.786373, 553.999693, 598.873301, 562.409887, 614.330840, 566.111850, 599.998429, 581.314365, 589.393367, 593.120719, 587.448915, 612.543331, 575.973751, 686.569898, 542.511835, 733.994952, 520.431611, 743.102680, 507.541143, 752.423990, 493.749322, 799.125073, 440.014198, 812.617091, 430.842711, 822.291557, 414.915051, 825.075015, 404.439464, 823.686779, 385.004157, 802.863237, 336.878638, 738.078884, 217.027584, 750.110264, 201.756986, 792.682839, 179.082463, 801.012256, 165.662847, 785.278913, 134.658906, 714.883127, 0.345770, 704.330700, -0.367427, 701.692307, 3.18072",
            "image_id": "BLD00982_PS3_K3A_NIA0277.png",
            "ingest_time": "2023-03-02T15:10:41.602602Z",
            "type_id": "5",
            "type_name": "기타 포장 도로"
         }
      },
      {
         "type": "Feature",
         "geometry": {
            "type": "Polygon",
            "coordinates": [
               [
                  31.311564,
                  30.061858,
                  0.0
               ],
               [
                  31.311472,
                  30.061762,
                  0.0
               ],
               [
                  31.311061,
                  30.06153,
                  0.0
               ],
               [
                  31.31087,
                  30.06145,
                  0.0
               ]
            ]
         },
         "properties": {
            "object_imcoords": "EMPTY",
            "building_imcoords": "EMPTY",
            "road_imcoords": "332.754133, 335.783104, 316.311146, 354.822352, 243.615834, 400.689632, 209.864440, 416.267199, 140.198100, 461.269058, 116.831750, 435.306447, 65.245968, 349.863302, 51.798983, 349.736297, 59.176702, 361.546642, 60.871697, 366.561023, 59.335071, 370.591534, 54.869687, 372.671222, 51.676296, 371.323176, 49.235282, 368.526713, 49.285678, 362.114458, 53.859726, 359.048336, 58.788092, 361.499320, 52.141364, 349.621942, 43.071917, 359.001006, 42.432275, 367.940347, 44.369682, 377.430116, 53.047989, 383.175003, 70.296903, 379.347998, 98.225212, 424.055982, 127.649505, 466.461580, 131.976607, 475.548494, 206.835469, 426.652243, 245.346675, 406.314864, 323.234509, 358.716744, 336.215814, 344.00459",
            "image_id": "BLD00982_PS3_K3A_NIA0277.png",
            "ingest_time": "2023-03-02T15:10:41.602602Z",
            "type_id": "5",
            "type_name": "기타 포장 도로"
         }
      },
      {
         "type": "Feature",
         "geometry": {
            "type": "Polygon",
            "coordinates": [
               [
                  31.309676,
                  30.0635,
                  0.0
               ],
               [
                  31.309732,
                  30.063462,
                  0.0
               ],
               [
                  31.309811,
                  30.063443,
                  0.0
               ],
               [
                  31.309933,
                  30.063458,
                  0.0
               ]
            ]
         },
         "properties": {
            "object_imcoords": "EMPTY",
            "building_imcoords": "EMPTY",
            "road_imcoords": "6.724259, 0.000000, 16.440909, 7.843387, 30.259164, 11.954238, 51.518946, 9.162618, 65.748307, 0.000000, 94.886762, 0.000000, 64.993194, 19.516853, 38.831119, 29.077994, 17.931357, 26.129741, 7.591429, 21.357761, 0.000000, 13.367903, 0.000000, 0.00000",
            "image_id": "BLD00982_PS3_K3A_NIA0277.png",
            "ingest_time": "2023-03-02T15:10:41.602602Z",
            "type_id": "5",
            "type_name": "기타 포장 도로"
         }
      },
      {
         "type": "Feature",
         "geometry": {
            "type": "Polygon",
            "coordinates": [
               [
                  31.312559,
                  30.059525,
                  0.0
               ],
               [
                  31.311888,
                  30.060521,
                  0.0
               ],
               [
                  31.3123,
                  30.060744,
                  0.0
               ],
               [
                  31.312327,
                  30.060697,
                  0.0
               ]
            ]
         },
         "properties": {
            "object_imcoords": "EMPTY",
            "building_imcoords": "EMPTY",
            "road_imcoords": "500.194175, 808.457389, 385.514891, 606.145484, 458.453159, 562.206490, 463.020300, 571.657425, 400.605625, 608.976675, 506.062567, 804.31499",
            "image_id": "BLD00982_PS3_K3A_NIA0277.png",
            "ingest_time": "2023-03-02T15:10:41.602602Z",
            "type_id": "5",
            "type_name": "기타 포장 도로"
         }
      },
      {
         "type": "Feature",
         "geometry": {
            "type": "Polygon",
            "coordinates": [
               [
                  31.309724,
                  30.058419,
                  0.0
               ],
               [
                  31.315565,
                  30.058494,
                  0.0
               ],
               [
                  31.315479,
                  30.063575,
                  0.0
               ],
               [
                  31.309638,
                  30.0635,
                  0.0
               ]
            ]
         },
         "properties": {
            "object_imcoords": "EMPTY",
            "building_imcoords": "EMPTY",
            "road_imcoords": "72.478878, 899.370843, 72.478878, 922.667625, 13.517886, 981.341003, 0.000000, 1002.049254, 0.000000, 1015.854755, 18.694949, 986.805680, 78.806399, 927.557074, 79.381629, 906.27359",
            "image_id": "BLD00982_PS3_K3A_NIA0277.png",
            "ingest_time": "2023-03-02T15:10:41.602602Z",
            "type_id": "5",
            "type_name": "기타 포장 도로"
         }
      },
      {
         "type": "Feature",
         "geometry": {
            "type": "Polygon",
            "coordinates": [
               [
                  31.309724,
                  30.058419,
                  0.0
               ],
               [
                  31.315565,
                  30.058494,
                  0.0
               ],
               [
                  31.315479,
                  30.063575,
                  0.0
               ],
               [
                  31.309638,
                  30.0635,
                  0.0
               ]
            ]
         },
         "properties": {
            "object_imcoords": "EMPTY",
            "building_imcoords": "EMPTY",
            "road_imcoords": "109.382367, 935.659280, 83.985541, 940.688355, 26.402640, 990.727644, 5.280528, 1024.000000, 14.835769, 1024.000000, 32.437529, 996.008172, 86.751532, 947.980512, 116.925978, 943.70579",
            "image_id": "BLD00982_PS3_K3A_NIA0277.png",
            "ingest_time": "2023-03-02T15:10:41.602602Z",
            "type_id": "5",
            "type_name": "기타 포장 도로"
         }
      },
      {
         "type": "Feature",
         "geometry": {
            "type": "Polygon",
            "coordinates": [
               [
                  31.309724,
                  30.058419,
                  0.0
               ],
               [
                  31.315565,
                  30.058494,
                  0.0
               ],
               [
                  31.315479,
                  30.063575,
                  0.0
               ],
               [
                  31.309638,
                  30.0635,
                  0.0
               ]
            ]
         },
         "properties": {
            "object_imcoords": "EMPTY",
            "building_imcoords": "EMPTY",
            "road_imcoords": "0.000000, 922.742622, 33.827632, 960.093966, 37.586258, 956.805168, 0.234914, 915.46028",
            "image_id": "BLD00982_PS3_K3A_NIA0277.png",
            "ingest_time": "2023-03-02T15:10:41.602602Z",
            "type_id": "5",
            "type_name": "기타 포장 도로"
         }
      },
      {
         "type": "Feature",
         "geometry": {
            "type": "Polygon",
            "coordinates": [
               [
                  31.309724,
                  30.058419,
                  0.0
               ],
               [
                  31.315565,
                  30.058494,
                  0.0
               ],
               [
                  31.315479,
                  30.063575,
                  0.0
               ],
               [
                  31.309638,
                  30.0635,
                  0.0
               ]
            ]
         },
         "properties": {
            "object_imcoords": "EMPTY",
            "building_imcoords": "EMPTY",
            "road_imcoords": "39.700485, 966.671561, 45.808251, 973.953898, 49.097049, 971.134929, 42.989282, 963.61767",
            "image_id": "BLD00982_PS3_K3A_NIA0277.png",
            "ingest_time": "2023-03-02T15:10:41.602602Z",
            "type_id": "5",
            "type_name": "기타 포장 도로"
         }
      },
      {
         "type": "Feature",
         "geometry": {
            "type": "Polygon",
            "coordinates": [
               [
                  31.309724,
                  30.058419,
                  0.0
               ],
               [
                  31.315565,
                  30.058494,
                  0.0
               ],
               [
                  31.315479,
                  30.063575,
                  0.0
               ],
               [
                  31.309638,
                  30.0635,
                  0.0
               ]
            ]
         },
         "properties": {
            "object_imcoords": "EMPTY",
            "building_imcoords": "EMPTY",
            "road_imcoords": "50.976362, 979.591837, 95.610043, 1024.000000, 102.657466, 1023.990603, 54.265159, 976.53795",
            "image_id": "BLD00982_PS3_K3A_NIA0277.png",
            "ingest_time": "2023-03-02T15:10:41.602602Z",
            "type_id": "5",
            "type_name": "기타 포장 도로"
         }
      },
      {
         "type": "Feature",
         "geometry": {
            "type": "Polygon",
            "coordinates": [
               [
                  31.309724,
                  30.058419,
                  0.0
               ],
               [
                  31.315565,
                  30.058494,
                  0.0
               ],
               [
                  31.315479,
                  30.063575,
                  0.0
               ],
               [
                  31.309638,
                  30.0635,
                  0.0
               ]
            ]
         },
         "properties": {
            "object_imcoords": "EMPTY",
            "building_imcoords": "EMPTY",
            "road_imcoords": "797.567103, 41.888140, 781.065715, 51.831284, 786.777734, 61.774428, 803.490678, 50.77350",
            "image_id": "BLD00982_PS3_K3A_NIA0277.png",
            "ingest_time": "2023-03-02T15:10:41.602602Z",
            "type_id": "5",
            "type_name": "기타 포장 도로"
         }
      },
      {
         "type": "Feature",
         "geometry": {
            "type": "Polygon",
            "coordinates": [
               [
                  31.309724,
                  30.058419,
                  0.0
               ],
               [
                  31.315565,
                  30.058494,
                  0.0
               ],
               [
                  31.315479,
                  30.063575,
                  0.0
               ],
               [
                  31.309638,
                  30.0635,
                  0.0
               ]
            ]
         },
         "properties": {
            "object_imcoords": "EMPTY",
            "building_imcoords": "EMPTY",
            "road_imcoords": "856.168187, 141.954251, 840.301468, 150.628058, 844.321037, 158.032527, 859.976200, 148.93560",
            "image_id": "BLD00982_PS3_K3A_NIA0277.png",
            "ingest_time": "2023-03-02T15:10:41.602602Z",
            "type_id": "5",
            "type_name": "기타 포장 도로"
         }
      },
      {
         "type": "Feature",
         "geometry": {
            "type": "Polygon",
            "coordinates": [
               [
                  31.309724,
                  30.058419,
                  0.0
               ],
               [
                  31.315565,
                  30.058494,
                  0.0
               ],
               [
                  31.315479,
                  30.063575,
                  0.0
               ],
               [
                  31.309638,
                  30.0635,
                  0.0
               ]
            ]
         },
         "properties": {
            "object_imcoords": "EMPTY",
            "building_imcoords": "EMPTY",
            "road_imcoords": "914.254772, 244.104508, 899.742791, 251.035603, 906.673887, 263.598213, 919.270053, 255.02545",
            "image_id": "BLD00982_PS3_K3A_NIA0277.png",
            "ingest_time": "2023-03-02T15:10:41.602602Z",
            "type_id": "5",
            "type_name": "기타 포장 도로"
         }
      },
      {
         "type": "Feature",
         "geometry": {
            "type": "Polygon",
            "coordinates": [
               [
                  31.309724,
                  30.058419,
                  0.0
               ],
               [
                  31.315565,
                  30.058494,
                  0.0
               ],
               [
                  31.315479,
                  30.063575,
                  0.0
               ],
               [
                  31.309638,
                  30.0635,
                  0.0
               ]
            ]
         },
         "properties": {
            "object_imcoords": "EMPTY",
            "building_imcoords": "EMPTY",
            "road_imcoords": "954.746733, 314.504806, 940.922346, 322.972243, 946.106491, 332.303705, 960.103683, 322.71303",
            "image_id": "BLD00982_PS3_K3A_NIA0277.png",
            "ingest_time": "2023-03-02T15:10:41.602602Z",
            "type_id": "5",
            "type_name": "기타 포장 도로"
         }
      },
      {
         "type": "Feature",
         "geometry": {
            "type": "Polygon",
            "coordinates": [
               [
                  31.312532,
                  30.062401,
                  0.0
               ],
               [
                  31.312453,
                  30.062325,
                  0.0
               ],
               [
                  31.312451,
                  30.062326,
                  0.0
               ],
               [
                  31.312464,
                  30.062337,
                  0.0
               ]
            ]
         },
         "properties": {
            "object_imcoords": "EMPTY",
            "building_imcoords": "EMPTY",
            "road_imcoords": "504.096019, 228.901591, 489.904821, 244.038874, 489.681670, 243.829670, 491.898341, 241.553089, 488.085343, 235.744850, 494.974415, 228.396504, 450.570068, 169.069388, 449.325766, 165.200101, 448.241902, 165.958806, 448.142324, 165.825763, 448.400275, 165.662847, 454.465434, 162.59188",
            "image_id": "BLD00982_PS3_K3A_NIA0277.png",
            "ingest_time": "2023-03-02T15:10:41.602602Z",
            "type_id": "5",
            "type_name": "기타 포장 도로"
         }
      },
      {
         "type": "Feature",
         "geometry": {
            "type": "Polygon",
            "coordinates": [
               [
                  31.314137,
                  30.061948,
                  0.0
               ],
               [
                  31.314134,
                  30.061953,
                  0.0
               ],
               [
                  31.314063,
                  30.061922,
                  0.0
               ],
               [
                  31.313979,
                  30.061941,
                  0.0
               ]
            ]
         },
         "properties": {
            "object_imcoords": "EMPTY",
            "building_imcoords": "EMPTY",
            "road_imcoords": "784.036556, 324.368269, 783.458845, 323.212836, 771.023549, 329.430483, 756.226782, 325.395011, 743.110662, 318.836951, 734.960280, 306.611378, 732.427484, 287.614958, 732.427484, 279.059645, 743.131513, 264.341511, 750.266123, 260.377851, 751.630054, 263.208651, 753.450903, 266.616240, 747.883001, 269.709510, 739.427484, 281.335920, 739.427484, 287.150358, 741.684483, 304.078254, 747.903853, 313.407308, 758.737317, 318.824040, 770.285155, 321.973443, 780.343692, 316.944174, 784.022231, 323.828296, 787.571524, 330.410622, 697.565156, 384.647395, 694.313806, 378.60958",
            "image_id": "BLD00982_PS3_K3A_NIA0277.png",
            "ingest_time": "2023-03-02T15:10:41.602602Z",
            "type_id": "5",
            "type_name": "기타 포장 도로"
         }
      },
      {
         "type": "Feature",
         "geometry": {
            "type": "Polygon",
            "coordinates": [
               [
                  31.313939,
                  30.062269,
                  0.0
               ],
               [
                  31.313376,
                  30.061931,
                  0.0
               ],
               [
                  31.31337,
                  30.061972,
                  0.0
               ],
               [
                  31.313921,
                  30.0623,
                  0.0
               ]
            ]
         },
         "properties": {
            "object_imcoords": "EMPTY",
            "building_imcoords": "EMPTY",
            "road_imcoords": "750.269301, 259.223022, 650.577938, 325.686832, 649.622011, 317.522948, 747.202378, 252.85771",
            "image_id": "BLD00982_PS3_K3A_NIA0277.png",
            "ingest_time": "2023-03-02T15:10:41.602602Z",
            "type_id": "5",
            "type_name": "기타 포장 도로"
         }
      },
      {
         "type": "Feature",
         "geometry": {
            "type": "Polygon",
            "coordinates": [
               [
                  31.309736,
                  30.059062,
                  0.0
               ],
               [
                  31.30983,
                  30.059147,
                  0.0
               ],
               [
                  31.309859,
                  30.059123,
                  0.0
               ],
               [
                  31.309765,
                  30.059038,
                  0.0
               ]
            ]
         },
         "properties": {
            "object_imcoords": "EMPTY",
            "building_imcoords": "EMPTY",
            "road_imcoords": "3.956302, 894.522381, 20.659369, 877.615668, 25.639016, 882.535333, 9.039736, 899.336994, 0.000000, 908.486977, 0.000000, 898.52693",
            "image_id": "BLD00982_PS3_K3A_NIA0277.png",
            "ingest_time": "2023-03-02T15:10:41.602602Z",
            "type_id": "5",
            "type_name": "기타 포장 도로"
         }
      },
      {
         "type": "Feature",
         "geometry": {
            "type": "Polygon",
            "coordinates": [
               [
                  31.310966,
                  30.060304,
                  0.0
               ],
               [
                  31.310905,
                  30.060336,
                  0.0
               ],
               [
                  31.310457,
                  30.060959,
                  0.0
               ],
               [
                  31.310491,
                  30.060978,
                  0.0
               ]
            ]
         },
         "properties": {
            "object_imcoords": "EMPTY",
            "building_imcoords": "EMPTY",
            "road_imcoords": "223.305330, 647.398865, 212.630912, 640.830029, 136.098734, 514.143264, 141.949941, 510.291373, 217.744943, 635.757861, 225.972166, 640.820740, 233.517594, 642.497509, 237.331967, 648.784161, 236.965243, 650.43441",
            "image_id": "BLD00982_PS3_K3A_NIA0277.png",
            "ingest_time": "2023-03-02T15:10:41.602602Z",
            "type_id": "5",
            "type_name": "기타 포장 도로"
         }
      },
      {
         "type": "Feature",
         "geometry": {
            "type": "Polygon",
            "coordinates": [
               [
                  31.310435,
                  30.060991,
                  0.0
               ],
               [
                  31.310018,
                  30.06157,
                  0.0
               ],
               [
                  31.310072,
                  30.061615,
                  0.0
               ],
               [
                  31.310094,
                  30.061585,
                  0.0
               ]
            ]
         },
         "properties": {
            "object_imcoords": "EMPTY",
            "building_imcoords": "EMPTY",
            "road_imcoords": "132.168862, 507.637991, 60.956257, 389.756925, 70.487867, 380.958503, 74.334029, 386.934558, 69.901272, 391.026339, 138.053195, 503.84093",
            "image_id": "BLD00982_PS3_K3A_NIA0277.png",
            "ingest_time": "2023-03-02T15:10:41.602602Z",
            "type_id": "5",
            "type_name": "기타 포장 도로"
         }
      },
      {
         "type": "Feature",
         "geometry": {
            "type": "Polygon",
            "coordinates": [
               [
                  31.311362,
                  30.058521,
                  0.0
               ],
               [
                  31.31138,
                  30.058585,
                  0.0
               ],
               [
                  31.311328,
                  30.058675,
                  0.0
               ],
               [
                  31.311364,
                  30.058691,
                  0.0
               ]
            ]
         },
         "properties": {
            "object_imcoords": "EMPTY",
            "building_imcoords": "EMPTY",
            "road_imcoords": "287.438281, 1007.796475, 290.665969, 994.885723, 281.933352, 976.517095, 288.288524, 973.581490, 298.065904, 994.147724, 295.103650, 1005.996738, 310.459423, 1024.000000, 301.258980, 1024.00000",
            "image_id": "BLD00982_PS3_K3A_NIA0277.png",
            "ingest_time": "2023-03-02T15:10:41.602602Z",
            "type_id": "5",
            "type_name": "기타 포장 도로"
         }
      },
      {
         "type": "Feature",
         "geometry": {
            "type": "Polygon",
            "coordinates": [
               [
                  31.311307,
                  30.058471,
                  0.0
               ],
               [
                  31.31122,
                  30.058545,
                  0.0
               ],
               [
                  31.311241,
                  30.058563,
                  0.0
               ],
               [
                  31.311349,
                  30.058469,
                  0.0
               ]
            ]
         },
         "properties": {
            "object_imcoords": "EMPTY",
            "building_imcoords": "EMPTY",
            "road_imcoords": "277.564927, 1017.663161, 262.662375, 1002.456487, 266.233438, 998.956843, 285.031692, 1018.138719, 277.607415, 1024.000000, 269.538278, 1024.00000",
            "image_id": "BLD00982_PS3_K3A_NIA0277.png",
            "ingest_time": "2023-03-02T15:10:41.602602Z",
            "type_id": "6",
            "type_name": "보도"
         }
      },
      {
         "type": "Feature",
         "geometry": {
            "type": "Polygon",
            "coordinates": [
               [
                  31.312201,
                  30.060417,
                  0.0
               ],
               [
                  31.312076,
                  30.060348,
                  0.0
               ],
               [
                  31.312054,
                  30.060383,
                  0.0
               ],
               [
                  31.312178,
                  30.060451,
                  0.0
               ]
            ]
         },
         "properties": {
            "object_imcoords": "EMPTY",
            "building_imcoords": "EMPTY",
            "road_imcoords": "440.060169, 627.924534, 418.079780, 641.344122, 414.273944, 634.294558, 436.132275, 620.949489, 460.770449, 605.907214, 464.939146, 612.73524",
            "image_id": "BLD00982_PS3_K3A_NIA0277.png",
            "ingest_time": "2023-03-02T15:10:41.602602Z",
            "type_id": "5",
            "type_name": "기타 포장 도로"
         }
      },
      {
         "type": "Feature",
         "geometry": {
            "type": "Polygon",
            "coordinates": [
               [
                  31.312291,
                  30.060294,
                  0.0
               ],
               [
                  31.312157,
                  30.060223,
                  0.0
               ],
               [
                  31.312135,
                  30.060257,
                  0.0
               ],
               [
                  31.312267,
                  30.060328,
                  0.0
               ]
            ]
         },
         "properties": {
            "object_imcoords": "EMPTY",
            "building_imcoords": "EMPTY",
            "road_imcoords": "455.521861, 652.891392, 431.870656, 666.889018, 428.067237, 659.843930, 451.423330, 646.020961, 476.975746, 630.898087, 481.050316, 637.78269",
            "image_id": "BLD00982_PS3_K3A_NIA0277.png",
            "ingest_time": "2023-03-02T15:10:41.602602Z",
            "type_id": "5",
            "type_name": "기타 포장 도로"
         }
      },
      {
         "type": "Feature",
         "geometry": {
            "type": "Polygon",
            "coordinates": [
               [
                  31.312379,
                  30.060162,
                  0.0
               ],
               [
                  31.312244,
                  30.060088,
                  0.0
               ],
               [
                  31.312222,
                  30.060123,
                  0.0
               ],
               [
                  31.312353,
                  30.060195,
                  0.0
               ]
            ]
         },
         "properties": {
            "object_imcoords": "EMPTY",
            "building_imcoords": "EMPTY",
            "road_imcoords": "470.477239, 679.673841, 446.643071, 694.252021, 442.837069, 687.202147, 466.178217, 672.925524, 493.084090, 656.468492, 497.258378, 663.29310",
            "image_id": "BLD00982_PS3_K3A_NIA0277.png",
            "ingest_time": "2023-03-02T15:10:41.602602Z",
            "type_id": "5",
            "type_name": "기타 포장 도로"
         }
      },
      {
         "type": "Feature",
         "geometry": {
            "type": "Polygon",
            "coordinates": [
               [
                  31.312616,
                  30.060112,
                  0.0
               ],
               [
                  31.312328,
                  30.059957,
                  0.0
               ],
               [
                  31.312306,
                  30.059992,
                  0.0
               ],
               [
                  31.312603,
                  30.060151,
                  0.0
               ]
            ]
         },
         "properties": {
            "object_imcoords": "EMPTY",
            "building_imcoords": "EMPTY",
            "road_imcoords": "511.910066, 690.463684, 460.987145, 720.821606, 457.183228, 713.775595, 509.706389, 682.463684, 511.329468, 682.463684, 511.329468, 690.46368",
            "image_id": "BLD00982_PS3_K3A_NIA0277.png",
            "ingest_time": "2023-03-02T15:10:41.602602Z",
            "type_id": "5",
            "type_name": "기타 포장 도로"
         }
      },
      {
         "type": "Feature",
         "geometry": {
            "type": "Polygon",
            "coordinates": [
               [
                  31.312553,
                  30.059902,
                  0.0
               ],
               [
                  31.312417,
                  30.059818,
                  0.0
               ],
               [
                  31.312395,
                  30.059853,
                  0.0
               ],
               [
                  31.312527,
                  30.059935,
                  0.0
               ]
            ]
         },
         "properties": {
            "object_imcoords": "EMPTY",
            "building_imcoords": "EMPTY",
            "road_imcoords": "500.192424, 732.577675, 476.222404, 749.041938, 472.400142, 741.961947, 495.883626, 725.831871, 521.574353, 708.185768, 526.103747, 714.78005",
            "image_id": "BLD00982_PS3_K3A_NIA0277.png",
            "ingest_time": "2023-03-02T15:10:41.602602Z",
            "type_id": "5",
            "type_name": "기타 포장 도로"
         }
      },
      {
         "type": "Feature",
         "geometry": {
            "type": "Polygon",
            "coordinates": [
               [
                  31.312643,
                  30.059773,
                  0.0
               ],
               [
                  31.312499,
                  30.059691,
                  0.0
               ],
               [
                  31.312477,
                  30.059726,
                  0.0
               ],
               [
                  31.312616,
                  30.059805,
                  0.0
               ]
            ]
         },
         "properties": {
            "object_imcoords": "EMPTY",
            "building_imcoords": "EMPTY",
            "road_imcoords": "515.739496, 758.789434, 490.199853, 774.932422, 486.390409, 767.876174, 511.089240, 752.264643, 538.902563, 734.684537, 543.176905, 741.44693",
            "image_id": "BLD00982_PS3_K3A_NIA0277.png",
            "ingest_time": "2023-03-02T15:10:41.602602Z",
            "type_id": "5",
            "type_name": "기타 포장 도로"
         }
      },
      {
         "type": "Feature",
         "geometry": {
            "type": "Polygon",
            "coordinates": [
               [
                  31.309759,
                  30.06168,
                  0.0
               ],
               [
                  31.309809,
                  30.061686,
                  0.0
               ],
               [
                  31.309911,
                  30.061677,
                  0.0
               ],
               [
                  31.309911,
                  30.061677,
                  0.0
               ]
            ]
         },
         "properties": {
            "object_imcoords": "EMPTY",
            "building_imcoords": "EMPTY",
            "road_imcoords": "15.743656, 366.929870, 24.660057, 366.007480, 42.433094, 367.928896, 42.432275, 367.940347, 44.069339, 375.958984, 44.048671, 376.150168, 24.641521, 374.052090, 18.017208, 374.737366, 0.000000, 383.745980, 0.000000, 374.80170",
            "image_id": "BLD00982_PS3_K3A_NIA0277.png",
            "ingest_time": "2023-03-02T15:10:41.602602Z",
            "type_id": "5",
            "type_name": "기타 포장 도로"
         }
      },
      {
         "type": "Feature",
         "geometry": {
            "type": "Polygon",
            "coordinates": [
               [
                  31.310385,
                  30.061955,
                  0.0
               ],
               [
                  31.310337,
                  30.061947,
                  0.0
               ],
               [
                  31.31026,
                  30.061902,
                  0.0
               ],
               [
                  31.310229,
                  30.061872,
                  0.0
               ]
            ]
         },
         "properties": {
            "object_imcoords": "EMPTY",
            "building_imcoords": "EMPTY",
            "road_imcoords": "126.393489, 313.295549, 117.936855, 314.739370, 104.304897, 323.574898, 98.841950, 329.512878, 95.251190, 340.541656, 91.759740, 348.688380, 74.884272, 365.827527, 71.683685, 360.526294, 86.690547, 345.284948, 89.629730, 338.426850, 93.541382, 326.412476, 100.403828, 318.953300, 115.709767, 309.032786, 129.224477, 306.725386, 134.592233, 314.776997, 129.599936, 318.10520",
            "image_id": "BLD00982_PS3_K3A_NIA0277.png",
            "ingest_time": "2023-03-02T15:10:41.602602Z",
            "type_id": "5",
            "type_name": "기타 포장 도로"
         }
      },
      {
         "type": "Feature",
         "geometry": {
            "type": "Polygon",
            "coordinates": [
               [
                  31.31081,
                  30.062138,
                  0.0
               ],
               [
                  31.310607,
                  30.062012,
                  0.0
               ],
               [
                  31.310453,
                  30.061923,
                  0.0
               ],
               [
                  31.310193,
                  30.061781,
                  0.0
               ]
            ]
         },
         "properties": {
            "object_imcoords": "EMPTY",
            "building_imcoords": "EMPTY",
            "road_imcoords": "201.464139, 277.447300, 165.376964, 302.325572, 138.240308, 319.789764, 92.190775, 347.682629, 95.251190, 340.541656, 95.951841, 338.389653, 129.554019, 318.036330, 129.599936, 318.105205, 131.186167, 317.047714, 135.061938, 314.700104, 162.049825, 297.331655, 196.699710, 273.444241, 203.857847, 257.849724, 209.310824, 260.35272",
            "image_id": "BLD00982_PS3_K3A_NIA0277.png",
            "ingest_time": "2023-03-02T15:10:41.602602Z",
            "type_id": "5",
            "type_name": "기타 포장 도로"
         }
      },
      {
         "type": "Feature",
         "geometry": {
            "type": "Polygon",
            "coordinates": [
               [
                  31.310646,
                  30.06168,
                  0.0
               ],
               [
                  31.310473,
                  30.061935,
                  0.0
               ],
               [
                  31.310545,
                  30.061976,
                  0.0
               ],
               [
                  31.310719,
                  30.061718,
                  0.0
               ]
            ]
         },
         "properties": {
            "object_imcoords": "EMPTY",
            "building_imcoords": "EMPTY",
            "road_imcoords": "171.305227, 369.394179, 141.785969, 317.507902, 154.418399, 309.378117, 184.255625, 361.823290, 214.114116, 414.305810, 209.864440, 416.267199, 201.168229, 421.88462",
            "image_id": "BLD00982_PS3_K3A_NIA0277.png",
            "ingest_time": "2023-03-02T15:10:41.602602Z",
            "type_id": "5",
            "type_name": "기타 포장 도로"
         }
      },
      {
         "type": "Feature",
         "geometry": {
            "type": "Polygon",
            "coordinates": [
               [
                  31.311887,
                  30.058758,
                  0.0
               ],
               [
                  31.3118,
                  30.058873,
                  0.0
               ],
               [
                  31.311831,
                  30.058886,
                  0.0
               ],
               [
                  31.311916,
                  30.058774,
                  0.0
               ]
            ]
         },
         "properties": {
            "object_imcoords": "EMPTY",
            "building_imcoords": "EMPTY",
            "road_imcoords": "380.101236, 961.298766, 365.269950, 938.021932, 370.766608, 935.482895, 385.202292, 958.138856, 401.070469, 983.043140, 396.010341, 986.26728",
            "image_id": "BLD00982_PS3_K3A_NIA0277.png",
            "ingest_time": "2023-03-02T15:10:41.602602Z",
            "type_id": "5",
            "type_name": "기타 포장 도로"
         }
      },
      {
         "type": "Feature",
         "geometry": {
            "type": "Polygon",
            "coordinates": [
               [
                  31.312186,
                  30.058957,
                  0.0
               ],
               [
                  31.312127,
                  30.05903,
                  0.0
               ],
               [
                  31.312156,
                  30.059045,
                  0.0
               ],
               [
                  31.31222,
                  30.058967,
                  0.0
               ]
            ]
         },
         "properties": {
            "object_imcoords": "EMPTY",
            "building_imcoords": "EMPTY",
            "road_imcoords": "433.055267, 922.025995, 422.926793, 907.170872, 428.146800, 904.176061, 439.055267, 920.175177, 439.055267, 938.754639, 433.055267, 938.75463",
            "image_id": "BLD00982_PS3_K3A_NIA0277.png",
            "ingest_time": "2023-03-02T15:10:41.602602Z",
            "type_id": "5",
            "type_name": "기타 포장 도로"
         }
      },
      {
         "type": "Feature",
         "geometry": {
            "type": "Polygon",
            "coordinates": [
               [
                  31.312632,
                  30.058677,
                  0.0
               ],
               [
                  31.312646,
                  30.05871,
                  0.0
               ],
               [
                  31.312972,
                  30.058884,
                  0.0
               ],
               [
                  31.31299,
                  30.058858,
                  0.0
               ]
            ]
         },
         "properties": {
            "object_imcoords": "EMPTY",
            "building_imcoords": "EMPTY",
            "road_imcoords": "510.421761, 979.559701, 513.092603, 972.882503, 570.711004, 938.835283, 573.844018, 943.953192, 517.904467, 977.008366, 517.044547, 979.158195, 523.866583, 991.598397, 518.605707, 994.48339",
            "image_id": "BLD00982_PS3_K3A_NIA0277.png",
            "ingest_time": "2023-03-02T15:10:41.602602Z",
            "type_id": "5",
            "type_name": "기타 포장 도로"
         }
      },
      {
         "type": "Feature",
         "geometry": {
            "type": "Polygon",
            "coordinates": [
               [
                  31.312743,
                  30.058487,
                  0.0
               ],
               [
                  31.312703,
                  30.058549,
                  0.0
               ],
               [
                  31.312733,
                  30.058564,
                  0.0
               ],
               [
                  31.312773,
                  30.058502,
                  0.0
               ]
            ]
         },
         "properties": {
            "object_imcoords": "EMPTY",
            "building_imcoords": "EMPTY",
            "road_imcoords": "529.403351, 1018.067294, 522.572859, 1005.507958, 527.843767, 1002.641334, 534.695160, 1015.239103, 539.459865, 1024.000000, 532.629914, 1024.00000",
            "image_id": "BLD00982_PS3_K3A_NIA0277.png",
            "ingest_time": "2023-03-02T15:10:41.602602Z",
            "type_id": "5",
            "type_name": "기타 포장 도로"
         }
      },
      {
         "type": "Feature",
         "geometry": {
            "type": "Polygon",
            "coordinates": [
               [
                  31.314154,
                  30.058592,
                  0.0
               ],
               [
                  31.314433,
                  30.058725,
                  0.0
               ],
               [
                  31.314458,
                  30.058686,
                  0.0
               ],
               [
                  31.31418,
                  30.058554,
                  0.0
               ]
            ]
         },
         "properties": {
            "object_imcoords": "EMPTY",
            "building_imcoords": "EMPTY",
            "road_imcoords": "776.965451, 1000.610438, 826.312073, 974.498778, 830.521423, 982.453737, 781.446658, 1008.421544, 752.006080, 1024.000000, 732.763238, 1024.00000",
            "image_id": "BLD00982_PS3_K3A_NIA0277.png",
            "ingest_time": "2023-03-02T15:10:41.602602Z",
            "type_id": "5",
            "type_name": "기타 포장 도로"
         }
      },
      {
         "type": "Feature",
         "geometry": {
            "type": "Polygon",
            "coordinates": [
               [
                  31.314525,
                  30.058515,
                  0.0
               ],
               [
                  31.314648,
                  30.058578,
                  0.0
               ],
               [
                  31.314674,
                  30.05854,
                  0.0
               ],
               [
                  31.314561,
                  30.058481,
                  0.0
               ]
            ]
         },
         "properties": {
            "object_imcoords": "EMPTY",
            "building_imcoords": "EMPTY",
            "road_imcoords": "841.844036, 1017.164228, 863.501474, 1004.694772, 868.003188, 1012.488021, 848.008733, 1024.000000, 829.971366, 1024.00000",
            "image_id": "BLD00982_PS3_K3A_NIA0277.png",
            "ingest_time": "2023-03-02T15:10:41.602602Z",
            "type_id": "5",
            "type_name": "기타 포장 도로"
         }
      },
      {
         "type": "Feature",
         "geometry": {
            "type": "Polygon",
            "coordinates": [
               [
                  31.31469,
                  30.058601,
                  0.0
               ],
               [
                  31.314715,
                  30.058613,
                  0.0
               ],
               [
                  31.314741,
                  30.058575,
                  0.0
               ],
               [
                  31.314716,
                  30.058562,
                  0.0
               ]
            ]
         },
         "properties": {
            "object_imcoords": "EMPTY",
            "building_imcoords": "EMPTY",
            "road_imcoords": "871.091999, 1000.324462, 875.446820, 997.817136, 879.905406, 1005.635216, 875.505888, 1008.16827",
            "image_id": "BLD00982_PS3_K3A_NIA0277.png",
            "ingest_time": "2023-03-02T15:10:41.602602Z",
            "type_id": "5",
            "type_name": "기타 포장 도로"
         }
      },
      {
         "type": "Feature",
         "geometry": {
            "type": "Polygon",
            "coordinates": [
               [
                  31.314155,
                  30.058489,
                  0.0
               ],
               [
                  31.314126,
                  30.058528,
                  0.0
               ],
               [
                  31.314171,
                  30.05855,
                  0.0
               ],
               [
                  31.314225,
                  30.058477,
                  0.0
               ]
            ]
         },
         "properties": {
            "object_imcoords": "EMPTY",
            "building_imcoords": "EMPTY",
            "road_imcoords": "776.918332, 1021.439068, 771.987673, 1013.426758, 779.959443, 1009.208503, 789.061915, 1024.000000, 778.494293, 1024.00000",
            "image_id": "BLD00982_PS3_K3A_NIA0277.png",
            "ingest_time": "2023-03-02T15:10:41.602602Z",
            "type_id": "5",
            "type_name": "기타 포장 도로"
         }
      }
   ]
}