{
   "type": "FeatureCollection",
   "features": [
      {
         "type": "Feature",
         "geometry": {
            "type": "Polygon",
            "coordinates": [
               [
                  31.447708,
                  29.956726,
                  0.0
               ],
               [
                  31.447994,
                  29.956866,
                  0.0
               ],
               [
                  31.449765,
                  29.958016,
                  0.0
               ],
               [
                  31.451646,
                  29.959252,
                  0.0
               ]
            ]
         },
         "properties": {
            "object_imcoords": "EMPTY",
            "building_imcoords": "EMPTY",
            "road_imcoords": "0.801070, 708.528643, 51.480054, 680.966388, 365.334116, 453.355510, 698.746195, 208.821300, 982.372980, 0.801070, 1024.801070, 0.801070, 1024.801070, 15.026750, 102.159039, 689.857438, 0.801070, 750.31657",
            "image_id": "BLD00381_PS3_K3A_NIA0276.png",
            "ingest_time": "2023-03-02T15:10:41.602602Z",
            "type_id": "1",
            "type_name": "분리형 고속도로"
         }
      },
      {
         "type": "Feature",
         "geometry": {
            "type": "Polygon",
            "coordinates": [
               [
                  31.447712,
                  29.956483,
                  0.0
               ],
               [
                  31.44831,
                  29.956803,
                  0.0
               ],
               [
                  31.453489,
                  29.960235,
                  0.0
               ],
               [
                  31.45349,
                  29.959956,
                  0.0
               ]
            ]
         },
         "properties": {
            "object_imcoords": "EMPTY",
            "building_imcoords": "EMPTY",
            "road_imcoords": "0.801070, 757.429417, 106.604564, 694.302963, 1024.801070, 15.026750, 1024.160914, 71.368377, 286.790774, 612.539815, 169.856186, 696.616356, 139.315860, 719.465494, 58.592894, 775.211517, 0.801070, 802.77377",
            "image_id": "BLD00381_PS3_K3A_NIA0276.png",
            "ingest_time": "2023-03-02T15:10:41.602602Z",
            "type_id": "1",
            "type_name": "분리형 고속도로"
         }
      },
      {
         "type": "Feature",
         "geometry": {
            "type": "Polygon",
            "coordinates": [
               [
                  31.451438,
                  29.958597,
                  0.0
               ],
               [
                  31.451586,
                  29.958578,
                  0.0
               ],
               [
                  31.452235,
                  29.957871,
                  0.0
               ],
               [
                  31.452264,
                  29.95793,
                  0.0
               ]
            ]
         },
         "properties": {
            "object_imcoords": "EMPTY",
            "building_imcoords": "EMPTY",
            "road_imcoords": "660.465584, 340.317508, 686.372882, 344.414363, 798.337712, 488.410352, 803.613072, 476.540793, 695.725984, 337.714034, 679.873231, 326.47142",
            "image_id": "BLD00381_PS3_K3A_NIA0276.png",
            "ingest_time": "2023-03-02T15:10:41.602602Z",
            "type_id": "5",
            "type_name": "기타 포장 도로"
         }
      },
      {
         "type": "Feature",
         "geometry": {
            "type": "Polygon",
            "coordinates": [
               [
                  31.451647,
                  29.958737,
                  0.0
               ],
               [
                  31.451674,
                  29.958641,
                  0.0
               ],
               [
                  31.452294,
                  29.957959,
                  0.0
               ],
               [
                  31.452379,
                  29.957973,
                  0.0
               ]
            ]
         },
         "properties": {
            "object_imcoords": "EMPTY",
            "building_imcoords": "EMPTY",
            "road_imcoords": "697.433356, 312.460176, 701.926088, 331.892932, 808.888431, 470.825820, 823.835282, 468.188141, 711.339802, 325.798957, 710.794949, 301.52667",
            "image_id": "BLD00381_PS3_K3A_NIA0276.png",
            "ingest_time": "2023-03-02T15:10:41.602602Z",
            "type_id": "5",
            "type_name": "기타 포장 도로"
         }
      },
      {
         "type": "Feature",
         "geometry": {
            "type": "Polygon",
            "coordinates": [
               [
                  31.452226,
                  29.957869,
                  0.0
               ],
               [
                  31.452211,
                  29.957827,
                  0.0
               ],
               [
                  31.452219,
                  29.95776,
                  0.0
               ],
               [
                  31.452272,
                  29.957685,
                  0.0
               ]
            ]
         },
         "properties": {
            "object_imcoords": "EMPTY",
            "building_imcoords": "EMPTY",
            "road_imcoords": "796.679713, 488.897423, 794.032937, 497.215863, 795.167270, 510.827856, 804.241932, 525.952293, 817.097703, 530.111513, 834.490806, 529.355291, 846.212244, 522.927406, 855.665017, 512.718411, 858.689905, 498.728307, 859.824238, 493.434754, 866.905076, 483.603870, 873.436231, 477.175984, 870.033232, 469.613766, 861.920519, 480.096792, 856.421239, 487.763090, 849.237132, 477.175984, 844.501082, 486.628757, 846.212244, 491.166088, 846.212244, 499.862639, 841.296802, 511.205967, 832.222140, 518.768186, 818.988258, 518.768186, 807.644930, 508.937302, 807.644930, 492.300421, 812.560372, 484.738202, 804.241932, 475.28542",
            "image_id": "BLD00381_PS3_K3A_NIA0276.png",
            "ingest_time": "2023-03-02T15:10:41.602602Z",
            "type_id": "5",
            "type_name": "기타 포장 도로"
         }
      },
      {
         "type": "Feature",
         "geometry": {
            "type": "Polygon",
            "coordinates": [
               [
                  31.45227,
                  29.957941,
                  0.0
               ],
               [
                  31.452316,
                  29.95789,
                  0.0
               ],
               [
                  31.452359,
                  29.957912,
                  0.0
               ],
               [
                  31.452434,
                  29.957921,
                  0.0
               ]
            ]
         },
         "properties": {
            "object_imcoords": "EMPTY",
            "building_imcoords": "EMPTY",
            "road_imcoords": "804.620043, 474.529208, 812.560372, 484.738202, 820.122591, 480.578982, 833.401321, 478.931994, 839.885678, 482.709633, 844.122971, 488.987119, 849.237132, 476.041651, 870.033232, 469.235655, 873.576068, 475.774859, 893.097999, 450.708219, 917.386794, 430.713189, 1023.924378, 354.289934, 1024.000000, 338.787386, 908.222436, 422.484445, 900.031354, 427.497284, 892.284047, 434.169776, 880.242227, 447.683332, 865.874012, 463.563991, 848.102799, 468.479433, 828.819142, 468.479433, 819.366369, 468.47943",
            "image_id": "BLD00381_PS3_K3A_NIA0276.png",
            "ingest_time": "2023-03-02T15:10:41.602602Z",
            "type_id": "5",
            "type_name": "기타 포장 도로"
         }
      },
      {
         "type": "Feature",
         "geometry": {
            "type": "Polygon",
            "coordinates": [
               [
                  31.447728,
                  29.95516,
                  0.0
               ],
               [
                  31.453562,
                  29.955229,
                  0.0
               ],
               [
                  31.453484,
                  29.96031,
                  0.0
               ],
               [
                  31.447649,
                  29.960241,
                  0.0
               ]
            ]
         },
         "properties": {
            "object_imcoords": "EMPTY",
            "building_imcoords": "EMPTY",
            "road_imcoords": "952.198190, 124.075715, 1015.612673, 202.607975, 1023.331072, 205.180774, 1024.000000, 189.100776, 1013.683073, 186.527977, 961.213300, 118.29207",
            "image_id": "BLD00381_PS3_K3A_NIA0276.png",
            "ingest_time": "2023-03-02T15:10:41.602602Z",
            "type_id": "5",
            "type_name": "기타 포장 도로"
         }
      },
      {
         "type": "Feature",
         "geometry": {
            "type": "Polygon",
            "coordinates": [
               [
                  31.447728,
                  29.95516,
                  0.0
               ],
               [
                  31.453562,
                  29.955229,
                  0.0
               ],
               [
                  31.453484,
                  29.96031,
                  0.0
               ],
               [
                  31.447649,
                  29.960241,
                  0.0
               ]
            ]
         },
         "properties": {
            "object_imcoords": "EMPTY",
            "building_imcoords": "EMPTY",
            "road_imcoords": "964.347880, 118.087986, 1024.000000, 90.502089, 1024.000000, 101.484288, 969.789003, 126.56547",
            "image_id": "BLD00381_PS3_K3A_NIA0276.png",
            "ingest_time": "2023-03-02T15:10:41.602602Z",
            "type_id": "5",
            "type_name": "기타 포장 도로"
         }
      },
      {
         "type": "Feature",
         "geometry": {
            "type": "Polygon",
            "coordinates": [
               [
                  31.452278,
                  29.95968,
                  0.0
               ],
               [
                  31.451747,
                  29.960233,
                  0.0
               ],
               [
                  31.451762,
                  29.960252,
                  0.0
               ],
               [
                  31.451827,
                  29.960281,
                  0.0
               ]
            ]
         },
         "properties": {
            "object_imcoords": "EMPTY",
            "building_imcoords": "EMPTY",
            "road_imcoords": "810.771403, 123.933552, 719.003812, 11.352692, 721.841984, 7.568461, 733.194676, 1.892115, 716.165639, 0.946058, 708.597177, 4.730288, 705.759004, 9.460576, 801.310827, 132.44807",
            "image_id": "BLD00381_PS3_K3A_NIA0276.png",
            "ingest_time": "2023-03-02T15:10:41.602602Z",
            "type_id": "5",
            "type_name": "기타 포장 도로"
         }
      },
      {
         "type": "Feature",
         "geometry": {
            "type": "Polygon",
            "coordinates": [
               [
                  31.452304,
                  29.959684,
                  0.0
               ],
               [
                  31.452282,
                  29.959798,
                  0.0
               ],
               [
                  31.452198,
                  29.959957,
                  0.0
               ],
               [
                  31.452138,
                  29.960045,
                  0.0
               ]
            ]
         },
         "properties": {
            "object_imcoords": "EMPTY",
            "building_imcoords": "EMPTY",
            "road_imcoords": "815.268023, 123.360762, 811.717461, 100.282111, 797.526596, 68.116151, 787.119962, 50.141055, 777.659386, 34.058075, 786.173904, 18.921153, 809.825346, 1.892115, 826.854383, 1.892115, 810.771403, 10.406634, 793.742366, 24.597499, 790.904193, 35.004133, 807.933230, 69.062208, 816.447749, 87.037303, 822.124095, 101.228168, 825.727828, 115.643099, 825.456123, 115.88851",
            "image_id": "BLD00381_PS3_K3A_NIA0276.png",
            "ingest_time": "2023-03-02T15:10:41.602602Z",
            "type_id": "5",
            "type_name": "기타 포장 도로"
         }
      },
      {
         "type": "Feature",
         "geometry": {
            "type": "Polygon",
            "coordinates": [
               [
                  31.452237,
                  29.959993,
                  0.0
               ],
               [
                  31.452707,
                  29.960301,
                  0.0
               ],
               [
                  31.452756,
                  29.960301,
                  0.0
               ],
               [
                  31.452798,
                  29.960297,
                  0.0
               ]
            ]
         },
         "properties": {
            "object_imcoords": "EMPTY",
            "building_imcoords": "EMPTY",
            "road_imcoords": "804.388720, 60.938539, 887.642781, 0.000000, 896.231805, 0.000000, 903.631485, 0.870551, 807.870923, 70.51459",
            "image_id": "BLD00381_PS3_K3A_NIA0276.png",
            "ingest_time": "2023-03-02T15:10:41.602602Z",
            "type_id": "5",
            "type_name": "기타 포장 도로"
         }
      },
      {
         "type": "Feature",
         "geometry": {
            "type": "Polygon",
            "coordinates": [
               [
                  31.449255,
                  29.956415,
                  0.0
               ],
               [
                  31.449088,
                  29.956547,
                  0.0
               ],
               [
                  31.448906,
                  29.956628,
                  0.0
               ],
               [
                  31.44873,
                  29.956665,
                  0.0
               ]
            ]
         },
         "properties": {
            "object_imcoords": "EMPTY",
            "building_imcoords": "EMPTY",
            "road_imcoords": "271.495652, 774.839816, 242.500473, 747.844291, 210.814489, 731.011141, 180.012839, 723.062326, 145.508740, 720.017838, 145.998637, 714.465689, 152.511516, 709.592994, 181.883219, 712.184622, 214.824641, 720.685637, 248.937942, 738.808297, 279.573379, 767.330960, 330.199990, 830.355904, 321.624167, 837.24468",
            "image_id": "BLD00381_PS3_K3A_NIA0276.png",
            "ingest_time": "2023-03-02T15:10:41.602602Z",
            "type_id": "9",
            "type_name": "건설중인 도로"
         }
      },
      {
         "type": "Feature",
         "geometry": {
            "type": "Polygon",
            "coordinates": [
               [
                  31.449055,
                  29.956988,
                  0.0
               ],
               [
                  31.44905,
                  29.956896,
                  0.0
               ],
               [
                  31.449057,
                  29.956838,
                  0.0
               ],
               [
                  31.449081,
                  29.95675,
                  0.0
               ]
            ]
         },
         "properties": {
            "object_imcoords": "EMPTY",
            "building_imcoords": "EMPTY",
            "road_imcoords": "237.818233, 658.811927, 236.837653, 677.442813, 237.803732, 689.035642, 241.787568, 706.962893, 245.723526, 719.754794, 252.759441, 734.831718, 246.740156, 737.640725, 240.346350, 734.244022, 235.433731, 723.717007, 231.144805, 709.777952, 226.903727, 690.693118, 225.813562, 677.611264, 226.889226, 657.173791, 227.366053, 655.266480, 241.189349, 645.32746",
            "image_id": "BLD00381_PS3_K3A_NIA0276.png",
            "ingest_time": "2023-03-02T15:10:41.602602Z",
            "type_id": "9",
            "type_name": "건설중인 도로"
         }
      },
      {
         "type": "Feature",
         "geometry": {
            "type": "Polygon",
            "coordinates": [
               [
                  31.452118,
                  29.957663,
                  0.0
               ],
               [
                  31.451993,
                  29.957609,
                  0.0
               ],
               [
                  31.451241,
                  29.957153,
                  0.0
               ],
               [
                  31.45022,
                  29.956478,
                  0.0
               ]
            ]
         },
         "properties": {
            "object_imcoords": "EMPTY",
            "building_imcoords": "EMPTY",
            "road_imcoords": "777.177264, 530.122622, 755.042620, 540.708774, 621.939579, 630.809284, 440.997461, 764.459681, 363.910118, 816.879118, 347.883935, 828.898726, 333.854547, 841.926021, 310.490315, 865.290284, 248.014184, 895.487080, 184.782434, 933.222107, 149.111217, 958.701587, 111.776650, 986.954754, 92.218557, 1010.238235, 91.593021, 1024.000000, 77.578565, 1024.000000, 78.448344, 1004.864914, 102.071022, 976.742633, 140.816884, 947.421460, 177.113623, 921.495178, 241.367987, 883.149883, 302.265544, 853.716064, 320.338021, 835.643562, 321.624167, 837.244682, 330.199990, 830.355904, 328.294584, 827.983869, 338.896094, 818.139604, 355.769570, 805.484529, 432.899267, 753.036291, 613.853268, 619.377117, 748.059797, 528.529630, 773.218366, 516.497251, 796.866256, 513.659500, 800.924393, 520.423061, 801.734714, 527.17572",
            "image_id": "BLD00381_PS3_K3A_NIA0276.png",
            "ingest_time": "2023-03-02T15:10:41.602602Z",
            "type_id": "9",
            "type_name": "건설중인 도로"
         }
      },
      {
         "type": "Feature",
         "geometry": {
            "type": "Polygon",
            "coordinates": [
               [
                  31.452112,
                  29.959577,
                  0.0
               ],
               [
                  31.451982,
                  29.959697,
                  0.0
               ],
               [
                  31.451889,
                  29.959776,
                  0.0
               ],
               [
                  31.451831,
                  29.959816,
                  0.0
               ]
            ]
         },
         "properties": {
            "object_imcoords": "EMPTY",
            "building_imcoords": "EMPTY",
            "road_imcoords": "781.299668, 144.431794, 758.886883, 119.981449, 742.715527, 103.810100, 732.679093, 95.598478, 725.498395, 94.162336, 714.229998, 99.363138, 692.967806, 114.550416, 642.972186, 147.200626, 615.712386, 174.460411, 585.613931, 207.672492, 538.487833, 242.231613, 511.978154, 254.956278, 467.113530, 269.231380, 425.030665, 297.286634, 407.981027, 314.336271, 385.197452, 338.155456, 359.411965, 359.815264, 328.615116, 389.585559, 285.375572, 427.677513, 237.993890, 470.939062, 173.925340, 522.607257, 139.263158, 545.715399, 122.264727, 552.089766, 83.053405, 567.567905, 50.270144, 577.812725, 2.243671, 599.271365, 0.000000, 594.249817, 0.000000, 588.225778, 46.372556, 567.506123, 79.388581, 557.188564, 118.313902, 541.823320, 134.215114, 535.860407, 167.408462, 513.731488, 230.826026, 462.588282, 278.030800, 419.488259, 321.152829, 381.499829, 352.042808, 351.639509, 377.663021, 330.118531, 400.116446, 306.644503, 418.022680, 288.738269, 462.301387, 259.219120, 507.910762, 244.707052, 532.806723, 232.756973, 578.210898, 199.460595, 607.743058, 166.873390, 636.001447, 138.615017, 686.760954, 105.465942, 708.679548, 89.809805, 724.142108, 82.673235, 737.523665, 85.349550, 750.105762, 95.643986, 766.834064, 112.372280, 789.658218, 137.271392, 792.114762, 140.342045, 783.236909, 146.85332",
            "image_id": "BLD00381_PS3_K3A_NIA0276.png",
            "ingest_time": "2023-03-02T15:10:41.602602Z",
            "type_id": "9",
            "type_name": "건설중인 도로"
         }
      }
   ]
}