{
   "type": "FeatureCollection",
   "features": [
      {
         "type": "Feature",
         "geometry": {
            "type": "Polygon",
            "coordinates": [
               [
                  31.35086,
                  30.043697,
                  0.0
               ],
               [
                  31.356699,
                  30.04377,
                  0.0
               ],
               [
                  31.356615,
                  30.048851,
                  0.0
               ],
               [
                  31.350775,
                  30.048778,
                  0.0
               ]
            ]
         },
         "properties": {
            "object_imcoords": "EMPTY",
            "building_imcoords": "EMPTY",
            "road_imcoords": "0.000000, 541.611234, 405.749386, 499.014703, 1024.000000, 428.157019, 1023.029554, 447.102383, 746.702310, 473.543992, 478.240281, 514.030686, 0.000000, 558.08992",
            "image_id": "BLD01065_PS3_K3A_NIA0277.png",
            "ingest_time": "2023-03-02T15:10:41.602602Z",
            "type_id": "3",
            "type_name": "1차 도로"
         }
      },
      {
         "type": "Feature",
         "geometry": {
            "type": "Polygon",
            "coordinates": [
               [
                  31.35086,
                  30.043697,
                  0.0
               ],
               [
                  31.356699,
                  30.04377,
                  0.0
               ],
               [
                  31.356615,
                  30.048851,
                  0.0
               ],
               [
                  31.350775,
                  30.048778,
                  0.0
               ]
            ]
         },
         "properties": {
            "object_imcoords": "EMPTY",
            "building_imcoords": "EMPTY",
            "road_imcoords": "0.262575, 585.279396, 1024.000000, 475.482429, 1024.000000, 488.807638, 0.000000, 606.81898",
            "image_id": "BLD01065_PS3_K3A_NIA0277.png",
            "ingest_time": "2023-03-02T15:10:41.602602Z",
            "type_id": "3",
            "type_name": "1차 도로"
         }
      },
      {
         "type": "Feature",
         "geometry": {
            "type": "Polygon",
            "coordinates": [
               [
                  31.355794,
                  30.043759,
                  0.0
               ],
               [
                  31.356122,
                  30.046085,
                  0.0
               ],
               [
                  31.356121,
                  30.046216,
                  0.0
               ],
               [
                  31.356109,
                  30.046287,
                  0.0
               ]
            ]
         },
         "properties": {
            "object_imcoords": "EMPTY",
            "building_imcoords": "EMPTY",
            "road_imcoords": "865.265405, 1024.000000, 929.486451, 555.973704, 929.697536, 529.732059, 927.793981, 515.433590, 906.290829, 502.947896, 922.162591, 501.138805, 931.596260, 508.267541, 934.170920, 498.938047, 946.837294, 498.693408, 943.933722, 517.113757, 943.733466, 526.207590, 942.612442, 528.589872, 943.760054, 557.739205, 885.955698, 1024.00000",
            "image_id": "BLD01065_PS3_K3A_NIA0277.png",
            "ingest_time": "2023-03-02T15:10:41.602602Z",
            "type_id": "3",
            "type_name": "1차 도로"
         }
      },
      {
         "type": "Feature",
         "geometry": {
            "type": "Polygon",
            "coordinates": [
               [
                  31.356132,
                  30.043763,
                  0.0
               ],
               [
                  31.356403,
                  30.046135,
                  0.0
               ],
               [
                  31.356409,
                  30.046253,
                  0.0
               ],
               [
                  31.356408,
                  30.046398,
                  0.0
               ]
            ]
         },
         "properties": {
            "object_imcoords": "EMPTY",
            "building_imcoords": "EMPTY",
            "road_imcoords": "924.484435, 1024.000000, 979.007994, 546.628949, 980.401183, 522.968640, 980.619872, 493.783028, 995.966725, 492.418195, 996.045575, 503.646679, 1007.699672, 490.534789, 1021.832560, 491.240228, 998.843100, 512.406682, 991.406978, 524.774821, 991.241329, 548.462574, 940.515634, 1024.00000",
            "image_id": "BLD01065_PS3_K3A_NIA0277.png",
            "ingest_time": "2023-03-02T15:10:41.602602Z",
            "type_id": "3",
            "type_name": "1차 도로"
         }
      },
      {
         "type": "Feature",
         "geometry": {
            "type": "Polygon",
            "coordinates": [
               [
                  31.356706,
                  30.043851,
                  0.0
               ],
               [
                  31.35654,
                  30.043857,
                  0.0
               ],
               [
                  31.356332,
                  30.043886,
                  0.0
               ],
               [
                  31.356247,
                  30.043948,
                  0.0
               ]
            ]
         },
         "properties": {
            "object_imcoords": "EMPTY",
            "building_imcoords": "EMPTY",
            "road_imcoords": "1025.515717, 1007.737360, 996.427792, 1006.150402, 959.910971, 999.797722, 945.248013, 987.108497, 944.699978, 1000.891733, 960.103526, 1019.276922, 984.537721, 1024.000000, 1008.579973, 1024.000000, 1024.000000, 1024.00000",
            "image_id": "BLD01065_PS3_K3A_NIA0277.png",
            "ingest_time": "2023-03-02T15:10:41.602602Z",
            "type_id": "5",
            "type_name": "기타 포장 도로"
         }
      },
      {
         "type": "Feature",
         "geometry": {
            "type": "Polygon",
            "coordinates": [
               [
                  31.356186,
                  30.046675,
                  0.0
               ],
               [
                  31.356195,
                  30.046751,
                  0.0
               ],
               [
                  31.356067,
                  30.046669,
                  0.0
               ],
               [
                  31.355958,
                  30.046653,
                  0.0
               ]
            ]
         },
         "properties": {
            "object_imcoords": "EMPTY",
            "building_imcoords": "EMPTY",
            "road_imcoords": "942.436883, 437.321625, 944.335911, 422.129400, 921.608314, 438.254912, 902.474125, 441.187682, 945.332465, 414.156966, 955.433589, 333.347969, 1003.151909, 0.000000, 1016.669374, 0.000000, 957.276274, 435.03960",
            "image_id": "BLD01065_PS3_K3A_NIA0277.png",
            "ingest_time": "2023-03-02T15:10:41.602602Z",
            "type_id": "3",
            "type_name": "1차 도로"
         }
      },
      {
         "type": "Feature",
         "geometry": {
            "type": "Polygon",
            "coordinates": [
               [
                  31.35086,
                  30.043697,
                  0.0
               ],
               [
                  31.356699,
                  30.04377,
                  0.0
               ],
               [
                  31.356615,
                  30.048851,
                  0.0
               ],
               [
                  31.350775,
                  30.048778,
                  0.0
               ]
            ]
         },
         "properties": {
            "object_imcoords": "EMPTY",
            "building_imcoords": "EMPTY",
            "road_imcoords": "29.191570, 0.000000, 85.316740, 523.084419, 81.042382, 532.442354, 109.405379, 528.954573, 102.768174, 521.466752, 47.024224, 0.00000",
            "image_id": "BLD01065_PS3_K3A_NIA0277.png",
            "ingest_time": "2023-03-02T15:10:41.602602Z",
            "type_id": "5",
            "type_name": "기타 포장 도로"
         }
      },
      {
         "type": "Feature",
         "geometry": {
            "type": "Polygon",
            "coordinates": [
               [
                  31.35086,
                  30.043697,
                  0.0
               ],
               [
                  31.356699,
                  30.04377,
                  0.0
               ],
               [
                  31.356615,
                  30.048851,
                  0.0
               ],
               [
                  31.350775,
                  30.048778,
                  0.0
               ]
            ]
         },
         "properties": {
            "object_imcoords": "EMPTY",
            "building_imcoords": "EMPTY",
            "road_imcoords": "71.764870, 0.000000, 132.835821, 517.054199, 129.542491, 526.494943, 152.956212, 523.986327, 148.417964, 516.176453, 84.889271, 0.00000",
            "image_id": "BLD01065_PS3_K3A_NIA0277.png",
            "ingest_time": "2023-03-02T15:10:41.602602Z",
            "type_id": "5",
            "type_name": "기타 포장 도로"
         }
      },
      {
         "type": "Feature",
         "geometry": {
            "type": "Polygon",
            "coordinates": [
               [
                  31.35086,
                  30.043697,
                  0.0
               ],
               [
                  31.356699,
                  30.04377,
                  0.0
               ],
               [
                  31.356615,
                  30.048851,
                  0.0
               ],
               [
                  31.350775,
                  30.048778,
                  0.0
               ]
            ]
         },
         "properties": {
            "object_imcoords": "EMPTY",
            "building_imcoords": "EMPTY",
            "road_imcoords": "0.000000, 398.589854, 71.817650, 392.004676, 73.085760, 406.264877, 0.000000, 413.27862",
            "image_id": "BLD01065_PS3_K3A_NIA0277.png",
            "ingest_time": "2023-03-02T15:10:41.602602Z",
            "type_id": "5",
            "type_name": "기타 포장 도로"
         }
      },
      {
         "type": "Feature",
         "geometry": {
            "type": "Polygon",
            "coordinates": [
               [
                  31.35086,
                  30.043697,
                  0.0
               ],
               [
                  31.356699,
                  30.04377,
                  0.0
               ],
               [
                  31.356615,
                  30.048851,
                  0.0
               ],
               [
                  31.350775,
                  30.048778,
                  0.0
               ]
            ]
         },
         "properties": {
            "object_imcoords": "EMPTY",
            "building_imcoords": "EMPTY",
            "road_imcoords": "89.416779, 382.104892, 116.451524, 379.511911, 117.726189, 395.159514, 91.451982, 398.63874",
            "image_id": "BLD01065_PS3_K3A_NIA0277.png",
            "ingest_time": "2023-03-02T15:10:41.602602Z",
            "type_id": "5",
            "type_name": "기타 포장 도로"
         }
      },
      {
         "type": "Feature",
         "geometry": {
            "type": "Polygon",
            "coordinates": [
               [
                  31.35086,
                  30.043697,
                  0.0
               ],
               [
                  31.356699,
                  30.04377,
                  0.0
               ],
               [
                  31.356615,
                  30.048851,
                  0.0
               ],
               [
                  31.350775,
                  30.048778,
                  0.0
               ]
            ]
         },
         "properties": {
            "object_imcoords": "EMPTY",
            "building_imcoords": "EMPTY",
            "road_imcoords": "132.744963, 384.378403, 960.527450, 294.592895, 960.112500, 305.528582, 586.648102, 344.702529, 134.910929, 400.15208",
            "image_id": "BLD01065_PS3_K3A_NIA0277.png",
            "ingest_time": "2023-03-02T15:10:41.602602Z",
            "type_id": "5",
            "type_name": "기타 포장 도로"
         }
      },
      {
         "type": "Feature",
         "geometry": {
            "type": "Polygon",
            "coordinates": [
               [
                  31.35086,
                  30.043697,
                  0.0
               ],
               [
                  31.356699,
                  30.04377,
                  0.0
               ],
               [
                  31.356615,
                  30.048851,
                  0.0
               ],
               [
                  31.350775,
                  30.048778,
                  0.0
               ]
            ]
         },
         "properties": {
            "object_imcoords": "EMPTY",
            "building_imcoords": "EMPTY",
            "road_imcoords": "230.862278, 0.000000, 268.070065, 369.114759, 277.096627, 368.252260, 241.337461, 0.00000",
            "image_id": "BLD01065_PS3_K3A_NIA0277.png",
            "ingest_time": "2023-03-02T15:10:41.602602Z",
            "type_id": "5",
            "type_name": "기타 포장 도로"
         }
      },
      {
         "type": "Feature",
         "geometry": {
            "type": "Polygon",
            "coordinates": [
               [
                  31.35086,
                  30.043697,
                  0.0
               ],
               [
                  31.356699,
                  30.04377,
                  0.0
               ],
               [
                  31.356615,
                  30.048851,
                  0.0
               ],
               [
                  31.350775,
                  30.048778,
                  0.0
               ]
            ]
         },
         "properties": {
            "object_imcoords": "EMPTY",
            "building_imcoords": "EMPTY",
            "road_imcoords": "806.294173, 311.290888, 841.550088, 0.000000, 851.326580, 0.000000, 818.676671, 289.407801, 833.697666, 308.22821",
            "image_id": "BLD01065_PS3_K3A_NIA0277.png",
            "ingest_time": "2023-03-02T15:10:41.602602Z",
            "type_id": "5",
            "type_name": "기타 포장 도로"
         }
      },
      {
         "type": "Feature",
         "geometry": {
            "type": "Polygon",
            "coordinates": [
               [
                  31.35086,
                  30.043697,
                  0.0
               ],
               [
                  31.356699,
                  30.04377,
                  0.0
               ],
               [
                  31.356615,
                  30.048851,
                  0.0
               ],
               [
                  31.350775,
                  30.048778,
                  0.0
               ]
            ]
         },
         "properties": {
            "object_imcoords": "EMPTY",
            "building_imcoords": "EMPTY",
            "road_imcoords": "820.286500, 184.456132, 265.890299, 249.866077, 266.635612, 256.014906, 819.484545, 191.01939",
            "image_id": "BLD01065_PS3_K3A_NIA0277.png",
            "ingest_time": "2023-03-02T15:10:41.602602Z",
            "type_id": "5",
            "type_name": "기타 포장 도로"
         }
      },
      {
         "type": "Feature",
         "geometry": {
            "type": "Polygon",
            "coordinates": [
               [
                  31.35086,
                  30.043697,
                  0.0
               ],
               [
                  31.356699,
                  30.04377,
                  0.0
               ],
               [
                  31.356615,
                  30.048851,
                  0.0
               ],
               [
                  31.350775,
                  30.048778,
                  0.0
               ]
            ]
         },
         "properties": {
            "object_imcoords": "EMPTY",
            "building_imcoords": "EMPTY",
            "road_imcoords": "648.011127, 0.000000, 670.339370, 201.856643, 676.913712, 200.882666, 655.125182, 0.00000",
            "image_id": "BLD01065_PS3_K3A_NIA0277.png",
            "ingest_time": "2023-03-02T15:10:41.602602Z",
            "type_id": "5",
            "type_name": "기타 포장 도로"
         }
      },
      {
         "type": "Feature",
         "geometry": {
            "type": "Polygon",
            "coordinates": [
               [
                  31.35086,
                  30.043697,
                  0.0
               ],
               [
                  31.356699,
                  30.04377,
                  0.0
               ],
               [
                  31.356615,
                  30.048851,
                  0.0
               ],
               [
                  31.350775,
                  30.048778,
                  0.0
               ]
            ]
         },
         "properties": {
            "object_imcoords": "EMPTY",
            "building_imcoords": "EMPTY",
            "road_imcoords": "664.790111, 83.955399, 833.582181, 62.856444, 834.757068, 56.002937, 663.949795, 76.83933",
            "image_id": "BLD01065_PS3_K3A_NIA0277.png",
            "ingest_time": "2023-03-02T15:10:41.602602Z",
            "type_id": "5",
            "type_name": "기타 포장 도로"
         }
      },
      {
         "type": "Feature",
         "geometry": {
            "type": "Polygon",
            "coordinates": [
               [
                  31.35086,
                  30.043697,
                  0.0
               ],
               [
                  31.356699,
                  30.04377,
                  0.0
               ],
               [
                  31.356615,
                  30.048851,
                  0.0
               ],
               [
                  31.350775,
                  30.048778,
                  0.0
               ]
            ]
         },
         "properties": {
            "object_imcoords": "EMPTY",
            "building_imcoords": "EMPTY",
            "road_imcoords": "450.406960, 0.000000, 477.283289, 224.200179, 468.704200, 225.058088, 441.823056, 0.00000",
            "image_id": "BLD01065_PS3_K3A_NIA0277.png",
            "ingest_time": "2023-03-02T15:10:41.602602Z",
            "type_id": "5",
            "type_name": "기타 포장 도로"
         }
      },
      {
         "type": "Feature",
         "geometry": {
            "type": "Polygon",
            "coordinates": [
               [
                  31.35086,
                  30.043697,
                  0.0
               ],
               [
                  31.356699,
                  30.04377,
                  0.0
               ],
               [
                  31.356615,
                  30.048851,
                  0.0
               ],
               [
                  31.350775,
                  30.048778,
                  0.0
               ]
            ]
         },
         "properties": {
            "object_imcoords": "EMPTY",
            "building_imcoords": "EMPTY",
            "road_imcoords": "585.576323, 343.137770, 599.635935, 474.740336, 608.030838, 473.369740, 592.611629, 342.47778",
            "image_id": "BLD01065_PS3_K3A_NIA0277.png",
            "ingest_time": "2023-03-02T15:10:41.602602Z",
            "type_id": "5",
            "type_name": "기타 포장 도로"
         }
      },
      {
         "type": "Feature",
         "geometry": {
            "type": "Polygon",
            "coordinates": [
               [
                  31.35086,
                  30.043697,
                  0.0
               ],
               [
                  31.356699,
                  30.04377,
                  0.0
               ],
               [
                  31.356615,
                  30.048851,
                  0.0
               ],
               [
                  31.350775,
                  30.048778,
                  0.0
               ]
            ]
         },
         "properties": {
            "object_imcoords": "EMPTY",
            "building_imcoords": "EMPTY",
            "road_imcoords": "601.409203, 538.289926, 788.295820, 745.945094, 824.575946, 782.657651, 853.881597, 802.261728, 869.165153, 804.060087, 883.899617, 798.720262, 896.718597, 786.598585, 893.273293, 808.813333, 879.186228, 814.910854, 860.639101, 813.790456, 830.498714, 801.341165, 800.764767, 775.728238, 706.005810, 672.589294, 584.420659, 538.91306",
            "image_id": "BLD01065_PS3_K3A_NIA0277.png",
            "ingest_time": "2023-03-02T15:10:41.602602Z",
            "type_id": "5",
            "type_name": "기타 포장 도로"
         }
      },
      {
         "type": "Feature",
         "geometry": {
            "type": "Polygon",
            "coordinates": [
               [
                  31.355585,
                  30.044853,
                  0.0
               ],
               [
                  31.355632,
                  30.044795,
                  0.0
               ],
               [
                  31.355713,
                  30.04474,
                  0.0
               ],
               [
                  31.355772,
                  30.04469,
                  0.0
               ]
            ]
         },
         "properties": {
            "object_imcoords": "EMPTY",
            "building_imcoords": "EMPTY",
            "road_imcoords": "831.735128, 802.905487, 839.806542, 814.731123, 853.969397, 826.034305, 864.156731, 836.296670, 878.269222, 845.251112, 888.332468, 853.154467, 889.853286, 842.054934, 888.353589, 835.968231, 859.161475, 814.226130, 846.390195, 808.91166",
            "image_id": "BLD01065_PS3_K3A_NIA0277.png",
            "ingest_time": "2023-03-02T15:10:41.602602Z",
            "type_id": "5",
            "type_name": "기타 포장 도로"
         }
      },
      {
         "type": "Feature",
         "geometry": {
            "type": "Polygon",
            "coordinates": [
               [
                  31.35086,
                  30.043697,
                  0.0
               ],
               [
                  31.356699,
                  30.04377,
                  0.0
               ],
               [
                  31.356615,
                  30.048851,
                  0.0
               ],
               [
                  31.350775,
                  30.048778,
                  0.0
               ]
            ]
         },
         "properties": {
            "object_imcoords": "EMPTY",
            "building_imcoords": "EMPTY",
            "road_imcoords": "101.152422, 596.139736, 117.397535, 652.517765, 165.276422, 1024.000000, 171.865516, 1024.000000, 128.895504, 652.456298, 118.287873, 593.31725",
            "image_id": "BLD01065_PS3_K3A_NIA0277.png",
            "ingest_time": "2023-03-02T15:10:41.602602Z",
            "type_id": "5",
            "type_name": "기타 포장 도로"
         }
      },
      {
         "type": "Feature",
         "geometry": {
            "type": "Polygon",
            "coordinates": [
               [
                  31.35086,
                  30.043697,
                  0.0
               ],
               [
                  31.356699,
                  30.04377,
                  0.0
               ],
               [
                  31.356615,
                  30.048851,
                  0.0
               ],
               [
                  31.350775,
                  30.048778,
                  0.0
               ]
            ]
         },
         "properties": {
            "object_imcoords": "EMPTY",
            "building_imcoords": "EMPTY",
            "road_imcoords": "128.083781, 592.919971, 133.606824, 653.031227, 178.615495, 1024.000000, 184.495007, 1024.000000, 140.552163, 651.723814, 144.616766, 590.32211",
            "image_id": "BLD01065_PS3_K3A_NIA0277.png",
            "ingest_time": "2023-03-02T15:10:41.602602Z",
            "type_id": "5",
            "type_name": "기타 포장 도로"
         }
      },
      {
         "type": "Feature",
         "geometry": {
            "type": "Polygon",
            "coordinates": [
               [
                  31.35086,
                  30.043697,
                  0.0
               ],
               [
                  31.356699,
                  30.04377,
                  0.0
               ],
               [
                  31.356615,
                  30.048851,
                  0.0
               ],
               [
                  31.350775,
                  30.048778,
                  0.0
               ]
            ]
         },
         "properties": {
            "object_imcoords": "EMPTY",
            "building_imcoords": "EMPTY",
            "road_imcoords": "600.104026, 401.832575, 665.768905, 395.448489, 669.234551, 438.495465, 664.492088, 438.860270, 661.391246, 400.738160, 600.468831, 407.12224",
            "image_id": "BLD01065_PS3_K3A_NIA0277.png",
            "ingest_time": "2023-03-02T15:10:41.602602Z",
            "type_id": "5",
            "type_name": "기타 포장 도로"
         }
      },
      {
         "type": "Feature",
         "geometry": {
            "type": "Polygon",
            "coordinates": [
               [
                  31.35086,
                  30.043697,
                  0.0
               ],
               [
                  31.356699,
                  30.04377,
                  0.0
               ],
               [
                  31.356615,
                  30.048851,
                  0.0
               ],
               [
                  31.350775,
                  30.048778,
                  0.0
               ]
            ]
         },
         "properties": {
            "object_imcoords": "EMPTY",
            "building_imcoords": "EMPTY",
            "road_imcoords": "706.198251, 328.653801, 710.063537, 373.574696, 714.869028, 373.156827, 711.108209, 328.02699",
            "image_id": "BLD01065_PS3_K3A_NIA0277.png",
            "ingest_time": "2023-03-02T15:10:41.602602Z",
            "type_id": "5",
            "type_name": "기타 포장 도로"
         }
      },
      {
         "type": "Feature",
         "geometry": {
            "type": "Polygon",
            "coordinates": [
               [
                  31.35086,
                  30.043697,
                  0.0
               ],
               [
                  31.356699,
                  30.04377,
                  0.0
               ],
               [
                  31.356615,
                  30.048851,
                  0.0
               ],
               [
                  31.350775,
                  30.048778,
                  0.0
               ]
            ]
         },
         "properties": {
            "object_imcoords": "EMPTY",
            "building_imcoords": "EMPTY",
            "road_imcoords": "824.492163, 314.573528, 829.071797, 369.213307, 835.546453, 368.581633, 830.019308, 314.25769",
            "image_id": "BLD01065_PS3_K3A_NIA0277.png",
            "ingest_time": "2023-03-02T15:10:41.602602Z",
            "type_id": "5",
            "type_name": "기타 포장 도로"
         }
      },
      {
         "type": "Feature",
         "geometry": {
            "type": "Polygon",
            "coordinates": [
               [
                  31.35086,
                  30.043697,
                  0.0
               ],
               [
                  31.356699,
                  30.04377,
                  0.0
               ],
               [
                  31.356615,
                  30.048851,
                  0.0
               ],
               [
                  31.350775,
                  30.048778,
                  0.0
               ]
            ]
         },
         "properties": {
            "object_imcoords": "EMPTY",
            "building_imcoords": "EMPTY",
            "road_imcoords": "880.290596, 308.371813, 888.792142, 442.839221, 894.618478, 442.386697, 886.135918, 308.07329",
            "image_id": "BLD01065_PS3_K3A_NIA0277.png",
            "ingest_time": "2023-03-02T15:10:41.602602Z",
            "type_id": "5",
            "type_name": "기타 포장 도로"
         }
      },
      {
         "type": "Feature",
         "geometry": {
            "type": "Polygon",
            "coordinates": [
               [
                  31.35086,
                  30.043697,
                  0.0
               ],
               [
                  31.356699,
                  30.04377,
                  0.0
               ],
               [
                  31.356615,
                  30.048851,
                  0.0
               ],
               [
                  31.350775,
                  30.048778,
                  0.0
               ]
            ]
         },
         "properties": {
            "object_imcoords": "EMPTY",
            "building_imcoords": "EMPTY",
            "road_imcoords": "11.196967, 411.042299, 14.929290, 464.593013, 6.328721, 465.242113, 3.732322, 411.52912",
            "image_id": "BLD01065_PS3_K3A_NIA0277.png",
            "ingest_time": "2023-03-02T15:10:41.602602Z",
            "type_id": "5",
            "type_name": "기타 포장 도로"
         }
      },
      {
         "type": "Feature",
         "geometry": {
            "type": "Polygon",
            "coordinates": [
               [
                  31.35086,
                  30.043697,
                  0.0
               ],
               [
                  31.356699,
                  30.04377,
                  0.0
               ],
               [
                  31.356615,
                  30.048851,
                  0.0
               ],
               [
                  31.350775,
                  30.048778,
                  0.0
               ]
            ]
         },
         "properties": {
            "object_imcoords": "EMPTY",
            "building_imcoords": "EMPTY",
            "road_imcoords": "0.000000, 334.803266, 2.328755, 372.959016, 61.085026, 365.972752, 61.264161, 372.959016, 0.000000, 378.87047",
            "image_id": "BLD01065_PS3_K3A_NIA0277.png",
            "ingest_time": "2023-03-02T15:10:41.602602Z",
            "type_id": "5",
            "type_name": "기타 포장 도로"
         }
      },
      {
         "type": "Feature",
         "geometry": {
            "type": "Polygon",
            "coordinates": [
               [
                  31.350798,
                  30.047513,
                  0.0
               ],
               [
                  31.350843,
                  30.047523,
                  0.0
               ],
               [
                  31.350933,
                  30.047519,
                  0.0
               ],
               [
                  31.350972,
                  30.047485,
                  0.0
               ]
            ]
         },
         "properties": {
            "object_imcoords": "EMPTY",
            "building_imcoords": "EMPTY",
            "road_imcoords": "0.309483, 254.859554, 8.201309, 253.002654, 23.984961, 254.085845, 30.638853, 260.894479, 30.019887, 266.929405, 22.437544, 271.262172, 12.069851, 274.202264, 0.000000, 273.428556, 0.000000, 278.225548, 12.069851, 278.535031, 21.818577, 276.678131, 32.031529, 271.416914, 35.172109, 265.485609, 56.692489, 262.116573, 56.944940, 258.882838, 56.922066, 257.771399, 37.511881, 260.796773, 34.111330, 256.153215, 28.472470, 251.300495, 7.582343, 248.979370, 0.000000, 251.30049",
            "image_id": "BLD01065_PS3_K3A_NIA0277.png",
            "ingest_time": "2023-03-02T15:10:41.602602Z",
            "type_id": "5",
            "type_name": "기타 포장 도로"
         }
      },
      {
         "type": "Feature",
         "geometry": {
            "type": "Polygon",
            "coordinates": [
               [
                  31.35086,
                  30.043697,
                  0.0
               ],
               [
                  31.356699,
                  30.04377,
                  0.0
               ],
               [
                  31.356615,
                  30.048851,
                  0.0
               ],
               [
                  31.350775,
                  30.048778,
                  0.0
               ]
            ]
         },
         "properties": {
            "object_imcoords": "EMPTY",
            "building_imcoords": "EMPTY",
            "road_imcoords": "0.000000, 136.592413, 42.914091, 129.091169, 43.960777, 137.115755, 0.000000, 144.26810",
            "image_id": "BLD01065_PS3_K3A_NIA0277.png",
            "ingest_time": "2023-03-02T15:10:41.602602Z",
            "type_id": "5",
            "type_name": "기타 포장 도로"
         }
      },
      {
         "type": "Feature",
         "geometry": {
            "type": "Polygon",
            "coordinates": [
               [
                  31.35086,
                  30.043697,
                  0.0
               ],
               [
                  31.356699,
                  30.04377,
                  0.0
               ],
               [
                  31.356615,
                  30.048851,
                  0.0
               ],
               [
                  31.350775,
                  30.048778,
                  0.0
               ]
            ]
         },
         "properties": {
            "object_imcoords": "EMPTY",
            "building_imcoords": "EMPTY",
            "road_imcoords": "0.000000, 19.189228, 30.517785, 16.333966, 30.930781, 22.614077, 0.000000, 25.81823",
            "image_id": "BLD01065_PS3_K3A_NIA0277.png",
            "ingest_time": "2023-03-02T15:10:41.602602Z",
            "type_id": "5",
            "type_name": "기타 포장 도로"
         }
      },
      {
         "type": "Feature",
         "geometry": {
            "type": "Polygon",
            "coordinates": [
               [
                  31.35086,
                  30.043697,
                  0.0
               ],
               [
                  31.356699,
                  30.04377,
                  0.0
               ],
               [
                  31.356615,
                  30.048851,
                  0.0
               ],
               [
                  31.350775,
                  30.048778,
                  0.0
               ]
            ]
         },
         "properties": {
            "object_imcoords": "EMPTY",
            "building_imcoords": "EMPTY",
            "road_imcoords": "252.790688, 122.864748, 454.034672, 104.505648, 455.093850, 111.566840, 254.202927, 130.63205",
            "image_id": "BLD01065_PS3_K3A_NIA0277.png",
            "ingest_time": "2023-03-02T15:10:41.602602Z",
            "type_id": "5",
            "type_name": "기타 포장 도로"
         }
      },
      {
         "type": "Feature",
         "geometry": {
            "type": "Polygon",
            "coordinates": [
               [
                  31.35086,
                  30.043697,
                  0.0
               ],
               [
                  31.356699,
                  30.04377,
                  0.0
               ],
               [
                  31.356615,
                  30.048851,
                  0.0
               ],
               [
                  31.350775,
                  30.048778,
                  0.0
               ]
            ]
         },
         "properties": {
            "object_imcoords": "EMPTY",
            "building_imcoords": "EMPTY",
            "road_imcoords": "583.601864, 335.709366, 570.809643, 221.270849, 579.107300, 219.887906, 591.345089, 334.93916",
            "image_id": "BLD01065_PS3_K3A_NIA0277.png",
            "ingest_time": "2023-03-02T15:10:41.602602Z",
            "type_id": "5",
            "type_name": "기타 포장 도로"
         }
      },
      {
         "type": "Feature",
         "geometry": {
            "type": "Polygon",
            "coordinates": [
               [
                  31.35662,
                  30.048181,
                  0.0
               ],
               [
                  31.356496,
                  30.046929,
                  0.0
               ],
               [
                  31.356497,
                  30.046839,
                  0.0
               ],
               [
                  31.356438,
                  30.046713,
                  0.0
               ]
            ]
         },
         "properties": {
            "object_imcoords": "EMPTY",
            "building_imcoords": "EMPTY",
            "road_imcoords": "1022.938968, 135.026608, 997.539275, 387.026333, 997.385063, 405.153980, 986.674744, 430.362087, 1000.483674, 429.201888, 1003.717635, 409.710329, 1021.162646, 428.692023, 1028.665418, 428.612761, 1010.795114, 402.455322, 1008.700102, 384.089273, 1022.938968, 249.57193",
            "image_id": "BLD01065_PS3_K3A_NIA0277.png",
            "ingest_time": "2023-03-02T15:10:41.602602Z",
            "type_id": "3",
            "type_name": "1차 도로"
         }
      },
      {
         "type": "Feature",
         "geometry": {
            "type": "Polygon",
            "coordinates": [
               [
                  31.353627,
                  30.04641,
                  0.0
               ],
               [
                  31.353601,
                  30.046713,
                  0.0
               ],
               [
                  31.353835,
                  30.046741,
                  0.0
               ],
               [
                  31.353898,
                  30.046419,
                  0.0
               ]
            ]
         },
         "properties": {
            "object_imcoords": "EMPTY",
            "building_imcoords": "EMPTY",
            "road_imcoords": "493.090567, 484.352253, 489.345575, 423.184056, 530.540483, 418.190734, 540.527128, 483.103922, 533.037144, 481.855592, 523.050500, 426.929048, 498.083889, 430.674039, 503.077211, 484.35225",
            "image_id": "BLD01065_PS3_K3A_NIA0277.png",
            "ingest_time": "2023-03-02T15:10:41.602602Z",
            "type_id": "5",
            "type_name": "기타 포장 도로"
         }
      },
      {
         "type": "Feature",
         "geometry": {
            "type": "Polygon",
            "coordinates": [
               [
                  31.352262,
                  30.045912,
                  0.0
               ],
               [
                  31.352266,
                  30.045804,
                  0.0
               ],
               [
                  31.352173,
                  30.045749,
                  0.0
               ],
               [
                  31.35215,
                  30.045694,
                  0.0
               ]
            ]
         },
         "properties": {
            "object_imcoords": "EMPTY",
            "building_imcoords": "EMPTY",
            "road_imcoords": "252.330103, 581.290657, 252.753476, 602.882662, 236.241942, 613.890351, 232.008216, 624.898041, 244.286023, 723.120497, 231.584843, 729.894459, 193.481304, 732.858068, 182.473615, 732.434695, 177.393143, 698.564883, 168.078945, 678.666368, 164.268591, 665.118443, 159.611491, 666.388561, 162.151727, 679.089741, 172.736044, 699.411628, 177.393143, 732.434695, 179.510006, 739.208658, 234.548452, 734.551558, 247.249631, 726.930851, 238.358805, 625.321413, 244.286023, 613.890351, 257.833948, 606.269644, 256.140457, 580.44391",
            "image_id": "BLD01065_PS3_K3A_NIA0277.png",
            "ingest_time": "2023-03-02T15:10:41.602602Z",
            "type_id": "5",
            "type_name": "기타 포장 도로"
         }
      },
      {
         "type": "Feature",
         "geometry": {
            "type": "Polygon",
            "coordinates": [
               [
                  31.354381,
                  30.046165,
                  0.0
               ],
               [
                  31.354699,
                  30.045865,
                  0.0
               ],
               [
                  31.355019,
                  30.04591,
                  0.0
               ],
               [
                  31.354864,
                  30.046114,
                  0.0
               ]
            ]
         },
         "properties": {
            "object_imcoords": "EMPTY",
            "building_imcoords": "EMPTY",
            "road_imcoords": "624.487511, 535.582285, 679.336299, 596.883872, 735.619042, 588.638629, 709.090870, 547.053927, 707.154891, 539.621179, 713.970985, 532.162217, 721.279490, 524.827621, 712.675758, 525.186110, 700.128650, 534.148330, 695.826784, 543.827528, 700.845627, 551.714282, 724.147400, 580.393387, 683.279676, 583.978275, 665.574995, 561.199811, 704.375575, 556.952885, 700.128650, 551.355793, 662.099988, 556.154876, 632.374264, 534.14833",
            "image_id": "BLD01065_PS3_K3A_NIA0277.png",
            "ingest_time": "2023-03-02T15:10:41.602602Z",
            "type_id": "5",
            "type_name": "기타 포장 도로"
         }
      },
      {
         "type": "Feature",
         "geometry": {
            "type": "Polygon",
            "coordinates": [
               [
                  31.354696,
                  30.045861,
                  0.0
               ],
               [
                  31.354724,
                  30.045825,
                  0.0
               ],
               [
                  31.354749,
                  30.045792,
                  0.0
               ],
               [
                  31.354908,
                  30.045738,
                  0.0
               ]
            ]
         },
         "properties": {
            "object_imcoords": "EMPTY",
            "building_imcoords": "EMPTY",
            "road_imcoords": "678.870003, 597.650326, 683.716919, 605.021296, 688.002324, 611.644195, 715.662666, 622.942081, 728.518882, 634.629550, 898.000000, 780.500000, 897.000000, 768.500000, 723.000000, 619.000000, 733.000000, 614.500000, 739.000000, 600.500000, 735.543655, 588.649673, 734.664678, 588.778441, 726.500000, 591.500000, 728.141511, 597.707556, 729.066045, 604.849067, 726.267997, 611.203469, 719.000000, 615.500000, 702.000000, 611.500000, 692.860039, 605.586438, 686.424534, 595.20755",
            "image_id": "BLD01065_PS3_K3A_NIA0277.png",
            "ingest_time": "2023-03-02T15:10:41.602602Z",
            "type_id": "5",
            "type_name": "기타 포장 도로"
         }
      },
      {
         "type": "Feature",
         "geometry": {
            "type": "Polygon",
            "coordinates": [
               [
                  31.355728,
                  30.0454,
                  0.0
               ],
               [
                  31.355553,
                  30.045321,
                  0.0
               ],
               [
                  31.355552,
                  30.045321,
                  0.0
               ],
               [
                  31.355598,
                  30.045287,
                  0.0
               ]
            ]
         },
         "properties": {
            "object_imcoords": "EMPTY",
            "building_imcoords": "EMPTY",
            "road_imcoords": "858.428885, 693.088073, 827.548598, 708.551130, 827.371541, 708.675548, 835.344263, 715.525674, 840.046049, 712.354702, 859.063909, 703.117456, 869.571555, 709.120119, 869.931257, 709.094498, 877.804087, 707.617842, 878.081769, 705.290926, 866.315350, 693.61616",
            "image_id": "BLD01065_PS3_K3A_NIA0277.png",
            "ingest_time": "2023-03-02T15:10:41.602602Z",
            "type_id": "5",
            "type_name": "기타 포장 도로"
         }
      },
      {
         "type": "Feature",
         "geometry": {
            "type": "Polygon",
            "coordinates": [
               [
                  31.355512,
                  30.045295,
                  0.0
               ],
               [
                  31.355439,
                  30.04525,
                  0.0
               ],
               [
                  31.355388,
                  30.045174,
                  0.0
               ],
               [
                  31.355433,
                  30.045107,
                  0.0
               ]
            ]
         },
         "properties": {
            "object_imcoords": "EMPTY",
            "building_imcoords": "EMPTY",
            "road_imcoords": "820.312944, 713.635644, 807.444003, 722.678684, 798.206757, 737.892972, 805.813901, 751.477157, 827.005230, 765.604711, 845.479723, 775.928692, 864.497583, 762.344506, 868.427058, 755.046909, 861.402351, 749.000824, 855.803704, 756.367464, 843.849621, 762.344506, 824.831761, 750.933790, 812.334310, 738.436339, 816.681249, 728.112358, 828.147857, 720.37906",
            "image_id": "BLD01065_PS3_K3A_NIA0277.png",
            "ingest_time": "2023-03-02T15:10:41.602602Z",
            "type_id": "5",
            "type_name": "기타 포장 도로"
         }
      },
      {
         "type": "Feature",
         "geometry": {
            "type": "Polygon",
            "coordinates": [
               [
                  31.355813,
                  30.045131,
                  0.0
               ],
               [
                  31.355831,
                  30.045163,
                  0.0
               ],
               [
                  31.355836,
                  30.045244,
                  0.0
               ],
               [
                  31.355994,
                  30.04524,
                  0.0
               ]
            ]
         },
         "properties": {
            "object_imcoords": "EMPTY",
            "building_imcoords": "EMPTY",
            "road_imcoords": "872.512208, 747.460202, 875.908299, 741.153176, 876.903377, 724.821601, 904.706773, 725.938888, 904.706773, 719.418479, 876.451667, 718.331744, 886.775648, 711.267968, 899.273099, 704.747558, 910.468761, 694.569683, 910.676676, 693.054451, 907.966978, 688.989903, 895.469527, 697.140414, 884.602178, 705.834293, 877.538401, 707.464396, 869.931257, 710.181233, 867.214420, 726.482256, 866.178673, 742.01845",
            "image_id": "BLD01065_PS3_K3A_NIA0277.png",
            "ingest_time": "2023-03-02T15:10:41.602602Z",
            "type_id": "5",
            "type_name": "기타 포장 도로"
         }
      },
      {
         "type": "Feature",
         "geometry": {
            "type": "Polygon",
            "coordinates": [
               [
                  31.350861,
                  30.046466,
                  0.0
               ],
               [
                  31.350862,
                  30.04644,
                  0.0
               ],
               [
                  31.35082,
                  30.04644,
                  0.0
               ],
               [
                  31.350821,
                  30.046409,
                  0.0
               ]
            ]
         },
         "properties": {
            "object_imcoords": "EMPTY",
            "building_imcoords": "EMPTY",
            "road_imcoords": "8.339726, 465.982195, 8.339726, 471.194524, 1.042466, 471.194524, 1.042466, 477.449318, 79.417804, 468.106563, 78.974595, 463.975877, 13.030822, 470.673291, 12.539164, 464.773400, 11.317262, 464.86561",
            "image_id": "BLD01065_PS3_K3A_NIA0277.png",
            "ingest_time": "2023-03-02T15:10:41.602602Z",
            "type_id": "6",
            "type_name": "보도"
         }
      }
   ]
}